image_path,category,extracted_text,blur_score,is_blurry,ocr_confidence,text_length
c:\file akmal\Capstone - Ai Eng - Spendly_ Workspace\data\Beauty\test\images\guardian10_png.rf.3ef684fec3bc3393d8a1d5c232a344e4.jpg,Beauty,10 df tlk npap indy park. gedun lanta dan jalan houlcvand binaro jaya blok scktor cbo jaya ke pondlok jaya kcc. pondok kota provunfi banlon guard tne park seranc 32 800 2511990 45 90o 0 toral (fp) 920 6 1 054 dpp vat 58 231 823 mandiri 70 920 acoroval cade 909771 rzukan co d fo1lo kani d socal required for 59132 pas? tr7788 18: 53 01 05 2026,1945.8633251804113,False,0.6180326385184174,343
c:\file akmal\Capstone - Ai Eng - Spendly_ Workspace\data\Beauty\test\images\guardian1_png.rf.501b4c49a925f135473609b35f92070d.jpg,Beauty,01 pt tlk 1092000 park gejurb antai dan jalan poulevard rinaro jaya blok scklor vi 81nlaro aya pondok kec ponjok tangeranx sclalen provins the park 63 39083/ 35 (rp) 105 a00 95 8 650 1150 oris 0s 400 appfoya code 126839 vasukan co a follow kam meaia fd 101 or 57215 fos1 tr3a36 10 24 21 04 2026 laya,1918.9650398264828,False,0.5765161012813028,299
c:\file akmal\Capstone - Ai Eng - Spendly_ Workspace\data\Beauty\test\images\guardian6_png.rf.deaa0d9cd745d4a5d56ee244dfd8dbef.jpg,Beauty,06 reto indy dan bintaro jaya bok 87 a6. scklor c8o pondok pondk koua 051 banled guard park 20950 oreal su 7ou 51 tsse 18 (rp) 70 789 vat 0ebit approva codr 772211 follo di for 86120 tr4456 122415 18 04 2026,1432.9561230281827,False,0.5833481636324336,207
c:\file akmal\Capstone - Ai Eng - Spendly_ Workspace\data\Beauty\test\images\sociolla4_png.rf.5bb881823b37dffcefab7770dde4533f.jpg,Beauty,"03 sociolla sociolla thopark semarang soclolla the park semarang the park semarang gf 0210 jl madukoro raya blok e f keluranan tanjunomas, semarang utara 2 01 26 18 31 geca skin aqua tone up uv essonce 809 (89 000 89 000 diec (10 dod upit s) sublotal saving 10 00o total 79 0oo oris 78 000 harda ppn 081 98788 con sociolla con pt aiel indonesia ruko cordoba jalan marina gll 26, kamal jakarto, 19470 08s8 sociolla",2192.936811520004,False,0.6668257573964506,413
c:\file akmal\Capstone - Ai Eng - Spendly_ Workspace\data\Beauty\test\images\watsons16_png.rf.3789e3ece70b8e99ef80b773631dfa88.jpg,Beauty,"06 (022) s 68 4, s 520123 lip 203 79180 pasco 260 203 3980 cask 360 karr 3) cs 105 99 ciosing balance 26 18 01 2026",856.1169030046226,False,0.5215504028962717,115
c:\file akmal\Capstone - Ai Eng - Spendly_ Workspace\data\Beauty\train\images\guardian11_png.rf.4624dbda39eceaaa6967bc81ee627987.jpg,Beauty,"ul ft nusanlare tbk indy binlaro officc park, lantai dun julan boulevurd binlaro blok 87 a6 - 52k1r cad bintaro ke pandox jaya, kec: pondok aren koua banten gard park 28 2511605 sog 10 180 (r2) 91 620 83 291 7s 720 vt 429 91 620 cod 771992 follos di gd rcccidt rcquirod for or fchanfe 511b3 f0s1 11 28 03 05 2026 aya",1958.5760149196626,False,0.6272795163991541,316
c:\file akmal\Capstone - Ai Eng - Spendly_ Workspace\data\Beauty\train\images\guardian12_png.rf.abf7e098a5607fb50395f24478f62cc3.jpg,Beauty,"02 ft dfi wusantara tbk ind oftice cljunk dan jalan bculevara binlaro jaya blck 87 4g. cad laya k fondok k , aren sclalan provinsi guard fark 1885150 tonn 00o paeo 28 900 tota 167 82 636 760 vt 15- 264 h 20 follos rcqu for rcfund exchangc fosz tr7724 0s 06 05 2026",1774.9345879699642,False,0.6096866256925209,264
c:\file akmal\Capstone - Ai Eng - Spendly_ Workspace\data\Beauty\train\images\guardian13_png.rf.6d5722e2dd5e5c5244dbb86fe6e3b1c3.jpg,Beauty,"03 rcrai nusanlar ibk 001302484109200o indy binlaro park. dan jalan boulevard binaro juya blox seklor cbd rintaro jaya, kcl pondox jaya pondo aren, kona prov guard prrk serang booy swl 54 900 2601297 10 disc: 100 6 300 purchasc 61 182 dpp vat 55 620 var s62 mandiri dfbit 87 30o 4a1002 saran follor kaa di soc",1673.3835985632898,False,0.6335105993877265,309
c:\file akmal\Capstone - Ai Eng - Spendly_ Workspace\data\Beauty\train\images\guardian16_png.rf.324a1ea5f1a7d25b57e51aca7a8c0295.jpg,Beauty,"06 ft dfi nusanrara iny rentaro jayn alok 87 16, rinraro kel pondox jaya kec pondox kora tangeronf frovinsi urrd fark vicellar atr 900 620856 qeak fo (rp) 21 boo 155 dff vat 103 10 var rc oris 128 880144 c0 50llos mdia receipl required for refund r echanke 58899 tr2281 16 21 18 05 2026",1730.697722152466,False,0.5979454305879085,286
c:\file akmal\Capstone - Ai Eng - Spendly_ Workspace\data\Beauty\train\images\guardian17_png.rf.7ab9e6fdcd1e6c0259f275a3d510f3be.jpg,Beauty,07 ft dfi rclui nusanlara ind binaro puk dan a foulevard bingaro blok cao joyo kr fondok jayn fondok proviny gward pakk fasta aco plasnek 10s 500 (rp) 3 300 purch1 41 182 28 447 vat 835 deb t 300 suran co a fallo di ruarjian id reccipt for rcfund or fchonge 81212 pos1 21 05 2026,1809.3868625427247,False,0.5937105157831705,279
c:\file akmal\Capstone - Ai Eng - Spendly_ Workspace\data\Beauty\train\images\guardian18_png.rf.a61b06370f344119d42c5dd2f65524a4.jpg,Beauty,08 ft 0fi nusanlara tbk inay pafk jalan jayn blck ektor cad jayo fondok fonlok kona guard park 2512268 15 cono 2005 900 (rp) 35 910 32 6a5 20 677 vat s6k 910 masukan ga f2 12 di for rcfund fchangc 52323 pos?,1785.7113345378636,False,0.6012305747858562,207
c:\file akmal\Capstone - Ai Eng - Spendly_ Workspace\data\Beauty\train\images\guardian19_png.rf.407277e919a026c62d9ef40b9f6de664.jpg,Beauty,09 dfi rcuai rusanara tbk officc gnk dan lalad jaya jaya kcl fondok joyn kec- fonlox kona sclanan baolen fark 900 76 tolai (ro) 77 70 727 64 130 ka d required tor refund 41 53434 trss20 17 33 27 05 2026,1728.9196481696124,False,0.5732618850778614,202
c:\file akmal\Capstone - Ai Eng - Spendly_ Workspace\data\Beauty\train\images\guardian20_png.rf.90d35b6eea269769030d928be784d606.jpg,Beauty,"10 fr nusanlara pp 1092000 indy bintaro fark gadune lont un jalon binaro jaya blok 87 1g. s klor v11 - ced jayo, oyn pondox kora sclatan proy nsi ranlen guard fark suurg 6221111 79900 facial 2503 (ro) 98 purchasc 89 81s 41 653 vat gris 93 559932 svran 40 follor kai 4i exuarda rcquircd for or exchonge 54545 fosz tr6621 10 55 30 05 2026",1728.453876437926,False,0.5549270350652512,336
c:\file akmal\Capstone - Ai Eng - Spendly_ Workspace\data\Beauty\train\images\guardian2_png.rf.f68625ad842b7be50d132fe4db62b4b1.jpg,Beauty,02 dfi iody pafk godung 8 anra din jalan jayn blok scktor c80 ke1 pondok jaya kec- aren kora provins tne 54 1721005 u rich 32 900 tote (rp) 127 g00 115 136 104 669 031 gris 127 80o code 178392 follon kai 41 d r 50987 3815 27 04 7026,1886.3470800769564,False,0.5750179986737902,232
c:\file akmal\Capstone - Ai Eng - Spendly_ Workspace\data\Beauty\train\images\guardian3_png.rf.4403712ceb52869722d0f40217f14887.jpg,Beauty,03 pr tbk inay officc pafk 8. lan boulevard binaro 8lok 87 a6 sckior ced kel ke pondox 1031938 52 900 31 78 (ro) 76 320 purchae 68 720 62 vat mandir 76 320 cade 910276 saran follo di dna exchane 89871,974.7881517970504,False,0.6194298334780803,200
c:\file akmal\Capstone - Ai Eng - Spendly_ Workspace\data\Beauty\train\images\guardian4_png.rf.958b8599be940cadea71e751911c8e30.jpg,Beauty,04 pt dfi reta indy ofrce gcdunb lantai dan jalon loulevand bintaro alok b?/6 scktor vti : binlaro jaya ke pondlok jayo kec_ fondok rren koun tanborang sclatan banlen guard te houl 0 soul 27 500 su spfas 500 10 240 (rp) 56 520 purchasc 50 905 6 277 628 dca qris 56 520 approva coae 314155 saran id follox k un tor 0 55123 pos2 tr9987 10881 10303 08 24 04 2028,2034.7819138335224,False,0.5956846672273963,359
c:\file akmal\Capstone - Ai Eng - Spendly_ Workspace\data\Beauty\train\images\guardian5_png.rf.9de2a4aa07f6376df70315cabbe65de1.jpg,Beauty,05 pt npwp indy fark dan alan boulevan jaya blok scklor vil cbd kel pondok jaya podok tankfrank frovinsl guard fark semarang 1017810 ciik fooy 22 500 2989020 (rp) 112 400 101 261 91 vet anounl 10 115 bca oris 112 400 approva code 881245 asukan sran 80 d follo kumı di s0cial aguardiun id rcquired 125 refund exchorke 58372 tr6675,1914.9236949462654,False,0.6192399502642857,329
c:\file akmal\Capstone - Ai Eng - Spendly_ Workspace\data\Beauty\train\images\guardian7_png.rf.c30b2322563f5fde1935231cee22ab27.jpg,Beauty,07 0 tlk 09200o alan 87 46. c8d kel poodox bunlen park 79 facial fon 900 10 kro t0tal (ro) 07 211 192 t 019 qkis approval ko 54449 fos1 tr2234 10ssa2001,1051.561819036192,False,0.5255434450962961,152
c:\file akmal\Capstone - Ai Eng - Spendly_ Workspace\data\Beauty\train\images\guardian8_png.rf.eac63968da6be2f488cbaae8a44bee45.jpg,Beauty,"08 pt 0f1 nusanlara tok npar 001 irly park, anra dan alan bintaro aya alok 8746 cad binraro jayo ke pondok jayn, kec. pondok aren korn tonecrang sclatan banlen the park semarang 386682 oral 15 29 800 108 712 pepsooent gigi 190c 15 900 103 670 total rd) 040 prchosc 865 vnd r 42 030 cod 470193 masukan c0_ id oia 4 1or 01 57781 pos? 09 82 23 04 2026",1946.8967254257202,False,0.5829666079514357,348
c:\file akmal\Capstone - Ai Eng - Spendly_ Workspace\data\Beauty\train\images\guardian9_png.rf.31a25e08161a15476d6ed46b74e8af16.jpg,Beauty,"09 pt di nusantara nay officc purk. gcdung don jalan boulcvard bintaro jaya blok b7/ 46. scktor v1i cad binlaro jaya, kel pondok jayp kec. pondok providsi guard park 5400134 antisepric 25v 44 400 2055641 plaster 16 500 103 040 toral (rp) 45 360 861 19 aont 715 bca qris 45 360 approval code 316505 folloa kanı d1 soca tor exchanke 59562 trss66",2035.1075727230073,False,0.6214113663129089,343
c:\file akmal\Capstone - Ai Eng - Spendly_ Workspace\data\Beauty\train\images\sociolla11_png.rf.0283463bba6bce3e9a71e60471c6aa49.jpg,Beauty,"01 sociolla sociolla thopark semarong gf 0210 madukoro raya blok e f kolurahan 50174 14 22 ocatya sonethinc 592 niacinanide bean sunscreen 50 512e 129 0oo disc (19 000) subtotal saving total 10 000 10 000 harga sudah tonasuk ppn con ociolla com jalan marina 0, 28, karai muara, panaringan kote adn akorta utard dki 085 7ooo sociolla",1871.404125180668,False,0.6328808253412431,332
c:\file akmal\Capstone - Ai Eng - Spendly_ Workspace\data\Beauty\train\images\sociolla13_png.rf.f178cb9fa4590b6327d5a84e51c48df6.jpg,Beauty,03 sociolla gf 0210 i madukoro avya ick kolurahan tanjunonas. sonorang utara 09 03 28 13 48 destya advanced mucin powef essence oomi 188 00o digc ((29 850) (29 850) subtotal 188 000 spvina 29 850 total 169 150 oris 169 150 ppn sociolle com pt sociollo airo inoonosio auko cordoba jalan indan 26 kanai penjaringao kota jokarta dki jakarto 4470 sociolla,1916.7048974408865,False,0.6061787890393638,351
c:\file akmal\Capstone - Ai Eng - Spendly_ Workspace\data\Beauty\train\images\sociolla15_png.rf.b9eac8c28502b2cfa9b41a84b2223b93.jpg,Beauty,"05 sociolla soclolla thepafk gf 0210 madukoro raya ef kcluranan tanjun9na senarano utar 50174 caca debra dfaya the moislurizer 5iz2 509 14 00o divc unit s) subtotal 000 17, 1c0 96 900 oris 96 900 audah ppn csozociollo com ocionla con pt sociollo aitoi indonegia ruko cordoba marina indah 26, kanai ponjarinoan kota jakana okar a si: 08s8 7doo sociolla",1807.2812988220219,False,0.5636587956180856,351
c:\file akmal\Capstone - Ai Eng - Spendly_ Workspace\data\Beauty\train\images\sociolla16_png.rf.8c95b43fbc050497f3f4e8530da9cf2a.jpg,Beauty,"06 sociolla 0210 ji e f taniunonas, semarano 50174 18 03 26 15856 caca emina stut fac2 vash omi 032 000 32 000 qisc ( 800) 800) subtotal boo 27 200 27, 200 harga 1 con ritol auko cordobd indah 26 kamal jakarta 0058 sociolla",1498.831083940291,False,0.6393500569121405,223
c:\file akmal\Capstone - Ai Eng - Spendly_ Workspace\data\Beauty\train\images\sociolla17_png.rf.d089362a57f6091f2870e121e5b76898.jpg,Beauty,"07 sociolla sociolla 650210 blok kelurahan semarane so174 21 03 26 caca somethic 01190oo 1190oo (17850) subtotal 49 00o 172850 total 101 150 oris 101 150 ppn con socioua com pr socrolo ancl jalan igan 26, kanal auara adn jakarta utara akara s 7ooo sociolla",1141.2814184286535,False,0.6153434657698222,256
c:\file akmal\Capstone - Ai Eng - Spendly_ Workspace\data\Beauty\train\images\sociolla18_png.rf.ab28d3bf3d7caacd07ed7211225e9b0e.jpg,Beauty,"08 sociolla sociola senarang gf 0210 madukoro aya alok kelurahan tanjunomas, somarang utara s0174 29 03 26 debra nacuie fresn herb orloin toner 5120 soml 1129 000 (1a 350) unn s) subtotal 129 00o saving 19 950 total 109 850 oris 109 650 081 1887881 goclolla con pt sociollo ano jalan marina indah kanal muara porladingon kota jakorta utara, oki jakarta 4470 npvvp sais 7ooo sociolla",1851.4855419147252,False,0.6625195425892452,382
c:\file akmal\Capstone - Ai Eng - Spendly_ Workspace\data\Beauty\train\images\sociolla1_png.rf.ab072d28f8e091b33549535e4e10eee8.jpg,Beauty,"sociolla sociolla thepark semarang sociolla the park semarang the park serarang gf 0210 ji madukoro raya blok e f kelurahan tanjungmas, semarang utara 50174 sriistsiclsi2026 053/ 02 05 26 18 07 gbpdeanpe caca sts debra destya breylee eyelash car8 serum size 4 5ml ( 150 0oo 150 000 disc (120 000) (120 000) unit s) subtotal 30 0o0 saving 120 000 tolel 30 00o ris 30 0oo harga sudal toriasuk ppn cs sociolle comn www sociolla comn pt soclolla ritel indonesia ruko cordoba jalan marina indah golt 26 kamal muara, paenjaringan, kota adın jakarta utara dki jakarta 4470 npwp sri: 0858 4430 7004 sociolla",4321.89034152391,False,0.7660263104901492,599
c:\file akmal\Capstone - Ai Eng - Spendly_ Workspace\data\Beauty\train\images\sociolla20_png.rf.83d6c0516e75a547ea52605092318bb1.jpg,Beauty,"sociolla sociolla thopark semarang gf0210 madukoro aaya blak -f kolurahan tanjungmas, semarang urara 50171 30 03 26 caca s 3 bioaqua rlco raw pulp cleanser size 1009 49 0oo diac 2 7 350) um s) subrotal 490o0 savina total 41 650 41 650 haaa sudah cogociolla com ocioila com pt sociolla ritcl indoncsio auko cordoba jalan marina iodop d, 26, kamal muara ponjaringan kora adn jakarta jokarta, 14470 sociolla",1537.633740267729,False,0.6390818392690163,404
c:\file akmal\Capstone - Ai Eng - Spendly_ Workspace\data\Beauty\train\images\sociolla2_png.rf.981a0e250ea84ae2cd44e004c8074ad9.jpg,Beauty,"01 sociolla sociolla thepark semarang sociolla the park senarang the park semarang gf 0210 madukoro raya blok ef kalurahan tanjungmas, semarang utara 50174 05 01 26 17 42 gbpdeanpe caca 55 dcbra dostya somethinc 88 niacinamide moislure 6el size oml 139000 disc 4 20 000) 20 doo unii s subtotal 139 doo saving total 119 0oo 119 o0o harga csusociolla com com pt sociolla ailel indonesia auko cordaba jolan marina indah golf , 26, komal adon jakara ulara dki jakanta 1a70",2240.1853002922476,False,0.6934174773669036,468
c:\file akmal\Capstone - Ai Eng - Spendly_ Workspace\data\Beauty\train\images\sociolla3_png.rf.bd03a7fb8e4918513b7cb130da770cc3.jpg,Beauty,02 sociolla sociolla thopark somarang pork somarang gf 0210 ji madukoro raya blok kelurahan tanunanas scmarang uara 50174 09 01 26 14215 gpoeanpe caca 21 debna 509 oisc subtotal 159 doo saving 25 total 134 doo oris 134 sudah pp csosocioila com sociolla com socoila anel indonesia ruko cordoba jalan marira indab golf 26 kamal ponjaringan kov adm jakarta utaras akaro 110 sociolla,2239.349296581244,False,0.7013131049331267,379
c:\file akmal\Capstone - Ai Eng - Spendly_ Workspace\data\Beauty\train\images\sociolla5_png.rf.89bc2469e2b2e9a561ac9eff31b502a7.jpg,Beauty,"04 sociolla sociolla semarang the park senaranb 0210 j madukoro aayu blok kclurahan tanjungmas. semarang tara 18 01 26 14 22 caca 5 5 destya wardah matle lio 03 5122 40 79 disc 0 8 000) (8 000) urin s) sublotai 79 000 spving total 71 oris 71 ppn can sociollacom pt auko cordoba jalan narina indah golf 0, 26 kamal ponjarironn kon adn ulra jokano 4470 sai dese 4 30 7q4 7o0o sociolla",2254.7051532774926,False,0.6122466306289073,382
c:\file akmal\Capstone - Ai Eng - Spendly_ Workspace\data\Beauty\train\images\sociolla7_png.rf.1653f2b8843e6c2b8d659b20d27969a3.jpg,Beauty,"socolla sociolla thepark semarang saciolla the park semarang gf 0210 madukoro aaya blok ef kelurahan tanjunomas, semarang ulara 50174 24 01 26 15 48 g8poeanpe caca dobra cosfx snail 96 mucin powor size 199 ooo disc 30 000) (30 000) unit s) subtotal 199 0oo saving 30 0oo total fpn com con pt soclolla riclindoncsia auko g0lf, 26, kanal kola jakarta ulara, jakan, 4470 sociolla",2225.4534053142006,False,0.6350182847856783,376
c:\file akmal\Capstone - Ai Eng - Spendly_ Workspace\data\Beauty\train\images\sociolla8_png.rf.60e2d7d6a5442b2e5c9bb85efed7fbd4.jpg,Beauty,"07 sociolla sociolla thopark somarang sociolla tne park semarang the park semarang gf 0210 miudukoro raya blok kolurahan tarjungmas, semarang ulara 50174 28 01 26 17 19 caca 51 debra destya enino a32 000 32 000 subtotal 32 odo savino total 28 0do socioila 80n pt soclollo rncl indoncslo jolonmorino indon goll . 26 kamal nuara, ponjarinoan adn jakara utara, dki jakana, npwp sri 0858 7do sociolla",2087.9720066297295,False,0.6766675816193951,396
c:\file akmal\Capstone - Ai Eng - Spendly_ Workspace\data\Beauty\train\images\sociolla9_png.rf.fb09ff2ab59f5e60d2dbc063ab1defcf.jpg,Beauty,09 sociolla soclolla thepark semarang park semarang the gf0210 ji blok kolurahan 50179 10 02 26 gbpdeanpe caca s15 debra destya nacuic 128 00o (20 000) nit s) subtotal 129 000 20 000 total 108 000 haroa suaah iemaguk ppn con com pt socioll auko 5ordob? alan indab golf 26 kamal muara papjaringan kola 2an dki 4470 7ooo sociolla,2077.285937499976,False,0.614849784305184,327
c:\file akmal\Capstone - Ai Eng - Spendly_ Workspace\data\Beauty\train\images\watsons10_png.rf.4e815669898a0023387b2aa39ea2be6f.jpg,Beauty,10 watsons 1oe idonestr pakunon 1p (031 7392186 dapatkan voucher belanja dcnoon survey passcode 19922 olay effecis less 3ox 289998 44111 shahpoo z9ohl 69900 less 139b0 subtotal (oty 2 209220 cash cash 780 loyaly opcning 02 anco 93 closina balance 102 03 08 2026 16 28 18697 02 460 408 063 pengukuhan 25 2005 te 10,1721.5870642492707,False,0.6617991137195283,313
c:\file akmal\Capstone - Ai Eng - Spendly_ Workspace\data\Beauty\train\images\watsons12_png.rf.48bd2ff9c230672766f28ac0dee3e061.jpg,Beauty,02 watsons loo indonsia hall telo: (031) 5992888 cs: vocher narsons dengan s ey passcode 58275 39900 s05 zoooo 5000721 tp aresh hini 12500 uess 20 6s00 620123 niyea lif ce origiful 3 900 or 1520 3) chge cas4 1660 3) 8a20 debr 83420 7575 cash punber 52 earnga 03 01 2028 16 3a 18 1887 kena paja,1162.8646907711027,False,0.5664603486147933,293
c:\file akmal\Capstone - Ai Eng - Spendly_ Workspace\data\Beauty\train\images\watsons13_png.rf.60e828c658d44419cd03ccb7fefb27a2.jpg,Beauty,03 vatsons tuju 6031) 5327765 custo vouch di 39900 less os 7980 les 620883 28200 7990 (ory 3) cash 760oo chnge 222942 10 6858 oocoino 60 1333 en atas 02 360 063 000 73 bo 2005,987.8006376708983,False,0.5028200050452074,175
c:\file akmal\Capstone - Ai Eng - Spendly_ Workspace\data\Beauty\train\images\watsons14_png.rf.ee6222a20a1a499ba9b61a9e9342ebc1.jpg,Beauty,04 watsons 1i koald 12of (031) 5113766 co 1a 41 241 posscode kps 50oo3i oil less zas 22580 620333 24500 less 520212 apricot 2980 suatoial (ay 3) 36000 280 3) cs 1o5 2241 c454 67 eafned 8o 3 01 2026 18 28 2145 paak kasik tas 0,1324.151992112732,False,0.5437720835705282,225
c:\file akmal\Capstone - Ai Eng - Spendly_ Workspace\data\Beauty\train\images\watsons17_png.rf.634acab8dc270a3027a4779e8d9e75c9.jpg,Beauty,07 inoonesia 80 (021 cs: a vo 600769 oor 42500 ess 203 cello tape less t fbesh 22500 less 3) 86000 cash 0 (ory 3) dedit 859 8 gs o 7810 lovany closio 10 20 01 2025 7672 45 aa 02 08 083,607.0047771238746,False,0.47873254088164174,184
c:\file akmal\Capstone - Ai Eng - Spendly_ Workspace\data\Beauty\train\images\watsons18_png.rf.c4a6f2709f1cc5104a55c8a0cbfb8592.jpg,Beauty,vatsons 08 inoonesi (031) cs: vouchef 0 batsons denoan 612 51087? 65900 less 205 31a0 670586 tissue less 520123 lif original 3a900 less 6980 suatota 7a7so cash 250 subtotal debi 79750 k 2233449 705 7250 change 0o2nino balanae earnca 2 closino balanee 42 215 funri kenu,1262.5294768561364,False,0.5060164906852084,268
c:\file akmal\Capstone - Ai Eng - Spendly_ Workspace\data\Beauty\train\images\watsons19_png.rf.6c491205f3d52d741dae8d2653e14e57.jpg,Beauty,vjatsons 09 cs: 80 vouch 0 5000311 81042 o11 12800 less 72580 68900 201 520215 stuff 45500 9180 3) chuce 00 26080 260 29 09 45 02 089 25 nov paice,1062.3998597289083,False,0.5215446482288687,146
c:\file akmal\Capstone - Ai Eng - Spendly_ Workspace\data\Beauty\train\images\watsons1_png.rf.e0d1718fb31c398907b1263db2f4e2c7.jpg,Beauty,01 watsons lal watsons ndonesta nex pakuwon te (031 ) 7397186 cs : cusrorerserviccekatsons ia dadaikar voucher belanja 41 dengan hena sufvey y surveywatsons passcode nps 30292 mivea booy lotion 89000 less 20 17800 13567 hicellar wtr 48900 less 30x 14970 subtotal ( oty 2) 06130 cash 1coc0 change 3870 nurnber ocenino balance 42 earned closing balance 97 12 01 2026 12 34 18 001 oa pajak pp rasih pi 02 460 408 063 0o0 perou han 25 novenbe zoo5 price unluk p:,2001.440494807905,False,0.662066273737444,458
c:\file akmal\Capstone - Ai Eng - Spendly_ Workspace\data\Beauty\train\images\watsons3_png.rf.f204639ca66c15a4bb53400f85d1b559.jpg,Beauty,watsons ndonesia nek pakuhon telp: (031) 7392186 cs: daoatkan vcucher belarja matsoas dengan hergisi survey passcode 10101 fit fdt 99500 less 29850 55012 vaseline jelly 42900 less 202 8580 subiotal 2) 12970 cash 2000o 7a30 statehent loralty doening balange 53 earnea ciosing 58 24 01 2026 1897 pajak duia,1340.1566835359988,False,0.6582093745654134,304
c:\file akmal\Capstone - Ai Eng - Spendly_ Workspace\data\Beauty\train\images\watsons4_png.rf.ff22e5b2067f8a0429fd6a9325a94606.jpg,Beauty,04 watsons lee pakuhon surabaya telp:(031) 7392186 cs : dadatkar voucher bolanja 41 derban hengisn survey bit passcode 88001 revlon super 29888 less 22134 oreal elseve 78900 less 20x 15750 subtotal (oty 2) 18320 cash 120000 change cash 1680 statehent loyaly nuoer doenina anc2 58 earned closing balanec 6 31 01 2026 1007 ppn ierika pt outa 02 460 208 063 0oo pengunuhan 25 2005 03,1735.0515332830196,False,0.6790607993177852,380
c:\file akmal\Capstone - Ai Eng - Spendly_ Workspace\data\Beauty\train\images\watsons5_png.rf.5d8e12d4fadc5600f60daa9852c99d5e.jpg,Beauty,05 watsons watsons new pakuwon surabaya ip (031 ) 7392186 voucher dengan heng 51 survey bir 1y passeode 40123 cosrx aha bha toner 139000 less 30x 41700 33144 gentle skin less 20x 721800 subtotal 2) 184500 cash zoooo cash 15500 statekent loya ty nuoer 22 ba ance 84 earncd uc 73 03 02 2026 20 16 1897 okta kena teriha es anda duta 02 460 408 083 000 tangga pengukuhan 25 2005 price untuk te,2501.2055577476262,False,0.6580751091302662,389
c:\file akmal\Capstone - Ai Eng - Spendly_ Workspace\data\Beauty\train\images\watsons6_png.rf.75f894247de9028f30d7efaf727d7c8d.jpg,Beauty,06 watsons indones a pakuwon surabaya telp (031 7392186 cs : cusrorrsery ga daatkan vouche belanja watscns keng 51 passcod nps 22345 kao biore facial foaa less 33121 on dry 29900 less 203 2) 43140 1560 statekent acc onenino lance t3 earncd closino dalance 07 02 2026 10 05 4 001 okta tefuasu pon kasih is an0a pt duta 02 460 063 tarooa peroukuhan 25 novenber 2005 super pfoduk lanya d,2287.313740049744,False,0.6404603795468864,384
c:\file akmal\Capstone - Ai Eng - Spendly_ Workspace\data\Beauty\train\images\watsons7_png.rf.963105a64840e4874024ebfbf023a4d7.jpg,Beauty,07 watsons occa indonesia nen pakuwon ip : (031 7392186 cs : ia dapatkan bclanja denoan suryey bit nps 18077 purbasari lipstick 65900 less 30x 19770 77002 safe karu 20 5580 (oty 2) 52450 cash 600co change cash 7550 statekent opening ba ance earnoa closing balanee 82 12 02 2026 1001 banc tersu anoa pt duta nphp 02 460 063 000 tanoaal 25 novonber 2005 te,1307.8146370980683,False,0.6648565601823981,354
c:\file akmal\Capstone - Ai Eng - Spendly_ Workspace\data\Beauty\train\images\watsons8_png.rf.00ef5ad450493077bdfcf2eea4c1b32c.jpg,Beauty,08 watsons watsons indonesia new pakuhon surabaya telp: (031) 7392186 cs custonerserviceewatsons dapatkan vcucher belanja watsons dengan survey passcode nps 30555 colgate tp hax fresh 23500 less 20 4700 11223 garnier serux sakura 134000 less ao200 subtotal (oty 2 1 0660o 1oooo change cash 3400 loya ace nube ocening danec 82 eafned closing balance 87 18 02 2026 09 7233 1897 brng paak hrga ppn teriha kasih arda pt 02 460 406 063 000 penguhhan 25 z005 1y,2309.361422954649,False,0.6605464074016953,455
c:\file akmal\Capstone - Ai Eng - Spendly_ Workspace\data\Beauty\valid\images\sociolla10_png.rf.a5d6d8fb6654874ebc2b9fc66f0e1312.jpg,Beauty,"sociolla thepark semarang socioila the gf 0210 modukoro ruya blok ef kolurahan tanjunomas semarang utara 50174 15 02 26 18 30 cac debra dcsty? bioaqua aice ray pulo cleanser 1009 (49 o0o 49 0oo subtotal 49 ooo saving 6 0oo total 43 0oo qais 43 0oo haiga sudan ennasuk ppn comn ptsociollaici fuko cordoba jalan manna 26, kamal muara, ponjaringan kona adn_ jakara utara, dki jakan, 14470 sociolla",2110.38441289804,False,0.6732865636009322,394
c:\file akmal\Capstone - Ai Eng - Spendly_ Workspace\data\Beauty\valid\images\sociolla12_png.rf.39b58f72be3283b48b0c8f936074ab2b.jpg,Beauty,"02 sociolla sociolla thepark semaran 0210 madukoro raya blok 50 74 00o? 02 03 0221ya skintific 5122 500 000 158 000 0 23 850 (23 850) unit s) subtotal 188 000 29 850 total 135 150 35 150 08 198788 n indonesia auko condoba jalan marina indah gol kanal muara, panjaringan kol adm jakano utara, jakarto 4470 0858 sociolla",1839.9894572180744,False,0.652413847195341,318
c:\file akmal\Capstone - Ai Eng - Spendly_ Workspace\data\Beauty\valid\images\sociolla14_png.rf.dca01899f350433c181aa8a9804743f0.jpg,Beauty,"04 sociolla soclonla thcpark somarang gf 0210 madukoro raya blok 50174 0ooa 12 03 7 03 debra destya smoonh serun 50 4oml 72 00o 0 10 800) (10 800) unit s) subtotal 72 000 saving 10 800 61 200 oais 61 200 comn 8ocioila con socfolla aitolindooogia ruko cordoba jalan marlna indah goll 28 kamal muara, ponjorngan, kota adm, jokarta utord, akarta 14470 sociolla har9u",1881.343916458839,False,0.6402477535329445,363
c:\file akmal\Capstone - Ai Eng - Spendly_ Workspace\data\Beauty\valid\images\sociolla19_png.rf.a02b59e7a59e78bafc90df3db70c7d58.jpg,Beauty,"sociolla socioila thppark somarang gl 0210 madukord rya blok kolurahan tanjunonas, utara 50174 0009 27 03 26 gbpdeanpe caca d bra make lip cream 05 binoe siz2 3 50 99 0oo (1 850 unn s) subtotal saving 14 850 total 84 150 oris 84 150 harga ennasuk ppn csosociolla con coclolla com soficil ruko cordoba jalan marina indoh 26, kamal koto adm jakarta utarae dkl jakartas 14470 npwp sai 0858 sociolla",1860.118151467889,False,0.6472892371757586,395
c:\file akmal\Capstone - Ai Eng - Spendly_ Workspace\data\Beauty\valid\images\sociolla6_png.rf.3d352a266bdfa61db77c927b3fa98bd7.jpg,Beauty,"05 sociolla sociola thepark semarang sociolla the park semarang the park senatong gf o210 madukoro paya blok e f kolurahan utara 50174 20 01 26 19805 dcbra dostya the ofioincte hyalu moisturizer 5122 509 14 ooo di 000) 114 000 savina 15 total 99 000 oris 99 000 haa ppn om pt auko cordoba jalan marida 26 kon adon jakarta utaro, dki karla 4470 sai 4230 7004 7ooo sociolla",2181.076035155392,False,0.6395223312201122,371
c:\file akmal\Capstone - Ai Eng - Spendly_ Workspace\data\Beauty\valid\images\watsons15_png.rf.4e996c8c27781703eceb1bbf4ae08983.jpg,Beauty,05 oo hal 7292188 dapatkun voucher ai dnan 67900 less 20s 12580 800921 garier kicellar less 17880 620111 watsons 5000 1ox cash chnce 250 12750 kandiri debit 12750 78899 105 10250 cash ocoino earncd 2 5 01 2026 75 1987 oka ke oa 02 460 408 089 0co 80,1461.1204440927263,False,0.5889286457402668,249
c:\file akmal\Capstone - Ai Eng - Spendly_ Workspace\data\Beauty\valid\images\watsons20_png.rf.37dfc4b031bf5688bbb740863ce13a58.jpg,Beauty,10 oo doa depok css a y 61001 face wash 39300 less 20 7980 less 1980 600321 qrnier 7880 (oty 31 77eso cas 7booo 50 (ory 31 77850 77850 k b2 ance 123 closing bolance 130 02 02 7078 16620 48 rani tebiha pt imtidaya 02 400 061 000 23 2005 sper horo?,1458.7370849227905,False,0.5727506068218582,246
c:\file akmal\Capstone - Ai Eng - Spendly_ Workspace\data\Beauty\valid\images\watsons2_png.rf.6c545d2f06befb38ac89e8a4e285584c.jpg,Beauty,02 watsons fatsons indonesia nex pakuwon surabaya telp : (o31) 7392186 cs : dapatkan voucher belanja watsons hena survey surveywatsons passcode nps 21211 sensodyne fresh 56000 less 11200 32045 8iore aoua rich 99000 less 429700 subtotal (oty 2) 114100 cash 12000o change cash 5900 loyai ocening 47 earned 42 closing dalance 53 18 01 2026 15 27 08 897 kena harca terhasu pen tfriha kasih pt duia 02 480 408 083 060 tangga pero hao 25 noveiber 2005 tp uy,2196.8075024138393,False,0.7237298592437545,451
c:\file akmal\Capstone - Ai Eng - Spendly_ Workspace\data\Beauty\valid\images\watsons9_png.rf.b4e344849d25a3633333eb7b15ce15dd.jpg,Beauty,09 watsons surabaya telp: (031) 7392186 cs cusromersery co a voueher onoan sunvcy y aury 55088 52900 1osb0 12021 ehine bright suff moist 35900 less 37180 2) 55048 cash 4960 loyany nunber ba 87 earncd alus closing 93 25 02 2026 21 255 001 rena atas 0a pi 02 660 063 000 75 51 hny? k 9i,849.2498889775218,False,0.585211509939939,284
c:\file akmal\Capstone - Ai Eng - Spendly_ Workspace\data\F&B\test\images\bk6_png.rf.e34da0ca4e159ee4a8758c7d05821494.jpg,F&B,frecelpt 12 11 2023 order xhrlxlkuj host check xhrlklkuj area pket cheesewhopper jr 25 00o regular king deals cheesy bef 1 aurger 54545 packagingfee 5 454 goooo paid with null pt sari burger indonesi2 022000 gedung check closcd,1505.0689501937868,False,0.5079882111101645,227
c:\file akmal\Capstone - Ai Eng - Spendly_ Workspace\data\F&B\test\images\fore11_png.rf.eac7281102ee00bf4c3e692a53eb3cc3.jpg,F&B,fore coffee 1187 pickuporder sunday 4 januay 2026 0215 order 1 kopi susu fors 27 000 sub total ro ?/ 0oo rp 27 000 rp ? 545 2454 55 rp 27 000 ris terima kasih rp rp,692.6758983802561,False,0.517771002800662,164
c:\file akmal\Capstone - Ai Eng - Spendly_ Workspace\data\F&B\test\images\fore17_png.rf.0f1f8b58b7b9cf7cd1e36313bab53f6a.jpg,F&B,fore coffee 1862 1x rp23 000 sub toral 23 0oo subtoial rp 23 000 rp 2090.?1 23 00o terima kasih,625.6524340806902,False,0.5294868693141679,95
c:\file akmal\Capstone - Ai Eng - Spendly_ Workspace\data\F&B\test\images\fore18_png.rf.46a2d607a7721df4e7522131a9871e6b.jpg,F&B,fore coffee npwp 2027 pikupoider toraloraor ix suotoial 29021 p81096 32 000 mctodepembayaran oris terima kasih r?,626.0309521484137,False,0.5285296992739994,113
c:\file akmal\Capstone - Ai Eng - Spendly_ Workspace\data\F&B\test\images\mako1_png.rf.39156945b54de01632414f7715083d17.jpg,F&B,"ug mako 1 hay 26 1o 12 taku away ckuco lava cookies 24 ,00o ur bk? 3102 suhtotal paygent channe chock closcd 36 ph apabllu dltaglh leblh atau tidak rendapat stfuk due",736.7842087164878,False,0.5619097122498042,166
c:\file akmal\Capstone - Ai Eng - Spendly_ Workspace\data\F&B\test\images\mako3_png.rf.b02214a0723988da9cd317792beeaf83.jpg,F&B,ug mako 420 lestar: take away coco lava 26000 sull crraier z0 subtoral kny,607.5749619289401,False,0.48938807367958437,74
c:\file akmal\Capstone - Ai Eng - Spendly_ Workspace\data\F&B\test\images\mako8_png.rf.b3d1f530f292958bb089ff66ee1009b4.jpg,F&B,ug mako chk hay_26 05 22 ph iake awuy 11 020 slice 75 000 190b 10438 000 payrcn: hay,557.6661363789976,False,0.5065019131575711,84
c:\file akmal\Capstone - Ai Eng - Spendly_ Workspace\data\F&B\test\images\mako9_png.rf.eaf81c62e2dce9241cf03c3bfd0438fc.jpg,F&B,ug mako 3 teke away subtotal chnnge ue inro,609.9359360017241,False,0.595016011693659,43
c:\file akmal\Capstone - Ai Eng - Spendly_ Workspace\data\F&B\test\images\mcd13_png.rf.13e8a7990ec4540ea3d1a10d3ee373c7.jpg,F&B,2751 kcdonald 5 kepi pi rekso nas ona fcod 62 270 03a 046 000 store 80333 telp ia tax invoice hfy side oro 361 cso 27 04 2026 10 02 19 oty 25 00o hot coffee 12 000 hot cakc charde ( o0o iake out tot troasuk pajak) 53 00o kartuku 53 00o change sales 88 182 p81 103 818 530 saat nomor pesanan anda muncu harap tunjukan struk ini untuk ambi pesanan,1586.378113256836,False,0.6934915608838322,345
c:\file akmal\Capstone - Ai Eng - Spendly_ Workspace\data\F&B\test\images\mcd6_png.rf.d9f278500aa90d8d718ffe069508979f.jpg,F&B,1386 ona fooa o2 210 026 000 invoice cso 232 27 0a 2026 oty 812 qoo 16 500 60091 500 ( ) take 13 cashiess 5ale5 281 10 262 ppn saat nomor pesanan anda muncu harap tunjukan struk ini untuk ambi1 pesanan,597.7548537194967,False,0.6588621274527865,201
c:\file akmal\Capstone - Ai Eng - Spendly_ Workspace\data\F&B\test\images\mcd9_png.rf.3e3fe0f0fb655345247327f8b8d98aae.jpg,F&B,5609 pt fodd 02 240 044 046doo storo sde cso 30 09 2026 len 30 00o cola o0o choror ( out pajak) 64 ooo karteku 64 ouo 50 182 6 445 ppn 13 697 saat nomor pesanan anda muncul harap tunjukan struk ini untuk ambil pesanan,743.8455573270562,False,0.6695908358462686,217
c:\file akmal\Capstone - Ai Eng - Spendly_ Workspace\data\F&B\test\images\sbux12_jpg.rf.3b748fe56b7a1af48e156df3d090dda1.jpg,F&B,starbucks feedbackestarbucks co 1d custoner care phone 1500078 sales no 55c8228372991337iscbc 001 date 04 05 2026 16 30 cashier desya hentarı purpase nare fani 60 000 grand total 60 000 tiktok 60 0o0 verpfication code 47182,596.6592699679791,False,0.7292624599479036,223
c:\file akmal\Capstone - Ai Eng - Spendly_ Workspace\data\F&B\test\images\solaria14_png.rf.ac9331b45451bd4550b7d15093f67401.jpg,F&B,"20 8 date; 23 026 17340 55 dire jn nasl gorene scafood 49 091 cay kuah es jciuk 13 637 3 92 728 pbl 1016 9 273 belore roundino 102 001 roundinp 102 o0 bn qris 102, oc0 ay cop",705.7485447615624,False,0.6382779775422334,174
c:\file akmal\Capstone - Ai Eng - Spendly_ Workspace\data\F&B\test\images\tongtji19_png.rf.5a21bdedc6a324aeaa8b685d2693f978.jpg,F&B,06 tong t tong tji tea hause ihe park serarang custoner care ig no 5g0262026050100012 date 01 05 2026 11 11 purpose 2 take away cashier alya safitri green tea latte h1 1x 222 00o 22 oco hochi isi kacang 1x 215 0o 15 1 x 216 00o 16 . 00o subtotal 53 pbi 300 grand total 58 300 oris nobu 58 30o,1471.741623531431,False,0.8255463803689403,292
c:\file akmal\Capstone - Ai Eng - Spendly_ Workspace\data\F&B\train\images\bk10_png.rf.a09d4d3eba52075988f458187dde8042.jpg,F&B,order 510049 host 510019 orcer type dine in cheesy fresr 12727 freedelvrych g subtotal 12727 pb1 o32) 1273 geoung sohld sudirmon centef li 23 cneck closeo,1443.0382324123386,False,0.6035895646512618,154
c:\file akmal\Capstone - Ai Eng - Spendly_ Workspace\data\F&B\train\images\bk11_png.rf.5e73331cbad284ac73af4c95f03e7b30.jpg,F&B,01 order 710982 e raccip 18 012025 12 38 ph host 710083 oader type dine n whoppea ja 727 7273 subtoial 3630 total f81 jox 10,939.009716750717,False,0.5855200876206461,124
c:\file akmal\Capstone - Ai Eng - Spendly_ Workspace\data\F&B\train\images\bk12_png.rf.dcc4ed6c5df82667cd99dc26427c2f73.jpg,F&B,02 burger order 824155 host check a24155 dine in 17 727 12 727 8 364 6368 31273 000 jokono pusoi chcck cioscd,1048.9162430563927,False,0.5633701601301553,109
c:\file akmal\Capstone - Ai Eng - Spendly_ Workspace\data\F&B\train\images\bk13_png.rf.d8920ea3593fa67b5ef4fd4c2411b5d9.jpg,F&B,03 order 930271 ordef 930271 34 08 pm check 820271 dine in 8091 8 091 7273 3318 36 5oo 33,955.1597949165102,False,0.5549955997952147,89
c:\file akmal\Capstone - Ai Eng - Spendly_ Workspace\data\F&B\train\images\bk14_png.rf.f32ff9d42c6f68029e6b7b37ff71dae1.jpg,F&B,04 order 105367 order 105367 1a 4504 host 10s567 20000 20 0c0 10 000 7275 7273 372 3 3727 00o,1017.1381689449308,False,0.582220010723994,93
c:\file akmal\Capstone - Ai Eng - Spendly_ Workspace\data\F&B\train\images\bk16_png.rf.b0cec335400a814968030d81e1a09254.jpg,F&B,06 burger order 126883 king 2002 2025 oroor 820883 host oine in hopper 25 809 14 545 14 545 8021 29525 packagingfee 2 955,871.8306478023529,False,0.5514610048185806,121
c:\file akmal\Capstone - Ai Eng - Spendly_ Workspace\data\F&B\train\images\bk17_png.rf.f7d4219a5b83caf39219c1d4a40dda7b.jpg,F&B,07 order 133204 250 pm check 155204 dine in 21164 21 564 2021 8091 spaite r 7273 32728 3772 totl 500 shopefonline,973.5047808788715,False,0.5768012263117679,113
c:\file akmal\Capstone - Ai Eng - Spendly_ Workspace\data\F&B\train\images\bk19_png.rf.79df4b9a5802796bef74004accd7ee6d.jpg,F&B,09 order 147832 chfck 127452 dine n 100o0 6364 0364 subtotal s00 pald ith shopee online,924.2006787094117,False,0.5318641686483299,87
c:\file akmal\Capstone - Ai Eng - Spendly_ Workspace\data\F&B\train\images\bk1_png.rf.28857a6db21d231898a989c30c920ddb.jpg,F&B,order 510049 erecelpt 02 01 2023 order 510049 510049 area khafidha sukma 12727 1 12727 1x 1x 12727 p81 103 1273 total cejuna sohlo sudlrmon center li 23 chock closcu,1275.4116430646836,False,0.5791509252999003,165
c:\file akmal\Capstone - Ai Eng - Spendly_ Workspace\data\F&B\train\images\bk2_png.rf.d6814253513553e4f6aed9ad9a4f7cbc.jpg,F&B,order 510049 02 01 2023 order 510019 host check 515019 type dinein dining roon cheesy friesr 1x 12727 crown cheesy rasher reg frfedflvrychrg 1 subtoial 12727 1 273 total ai prices reinciusive pt sariburcer indonesi2 geoung sohio sudirmon center li 25 checkclosed,1453.1668725268305,False,0.5094787461132667,262
c:\file akmal\Capstone - Ai Eng - Spendly_ Workspace\data\F&B\train\images\bk3_png.rf.fddb62fd64e661937120be8d18f5df1f.jpg,F&B,order 510040 erecclpr 02 01 2023 ordor 510010 host check 510040 dinein area 905652 31818 31818 31 818 3187 total 35 0o0 paid with shopefonlne checkclosed,1255.173618129635,False,0.5643918877148123,153
c:\file akmal\Capstone - Ai Eng - Spendly_ Workspace\data\F&B\train\images\bk4_png.rf.17f1266878a8c9d37c9b0b792c7e778a.jpg,F&B,ereccipi host check 4 dine in area kinc box cheeseburger 63 863 ix 62 863 64 817 supreme 178 880 8 36b total paid with pronocode pt sari burger indonesia gedung sohio sudirmon center lt 23 chcck closcd,1452.4697704849002,False,0.4949828297579013,201
c:\file akmal\Capstone - Ai Eng - Spendly_ Workspace\data\F&B\train\images\bk5_png.rf.19bb935f266e4bcaaca3fe407d79425d.jpg,F&B,order tumabrftgw ereceipi 12 1 2023 check dine in are dining room 6 364 6 362 super float hilo 17773 1x 17273 subtoal 2364 26 00l null npvp 02525 040 2 022000 cedung sohlo sudlrmon centerlt73,1315.7273143584962,False,0.5385148476409539,191
c:\file akmal\Capstone - Ai Eng - Spendly_ Workspace\data\F&B\train\images\bk7_png.rf.12b578f2ab11e7322c777e947be45b7f.jpg,F&B,burger e recelpt 30 06 2023 check hrgzyuu4j crder type dinein area dining room double cheeseburger 35 455 2x 70910 70910 6 091 todll 6r001 null pt sariburger indones14 check closed,1314.8089526323736,False,0.6102185483075122,180
c:\file akmal\Capstone - Ai Eng - Spendly_ Workspace\data\F&B\train\images\bk8_png.rf.55d1bb430587a5380b59d8e4cedd9fae.jpg,F&B,order acprtyrks 02 012023 host order type dine in area cheesy fries 12727 12 727 12727 packagingfee 1 27 tomal null 022000 chcckcloscd,1357.381818837637,False,0.5607940447376218,134
c:\file akmal\Capstone - Ai Eng - Spendly_ Workspace\data\F&B\train\images\fore10_png.rf.1a5f6d4a9717c0fb81cb39c383d2e75f.jpg,F&B,e receipt fore coffee npwp 067ooo 335 82 8aoo 28000 rp28 000 r225455 p81o36 rp28 00o terima kasih,836.5539484313964,False,0.5867791332426181,97
c:\file akmal\Capstone - Ai Eng - Spendly_ Workspace\data\F&B\train\images\fore13_png.rf.614a3054bdaef1ba86de378e2807ef3d.jpg,F&B,"fore coffee 1332 piekuporac wednosday7 januan 2026, 18 20 totalordar: ix 2900o sub toral re 29 000 subtoial 29 000 p811096 rp 2636 30 oris terima kasih rp",654.511528319931,False,0.558307482830994,154
c:\file akmal\Capstone - Ai Eng - Spendly_ Workspace\data\F&B\train\images\fore14_png.rf.5c25c5212ad104c85909207234a069c8.jpg,F&B,"fore coffee 1549 friday 9 january 2026, 1 40 oracr ix rp 30 000 27273 p811096 r2272727 toral pembayaran oris terima kasih rp",666.4100805442274,False,0.6141405050128906,124
c:\file akmal\Capstone - Ai Eng - Spendly_ Workspace\data\F&B\train\images\fore15_png.rf.f5ee8f3b8d1972563cd849f3ad5ca272.jpg,F&B,fore coffee 1644 saturday jojaquary ?076 16 05 1x ro 28 000 subtoial 28 000 rp 5455 pb11096 rp 2545 45 toraipembayatan rp 28 000 merodpembayafan oris terima kasih rp,738.6388390209617,False,0.552013257961344,165
c:\file akmal\Capstone - Ai Eng - Spendly_ Workspace\data\F&B\train\images\fore16_png.rf.3fce136042f4aad2a98c731af1fbdd74.jpg,F&B,fore coffee 1763 pieruponer order totaorden 1 1 2 rp 26 000 subtotoi subioial 28 00o 24 836 rp2364 64 totaipemboyaron rp 28 000 ris terima kasih rp r?,699.0028100564418,False,0.511976925274387,150
c:\file akmal\Capstone - Ai Eng - Spendly_ Workspace\data\F&B\train\images\fore19_png.rf.2954267da762c9a34b7e8edd0aca2edd.jpg,F&B,fore coffee 2198 oader 1 rp 27 00o subtoial 27000 rp24 545 p811098 ro 2454 55 rp 27 00o metode pemboyaran oris terima kasih,674.1219782855749,False,0.6053387126853526,123
c:\file akmal\Capstone - Ai Eng - Spendly_ Workspace\data\F&B\train\images\fore1_jpeg.rf.7e9eb12ed553a9f777d59744a2695e32.jpg,F&B,e receipt fore coffee gayamsari semarang npwp 85 411 685 2 067 ooo pt fore kopiindonesia tbk 1285 pick up order namacustomer; fidha tuesday 14 april 2026 16 50 order total order: 1 1x regular iced bumi latte rp 25 ooo sub total rp 25 ooo subtotal rp 25 000 net sales 22 727 pb1109 rp 2272 72 total pembayaran rp 25 000 metode pembayaran ris terima kasih rp,1473.0538671821353,False,0.8273558219618158,356
c:\file akmal\Capstone - Ai Eng - Spendly_ Workspace\data\F&B\train\images\fore20_png.rf.df375ef2a8ec971bac59cc850438be2f.jpg,F&B,fore coffee npwp 85911 685 2 087600 2366 rp 31 00o subtotal subtotal rp 31 000 rp28182 p811096 281818 rp 31 000 mctodepembaypran terima kasih,969.627436499023,False,0.6739176148551922,141
c:\file akmal\Capstone - Ai Eng - Spendly_ Workspace\data\F&B\train\images\fore2_png.rf.e0b308bb22726cb880d91c578f36a47d.jpg,F&B,"e roccipt fore coffee 85 1123 nonacusionef auf friday10 january 2026, 10 21 1 rp 7 000 rp 29 0oo rp 26364 rp 29 0oo mclodepembayaran oais terima kasih",875.423740110779,False,0.6015749668369226,150
c:\file akmal\Capstone - Ai Eng - Spendly_ Workspace\data\F&B\train\images\fore4_png.rf.9c643a8e09f6fc9816d97e5547809580.jpg,F&B,fore coffee pforekopiindonesiaibk 1769 32 000 29 091 total pombayaran 32 000 oris terima kasih rp rp,773.5097651306154,False,0.677882240162189,100
c:\file akmal\Capstone - Ai Eng - Spendly_ Workspace\data\F&B\train\images\fore5_png.rf.946055e46213c84fec49312754172b3f.jpg,F&B,e receipt fore coffee 2210 31 15 18 oder 1 rp 33 000 33 000 rp 30 000 3000 00 rps3 000 terima kasih rp rp rp,854.5171435543059,False,0.657873879121395,108
c:\file akmal\Capstone - Ai Eng - Spendly_ Workspace\data\F&B\train\images\fore6_png.rf.66eaee8a86ab8f5ba67049c3fe851559.jpg,F&B,fore coffee 2415 1 rp 24 000 rp24 000 nersales 21818 24 000 mctode pemboyaran terima kasih r? rp,962.9062327518403,False,0.6762458572176804,96
c:\file akmal\Capstone - Ai Eng - Spendly_ Workspace\data\F&B\train\images\fore7_png.rf.1afb4996fa9c9b9669f7a4daf4aa5a0a.jpg,F&B,fore coffee 85 411 605 ? 667 000 2650 prckup order 1604 order rp31 000 subtotal rp 31 000 28 182 ro2818 18 rp 31 000 meiode pembayaran terima kasih,731.9790405273378,False,0.5244848413760086,147
c:\file akmal\Capstone - Ai Eng - Spendly_ Workspace\data\F&B\train\images\fore8_png.rf.77c4758ce8a2c713f35c3a3b07126e48.jpg,F&B,fore coffee gayamsari sooanno 85411 685 ? 06700o 2893 pckuporder nama curomor kevin iotalorde: ix ro 36000 rp 36 00o subtoial rp 36 000 nelsales ro 32 727 p8l1096 3272 73 rp 36 000 motodcpcmbayaran ris terima kasih re,696.324710111022,False,0.5477726633609522,217
c:\file akmal\Capstone - Ai Eng - Spendly_ Workspace\data\F&B\train\images\fore9_png.rf.793d0d9ef8825fa9ede4cad4e0bca357.jpg,F&B,fore coffee npvp iforekopiindonesiatbk 3127 totalorder: suboial re23638 rp 2363 64 rp 26 000 metodepembayarar ris terima kasih,750.4584521469118,False,0.5924369003005998,126
c:\file akmal\Capstone - Ai Eng - Spendly_ Workspace\data\F&B\train\images\kopken1_png.rf.68d60d691e2c50c64bf78f5093669f0b.jpg,F&B,receipt anjasmoro semarang matcha latte ice large m subtotoi 63000 promo 31500 total 31 500 ris customer name sukma 02 mar 2026 bulunganno 76 kooikenangania kenanganbronds,357.7381542944908,False,0.7896007096313196,171
c:\file akmal\Capstone - Ai Eng - Spendly_ Workspace\data\F&B\train\images\mako11_png.rf.e8b63d93df6812de5c135979d18de3f9.jpg,F&B,dg mako takr awny hny kuy,618.5295849246742,False,0.4937635719418333,25
c:\file akmal\Capstone - Ai Eng - Spendly_ Workspace\data\F&B\train\images\mako12_png.rf.429785457dbcd40e5c3b4b2c6c717643.jpg,F&B,jg mako 040 18 000 or m? paynant chock clocod kay manxlapat hay,524.133971860832,False,0.5767967179281052,63
c:\file akmal\Capstone - Ai Eng - Spendly_ Workspace\data\F&B\train\images\mako13_png.rf.27767e5f771e695b4dcfaa0ec35f0693.jpg,F&B,ug mako foynonk may,387.9424159182966,False,0.3958678460560318,19
c:\file akmal\Capstone - Ai Eng - Spendly_ Workspace\data\F&B\train\images\mako14_png.rf.e7e83b08383c6d7f108ec71afc901c4d.jpg,F&B,ug mako take awuy 0 povconi chonuu chcck clod may,560.8760805959464,False,0.4687900702927147,49
c:\file akmal\Capstone - Ai Eng - Spendly_ Workspace\data\F&B\train\images\mako16_png.rf.2c4152ed575e6fa80fab3881df8af9f0.jpg,F&B,jg mako 2215 sublotal chonoe chnck claena hay kay,320.3239767004907,False,0.4763580472257115,49
c:\file akmal\Capstone - Ai Eng - Spendly_ Workspace\data\F&B\train\images\mako17_png.rf.975aca6f5298093b3ffc1eb0814babe8.jpg,F&B,jg mako fh tuku axny subtotal idro 86 08 50 ph gtruk. key,622.017242376709,False,0.4855973233429838,57
c:\file akmal\Capstone - Ai Eng - Spendly_ Workspace\data\F&B\train\images\mako18_png.rf.d01ae218af1e7cc147a98043e4732e73.jpg,F&B,mg mako fy tako awuy 17 00o 76 000 svulolal chonue due chock clouna hy,538.209191890186,False,0.4216721752246855,70
c:\file akmal\Capstone - Ai Eng - Spendly_ Workspace\data\F&B\train\images\mako2_png.rf.017ff54f2d571e2ab97b7272c12c88c0.jpg,F&B,ug mako 3 26 11 45 take away tiamigu slice subtotnl 0ra 000 poynant mandupal slruk. hay,411.42369479894637,False,0.5848916781127577,87
c:\file akmal\Capstone - Ai Eng - Spendly_ Workspace\data\F&B\train\images\mako5_png.rf.a552f1c2384341617bda78070b0a6e63.jpg,F&B,ug mako 10u023004 incoh perrata kay 26 02 05 take away spaghetti bdlogncse slicf subtotal poynont change dur 1dko) cnack clonoo petbellon anda gratis,765.3858275783001,False,0.6298945541090009,149
c:\file akmal\Capstone - Ai Eng - Spendly_ Workspace\data\F&B\train\images\mako6_png.rf.876d59c9d073c92bd7e3088988f6f49d.jpg,F&B,ug mako chx 3 take away subtotu poynont change ioro cneck closed hay icblh mendapat kay,662.136937721157,False,0.7174766855321865,87
c:\file akmal\Capstone - Ai Eng - Spendly_ Workspace\data\F&B\train\images\mako7_png.rf.74b21e23fc87b8dfb143f6c9d86c2b55.jpg,F&B,ug mako 110002m006 fajar nugroho take awaly 26 0o0 10a47 cco payocr: change due idro 26 04 10 hay kay,630.176806132412,False,0.6359741135933089,101
c:\file akmal\Capstone - Ai Eng - Spendly_ Workspace\data\F&B\train\images\mcd10_png.rf.68ff97f01fa2fe77065f1e2c58ad01a4.jpg,F&B,7391 lopruna pt feca 02 026 stare 00339 telp invoice hfy side 0ao 29 04 2026 total double cheesedurber 27 fries iced 1ea enon cokelat 500 charge r) 000 tare tot tresuk pajak) 63 000 cashlcss kartuku 63 000 501es 57 2 3 248 687 saat nomor pesanan anda muncu harap tunjukan struk ini untuk ambi1 pesanan zonco 3,1272.0939476750793,False,0.6801771857430575,309
c:\file akmal\Capstone - Ai Eng - Spendly_ Workspace\data\F&B\train\images\mcd11_png.rf.c950096c4831dd57d3be70e36fe2555a.jpg,F&B,6722 hcdonald keni dira lasoung reksd nastona foed 02 270 03 046 srore 20333 tele ia inyoice hfy side oro 451 232 28 04 2026 14 12 50 oty total paxet ayen 000 karche 16 air hineral s00 takeadey charse () take pajak) 75 cashless kartuku 73 change net 68 182 p81 1ax 7 418 ppx x 815 saat nomor pesanan anda muncu harap tunjukan struk ini untuk ambi pesanan,973.9293969726026,False,0.6680460767484897,354
c:\file akmal\Capstone - Ai Eng - Spendly_ Workspace\data\F&B\train\images\mcd12_png.rf.4d5c9dca7be5c9f2432f3011a222f19c.jpg,F&B,4510 aerso nasiona faod 02 270 034 8 046 store 80133 telp 051 crer 1d nul tax invoice hfy side 0ad 461 cso 27 09 2026 iteh total kccicken 19 s00 uduk 20 s00 teh hanis 10 0co takeanay charoe take out tot troasuk 52 000 cashiess kartuku 52 chanoe sales 47 273 5 145 565 saat nomor pesanan anda muncu harap tunjukan struk ini untuk ambi1 pesanan doco,1219.2643823215903,False,0.7373897802520291,347
c:\file akmal\Capstone - Ai Eng - Spendly_ Workspace\data\F&B\train\images\mcd15_png.rf.f7abc87bd55393aee246d76df0fe9657.jpg,F&B,9043 keniling lappuna rekso has ona foad 02 270 034 046 stofe 80333 crex tax invoice hfy side 561 cso 532 a0 04 2026 17252 10 oty ieh total hcspicy chicken 35 00o ffench fries hediun coca cola hediun 12 000 takeahay charae ( ) 2 000 take out 63 000 casnless kartuku 63 000 neg 57 273 p81 5 727 ppx 630 saat nomor pesanan anda muncu harap tunjukan struk ini untuk ambi1 pesanan,1688.9533555297314,False,0.6654811786391337,376
c:\file akmal\Capstone - Ai Eng - Spendly_ Workspace\data\F&B\train\images\mcd16_png.rf.8c8656253b199ed6e07727782a5f6bc8.jpg,F&B,7316 lappung pi nas1 food 02 270 034 9 045 oco stofe 20333 telp 54 invoice side oro cs 26 04 2026 18 20244 oy ieh paket 46 000 fante hediun 000 french takeanuy charoc ( take out 76 0o0 casnless 76 00o changc net sales 69 091 p81 0x 909 ppn 1x 360 saat nomor pesanan anda muncu harap tunjukan struk ini untuk ambi1 pesanan,1585.8669760794585,False,0.6916222767821271,321
c:\file akmal\Capstone - Ai Eng - Spendly_ Workspace\data\F&B\train\images\mcd18_png.rf.6d9fe30fc43d48e74b9870d1c800997a.jpg,F&B,8842 pt r2kso noslona foqu 02 270 046 0oo a tx ord 061 cso 332 01 05 2026 oty double chocsoburoor 27 0oo 10 0oo kantana 15 00o 0o0 toke our 000 net sal2s 49 091 p81 101 909 ppn 540 saat nomor pesanan anda muncu harap tunjukan struk ini untuk ambi1 pesanan,1006.6987866173685,False,0.6772332888281263,255
c:\file akmal\Capstone - Ai Eng - Spendly_ Workspace\data\F&B\train\images\mcd19_png.rf.6140f226bed0cf7b55bd5a628dad26a3.jpg,F&B,6682 5 fooa 026 000 tlo cso 332 36 000 1c lenon sundec cnoc 0oo cnarde 2 000 qu 56 00o 56 s00 change 50 999 p81 102 091 560 saat nomor pesanan anda muncu harap tunjukan struk ini untuk ambi1 pesanan 02,553.1879606185912,False,0.6412287154265054,201
c:\file akmal\Capstone - Ai Eng - Spendly_ Workspace\data\F&B\train\images\mcd1_jpg.rf.85b7ce9e33cebec9517fd71d487a1f8e.jpg,F&B,"3261 3629 f35 278 034 046 5t088, creu 19 hfy drd 432- 13 1 /2022 18 31 242 total chieken 58 500 clr 272 36 000 daja hen kr chicken 2 500 aprodd 272 o00 aha rice uo spfoad 372 0o0 1ea 902 50 3p 000 takeaway charae tot trmasuk pajjak ) 52 cash 288 kartuku 52 889 net 47 257 19 10 548 saat nomor pesanan anda muncu rarap funjukan ruk ini gntuk amb pesanan 7ax 1",6847.19648264331,False,0.6301875046854936,358
c:\file akmal\Capstone - Ai Eng - Spendly_ Workspace\data\F&B\train\images\mcd20_png.rf.e2a115d299db10e7ee01647ea707d83f.jpg,F&B,3179 pt rekso naslana fcod nphp 02 270 046 d0o store telp crex invoice mfy side cso 29 04 2026 14 28233 toial 24 0c0 hefloat coca cola 15 000 apple pie 000 tokeahay charoe 00o teke out 55 000 kartuku 35 00o chonoe mer 50125 50 00o p81 10x 0oo ppn 550 saat nomor pesanan anda muncu harap tunjukan struk ini untuk ambi1 pesanan 55000o2,1610.8458104721074,False,0.683821760424313,333
c:\file akmal\Capstone - Ai Eng - Spendly_ Workspace\data\F&B\train\images\mcd2_jpg.rf.0793dc489ad927161473e33c96cb7dfa.jpg,F&B,bandunw pi rekso fou npisp 02 270 034 store crew id 62 reyhan tax invoice hfy side ord 43 reg 2- 09 08 201a oty waffle cone gule1f pai hanoga susu bor balado spc1 alc soda kecondong xed eat in tot( inc pajak) cash tendered occo: change net sales pajak yang berlaku 10 diskon khusus p9an 4a mcce yury co d kartv bri (an vebn bri aox 95 sk berlaku kilk,1765.7077448124346,False,0.7399168060045339,350
c:\file akmal\Capstone - Ai Eng - Spendly_ Workspace\data\F&B\train\images\mcd3_jpg.rf.6c580b7f5887fd7b03f5a22eb87345b9.jpg,F&B,1970 mcdonalj s senayan trade cenrer pt rekso nasiona food 02 270 .034 8 046 0oo store 0165 crew ia 62 nur tax invoice kfy side ord 70 reg 04 07 / 2020 02 36 58 oty itex total hinera vafer 500 doublecheeseburger 33 0oo pickle s ice no ketchuo sauce no musrard sauce chicken burae 14 500 no mcchicken sauce take out tot( rmasuk pajak ) 57 cash tendered 57 change net sales 51 819 pajak yang 10x 181 dapatkan oenawaran khusus pembayaran tuna di ayanan pesan antar m e ve co id dan mcde ivery sk 62 k ik mcdonalds id ed non,893.6570926081599,False,0.6930386139735234,520
c:\file akmal\Capstone - Ai Eng - Spendly_ Workspace\data\F&B\train\images\mcd4_png.rf.ef0a26f12ea646d62bf91fb17b88c10a.jpg,F&B,"3261 rekso nasional food 02 270 8 046 000 storc 80333 teip 081 cror id tax kfy side oro 261 cso 32- 30 08 2026 11207 29 oy eh hcspicy chicken 35 0oo wduk kcd 20 500 tenbotol sosfo 12 000 takearay charne 2 000 take out 69 ,500 ceshless kartuku 60 500 sales 63 ,064 p81 104 6 868 756 saat nomor pesanan anda muncul harap tunjukan struk ini untuk ambi1 pesanan",1149.2482219850958,False,0.7077949332231246,357
c:\file akmal\Capstone - Ai Eng - Spendly_ Workspace\data\F&B\train\images\mcd5_png.rf.93aaaca69d5616b0be5c8f666570189b.jpg,F&B,"2473 hcdonola , food 02 046 oao stor 0029 ord 461 cs0 532 29 04 2076 oty ceh 24 ooo colu 15 iakanay choroe ( take 72 net 65 455 1ox 7 127 saat nomor pesanan anda muncu harap tunjukan struk ini untuk ambil pesanan 00002",626.6577881586015,False,0.6776973764713106,218
c:\file akmal\Capstone - Ai Eng - Spendly_ Workspace\data\F&B\train\images\mcd7_png.rf.d85771000bef0fad3e40d4f986c0307b.jpg,F&B,9127 lampung pt rexso focd npp 02 270 036 026 000 store 40133 icip crcl id tax eavoice hfy sid0 cso 02 05 2026 tex total 34 spaghett ked 22 french fries fanta hediu charge () 000 take out 83 000 cashless kartuku 83 000 change ne salcs 75 p81 8 223 904 saat nomor pesanan anda muncul harap tunjukan struk ini untuk ambil pesanan oogo,1142.1040232528685,False,0.6918948996615469,332
c:\file akmal\Capstone - Ai Eng - Spendly_ Workspace\data\F&B\train\images\mcd8_png.rf.9d2713188728c716e96e98c48b75d7d9.jpg,F&B,2048 kedonald rekso fooj 02 telp cren 40 tax nvoice hfy side 161 cso 32 01 /05 2026 10 29: oty total sausabe hckutfin 25 000 coffee 000 hash 10 000 taxeakey cnarge () 2 000 takc out tot tfoasuk 51 000 cashless kartuku 51 00o chonge 46 36 p81 5 072 ppu 1 557 saat nomor pesanan anda muncu harap tunjukan struk ini untuk ambi1 pesanan,1375.7381658812526,False,0.6912502619523797,332
c:\file akmal\Capstone - Ai Eng - Spendly_ Workspace\data\F&B\train\images\sbux10_jpg.rf.555aa04bffedbb5553f50465ef6f4deb.jpg,F&B,starbucks 1500078 no date 14 05 2026 16242 cashier intan permata purpose tktok name feza 61 ood blended grand total 61 000 tktok verification code 51782,558.1561187023577,False,0.7382823391895045,152
c:\file akmal\Capstone - Ai Eng - Spendly_ Workspace\data\F&B\train\images\sbux11_jpg.rf.67ff38f6921335a8d044ab7bad9561d8.jpg,F&B,"starbucks the feedbackestarbucks co id custorer phone 1500078 sales no date 09 05 2026 08 33 cashier putr nrella purpose tiktok name: iman hazelnut latte grande hot iten grand total 53 000 tiktok 53, 00o verification code 95231 care",876.7486425727604,False,0.7743025888694438,232
c:\file akmal\Capstone - Ai Eng - Spendly_ Workspace\data\F&B\train\images\sbux13_jpg.rf.53b3da2ae9d5fd56c02f38add66afd1c.jpg,F&B,starbucks the feedbackestarbucks cd. id customer care phone 1500078 sales no 55cb81929384711825cbc 001 date 03 05 2026 09 45 cashier rindu sekar purpase tiktox fajar ftem grand total 63 000 tiktok 63 00d verification code 39104,931.2601584011079,False,0.8065629795181088,227
c:\file akmal\Capstone - Ai Eng - Spendly_ Workspace\data\F&B\train\images\sbux14_jpg.rf.a22f0f2776aef3d29284016613600508.jpg,F&B,"c0, id care phnne sales no 5sc877019382746335cbc 00 dare 08 05 2026 15241 cashaer 5111 aisyah purpose tiktok name ardi carakel java chip ooo frapp blendeo tall iten grand total 54 000 tiktok verification cade 84522 54 ,",970.0149218213019,False,0.777486563095034,219
c:\file akmal\Capstone - Ai Eng - Spendly_ Workspace\data\F&B\train\images\sbux15_jpg.rf.4d36925866b2d615afa73b92e62bba38.jpg,F&B,starbucks fecdbackestarbucks co id cusroner care phone 1500078 sales no 13 05- 2026 10 11 cashier agung wicaksono purpose tiktok nare sari espresso 15 000 single igem grand total 15 000 tirtok 15 0oo verıficatıon code 29671,637.022648112273,False,0.7255349103753912,223
c:\file akmal\Capstone - Ai Eng - Spendly_ Workspace\data\F&B\train\images\sbux16_jpg.rf.6a300cd68ead4cc056015853010b25c7.jpg,F&B,"starbucks customer care phone 1500078 sales no date 12 05 2026 17 09 cashier yolonda putri purpose tiktok yoga 57 ,000 iced item grand total 57 000 tiktok 57 ,000 verıfacation code 38564",695.6014669310513,False,0.7446992389583357,186
c:\file akmal\Capstone - Ai Eng - Spendly_ Workspace\data\F&B\train\images\sbux19_png.rf.3653ac28f03f3a8171ed072ef1d921cc.jpg,F&B,"starbucks the park semarang fcabackostarbucks id care phone 1500078 no 00 1 date 27 05 2026 08 46 cashier caksono purpose dine in namc iced americano grande 43 caramel macchiato grande 55 iced chicken teriyaki sandwich 52 o0o classic 32 vanilla sweet cream coud brew grande 58 subtotal 240 , 00o p81 24 ooo roundin9 total 264 ooo casn 300 chan9e 36 price inc udes tax",3199.8018271528185,False,0.8373886239875294,367
c:\file akmal\Capstone - Ai Eng - Spendly_ Workspace\data\F&B\train\images\sbux1_jpeg.rf.e42997938a47135985f09b51a0d2981d.jpg,F&B,"starbucks the park seharang feedback star -bucks co id custoner phone 1500078 sales no sscbc17777121 ss97scbc 001 date 02 05 2026 15 5 cashier desya mentar1 zahra puroose tiktok nane desvıta tiktok bundle grande cm 70 ooo hoccf iced caramel hacchiato grande double chocolate cpeam frapp lt. sleet item grand total 70 000 tiktok 794929 ver1fication code all price are inclus ue ta pt sar coffee indonesıa nphp 02 107 429 9 073 ooo sahuid sudirman centei 2 th flooi jend sud no kav 86 karet 1n , jakal ta pusat 6228rah khusus ibukola jakarta 838",3839.577259004777,False,0.7423370004864613,543
c:\file akmal\Capstone - Ai Eng - Spendly_ Workspace\data\F&B\train\images\sbux20_png.rf.c171b5c40b220d75f4ee0015668a26fb.jpg,F&B,"starbucks park sfmarang cusloner carc phone 1 500078 no 00 date 28 05 2026 6: 32 cashier indah purdose? dine in nae green tea latte grande 52 o00 iced shaken lemon tfa grandf 47 ,o0o mocha frappuccino grande 61 000 blended whipped cream dazelnut latte granoe 53 hot tuna cheese panini 57 000 chip 28 0oo blueberry chffsecake 45 00o bakfd chunk cookie 28 ooo tem ) subtotal p81 3/ 100 rounaing toa 408 bca 408 100",2363.2200672032773,False,0.7302371368369321,412
c:\file akmal\Capstone - Ai Eng - Spendly_ Workspace\data\F&B\train\images\sbux2_jpeg.rf.ef4412e2eaa7cd0231873f038517751d.jpg,F&B,siarbucks custoner care phone 1500078 sales no 5sc881777290647955088 001 date 27 04 2026 18 51 cashıer rındu seker ismı ananda purpose tiktok naie challda conbo tiktok grade ch 70 000 sar iced caramel hacchiato ghande iced stranberry aai lemonade refreshers 1tem grand total 70 000 tiktok 7o,3213.5943545636883,False,0.7627008412350437,291
c:\file akmal\Capstone - Ai Eng - Spendly_ Workspace\data\F&B\train\images\sbux3_jpeg.rf.4028f7172a333be7f79c8a3f0c75fc38.jpg,F&B,the starbyeks semarang co 1 customer care phone 1500078 sales no sscbc 7777158 397scbc 001 date 02 05 2026 16 57 cashıer desya mentari zahra purpose tiktok name alya combo tktk caramel java chip 38k java chip frapp blended tal tem grand total 38 000 iktok 38 oqo verification codle 59311 al price are inclusive tax pt sar coffee indonesa nphp 02 107 429 sahid sudirman center 27th floor jenc sudirman no kav 86 rt 10 rh 11 karet tenosin; kota jakarta pusat daerah khusus ibukota jakarta 10220 dapatkan diskon hinuman setiap hari join rewarcs sekaran9 beiaku,4181.438367485756,False,0.8563278963022111,557
c:\file akmal\Capstone - Ai Eng - Spendly_ Workspace\data\F&B\train\images\sbux6_png.rf.aae9ea3b9eb745c59fa94be3de6158ec.jpg,F&B,"starbucks the park seharang feedbackestarbucks customer cure phcne 1500078 sales no dare 11 05 2026 13 27 cashier ramadhan purpose tiktok name vina tall 42, 000 hot 1 iten grand total 42 000 tiktok verification code 27453",1251.8734227413172,False,0.8147578174450452,221
c:\file akmal\Capstone - Ai Eng - Spendly_ Workspace\data\F&B\train\images\sbux7_jpg.rf.026b93dbbebb141d07bffe8dee823658.jpg,F&B,"starbucks feedbuckestarbucks customer care phonp sales wo ssc8651029383773dscbc 001 date 05 05 2026 11 08 cashier annlsa putfi purpose tiktok kane bayu kaicha green iced grand total 52 000 tktok verıfication code 58210 52 ,",596.7107218788565,False,0.6831057362573488,223
c:\file akmal\Capstone - Ai Eng - Spendly_ Workspace\data\F&B\train\images\sbux8_jpg.rf.6410fe78dd7dc52708e8d78b053f7a41.jpg,F&B,"starbucks tecdbockestarbucks customer care phone 15u0078 sales no date 10 052026 z0: 14 cashler firmon kaulana purpose tiktok mneita white chdcolate mocha venti 65 ,oou iced item grand total 65 ,00o tiktok 65 , o00 ver fication code 16342",859.6012252310752,False,0.6692287971400551,238
c:\file akmal\Capstone - Ai Eng - Spendly_ Workspace\data\F&B\train\images\sbux9_jpg.rf.1888a22ab7a3a662796fd1a5c54d3251.jpg,F&B,starbucks custoner care phone 1500078 sales no 55cb19367200283925c8c 001 date 15 05 2026 19 36 cashier hadld pratama purpose tiktok name lia iced shaken lehon granoe item grand total tiktok verıfication code 62893,1135.3880363486708,False,0.8111721914210573,213
c:\file akmal\Capstone - Ai Eng - Spendly_ Workspace\data\F&B\train\images\solaria11_png.rf.3d87e3ebcaa3f13c242ec30658339803.jpg,F&B,09 8 solaria recep: no.:4128c12052026 00099 cashier: rina amelia no custone dine in 44 546 ij2 sale ayam 72 728 es batu 120 002 132 002 rounding 2 tolal 132 0o0 bni qris 132 ood may,790.4836767549276,False,0.6933135153416851,181
c:\file akmal\Capstone - Ai Eng - Spendly_ Workspace\data\F&B\train\images\solaria13_png.rf.bcffb500279af1b050a7a1903673e533.jpg,F&B,15 8 daie: 13 may 2026 11 59 30 dine w mie goreng scalood 47 273 avam buka 32 728 es tch mars 3 635 items: 3 83 639 pb1 1096 8 364 before roundinp 92 003 rounding total 92 dod bni qris 92 000,876.144067748165,False,0.6577162730655971,191
c:\file akmal\Capstone - Ai Eng - Spendly_ Workspace\data\F&B\train\images\solaria15_png.rf.c1d1ec4f0ff691fae1b4f805b435a110.jpg,F&B,19 5 date: 22 may 2026 19 95216 no custone dne in 44 546 ayan bakar 32 72b 10 910 es teh manis 3 638 91 822 9 182 bclore rounding 101 004 rounaira 101 d0o 101 o0,813.8653414123297,False,0.595751141224612,161
c:\file akmal\Capstone - Ai Eng - Spendly_ Workspace\data\F&B\train\images\solaria16_png.rf.e305fa6b0fb21290f5fc0fc55910aaf0.jpg,F&B,18 8 18202 39 49 091 27 273 es batu 7 728 3 79 092 7 909 87 001 toral 87 000 87 do0,743.9499852245094,False,0.6850195409820004,83
c:\file akmal\Capstone - Ai Eng - Spendly_ Workspace\data\F&B\train\images\solaria19_png.rf.bacf2a845986a01574cccc200c8464a8.jpg,F&B,12 nasi gofer0 seacod 45 091 sup 180 10 910 2 728 90 0o2 pb1 1036 99 002 rcundna 2 toral 99 000 99 000 15 5,787.0862523962912,False,0.5756559801072321,107
c:\file akmal\Capstone - Ai Eng - Spendly_ Workspace\data\F&B\train\images\solaria1_jpeg.rf.37da04e7560252bcc0b54055cb5c482c.jpg,F&B,99 2 restaurant date: 02 2026 18 53 56 receipt :406rc1052026 00344 cashier ika cahyani no customer 1 dine in nasi goreng sapi cabe 44 546 ijo nasi goreng seafood 49 091 air mineral botol 21 820 es batu 5 456 items: 120 913 pbl 109 12 091 before rounding 133 004 rounding total 133 000 bni qris 133 000 terima kasih atas kunjungan anda solaëin may no.,2732.037271216368,False,0.8830415502647184,350
c:\file akmal\Capstone - Ai Eng - Spendly_ Workspace\data\F&B\train\images\solaria20_png.rf.cd90417d7c5d9c4d546787d75a41cf47.jpg,F&B,11 dare: rcccic? no. joko prasowo masi goren9 5291 cabe 44 546 goreng 23 837 iens 3 88 165 pb1 1032 8 636 95 001 taral 95 000 95 coo cay,829.5827928966283,False,0.5134272185377287,136
c:\file akmal\Capstone - Ai Eng - Spendly_ Workspace\data\F&B\train\images\solaria2_png.rf.9b49ea7ca52fdefddad561000b9216ba.jpg,F&B,"03 solarn cashicr ika cehvani ro customer 1 dine 1 nasi goreng sapi cabe 44 546 jjo sup ayam jamur 23 637 21 820 items: 89 456 8,.946 before rounding 98 402 rounding 22 total 98 400 bni qris 98 400",881.3817236556471,False,0.7508244833356837,197
c:\file akmal\Capstone - Ai Eng - Spendly_ Workspace\data\F&B\train\images\solaria3_png.rf.fd04e3dc499edc690832771c4e7d5531.jpg,F&B,01 date: 04 2026 12 10 23 no customer: 1 dine in nas goreng sapl cabe 44 546 ijo es tch manis 7 276 ayam bakar 32 728 items: 4 84 550 pbl 1096 8 455 bcfore round ng 93 005 rounding 25 total bne qris 93 000 may,910.2739487289431,False,0.787685631738302,209
c:\file akmal\Capstone - Ai Eng - Spendly_ Workspace\data\F&B\train\images\solaria5_png.rf.c3caacf042b45836fffb7ab91a52bdcc.jpg,F&B,0 8 solaria dalt; 07 8o cusloner 1 asi goreng sealood 49 091 38 182 es teh hanzs 7 276 itehs: 94 549 pb: 1096 9 455 befo e roundina 104 004 rcurding total 104 o00 fay,830.9861433766782,False,0.6388217895249426,166
c:\file akmal\Capstone - Ai Eng - Spendly_ Workspace\data\F&B\train\images\solaria6_png.rf.7b0e93c8d4b5237145a1059cdc7f6733.jpg,F&B,05 8 2026 dine in 49 091 ayam goteng hentega 38 182 es ten hanis 7 276 94 549 pb1 1096 9 455 bcfore rounding 104 002 rounding total 104 odo may,823.1640990395011,False,0.732443402959272,143
c:\file akmal\Capstone - Ai Eng - Spendly_ Workspace\data\F&B\train\images\solaria9_png.rf.f992a23ed257d0ec548f127f32b70567.jpg,F&B,"07 8 date 10 may 2026 cashief: birla pratama dine in nasi goreng sap cate 44 546 ijo chieken kalsu 36 364 es jeruk 13 637 94 54 pb1 1096 9 454 before rounding 104 001 rounding total 104 000 bni qris 104, 00o",809.2209213254688,False,0.6915795544811538,207
c:\file akmal\Capstone - Ai Eng - Spendly_ Workspace\data\F&B\train\images\tongtji12_png.rf.35f66821321fbe23066ded225dc8301a.jpg,F&B,01 tong tji house ihe park seoarang custoner core ha ig tongtjiteahouse no date 29 04 2026 11 23 purpose take away cashier dhea anindita jasmine green tea h1 1x 20 0oo 20 00o cireng tong tji 1x 18 ooay 1x 22 22 items subtotal 60 p81 6 grand total 66 . 000 gris nabu 66 600 12a,1532.0523558608954,False,0.8250403099953268,276
c:\file akmal\Capstone - Ai Eng - Spendly_ Workspace\data\F&B\train\images\tongtji13_png.rf.8c55fc39971b975746b3bc3dbcbda1cd.jpg,F&B,02 tcng tji tea house ihe park semararg custoser carc ig tongtjiteahcuse no 5g0262026042900287 date 29 04 2026 16 45 purpose 2 . take away cashier putri aulia black tea k1 1x 22 d0o roti bakar cokelat 1x 816 00o 16 00o kentang goreng 1x 15 000 15 00o ftems subtotal 53 00o pb1 300 grand total 58 300 oris nobu 58 300,1451.983958978438,False,0.8312519401255072,316
c:\file akmal\Capstone - Ai Eng - Spendly_ Workspace\data\F&B\train\images\tongtji14_png.rf.7321bba6ec8505b5cdf1ab4819a28692.jpg,F&B,03 tji iea hcuse ine park secarang custoner care ka ig tongt jiteahouse 5g0262026043000041 date 30 04 2026 10 02 purpose 2 take away cashier raka widy lecon tea a1 1x 019 0do 19 .od0 pisang goreng keju 17 oco 2 subtotal 36 0oo pb1 3 600 grand total 39 600 oris nobu 39 600 no,1246.392638494468,False,0.8275615363199936,275
c:\file akmal\Capstone - Ai Eng - Spendly_ Workspace\data\F&B\train\images\tongtji15_png.rf.75f0eae35d53cb3ed1f43c74ad84625a.jpg,F&B,05 tong tjl tong tji iea house the parx custoncr care ha ig tongtjiteanouse no 5g0262026043000217 date 30 04 2026 18 57 purpose 2 take away cashier bima pratana hilk tea h1 e22 odo 22 000 tahu crispy 14 french fries 16 oco es cincau 12 012 iters subtotal 64 000 pb1 6 400 grand total 70 400 oris nobu 70 400 1 x,1518.8580457419396,False,0.822263098584088,311
c:\file akmal\Capstone - Ai Eng - Spendly_ Workspace\data\F&B\train\images\tongtji16_png.rf.e094678e0fbc2f53b0d4e87592ceaf03.jpg,F&B,10 tong tji tong tea house the park sesarang custorer care wa ig torgtj teahouse no 5g0262026050300068 date 03 05 2026 12 40 purpose 2 take away cashier andrian saputra brown sugar hilk h1 1x 23 ooo cireng isi ayam 1x 18 00o 18 0oo kentang sois 17 0oo tens subtotal 58 000 pb1 5 .800 grand total 63 800 cris nobu 63 800,1548.3269750796258,False,0.8537111040444698,319
c:\file akmal\Capstone - Ai Eng - Spendly_ Workspace\data\F&B\train\images\tongtji18_png.rf.8c8dfe10c3d2cac9f220316fb979d712.jpg,F&B,08 tongti tong tea house ine park serarang custorer care ig tongtjiteahous no 5g0262026050200033 date 02 05 2026 09 58 purpose 2 take anay cashier dita puspita dolong tea 41 1x 020 000 20 000 sionay byan 019 coo 19 0oo pisang cokelat ooo itens subtotal 56 0oo pb1 5 600 grand total 61 600 cris nobu 61 600,1353.7364403856036,False,0.7818514307965434,305
c:\file akmal\Capstone - Ai Eng - Spendly_ Workspace\data\F&B\train\images\tongtji1_jpeg.rf.bdd21bb1162439a1bc0da09ad061675a.jpg,F&B,tong tji tea house the park semarany customir care wa tongtjiteahouse no sg026202605020179 date 02 05 2026 19 31 purpose take away cashier alchea ghıena mendoan ala tongt ji 1x 27 000 clear i3ox m1 1x 2 .00o sauce cup ml 1x 0 ftems subtotal 29 000 pb1 2 900 grand total 32 .000 oris nobu 32 .000,3582.7438524207128,False,0.8234679465231906,295
c:\file akmal\Capstone - Ai Eng - Spendly_ Workspace\data\F&B\train\images\tongtji20_png.rf.cb375f3d0f509060c4b1e6a15609ef30.jpg,F&B,04 tongtji tong tji tea house ihe park sezarana custoner care ka ig no 5g0262026043000165 date 30 04 2026 14 : 18 purpose 2 . take away cashier indah permata ihai tea k1 ix 22 0oo 22 000 chicken katsu nugget 1x 815 doo 15 00o itess subtotal p81 500 grand total 71 500 cris nobu 71 . 500,1260.3018138577397,False,0.7830996833287561,286
c:\file akmal\Capstone - Ai Eng - Spendly_ Workspace\data\F&B\train\images\tongtji2_png.rf.56cb59370d5c149e40accad94d67b794.jpg,F&B,01 tong tji tea house the park semararg customer care wa ig tcngtjiteahouse no 5g0262026050200001 date 01 05 2026 10; 15 purpose 2 take anay cashier rina amella hendoan ala tongtji 1x 027 27 0co clear box 750 41 1 x 2 000 2 00o sauce cup 25 h1 1x 00 items subtotal 29 0oo pb1 2 900 grand total 31 900 oris nobu 31 900,1651.796375033474,False,0.8223420916834545,317
c:\file akmal\Capstone - Ai Eng - Spendly_ Workspace\data\F&B\train\images\tongtji3_png.rf.117206963311615bebe6676e30799a79.jpg,F&B,tong tji tea house tne park semarang custoner care wa ig tongtjiteahouse no 5g026202605030010 date 03 05 2026 20 41 purpase take away cashier hega puspita mendoan ala tongtji 827 ood 27 . ooo clear box 750 m1 oo0 e2 sauce cup 25 h1 1x 20 items subtotal 31 .ood pb1 100 grand total 34 . 100 oris nobu 34 1c0 1 x,1547.541025310421,False,0.7915010945352454,310
c:\file akmal\Capstone - Ai Eng - Spendly_ Workspace\data\F&B\train\images\tongtji4_png.rf.aebf9b7894862bbf726a1f249676d75c.jpg,F&B,tongti tong tji tea hlouse tne park serarang custorer care ig no 5g026202605030009 date 02 05 2026 18 22 purpose take away cashier kevin hidayat hendoan ala tongtji 1x 827 00o 27 0o0 clear box 750 m1 7 . 0o0 1x e2 000 2 . 000 sauce cup 25 1 x eo itens suctotal 29 900 grand total 31 900 cris 31 900,1375.4506716966569,False,0.7944736318011193,298
c:\file akmal\Capstone - Ai Eng - Spendly_ Workspace\data\F&B\train\images\tongtji5_png.rf.3e272128a3519d4a37a1c02877149984.jpg,F&B,tongtji tong tji tea house park care ha ig etongtjiteahouse no 5g026202605030008 date 03 05 2026 13 56 purpose 2 . taxe aray cashier putri aulia hendoan ala tongtji 1x 027 000 27 . oo clcar box 750 7 . 0oo 1x 02 0oo 2 sauce cup 25 60 irens subtotal 30 pb1 3 00o grand total 33 00o cris nobu 33 0oo,1361.3949487261239,False,0.7637705088729397,297
c:\file akmal\Capstone - Ai Eng - Spendly_ Workspace\data\F&B\train\images\tongtji7_png.rf.0f83cd1ffb6305f09ad246e8b30a9926.jpg,F&B,tongtji tong tji tea hcuse the park senarang customer care ig tongtjiteancuse no 5g026202605020006 date 02 05 2026 1 7 : 48 purpose take away cashier silvia aisyah mendoan ala tongtji 1 x e27 000 27 0oo clear box 750 m1 000 sauce cup 25 m1 1 x 0 subtotal 32 pb1 3 .200 grand total 35 200 oris nobu 35 200,1473.8834252912466,False,0.7956202974570941,304
c:\file akmal\Capstone - Ai Eng - Spendly_ Workspace\data\F&B\train\images\tongtji8_png.rf.5ee97c26a454fee582ca03d2f3d3264c.jpg,F&B,"tong tji tea house the park senarang customer care wa ig tongtjiteahouse no 5g026202605010001 date 01 05 2026 10: 16 purcase 2 . take away cashier aldhea ghena hendoan ala tongtji 1x 27 , doo clear box 750 7 . coo 1x 2 000 sauce cup 25 m1 1x irens subtotal 29 0do p81 2 900 grand total 31 . 900 qris nobu 31 900",1483.1135348354342,False,0.7999489748866698,311
c:\file akmal\Capstone - Ai Eng - Spendly_ Workspace\data\F&B\train\images\tongtji9_png.rf.8bc32cb2106b1351a6b5897ab148e88a.jpg,F&B,tong tii torg tji tea house ihe park searang custoter care w ig tongtjitoahousc no sg026202605010002 date 01 05 2026 12 43 pupose take away cashler laras hati mendoan ala tongtji 1x 627 0oo 27 000 clear box 7s0 7 000 82 -00o 2 -0co sauce cup 25 m1 80 itens subtoral 28 0oo 800 grand total 30 800 mobu 30 - 800,1381.5004404808935,False,0.7071400927226961,309
c:\file akmal\Capstone - Ai Eng - Spendly_ Workspace\data\F&B\valid\images\bk15_png.rf.c69791d33585fe9c9648c05bf73bf504.jpg,F&B,05 order 1l8742 dinc n ax 19 5 5 12 727 12727 6 364 38 630 500 shopee online jokonopusor,986.9648415755272,False,0.570390047971924,88
c:\file akmal\Capstone - Ai Eng - Spendly_ Workspace\data\F&B\valid\images\bk18_png.rf.0fcd605e1085c31bc788b75c15c59a4d.jpg,F&B,08 burger order 140519 22 273 22 273 12 727 727s 3273 subtotel 42273 p81uo) 227 totl 500 shopec onune,908.2643994125362,False,0.6049036443443947,101
c:\file akmal\Capstone - Ai Eng - Spendly_ Workspace\data\F&B\valid\images\bk20_png.rf.bff103d0b061814dbd9bf4ee8431d8c2.jpg,F&B,10 order 153990 17 0s pm aditya catur kusuma 155280 khafidha sukaa 23 636 23 633 8021 7273 1273 packaging fee 0oo ooo,905.6935937496185,False,0.5095826136881628,117
c:\file akmal\Capstone - Ai Eng - Spendly_ Workspace\data\F&B\valid\images\bk9_png.rf.932b15e549e26c0cb6570de5232f63db.jpg,F&B,ereceipi 02 01 2023 order apxgfecp host order type dine in area diningroom subtotal 3182 total null psari burger indonesia 022000 cedung sohio sudirmon centerlt 23,1407.9768066043616,False,0.5550369653079142,163
c:\file akmal\Capstone - Ai Eng - Spendly_ Workspace\data\F&B\valid\images\fore12_png.rf.e413d771abdfbbe23e28e063a2978086.jpg,F&B,"fore coffee 8s 411 1276 pickup ordor tuosday, 6 january ?026 12857 oracr totalordcr: rp 5? 00o 32000 subtoial rp 32 000 rp 29 091 rp 2909 09 totaipembayaran rp 32 000 merodepembayafan ris terima kasih",673.9706029641092,False,0.5384054766617512,200
c:\file akmal\Capstone - Ai Eng - Spendly_ Workspace\data\F&B\valid\images\fore3_png.rf.097cd8946f2548ca52acfdda25962d20.jpg,F&B,e receipt fore coffee 1458 salurday. 34 00o subtoial rp 34 000 ro30 909 3090 1 toraipomboyoron rp 34 000 oris terima kasih 85 13 ro,815.4436117309335,False,0.5769774484227268,131
c:\file akmal\Capstone - Ai Eng - Spendly_ Workspace\data\F&B\valid\images\mako10_png.rf.71b04da7fe9bd165954c3c101db8c1f8.jpg,F&B,"ug mako duxl chk 26 07 18 pm take awuy 16 , ouo 26 ou0 suhtotal idr4z .oud povnent idra?, ono chunge dur 26 07 1b ph mendaunt struk ney",679.1589972595217,False,0.48080587586794565,135
c:\file akmal\Capstone - Ai Eng - Spendly_ Workspace\data\F&B\valid\images\mako15_png.rf.373f209545956869d4e33557f8fa033f.jpg,F&B,ug mako 420 take awny haicila cake slice 25 000 chonuv hay 26 0a 21 ph kny,626.9688789503039,False,0.5246661857241415,74
c:\file akmal\Capstone - Ai Eng - Spendly_ Workspace\data\F&B\valid\images\mako19_png.rf.8bf9e658098776f6af5f90e0461110ac.jpg,F&B,"tuke subtotal foraent change dl je - idro bituk , away",630.1987548825979,False,0.5040645529851141,54
c:\file akmal\Capstone - Ai Eng - Spendly_ Workspace\data\F&B\valid\images\mako20_jpeg.rf.99e5024e3bce5c481e7b494cad15323b.jpg,F&B,d mako the park semarang web delivery: 1 luluk gınartı mehk fal e avay jor ! ur bni chan92 duie may fm grattis zpab la dıtagnn lebir alau inendapat struk ha hotl1ne 0821 8088 200y 1 : he) lo nakobakery coin makobakery coiii ig: maka bakery,3332.0488530507027,False,0.6439637148583883,239
c:\file akmal\Capstone - Ai Eng - Spendly_ Workspace\data\F&B\valid\images\mako4_png.rf.8b8db698d22edde3e90bba6e884c9820.jpg,F&B,ug mako o ihe fark seharasg 1100n23003 26 01 20 fv take away reo velvet slice 24 0o0 charge: duc idro 26 01221 kay,642.7304734401166,False,0.696269002869805,114
c:\file akmal\Capstone - Ai Eng - Spendly_ Workspace\data\F&B\valid\images\mcd14_png.rf.ec8fc91cbe49879524ca47a022f94df8.jpg,F&B,8127 hedonald 5 keni rekeo naslona fcod 02 270 034 00o store telp 081 crex tax invdice hfy cso 432- 01 05 2026 09 15 22 ioal 819 brcakfast 35 000 hot coffce 12 000 kash broun 10 000 charoc 000 take qut tor tfeasuk pajak) 59 000 ceshless karruku 59 000 chargc met 53 626 f81 101 ppn l 590 saat nomor pesanan anda muncu harap tunjukan struk ini untuk ambi pesanan,1669.8961421875,False,0.6846827035447709,361
c:\file akmal\Capstone - Ai Eng - Spendly_ Workspace\data\F&B\valid\images\mcd17_png.rf.11dc4e868d2e23033fd77a8ee5f08a2b.jpg,F&B,6309 hcdonald lappung pt r2xso food nprp: 02 270 039 046 00o store 20383 ielp cren noll tax invoice side 461 30 04 2026 20 22 08 hcchickon 22 000 french fries hediu 000 ccca cola large 15 00o takavay cnaroe 0o0 take out pajak) 53 0o0 cashless kartuku 53 change met sales p81 818 ppn 530 saat nomor pesanan anda muncu harap tunjukan struk ini untuk ambi1 pesanan odoo,1706.2164106520656,False,0.7731044671901797,366
c:\file akmal\Capstone - Ai Eng - Spendly_ Workspace\data\F&B\valid\images\sbux17_jpg.rf.dccf583976fd9b874853ca03200f65e5.jpg,F&B,"starbucks phoni 1500o78 date 07 05 2026 12 56 cashler raka adıtya purpoa tiktok cahya vanilla 58 ,odo grande grand total 58 000 tiktok 58 , 000 74513",762.1719343163429,False,0.6493492498043422,149
c:\file akmal\Capstone - Ai Eng - Spendly_ Workspace\data\F&B\valid\images\sbux18_jpg.rf.895a80603f455a441448b33cf2ef5cc0.jpg,F&B,starbucks feedbackostarbucks co id customer care phone 1500078 sales no 55c831677428832935cbc 001 date 02 05 2026 14 17 cashier bir pratama purpose tiktok name dinda caramel 55 00o iced iten grand total 55 000 tiktok verification code 27492,1588.4930821285193,False,0.8259675880426199,240
c:\file akmal\Capstone - Ai Eng - Spendly_ Workspace\data\F&B\valid\images\sbux4_png.rf.9ecb6f0448c60028fe946af20928aa4e.jpg,F&B,"starbucks feedbackistarbucks co id customer care phone 1500078 sales no date 01 05 2026 10 23 cashier rara aulia purpose tiktok nane putri iceo americano tall 45 ,oo0 iten grand total 45 000 tiktok verification code 18231",1309.4183203504979,False,0.8114527493007464,221
c:\file akmal\Capstone - Ai Eng - Spendly_ Workspace\data\F&B\valid\images\sbux5_png.rf.680d6161e9ef04155d85bf93ad3a25b5.jpg,F&B,"teedbackestarbucks co id custompr care phone 1500078 sales no datc 06 05 207618 22 cashier datfa rizky purpose tiktok nabilu capfuccino grande 48 , 00o hot item grand total 48 00o tktok 48 , 000 verificatlon code 66321",987.1768530577658,False,0.6362678788358687,218
c:\file akmal\Capstone - Ai Eng - Spendly_ Workspace\data\F&B\valid\images\solaria10_png.rf.341a0c5de2069b704d55c83393dd3f58.jpg,F&B,08 daef 11 2026 13 00344 cashief: dui lesta no cusloner1 dine im nasi goreng seafood 49 091 solo ayam 23 637 afr mineral botol 21 820 94 548 pb1 1040 9 454 befcre rcunding 104 00? rounding total 104 000 bni qris may,869.4608046466768,False,0.6955367717239197,215
c:\file akmal\Capstone - Ai Eng - Spendly_ Workspace\data\F&B\valid\images\solaria12_png.rf.aed51533cc4137f1d53c389a26feb44e.jpg,F&B,14 8 solari wo cusioier1 dine in 44 546 23 637 3 637 90 001 pbl 1056 before roundin? 110 001 rounding 21 tctal 110 00o bni qris 110 0oo,803.0952379965784,False,0.6430620292776014,135
c:\file akmal\Capstone - Ai Eng - Spendly_ Workspace\data\F&B\valid\images\solaria17_png.rf.b608ea87e45e85b142783ad826545861.jpg,F&B,15 4 2328 50 091 f2l 55 001 toral 99 000 99dod,639.893388541317,False,0.5726028662153967,46
c:\file akmal\Capstone - Ai Eng - Spendly_ Workspace\data\F&B\valid\images\solaria18_png.rf.d6bb7291cc1818ca4c58e7c93adc49b5.jpg,F&B,1 3 date? 40 009 masi purid 9 050 7 276 5 57 275 po1 5 728 before rcoraing 63 003 acunding 23,738.5951438645778,False,0.6245374084571897,93
c:\file akmal\Capstone - Ai Eng - Spendly_ Workspace\data\F&B\valid\images\solaria4_png.rf.57c8252be8949e82789f47d87fa92d20.jpg,F&B,02 8 cashucr: rina amella dine n na3i goreng seafocd 49 091 salc ayam 36 164 10 910 e5 jefuk 13 637 1c9 002 10 900 before rcunding 119 902 roundina total 119 900 bni qris 119 900,858.5522896623074,False,0.6830949149266541,178
c:\file akmal\Capstone - Ai Eng - Spendly_ Workspace\data\F&B\valid\images\solaria7_png.rf.3678260af11664e36822ecce3f5764bd.jpg,F&B,05 8 date: 08 2026 14 10 33 reccipt no dine in nasi goreng sapi cabe 44 546 cp cay kuah 30 ooo air mineral botol 10 910 es balu 2 728 itehs: 88 184 pb1 10p6 8 818 bclore rounding rounding 22 toral br: qris may 97,989.7170946029661,False,0.6765499729619231,212
c:\file akmal\Capstone - Ai Eng - Spendly_ Workspace\data\F&B\valid\images\solaria8_png.rf.924b94cd644793f6eb29e8999a572f21.jpg,F&B,06 8 dale; 09 hay 2026 12255 27 dine in nasl goreng seafood 49 091 sapo tohu 27 273 aif hircral botol 10 910 es teh hants 3 638 90 912 pol 1096 9 091 before rounding 100 003 rouncin? total bni qris solarin,719.6564880075214,False,0.7385264856263605,205
c:\file akmal\Capstone - Ai Eng - Spendly_ Workspace\data\F&B\valid\images\tongtji10_png.rf.5b83e953fd9868e8fa92f6bc79781996.jpg,F&B,tongtfl tji tea house the park semararg custoner care ha ig tongt jiteahouse no 5g026202605020004 date 02 05 2026 purpose take away cashier rina adelia hendoan ala tongtji x e27 00o 27 000 clear box 750 m1 7 odo 1x e2 000 sauce cup 25 1x 00 subtotal 31 100 grand total 34 .100 oris wobu 34 1oo tong,1278.3541818303822,False,0.7794997735969498,298
c:\file akmal\Capstone - Ai Eng - Spendly_ Workspace\data\F&B\valid\images\tongtji11_png.rf.908147c8f74bfffa89ad9d0d51f462a1.jpg,F&B,tongtji tong tji tea house the park semararg custoner care ha 0b5173271938 ig tongtjiteahousc no sg026202605020005 date 02 05 2026 13 38 purpose 2 - take away cashier bima pratama mendoan ala tongtji 27 . 00o clear box 750 7 . 00o 1 x sauce cup 25 m1 1x e0 itens subtotal 29 . 00o pb1 90o grand total 31 90o qris nobu 31 900 1 x,1517.7659337137638,False,0.7878099906627013,328
c:\file akmal\Capstone - Ai Eng - Spendly_ Workspace\data\F&B\valid\images\tongtji17_png.rf.b7c723fa528d8ea8b2a8c2859036e604.jpg,F&B,09 1ong tea house tne park sezarang custorer care 1g no 5g0262026050200126 date 02 05 2026 15 29 purpose 2 take away cashier rina anelia taro tea h1 1x e22 22 0oo spaghettı bolognese 1 27 27 ooo bread 14 itens subtotal 63 000 pb1 6 300 grand total 69 . 300 oris nobu 69 300,1417.0054362001358,False,0.7882418308734723,273
c:\file akmal\Capstone - Ai Eng - Spendly_ Workspace\data\F&B\valid\images\tongtji6_png.rf.bcf1a75fbf3e81656e85812b9d2dd223.jpg,F&B,tongtii tong tji iea house the park scmarang custcmer care wa ig tcrgtjiteahcuse no 5g026202605030007 date 01 05 2026 09 12 purrosc take away cashier yudha pratana hendoan ala tongtji 1x 627 00o clear box 750 7 00o 1x sauce cup 25 1x 20 items sub total 28 00o pb1 800 grand total 30 800 oris nobu 30 800,1405.1117550937588,False,0.8132963439484875,303
c:\file akmal\Capstone - Ai Eng - Spendly_ Workspace\data\Gas\test\images\bensin-affan1_jpeg.rf.59aa403b8196f7627ca9d7afcfb54dbb.jpg,Gas,spbu 45 507 26 jend sudirman no 57 sumowono tip. jumaat 24 apri 2026 14 : 48 19 nomor nota 49925 nomor pompa nomor selang jenis bbm pertahax 92 plat nomor odometer liter 8 13 harga liter 12 300 total 100 ooo teriha kasih selahat jalan sehoga anda puas,997.2549388887822,False,0.8782195198775965,251
c:\file akmal\Capstone - Ai Eng - Spendly_ Workspace\data\Gas\test\images\camscaner-bensin-yani1_png.rf.d59ec21cf30fbb5e7476c227b92fc1b6.jpg,Gas,,98.46048577904106,True,0.0,0
c:\file akmal\Capstone - Ai Eng - Spendly_ Workspace\data\Gas\test\images\shell3_png.rf.62a8d63be42ebed0f8a4fa11f5715c46.jpg,Gas,shell raden inten id pt asri kurnia perkasa telp_ npwp 53 178 209 2 024 puhp id 03 04 15 04 2026 07 : 42 receipt 124578 pump no 03 grade shell v power volume 2 84 unit price 13300 amount 37772 vehicle no not entered no .,1312.9162610791627,False,0.927698996866096,220
c:\file akmal\Capstone - Ai Eng - Spendly_ Workspace\data\Gas\test\images\UC-BATANG-13-FEB-2026-pdf_page_1_png.rf.0a456166f24dae4655c4b07cb1604d4a.jpg,Gas,"4451319 spbu raya weleri kendal jl raya weleri kendal ,ds . moko shift: no trans; 3485502 waktu: 13 02 2026 14 : 38 41 pulau pompa 12 operator choirul anas jenis bbm pertalite voiume 10 00 jter informasi harga bbh (rp liter ) har ga non subs idi 10 , 141 subs idi pemer intah 141 harga jua 10 ,000 total penjua lan (rp) tanpa subs idi 101 410 subs idi pemer intah 410 dibayar konsumen cash 100 ,000 no . plat b2639pok anda mendapat subs idi dar1 peier intah sebesar rp 410 (perhitungan subsidi unaudited atau estilasi ) gunakan bbm subs idi secara bijak",2295.5505785617283,False,0.8420893327672463,553
c:\file akmal\Capstone - Ai Eng - Spendly_ Workspace\data\Gas\test\images\UC-BATANG-13-FEB-2026-pdf_page_3_png.rf.eee5983b606cec2d9f904ea9b5fca55c.jpg,Gas,agoda anoda 36 rob 2026 tanda terima nama pclanooan kama alamat emul nama holc fobuary jumlah baoya kama usd 10 65 d4z,3379.5463759136114,False,0.6074273097730334,118
c:\file akmal\Capstone - Ai Eng - Spendly_ Workspace\data\Gas\test\images\UC-DEMAK-19-FEB-2026-pdf_page_1_png.rf.4f2eb2a7e4e3fd98bfcfc8ff579c354b.jpg,Gas,"pertamina 4459503 spbu ds loireng sayung ds loireng sa ying shi 2 no trans 2887 100 waktu 19 02 2026 13 06 59 pulau pompa nana produk pertariax harga l i ter rp 11 800 vo une (l) 4 .82 total harga rp 56 876 oper ator m hidayattulloh cash 56 ,876 ft :",1221.1876269393917,False,0.8581130713503166,250
c:\file akmal\Capstone - Ai Eng - Spendly_ Workspace\data\Gas\train\images\bensin-affan2_jpeg.rf.abf2927b78fad941aaf03ec0f16a20de.jpg,Gas,"pertamina 4351219 spbu 4351219 j1 raya pantura gringsing shift : 2 no trans 1890661 wak 22 04 2026 15: 16 : 58 pulau pompa : 3 nama produk : pertamax harga liter: rp 12 , 300 voiume (l) 16 .26 total harga rp operator tiara f 200 0oo no plat b2381pir tu:",690.1699933604955,False,0.8999813713628916,253
c:\file akmal\Capstone - Ai Eng - Spendly_ Workspace\data\Gas\train\images\bensin-affan3_jpeg.rf.c2ad8ec140607d0a34740b3df9555dfb.jpg,Gas,"44 513 30 jl. pemuda, kec. boja 10 04 2026 14 19 receipt no, 023015 no. 01 grade pertamax vo iume 8, 13 unit price 12300 amount 100000 vehicle no. not entered terimakasih 8 selamat jalan spbu punp",399.0401457015037,False,0.811259777631267,196
c:\file akmal\Capstone - Ai Eng - Spendly_ Workspace\data\Gas\train\images\bensin-affan4_jpeg.rf.70575a8b4ef3f8e9f0f39d9ca640e56f.jpg,Gas,pertamina pasti pas spbu 44 595 23 demak semarang ds . karangre jo kec wonosalam b demak 07 /04 2026 14 :57 receipt no 079821 uinp no 02 srade pertamax jolumne 8 13 jnit price 12300 anaxnt jehicle no nol entered erima kasih dan selamat jalan,525.1813185629309,False,0.9018955572711698,241
c:\file akmal\Capstone - Ai Eng - Spendly_ Workspace\data\Gas\train\images\camscaner-bensin-lana1_png.rf.870ae4c0b90c3948689c08648cd826d6.jpg,Gas,"4a52713 fy rnya kai k si o 49 1155 kaktu: 24 02 2026 15 13 15 pulauponpa oerator ki vdaf jen bbvt pertalite 10 0 infermas harga bbivi (rpliler) harga non ui 10 141 subsidi pemerinfan 441 harga jual 10 , 0oo tona penjua an1 tanpa subsidi 101 subs pemerintan 410 100 ouo rc 4410 3u e fn 11",1356.6311496419842,False,0.6278383010430079,287
c:\file akmal\Capstone - Ai Eng - Spendly_ Workspace\data\Gas\train\images\camscaner-bensin-lana2_png.rf.58c92beba62c063dac2de847d275c704.jpg,Gas,4451111 spbu kertajayan jl ry keratlayan shift : no . trans 2425864 vaklu: 13 07 2026 17 28 9 pulaupono 11 weralor apriza jeni s pertalite vol uve 10 informasi harga bbmv (rp liter) harga non suns di 10 141 subsidi pemerinlan 141 farga juai 10 ooo tola penjualan rp ) tanpa subsidi 107 410 subsidi penerinlah 410 dibayar konsunen 100 cash 100 anda mendapa subsidi dar penerinlah sebesar rp 410 (pecn e es1 gunaka) subs di,1473.662421008581,False,0.7206771544111148,421
c:\file akmal\Capstone - Ai Eng - Spendly_ Workspace\data\Gas\train\images\camscaner-bensin-lana3_png.rf.6503595dc713f8f7b247fc9c0917e6c5.jpg,Gas,,30.98747954081892,True,0.0,0
c:\file akmal\Capstone - Ai Eng - Spendly_ Workspace\data\Gas\train\images\camscaner-bensin-lana4_png.rf.57623b5f7c55ef56b7cae43769fe47df.jpg,Gas,,66.09523923635484,True,0.0,0
c:\file akmal\Capstone - Ai Eng - Spendly_ Workspace\data\Gas\train\images\camscaner-bensin-nofita1_png.rf.b9066e43f4996c969ebebb95c4c49b3c.jpg,Gas,"pertamina 44 522 16 spbu pertakina sakalibel jl .lingkar rancakalong, dukuhturi kecamatan bumiayu , kabupaten brebes kinggu 22 februari 2026 10 ;49 59 nomor poapa nomor selang nomor nota 127632 jenis bbh pertalite liter 10 harga liter rp 10 , 00o total rp operator danang noior polisi subgidi bulan februari 2024 ;bio solar rp 400 liter dan pertalite rp 500 liter nuinalar enries dan dex doadai oengon camsconner",2678.2066503900296,False,0.8376590999705209,412
c:\file akmal\Capstone - Ai Eng - Spendly_ Workspace\data\Gas\train\images\camscaner-bensin-nofita2_png.rf.7bdfedd19895db8fd1552c4591678e43.jpg,Gas,pertamina 4452305 spbu desa jl brigjend .katakso no 2 sugi shift 2 no trans: 2443453 waktu: 27 02 2026 16 43 25 pulau pompa nama produk : pertalite harga liter rp 10 volune (l) 2 880 total harga ro 28 800 operator saif irvan cash 31 change anda henggunakan subsidi bbh dar negara biosolar rp dan pertalite rp 747/ iter untuk lidak disalahgunakan hari gunakan pertamax series dan dex series subsidi hanva untuk,2512.1708668188994,False,0.8947471060584558,409
c:\file akmal\Capstone - Ai Eng - Spendly_ Workspace\data\Gas\train\images\camscaner-bensin-nofita3_png.rf.69c1dd416c65db4fd856425c5767dd0a.jpg,Gas,4452108 spbu raya dahpyak kh 3 5 jl raya dahpyak kh 3 5 telp shift: no trans : 871147 waktu: 15 03 2026 14 : 52 23 pulau pompa operator rio jenis bbh pertalite volume 3 00 informasi harga bbh (rp liter) harga non subsidi 10 449 subsidi pemerintah 449 harga jua 10 total penjua (rp ) tanpa subsid 31 347 subsidi pemerintah 347 dibayar konsumen 30 0oo 30 anda mendapat subsidi dari pemerintah sebesar rp 347 (perhitungan subsidi unaudited atau estimas1 ) gunakan bbh subs1d1 secara bijak an,2055.710878826046,False,0.8861075100582534,488
c:\file akmal\Capstone - Ai Eng - Spendly_ Workspace\data\Gas\train\images\camscaner-bensin-nofita4_png.rf.012ab14d39df8e97864d3b0958737e2a.jpg,Gas,"pertamina 44 522 16 spbu pertakina sakalibel jl lingkar rancakalong, dukuhturi kecamatan buniavu, kabupaten brebes senin, 23 03 2028 17 14 jj nomor poepa noror selang nonor nota 132548 jenis bbh pertalite liter 10 harga jiter rp 10 , 00o rp. operator ulía nonor polisi subsigi bulan febr ar i 2024 : bio solar rt 5 4oo l1le1 0pn rp 500 11 1e1 mari gunakan per tama dan de subsiji hanya untul jan",1486.5085439965965,False,0.7507704824380296,395
c:\file akmal\Capstone - Ai Eng - Spendly_ Workspace\data\Gas\train\images\camscaner-bensin-nofita5_png.rf.93a6225963698ecbbacf3878de898066.jpg,Gas,"pertamina 4452108 spbu raya dampyak 3 5 jl raya dampyak kh 3 5 ielp . shift: no trans 871147 waktu: 15 03 2026 14 : 52 23 pulau /pompa operator rio jenis bbh pertalite volune 3 00 liter informasi harya bbh (rp liter) harga non subsidi 10 449 subsidi pemerintah 449 harga jua 10 ,oo0 tota penjualan (rp ) tanpa subsid 31 347 subsidi pemerintah 347 dibayar konsunen 30 000 cash 30 , o00 anda mendapat subsidi dari pemerintah sebesar rp ,347 (perhitungan subsidi unaudited atau estimasi ) gunakan bbh subsidi secara bijak",1896.148939136118,False,0.8752639122478221,518
c:\file akmal\Capstone - Ai Eng - Spendly_ Workspace\data\Gas\train\images\camscaner-bensin-rizky2_png.rf.182e6c63876ab99026d52c21b96b8391.jpg,Gas,"pertamina 4458203 spbu jend a yani jl jend a yani shift: no trans: 5752611 waktu: 24 02 2026 13 36 :24 pulau pompa : 1 nama produk pertamax harga liter: rp 11 800 yo iume (l) 2 97 tota harga: rp 35 000 operator suparno cash 35 ,000",1822.6788696289002,False,0.8763164496662919,231
c:\file akmal\Capstone - Ai Eng - Spendly_ Workspace\data\Gas\train\images\camscaner-bensin-rizky3_png.rf.e54af9fd4a41a3c46e2f04927e7ad146.jpg,Gas,"pertamina pasti pas spbu 44 581 07 jl gajah mada kel kuripan, kec. purwodadi ab. grobogan telp . 0292 426317 25 02 2026 15 55 eceipt no. 7403 no 03 grade pertamax voluine 2 92 unit price 11800 nnount 34456 vehicle no not enlered terima kasih dan selamat jalan",1285.6024731443817,False,0.9163551010215224,259
c:\file akmal\Capstone - Ai Eng - Spendly_ Workspace\data\Gas\train\images\camscaner-bensin-rizky5_png.rf.22478f17e14b6642034168636561166a.jpg,Gas,"4458203 spbu jend a yani jl jend a yani shift: no trans : 5804645 mak lu : 17 03 2026 12 49 17 fulau pompa : nallıd produk : pertamax harga liter rp 12 , 300 voiullie (l 1 63 iota harga rp 20 ,040 oper ator suparnu cash 20 ,040",959.0137157782557,False,0.7942303647157605,227
c:\file akmal\Capstone - Ai Eng - Spendly_ Workspace\data\Gas\train\images\camscaner-bensin-rizky_png.rf.9e73297d6460ce21d1ea1de39ab338a1.jpg,Gas,"4458203 spbu jend a yani jl jend a yani shift: 2 no trans : 5687912 waktu: 29 01 2026 14 24 :27 pulau pompa : 1 nama produk: pertamax harga liter: rp 12 350 vo iume (l) 2 83 total harga rp 35 ,000 operator alvin cash 35 ,000",1468.9620190422474,False,0.8981543081518519,224
c:\file akmal\Capstone - Ai Eng - Spendly_ Workspace\data\Gas\train\images\camscaner-bensin-yani2_png.rf.02ca267ad31dc31344f3af5f282a1d7b.jpg,Gas,"4453116 spbu soefarjo roestay soeparjd roestam 170, sokar telp. 0281 6445615 shift: 2 no. irans: 453094 waktu: 15 01 /2026 09 49 31 pulauponpa : 6 nama produk: pertamax_turbo harga l ıter pp. 13, 400 valume (l) 5. 22 tota / har ga: rp 70 000 operator jihan rusialino cash 70, 000 plat r45488eb",200.2478773004472,False,0.7409891302860565,293
c:\file akmal\Capstone - Ai Eng - Spendly_ Workspace\data\Gas\train\images\camscaner-bensin-yani3_png.rf.06f308b07660625313d0316ff65e142e.jpg,Gas,1 2 n g 2 0 3; u 1 8 8 8 8,416.58530850219125,False,0.6877322315130229,26
c:\file akmal\Capstone - Ai Eng - Spendly_ Workspace\data\Gas\train\images\camscaner-bensin-yani4_png.rf.04a3cb2bbba5dcdc664ecdb15fd76202.jpg,Gas,,68.8940388262212,True,0.0,0
c:\file akmal\Capstone - Ai Eng - Spendly_ Workspace\data\Gas\train\images\camscaner-bensin-yani5_png.rf.f6045aee05d92b93bc3a2105242776fb.jpg,Gas,4452213 ry raya kal adas kai na trans 5081023 07 / 041 2026 pulaponpa japar jn s ben pertalite vol 10 har2a (rpflhler) harga non subs 10 449 subsiai 4119 harca jua 10 oo pen laan urp ) tanpa 104 490 intan 490 dibayar konasuien 100 ouo cash juu ada mnendapal dari ah rp 490,176.6735053401947,False,0.6528426263420622,272
c:\file akmal\Capstone - Ai Eng - Spendly_ Workspace\data\Gas\train\images\shell10_png.rf.94d182ea017b798d091c28c3cd03c454.jpg,Gas,shell serpong id pi asri kurnia perkasa telp npwp 53 178 209 2024 puhp id 02 04 30 04 2026 16: 42 receipt no 189542 pump no 02 grade shell v_power volume 3 03 unil price 13300 amount 40299 vehicle not entered teriha kasih atas kunjungan anda harga sudah terhasuk pajak wwh shell co id tellshell no,1182.4088664984708,False,0.8244700191987931,297
c:\file akmal\Capstone - Ai Eng - Spendly_ Workspace\data\Gas\train\images\shell11_png.rf.349eab2467a7b89c16c707feb08d2d1f.jpg,Gas,shell jatiwaringin id pt - asri kurnia perkasa telp npwp 53 178 209 2 024 pump id 03 05 02 05 2026 08: 12 recei no 111236 pump no 03 grade shell volume 2 79 unit price 13300 amount 37107 vehicle no not entered teriha kasih atas kunjungan harga terhasuk pajak www pt,1614.724468929619,False,0.8855533778414649,265
c:\file akmal\Capstone - Ai Eng - Spendly_ Workspace\data\Gas\train\images\shell12_png.rf.5b0496fb57f26b62fa2aa9d646c1ffd0.jpg,Gas,shell raya kalimalang id pt asri kurnia perkasa telp nphp 53 178 209 2 024 0oo puhp id 02 02 05 04 2026 06 : 41 receipt no 105682 pump no 01 grade shell v power volume 2 10 unit price 13300 amount 27930 vehicle no not entered teriha atas kunjungan anoa terhasuk pajak shell co idytellshell,1294.0977465502679,False,0.8577412988457424,289
c:\file akmal\Capstone - Ai Eng - Spendly_ Workspace\data\Gas\train\images\shell13_png.rf.6a71fc3d92319f9eb6ec8558d77b117f.jpg,Gas,"shell cikarang utama id pt asri kurnia perkasa telp 53 178 209 2 024 ooo puhp id 02 05 07 04 2026 18: 28 receipt no 137923 pump no 02 grade shell v_power volume 3 , 25 unit price 13300 amount 43225 vehicle no not entered teriha kasih atas kunjungan harga sudah terhasuk pajak www shell . co id tellshell",1492.1372832149261,False,0.8170045705796962,303
c:\file akmal\Capstone - Ai Eng - Spendly_ Workspace\data\Gas\train\images\shell14_png.rf.4c97f0aabcd56fa9c2d4db28959afcbb.jpg,Gas,shell bsd tol serpong id pt asri kurnia perkasa telp npwp 53 178 209 2 024 0oo puhp id 03 03 10 04 2026 11 : 53 receipt no 165207 pump no 03 grade shell volume 2 72 unit price 13300 amount 36276 vehicle no not entered teriha kasih atas sudah terhasuk pajak shell -co,1284.895881293863,False,0.8179335776724288,266
c:\file akmal\Capstone - Ai Eng - Spendly_ Workspace\data\Gas\train\images\shell16_png.rf.2a74a817a64789ea4f9f64261c2af304.jpg,Gas,shell bogor raya id pt asri kurnia perkasa telp npwp 53 178 209 2 024 ooo puhp id 03 01 17 04 2026 09: 22 receipt 128765 pump no 03 grade shell v power volume 2 45 unit price 13300 amount 32585 vehicle no not entered teriha kunjungan anda harga sudah terhasuk pajak wh shell co id tellshell no,1225.261833161301,False,0.8257626654504999,293
c:\file akmal\Capstone - Ai Eng - Spendly_ Workspace\data\Gas\train\images\shell19_png.rf.1378746f6c4ebf71f6510c03d4b74b24.jpg,Gas,shell surabaya ahmad yani id pt asri kurnia perkasa telp npwp 53 178 209 2 024 00o puhp id 02 03 2a 04 2026 13 34 recei no 176298 pump no 02 grade shell v power volune 3 80 unit price 13350 amount 50730 vehicle no not entered teriha kasih atas kunjungan anda terhasuk pajak shell . co id tellshell pt,1480.7307487773835,False,0.8388856503792224,300
c:\file akmal\Capstone - Ai Eng - Spendly_ Workspace\data\Gas\train\images\shell1_jpeg.rf.4696b6f3bd387b15cb48688a5e522a6e.jpg,Gas,shell raden inten id pt_ asri kurnia perkasa telp npwp 53 178 209 2 024 . ooo pump id 03 04 1 1 07 2025 23 2 recei ot no :325744 pump no 02 grade shell v powef vol ume 2 61 unit price 1330c anount 34713 vehicle no . not entered terima kasih atas kunuungan anda harga sudah termasuk www_ shell co id tellshfi,1367.295068357849,False,0.8448446763163069,307
c:\file akmal\Capstone - Ai Eng - Spendly_ Workspace\data\Gas\train\images\shell4_png.rf.c7886102937741d56d93571a04c94bc5.jpg,Gas,shell ciledug raya id pt asri kurnia perkasa telp npwp 53 178 209 2024 pump id 02 03 20 04 2026 18: 19 receidt no 158972 pump no 02 grade shell v power volume 3 21 unit price 13300 amount 42693 vehicle no not entered teriha kasih atas kunjungan sudah terhasuk pajak shell . co,928.125908203125,False,0.8030358039209231,276
c:\file akmal\Capstone - Ai Eng - Spendly_ Workspace\data\Gas\train\images\shell5_png.rf.ca3c0a6bdd2cd11daee5c3748c6f747f.jpg,Gas,shell tb simatupang id pt asri kurnia npwp 53 178 209 2024 aoo puhp id 02 02 22 04 2026 21: 06 receidt no 214875 pumo no 04 grade shell volume 2 15 unit price 13300 amount 28595 vehicle no not entered teriha kasih atas kunjungan anda harga suoah www co,697.4115984521804,False,0.7808655317107651,252
c:\file akmal\Capstone - Ai Eng - Spendly_ Workspace\data\Gas\train\images\shell6_png.rf.14600895553e9c4301c71b76205d1061.jpg,Gas,"shell kalihalang id pt , asri kurnia telp npwp 53 178 209 2 024 000 id 01 05 24 04 2026 09 33 receidl no 102365 pump no 01 grade shell v power volune 3 75 unit price 13300 amount 49875 vehicle no not entered teriha kasih kunjungan harge terhasuk pajak shell co id tellshell",646.6891477985323,False,0.7975589248414507,273
c:\file akmal\Capstone - Ai Eng - Spendly_ Workspace\data\Gas\train\images\shell7_png.rf.c66e2625ca891200f6636daa569143ea.jpg,Gas,"shell bekasi barat id pt asr i kurnia perkasa telp npwp 53 178 209 2 024 000 puhp id 02 06 26 04 2026 17 55 receipt no 194623 pump no 02 grade v_poher volume 4 , 12 unit price 13300 amount 54896 vehicle no not entered teriha kasih atas kunjungan anda terhasuk pajak www shell , co id tellshell",1615.8180444285808,False,0.8623200560342361,293
c:\file akmal\Capstone - Ai Eng - Spendly_ Workspace\data\Gas\train\images\shell8_png.rf.33d58b1c55eea381086e5a8681bbc235.jpg,Gas,"shell bintaro sektor 9 id asri kurnia telp npwp 53 178 209 2024 odo puhp id 0301 27 04 2026 1 1 : 48 receiot no 136985 pump no 03 grade shell v power volume 2, 60 unit price 13300 amount 34580 vehicle no not entered teriha kasih atas kunjungan anda harga sudah terhasuk pajak www shell co id tellshell",1121.0805748839316,False,0.8130332311378348,301
c:\file akmal\Capstone - Ai Eng - Spendly_ Workspace\data\Gas\train\images\shell9_png.rf.f421d5afc542a0e7efea861a8391b60e.jpg,Gas,shell bogor raya id pt asri kurnia perkasa telp 53 178 209 2 024 o0o puhp id 01 02 28 04 2026 19 04 receipt no 176325 pump no 01 grade shell v power volume 3 18 unit price 13300 amount 42394 vehicle no not entered terima kasih atas kunjungan anda harga sudah terhasuk pajak www shell co id tellshell,1522.6012734758322,False,0.8816590706066153,299
c:\file akmal\Capstone - Ai Eng - Spendly_ Workspace\data\Gas\train\images\UC-BATANG-13-FEB-2026-pdf_page_2_png.rf.1ffd38d941efd36361cf112da67e0a69.jpg,Gas,"terra bına griya raya no . 24 , ri 2/ kec peka longan bar kota pekalongun , jawa ten ualı 51116 , kola peka longan . jawa tengah 51116 queue 100 12 feb 2026 21 :46 receipt number 4283e9 order id 2th0100 8i7/ name col lected by terrad latte basic 423 .000 ouu sunny pass ion 429 o00 oou cheese cake lotus basque 437 ooo chocoreo fudoe 24 . 0oo subtotal 113 total rp 113 00o other",2332.8734130111693,False,0.7824676581728187,378
c:\file akmal\Capstone - Ai Eng - Spendly_ Workspace\data\Gas\train\images\UC-BATANG-BENSIN-18-MARET-2026-pdf_page_1_png.rf.6581b1af2c1dd4775ba0eb0688664512.jpg,Gas,4451 313 0s 4 trans 265013 42 f (l) . 13 cra hal g2: r2,552.1407690222205,False,0.6029725974849189,55
c:\file akmal\Capstone - Ai Eng - Spendly_ Workspace\data\Gas\train\images\UC-BATANG-DINNER-18-MARET-2026-pdf_page_1_png.rf.8b2ee1a65efdaca9faa4c7716297f6b9.jpg,Gas,"klakon j1 raya paesan, gembong barat rtoo1 rho12 kel kedungwuni barat kab peka iongan , jawa tengah , 51173 queue no 52 mar 2026 receipt number 106j2t order bill name collected by klakon crew dine coffee latte 27 000 ice nasi iga kremes 39 0oo subtota total rp 66 ooo bca rp 66 0oo kiakon pki notes ter imakas ih atas kunjundannya! password wifi: tanyakasir",2135.483144505286,False,0.791006129405942,357
c:\file akmal\Capstone - Ai Eng - Spendly_ Workspace\data\Gas\train\images\UC-DEMAK-3-MARET-2026-pdf_page_1_png.rf.de326daafa4f21bfa91c61c97a0f3895.jpg,Gas,"pertamina 4459521 spbu semarang dehak , batu jl ry semarang delak ds batu shift: no trans: 2 79232 waktu: 03 03 2026 11 : 25: 1 pulau/ pompa nama produk : pertaliax harga liler rp 12 300 volume (l) 8 . 13 total harga rp 00 operator operator cash 100 00o",948.6118070306243,False,0.852538484657791,253
c:\file akmal\Capstone - Ai Eng - Spendly_ Workspace\data\Gas\train\images\UC-GROBOGAN-02-JAN-2026-pdf_page_1_png.rf.a1877efaa37cbc3be316939bd14010a6.jpg,Gas,pextamina 4459306 spbu r: pur jl . gubuc pur odad ! telp . 2 mo 1506236 02 0 ;/2026 13 49 30 fulau pocva 14 kp 12 356 ( 5 48 ola hafga 680 operator ulf- csh 680,548.646752791977,False,0.7000155128304422,160
c:\file akmal\Capstone - Ai Eng - Spendly_ Workspace\data\Gas\train\images\UC-GROBOGAN-10-MARET-2026-pdf_page_1_png.rf.5e758a59d0923bfb592d97a00894aac4.jpg,Gas,"pertaminja 4459306 5 - gubug pur jl pur p 02, 1 sh tt : no trans 1767559 aklu 1c 03; 2026 15 39 45 14 rp 12 , 300 volute (l) 8 13 tora harga: ioo oco operator 51t1 ulfa uoo rp",1154.5189031098782,False,0.7152262044316344,175
c:\file akmal\Capstone - Ai Eng - Spendly_ Workspace\data\Gas\train\images\UC-GROBOGAN-24-FEB-26-pdf_page_1_png.rf.b1aa984cf636b94da997e1137ce0debc.jpg,Gas,"4450110 spbu (endrawasih cendrawasih no 01 rt 03 shift no trans 7280793 waktu 24 02 2026 19 57 49 pulau /pompa (jperator operator jenis bbm pertalite volume 10 00 iter informasi harga 8bm (rp liter) harga non subs di 10 ,000 subsidi penierintah flarga jua 10 ,000 tota penjua lan (rp) tanpa subsid subsidi pener intah dibayar korısumen 100 ,000 100 ,000 ho . plat b2659byb anda merıdapat subsidi dari pemer intah sebesar rp (perhituncan subsidi unaudited atau estimasi ) . gunakan bbm subs idi secara bijak",3841.3995067123424,False,0.8449311212876406,506
c:\file akmal\Capstone - Ai Eng - Spendly_ Workspace\data\Gas\train\images\UC-GUBUG-07-FEB-2026-pdf_page_1_png.rf.7551d5e80428690f0fe5ef25a7d1e4fa.jpg,Gas,spbu 4459520 j1 raya karangawen j1 raya ds karangawen shift no trans 2394 waktu 02 02 2026 18 05 :50 pulau /pompa jenis bbh pertahax harga liter rpl1 800 vo iume (l) 5 17 total harga rp61 operator operator cash rp61 0oo plat nomor h3415b0c subsidi bulan hei 2025 biosola rp 4 .06o liter dan pertalite p 747 liter mari gunakan pertamax series dan dex series subs idi hanya untuk yang berhak mener manya ter imakasih,2496.677102007717,False,0.876805602035371,414
c:\file akmal\Capstone - Ai Eng - Spendly_ Workspace\data\Gas\train\images\UC-GUBUG-27-MARET-2026-pdf_page_1_png.rf.cc0bac9e8a36bf121084462bb76ec8d2.jpg,Gas,psrtamna 4458111 spbu mt haryono ng . 26 jl mt haryono no 26 gubug telp (0292) 533451 shift: 2 no trans: 2623226 waktu: 27 03 2026 14 : 23: 10 pulau pompa : 2 nama produk : pertamax harga liter: rp 12 300 volume (l) 8 13 total harga: rp 100 000 operator hendra cash,829.7808153652189,False,0.9135998710626556,265
c:\file akmal\Capstone - Ai Eng - Spendly_ Workspace\data\Gas\train\images\UC-KENDAL-07-JAN-2026-pdf_page_1_png.rf.d0ba670186ac1f43452faa25ecf9f08d.jpg,Gas,pertamina 4450213 spbu kel suliurejo gn pati kel suliurejo kec gn pati tclp . 024 69260 /9 l : trans: 489 585 vaklu: 0//01 /2026 15: 39 59 pulau pompa produk pertalax haraa liler rp 12 350 volumc (l ) 79 tola harga rp 59 160 operalor baskoro cash 100 000 chaiige 40 840 no .,749.1018454301594,False,0.7886048265940032,274
c:\file akmal\Capstone - Ai Eng - Spendly_ Workspace\data\Gas\train\images\UC-KENDAL-26-MARET-2026-pdf_page_1_png.rf.6208c06b9ad9757522e10d189c6d2acd.jpg,Gas,pertamina pasti pas spbu_ 44 501. 13 jl dr hanka no_ 60 ngaliyan semarang 26 03 2026 16 08 recelpt no. 082546 pump no. 06 grade pertamax vol ume 8 13 jnit price 12300 amont vehicle no not entered terimakasih dan selamat jalan,1442.4919091768024,False,0.9355400065238425,225
c:\file akmal\Capstone - Ai Eng - Spendly_ Workspace\data\Gas\train\images\UC-TEMANGGUNG-23-FEB-26-pdf_page_1_png.rf.3b2ea458223238bf167d17e034e05a2c.jpg,Gas,spbu sronco 7 j1 . set iabudi 205 srondo sh ft 2 no 1693347 waktu 23 0272026 puiau pclpa harga liter 800 yoiume 89 tota harga pp 56 510 operator dhuha cash 82 600 change 26 090,2275.902382803893,False,0.7487834901042373,176
c:\file akmal\Capstone - Ai Eng - Spendly_ Workspace\data\Gas\train\images\UC-TEMANGGUNG-25-MARET-2026-pdf_page_1_png.rf.9ef0278c8721a4286ebdaee9f2db6c75.jpg,Gas,"spbu 45 ,507 26 semarang tip. rabu , 25 maret 2026 14 21 ;26 nomor nota 119037 nomor pompa nomor selang jenis bbm pertamax 92 plat nomor odometer liter 8 13 harga liter 12 300 tota 100 00o terima kasih selahat jalan sehoga anda puas",2220.185267921425,False,0.847260746101765,232
c:\file akmal\Capstone - Ai Eng - Spendly_ Workspace\data\Gas\valid\images\bensin-affan5_jpeg.rf.e803af5b63d5d2a18a36124af60f254a.jpg,Gas,"pertamina 4458111 spbu mt haryono no . 26 jl mt haryono no 26 gubug telp (0292) 533451 shift: 2 no trans 2699307 waktu: 14 04 2026 14 :1 13 pulau /pompa 2 nama produk pertamax harga liter: rp 12 300 volume (l) 8 13 total harga rp 100 , 0oo operator aiden cash 100",684.1530328639982,False,0.9230852981441422,263
c:\file akmal\Capstone - Ai Eng - Spendly_ Workspace\data\Gas\valid\images\camscaner-bensin-rizky4_png.rf.524bcca71c529cef19aeb3293ba62254.jpg,Gas,4253111 spbu ds hargasana ds hargasana kec jati lawang shift: 1 no trans: 3859236 haktu: 10 02 2026 10 02 00 pulau pospa: 13 harga liter: ro 11 800 volune (l) 5 67 tota harga: rp 66 930 operaror andi 5,185.73799802396297,False,0.8532650751833845,201
c:\file akmal\Capstone - Ai Eng - Spendly_ Workspace\data\Gas\valid\images\shell15_png.rf.f4e42483508e4309ea290aa6ef71aa2a.jpg,Gas,shell bekasi barat id pt asri kurnia perkasa 53 178 209 2024 id 02 06 15 04 2025 14 07 receipt 197654 putp no 02 grade shell v power volume 3 11 unit price 13300 amount 41463 vehicle no not entered teriha kasih kunjungan anda harga sudah terhasuk pajak shell . co no,1434.508504980469,False,0.8250159410915637,266
c:\file akmal\Capstone - Ai Eng - Spendly_ Workspace\data\Gas\valid\images\shell17_png.rf.1c28d9d1b3400b437818277224876ef6.jpg,Gas,shell jatiwaringin id pt asri kurnia perkasa telp 53 178 209 2 024 puhp id 02 02 19 04 2026 17 58 receipt no 156843 purp no 02 grade shell v power volume 3 50 unit price 13300 amount 46550 vehicle no not entered teriha kasih kunjungan anoa harga sudah terhasuk pajak shell co,1108.9867961372795,False,0.8740957402639828,275
c:\file akmal\Capstone - Ai Eng - Spendly_ Workspace\data\Gas\valid\images\shell18_png.rf.da4668a948f0a21f54ef0f9d823b684a.jpg,Gas,shell ciwastra bandung id pt asri kurnia perkasa telp npwp 53 178 209 2024 0oo puhp id 01 01 21 04 2026 08: 17 receipt no 1 14932 pump no 01 grade shell v power 2 33 unit price 13350 amount 31186 vehicle no not entered teriha kasih atas kunjungan anda harga terhasuk www shell - co id tellshell vo,1480.2681273262435,False,0.8320973353313738,297
c:\file akmal\Capstone - Ai Eng - Spendly_ Workspace\data\Gas\valid\images\shell20_png.rf.eabe8fd3e9f3d9accc388613de52b907.jpg,Gas,shell medan katahso id pt asri kurnia perkasa nphp 53 178 209 2024 0oo puhp id 03 05 27 04 2026 20 29 receipt no 145673 pump no 03 grade shell v poher volune 2 89 unit price 13350 amount 38582 vehicie no not entered teriha kasih atas anda harga sudah terhasuk pajak co,954.7229490846396,False,0.8358323200565202,268
c:\file akmal\Capstone - Ai Eng - Spendly_ Workspace\data\Gas\valid\images\shell2_jpeg.rf.78e0474920d53749de24686a4334fdd8.jpg,Gas,"pt, salmanda jaya utaha jl lenteng agung raya tlp 021- npwp 92. 851, 708. 0 453. 000 pump id 3 4 31 07 2025 13 23 receipt no. 063132 puhıp no. 03 grade shell v power vo lune 5 59 unit price 13300 amount 73682 vehic no. not entered teriha kasih atas kunjungan anda harga sudah terhasuk pajak wvw. shell co. id tellshell je",1416.3309217047695,False,0.8018893621734342,321
c:\file akmal\Capstone - Ai Eng - Spendly_ Workspace\data\Gas\valid\images\UC-DEMAK-24-JAN-2026-pdf_page_1_png.rf.bb07e29b16b5bd1947d5734bda7e2905.jpg,Gas,"4459518 spbu semarang purwiodadi jl raya semarang purwodadi teip . shift: no trans 1501191 waktu: 24 01 2026 13 57 56 pulau /pompa nama produk pertamax harga liter rp 12 ,350 volume (l) 3 95 total harga rp 48 ,780 operator syifa cash 50 ,000 change 1 220 no plat h341 5boc",1858.0887960600853,False,0.9072067959142467,272
c:\file akmal\Capstone - Ai Eng - Spendly_ Workspace\data\Gas\valid\images\UC-GUBUG-20-JAN-2026-pdf_page_1_png.rf.f5e52a54c1ed79010b2e9e1a627a9f54.jpg,Gas,"pertamina 4458124 spbu 4458124 raya sa atiga gubug shi no trans 1462914 waktu: 20 01 2026 13: 13 45 pulau poinpa: nana produk pertama x hargall iter rp 12 , 350 (l) 5 0o total harga: rp 61 750 operator na tan cash 61 750 no plar 134 15b0g ft: vo",1345.113708446735,False,0.8351717906200964,245
c:\file akmal\Capstone - Ai Eng - Spendly_ Workspace\data\Groceries\test\images\receipt-067_png_jpg.rf.930186f0b80cca504c3de8ce3f66565d.jpg,Groceries,sndomaet ks tubun jl ks tubun no 05 rt02 kel temanggung kec temanggung kab temanggung 56213 01 12 24 - 15 53 3 20 /fxba 5375 satrio 02 joyday joy klik 85800 171 600 bumbu kitchen daun 16000 80 000 imboost tablet untuk 19900 179 100 happy pop snack seaw 91 00 900 harga jual 512 600 total 512 600 tunai 515 000 kembali 400 layanan konsumen sms /wa 0811 . 1500 280 telp 1 500280 kontak indomaret co id belanja lebih mudah di klikindomaret gratis ongkir jam sampai 81,4038.3124609375,False,0.9136358732385087,464
c:\file akmal\Capstone - Ai Eng - Spendly_ Workspace\data\Groceries\test\images\receipt-194_png_jpg.rf.fbbcb327197ccec715d944834b2ee1bc.jpg,Groceries,gndomaret ks f ubun 0293493 33 jl ks tubun no 05 kel temanggung kec temanggung kab temanggung 56213 01 12 24 15 : 53 3 20 /fxba 1214 /gitul 02 bimoli minyak goreng 105900 317 700 1ea soda 8100 48 600 harga jual 366 300 total 366 300 tunai 370 000 kembali 700 layanan konsumen sms wa 0811 . 1500 280 telp 1500280 kontak indomaret co id belanja lebih mudah di klikindomaret gratis ongkir jam sampai,3376.214921875,False,0.9030307258182179,396
c:\file akmal\Capstone - Ai Eng - Spendly_ Workspace\data\Groceries\test\images\receipt-202_png_jpg.rf.348272ee42b0f9c493843cc37af5c342.jpg,Groceries,sndomaet ks tubun jl ks tubun no 05 rt02 kel temanggung kec temanggung kab temanggung 56213 01 12 24 -15 : 53 3 20 / fxba 8084 /gitul 02 selection kapas keca 10500 42 000 roma crackers malkis 10500 31 500 malee juice 100% red 42000 294 000 puck cream cheese sp 31300 281 700 harga jual 649 200 total 649 200 tunai 650 000 kembali 800 layanan konsumen sms /wa 0811 . 1500 280 telp 1 500280 kontak indomaret co id belanja lebih mudah di klikindomaret gratis ongkir jam sampai,4132.116264648437,False,0.9331804299942449,473
c:\file akmal\Capstone - Ai Eng - Spendly_ Workspace\data\Groceries\test\images\receipt-478_png_jpg.rf.19639cab6d0d952b16f593c11c17d7d8.jpg,Groceries,ks tubun jl ks tubun no 05 rt02 rw04 kel temanggung kec temanggung kab temanggung 56213 01 12 24 -15 : 54 3 20 /fxba 4340 retno /04 me 0 cat food kitten 8200 57 400 indomaret handuk man 65900 131 800 hanasui whitening go 26900 53 800 harga jual 243 000 total 243 000 tunai 245 000 kembali 000 layanan konsumen sms / wa 0811 1500 280 telp 1500280 kontak indomaret co id belanja lebih mudah di klikindomaret gratis ongkir jam sampai,3907.1609765625,False,0.9352082404080302,430
c:\file akmal\Capstone - Ai Eng - Spendly_ Workspace\data\Groceries\test\images\receipt-484_png_jpg.rf.7292d82ef8903bf1b90c84f5fb2c59fa.jpg,Groceries,"indomaret ks tubun jl ks tubun no 05 rt02 rw04 kel temanggung kec temanggung kab temanggung 56213 01 12 24 15 : 54 3 20 fxba - 9874 /dwi 04 rollicious cake musa 360 400 harga jual 360 400 total 3 , 360 400 tunai 3 , 365 000 kembali 600 layanan konsumen sms wa 0811 1500 280 telp 1500280 kontak indomaret co id belanja lebih mudah di klikindomaret gratis ongkir jam sampai",3357.1786669921876,False,0.9364326217632225,371
c:\file akmal\Capstone - Ai Eng - Spendly_ Workspace\data\Groceries\test\images\receipt-491_png_jpg.rf.12926ce9a821a4e50e5533d7617b9aa7.jpg,Groceries,gndomaret ks f ubun 0293493 33 jl ks tubun no 05 rtb2 kel temanggung kec temanggung kab temanggung 56213 01 12 24 15 : 54 3 20 /fxba 5130 gitul 05 komodo pisau damasku 13900 69 500 sharun manls cr 16000 32 harga jual 101 500 total 101 500 tunai 105 000 kembali 500 layanan konsumen sms wa 0811 . 1500 280 telp 1500280 kontak indomaret co id belanja lebih mudah di klikindomaret gratis ongkir jam sampai,3365.0032373046874,False,0.904336771642988,402
c:\file akmal\Capstone - Ai Eng - Spendly_ Workspace\data\Groceries\train\images\12-selesai-cara-transaksi-penjualan-new1_jpg.rf.e1d14e23446a6a9b4e4736bdb1f85b78.jpg,Groceries,ll 28 toko serba ada ji soekarno no 19 medokan semampir. surabaya selamnal datang di toko kamni 2025 03 04 kasir kanis 08 52 19 sisca khaliva semolowaru ?75 surabaya marina kakadu- rp 12000 total qty sub total 48 000 total rp 48 000 bayar (cash) rp 50 000 kembali rp 2 0oo terima kasih telah berbelanja di toko kami rp rp,3997.0785739803314,False,0.7893065988114394,321
c:\file akmal\Capstone - Ai Eng - Spendly_ Workspace\data\Groceries\train\images\6-tampilan-dari-cetak-struk_jpg.rf.2093be40c40144b79cfcae59f747aba8.jpg,Groceries,berkaa shop j1 medayu utara 50 surabaya 2022 04 14 afi 14 24: 34 sheila no 0 24 nasi ayam geprek x 12 .00o rp nasi ayam kremes x 15 .0oo rp nasi goreng spesia1 x 20 0oo rp 20 00o sub tota 47 .0oo total 47 000 bayar (cash) 47 . 0oo kembali link kritik dan saran oishopin com /f /748488,726.014800701851,False,0.8563082719369713,284
c:\file akmal\Capstone - Ai Eng - Spendly_ Workspace\data\Groceries\train\images\Benihbaik531ec84b6de9735e2cb7161b603ac01e17dc00c1-1-_jpg.rf.3f8adf5f431106c2954573a02c3144fc.jpg,Groceries,38882 no 98842 btl tropical jil 38 8 48c sardies chli 8 oqu sub 1el 698 total 440 700 460 hemar prujuk lskp 206 tota ile n wa erail: co,853.0974462407825,False,0.5987504610676238,135
c:\file akmal\Capstone - Ai Eng - Spendly_ Workspace\data\Groceries\train\images\Benihbaikaba144e56a189a19d272718daf5838e3bfcb6c0e_png.rf.33aa3cc8e95770f52c2a4dd11ad69677.jpg,Groceries,046 000 299 i 06 or tsip (17 : 32 01 ) no 69 365 facial tissue 24 905 9ou 4 e 188 395 905 990 365 telur omega: 28 sub total (ter ppn ) 394 728 atan total 394 800 pembayaran tuna 400 kehbali 200 hemat produk 20 060 btkp 183 690 po 180 ppk 2ł 488 total item wha 7 ! 8884 customerse censuperindo co id ema www ndo co einfosupenndo,3702.4388145400044,False,0.7750789374803555,327
c:\file akmal\Capstone - Ai Eng - Spendly_ Workspace\data\Groceries\train\images\CamScanner-18-11-2024-12-48_7_jpg.rf.58e75b260930768aab575ff1e003d9a1.jpg,Groceries,"ifres / jl jend) sudirhan kec temanggung kab 56216 marlboro irpcl bs16s 3gu00 36 ,000 idm lght tokai motif 4300 4 ,300 ichtn thai mcoff3oo 99uu harga jual 50 ,200 tutal 200 tunai kembali 49 , 8co ppn jpp 12 793 ppn 1 407 cuk dpp 36 ,oc0 yanan jnsumen m 2111500 280 te 150028( oid bela : mud -, di maret gf 5 ongrir 1 jam sampai u",2963.8133010356664,False,0.7644997410064382,329
c:\file akmal\Capstone - Ai Eng - Spendly_ Workspace\data\Groceries\train\images\CamScanner-18-11-2024-12-48_82_jpg.rf.9665cc222bbfd2b8d04947b4ff798be1.jpg,Groceries,"ftis kulon 2 sby pt .suhber alfaria tri jaya, tbk 7a tower lt 12, alah sutera, tangerangs npwp 01 . 336 238 9 054 000 jl: jetis kulon honokroho u256 602- kasir angg ! pr brd h 0 015 200 210 ade orange 70 11 500 11 500 sc. 2 600 dohncl 5x15 17 500 17 500 tal iten 29 200 tal disc. 2 600 tal bel anja 26 600 jnai 26 600 emnbal ian pn 2 582) 01 02 2020 20 19 21 v 2020 1 0",2382.0709543300622,False,0.7907526508090469,369
c:\file akmal\Capstone - Ai Eng - Spendly_ Workspace\data\Groceries\train\images\CamScanner-18-11-2024-12-48_84_jpg.rf.d5c9f66f3a0e1070b85dcd6bf2a550ea.jpg,Groceries,"alfamidi haji lebar haji lebar jl h. lebar kav. dki blok: 35 kritik /saran 1500959 cs midi mu co id ref kasir arum kur oreo slc 467 7g 1 500 32 500 disc -19 600 total item 32 500 total disc. 19 600 total belanja 12 900 shopeepay 12 900 kembalian ppn ( 2 655) 32,",2548.04487791357,False,0.8610288448149915,262
c:\file akmal\Capstone - Ai Eng - Spendly_ Workspace\data\Groceries\train\images\CamScanner-18-11-2024-12-48_89_jpg.rf.5c31ea9599c7f8e1007cffdce3e6b4ba.jpg,Groceries,"gedung menara indomaret boulevardpantai indah kapuk jaharta utara npvvp01 337 394 a yani blitar jl a yani no blitar, 66137 11 05 21 17 05 2 1 87 tifo 15314 hera sel 0 hampers myr mrh hju 2 67500 135 000 aice choco crpsy 60g 5000 20 000 harga jual 155 000 vc mayora hampers/ indomarco pr (5 200 vc mayora hampers inbisco_niag (20 000 vc aice chocrpsy /pt aice ice (5 000 total 124 800 tunai 150 000 kembali 25 200 anda hemat 30 200 ppn dpp 140 909 ppn 14 091 layanan konsumen sms 0811 1500 280 6 092",4050.112918537117,False,0.8210042691162297,498
c:\file akmal\Capstone - Ai Eng - Spendly_ Workspace\data\Groceries\train\images\CamScanner-18-11-2024-12-48_89_jpg.rf.aab33a773b65e418d2523772ab8b8944.jpg,Groceries,"gedung menara indomaret boulevard pantai indah kapuk jaharta utara npvvp 01 337 994 6 092 og0 yani blitar jl a yani no blitar, 66137 11 05 21 17 05 2 1 87 tifo 15314 hera sel 0 hampers myr mrh hju 2 67500 135 000 aice choco crpsy 60g 5000 20 000 harga jual 155 000 vc mayora hampers/ indomarco pr (5 200 vc mayora hampers inbisco_niag (20 000 vc aice chocrpsy /pt aice ice (5 000 total 124 800 tunai 150 000 kembali 25 200 anda hemat 30 200 ppn dpp 140 909 ppn 14 091 layanan konsumen sms 0811 1500 280",4067.7023511825523,False,0.8412195868480571,502
c:\file akmal\Capstone - Ai Eng - Spendly_ Workspace\data\Groceries\train\images\CamScanner-18-11-2024-12-48_92_jpg.rf.31d055e0c7ad03b3a2c20730532af04d.jpg,Groceries,"sania mnyk gr pch 2l 41500 41 500 diskon (4 200) harga jual 37 ,300 total 37 300 37 300 4 200 pn dpp 33 604 ppn 3 696 ovo trxid t1mh2303051502540101 call 1500 280",4214.239384596801,False,0.577856885606187,162
c:\file akmal\Capstone - Ai Eng - Spendly_ Workspace\data\Groceries\train\images\CamScanner-18-11-2024-12-48_93_jpg.rf.940f9b526acfdc0e9c37710dd915d0cc.jpg,Groceries,"904 raya randubl atung 65 bi ora jl raya randubi atung no 65 , randublatung kec randubl atung kab blora , 58382 01 02 24 09 04 3 0. 11 tyld 14335 nisa /01 idm ktg flstk 1w bsr 300 300 abc sg cocopndan 460 28500 28 500 sunbay evp milk 380g 13500 13 500 chtato lite bbq 68g 11900 11 900 totole kld :jmur 40g 6200 6 200 indofood soto aym45g 2 6400 12 800 s brd ta c. chs t pie 10000 10 000 vc indofood gulai 45g nugraha (2 400 vc cashbackterus / indomarco pri (9 0oo harga jual 71 800 total 71 800 tunai 71 800 anda hemat 11 400 ppn dpp 74 955 ppn 8 245 cust . care sms -wa call 1500 280 kontak indomaret . co. id belanja lebih mudah di www . klikindomaret com",3815.6538782813773,False,0.8378047524628576,657
c:\file akmal\Capstone - Ai Eng - Spendly_ Workspace\data\Groceries\train\images\CamScanner-18-11-2024-12-48_95_jpg.rf.2469f2211a9228ef1edfc130e1878388.jpg,Groceries,fresh dr sardjito ko 75 terban 14 12 23 16 42 3 0 11 te7s 721145 elin /01 1oooo 10 000 10 00o total 10 q0o 50 000 kembali 40 000 ppn pn 991 cus 90280 wa0812 435,120.54768979642397,False,0.5965064644656215,160
c:\file akmal\Capstone - Ai Eng - Spendly_ Workspace\data\Groceries\train\images\CamScanner-18-11-2024-12-48_97_jpg.rf.05c0004d175a196671ddc770e7eeedd0.jpg,Groceries,"indsmatel etro t njung bunga 2 jl hetro tanjung bunga i 6 , 90225 07 21 10 05 2 . 1 89 fzij 36236 /sriyanti 02 furtune myk . grg rfzl 30600 61 20o diskon 800 ) snlight lime pch 755 7800 8c0 s0 klin p l lmn 780 13900 13 900 peduli pendidikan 100 100 plastik kcl diskon harga jual 91 200 vc sunlight lime pt unilever (4 300 vc soklin lantai sayapmas fair (3 000) total 83 900 tunai 100 , 00o kembali 16 100 anda hemat 100 ppn dpp 82 818 ppn 8 282 non ppn dpp 100 id poinku cek perolehan poin stamp di app poinku layanan konsumen sms 081 1500 280 call 1500 230 kontakgindoharet co id",5827.601798769182,False,0.8728748290522458,580
c:\file akmal\Capstone - Ai Eng - Spendly_ Workspace\data\Groceries\train\images\CamScanner-18-11-2024-12-48_97_jpg.rf.8a0bb53ee7b930ef275af05cb777209b.jpg,Groceries,"2 jl hetro tanjung bunga i 6 , 90225 .07 21 10 05 2 1 89 fzij 36236 sriyanti 02 furtune myk grg rfzl 30600 61 200 diskon 800 ) snlight lime pch 755 17800 17 800 s0 klin p l lmn 780 13900 13 900 peduli pendidikan 100 100 plastik kcl diskon harga jual 91 200 vc sunlight lime pt unilever (4 300 vc soklin lantai sayapmas fair (3 000 total 83 ,900 tunai 100 ,000 kembali 16 100 anda hemat 9 100 ppn dpp 82 818 ppn 8 282 non ppn dpp 100 id poinku cek perolehan poin stamp di app poinku layanan konsumen sms 081 1500 280 call 1500 280 kontak indoharet co id",6959.080405178811,False,0.8935823695976101,552
c:\file akmal\Capstone - Ai Eng - Spendly_ Workspace\data\Groceries\train\images\CamScanner-18-11-2024-12-48_99_jpg.rf.fde8eab1d207cf459b243ab6ac649537.jpg,Groceries,"pt idomarco sedung menara indomaret jartautara veteran jl yeteran no . 32a , kel mugasari kec semarang selatan kota semarang 50249 03 07 24 07 14 3 0 16 tu4x 9351445 satri / 03 oatsde br .blend 200 8900 900 vc float oat ind (1 ,0oo) harga jual 7 900 total 7 900 tuna i 900 anda hemat 1 ,000 ppn dpp 8 018 ppn 882 layanan konsumen sms /wa 081 1500 280 call 1500 280 kontak indomaret . co . id belanja lebih mudah di klikindomaret gratis ongkir jam sampai",7316.901254478238,False,0.8731039147457146,453
c:\file akmal\Capstone - Ai Eng - Spendly_ Workspace\data\Groceries\train\images\CamScanner-19-11-2024-16-49_11_jpg.rf.5ad88829778504c6544aaa14709c7584.jpg,Groceries,"p cv ijagc) jl - periitis kiherdekaan no 53 rt 004 rw np wp 12. 783 855 6. 52 3 000 bcn 0772 43 1911dt36 kasir dina fi blg34g 2 3 200 6 40i kf braniing (m4) 200 20i total tem 2 tzinai 10 o0i kamlal iarı 3, 40i ppn 654) 14 11 2024 14 39:/1 v 2024. 9. 4 kr 1 kgsaran: shs ua :",5011.520307129645,False,0.6664830612251085,274
c:\file akmal\Capstone - Ai Eng - Spendly_ Workspace\data\Groceries\train\images\CamScanner-19-11-2024-16-49_13_jpg.rf.8f21a593c403b4406425e7e4d7ebec46.jpg,Groceries,"anna6a perintis iemerdekaan no . 54 jurang temanggung temangung jawa tengah npwp 65 926 405 5 533 000 perintis kemerdekaan no 54 jl perintis kemerdekaan no 54, kel jurang kec temanggung , kab - temanggung , 56222 19 11,.24 14 34 3 0 2o fxba 1145 sinti 01 dji sam soe s prm 22000 22 000 harga jual 22 000 total 22 000 tunai 22 000 cukai dpp 22 000 layanan konsumen smsma 0811 1500 280 telp 1500280 kontak indomaret co id belanja lebih mudah di klikindomaret ratis ongkir jam sampai",6108.008575681301,False,0.8307600015532661,480
c:\file akmal\Capstone - Ai Eng - Spendly_ Workspace\data\Groceries\train\images\CamScanner-19-11-2024-16-49_13_jpg.rf.9d06cf649afd684329ccc8da9c4f0ed0.jpg,Groceries,"perintis iemerdenaan no 54 jurang temanggung temangung javva tengah npwp 65 926 405 5 533 000 perintis kemerdekaan no 54 jl perintis kemerdekaan no 54, kel - jurang kec . temanggung , kab . temanggung , 56222 19 11 24 14 34 3 0 2 fxba 1145 sinti 01 dji sam soe s prm 22000 22 000 harga jual 22 000 total 22 000 tunai 22 000 cukai dpp 22 000 layanan konsumen smsma 0811 1500 280 telp 1500280 kontak indomaret coid belanja lebih mudah di klikindomaret ratis ongkir jam sampai",6775.531299790563,False,0.8205532331786627,473
c:\file akmal\Capstone - Ai Eng - Spendly_ Workspace\data\Groceries\train\images\CamScanner-19-11-2024-16-49_14_jpg.rf.f44017ff9dd1d9d321c8abc35c6d0e62.jpg,Groceries,"jlifan temanggung javva tengah nfwvp 65 926 405 5 533 oo0 perintis kemerdekaan no 54 jl perintis kemerdekaan no 54 , kel jurang kec temanggung , kab temanggung , 56222 19 11 24 14 08 3 0 20 fxba 491172 anish 02 sari roti tw ,chip275 18000 18 000 pucuk h teh mlati5oo 6800 6 ,800 idm ktg plstk 1w sdg 200 200 harga jual 25 ,000. total 25 ,000 tunai 25 ,000 ppn dpp 22 523 ppn 2 477 layanan konsumen sms wa 0811 1500 280 telp 1500280 kontak indomaret co id belanja lebih mudah di klikindomaret gratis ongkir jam sampai",5593.383166264719,False,0.7934492273015255,516
c:\file akmal\Capstone - Ai Eng - Spendly_ Workspace\data\Groceries\train\images\CamScanner-19-11-2024-16-49_16_jpg.rf.42626a3fd6907f2ced16f7546e506931.jpg,Groceries,"perintis hemerdekaan no jufang temanggung temangung javva tengah npwvp 65 926 405 5 533 ooo perintis kemerdekaan no 54 jl perintis kemerdekaan no 54 , kel . jurang kec temanggung , kab temanggung , 56222 16 . 11 24 13 10 3 0 .20 fxba 301136 rifky 01 kaki3 peny . leci 320 7700 7 700 kaki3 anak stro 238 6600 6 ,600 harga jual 14 300 total 14 ,300 tunai 14 300 ppn dpp 12,,883 ppn 1 417 layanan konsumen smsna 0811 1500 280 telp 1500280 kontak indomaret co id belanja lebih mudah di klikindomaret gratis ongkir jam sampai",5617.537256478019,False,0.8096771064440916,520
c:\file akmal\Capstone - Ai Eng - Spendly_ Workspace\data\Groceries\train\images\CamScanner-19-11-2024-16-49_16_jpg.rf.cf2c220123fe4e02523983bb09c99ddf.jpg,Groceries,"perintis iemerdekaan no jurang temanggung temangung javva tengah perintis kemerdekaan no 54 jl perintis kemerdekaan no 54 , kel . jurang kec temanggung kab temanggung , 56222 16 . 11 24 13 10 3 0 20 fxba 301136 rifky /01 kaki3 peny . leci 320 7700 7 700 kaki3 anak stro 238 6600 6 ,600 harga jual 14 300 total 14 300 tunai 14 300 ppn dpp 12 883 ppn 1 417 layanan konsumen smsma 0811 1500 280 telp 1500280 kontak indomaret co id belanja lebih mudah di klikindomaret gratis ongkir jam sampai",6217.926255377743,False,0.8608344745947771,489
c:\file akmal\Capstone - Ai Eng - Spendly_ Workspace\data\Groceries\train\images\CamScanner-19-11-2024-16-49_16_jpg.rf.deb2ec9ce63454dcd04e91b099114a9e.jpg,Groceries,"perintis iemerdekaan no jurang temanggung temangung javva tengah npvp 65 926 405 5 533 ooo perintis kemerdekaan no 54 jl perintis kemerdekaan no 54 , jurang kec . temanggung , kab temanggung 56222 16 . 11 24 13 10 3 0 20 fxba 301136 rifky 01 kaki3 peny . leci 320 7700 7 700 kaki3 anak stro 238 6600 6 ,600 harga jual 14 300 total 14 ,300 tunai 14 300 ppn dpp 12,,883 ppn 1 417 layanan konsumen smsma 0811 1500 280 telp 1500280 kontak indomaret co id belanja lebih mudah di klikindomaret gratis ongkir jam sampai",6441.656461146586,False,0.8570664856520062,512
c:\file akmal\Capstone - Ai Eng - Spendly_ Workspace\data\Groceries\train\images\CamScanner-19-11-2024-16-49_2_jpg.rf.be90ac8be48a868a29b15c0ecb06ccb4.jpg,Groceries,"eoulev npvvpo1 337 994 ks tubun jl ks tubun no 05 rto2 rwo4 kel temanggung kec temanggung kab temanggung , 56213 19 11 24 14 19 3 0 20 txo8 1436119 efi l 03 k api kopi spc 6ogr 9900 9 900 vc pt sja (1 000) sedekah kemanusiaan 100 100 harga jual 9 ,000 total 9 000 tunai 50 000 kembali 41 000 anda hemat 1 000 ppn dpp 8 919 ppn 981 non ppn dpp 100 layanan konsumen sms /wa 0811 , 1500 280 telp 1500280 kontak indomaret belanja lebih mudah di klikindomaret gratis ongkir jam sampai",6707.492300628179,False,0.8724700210446722,479
c:\file akmal\Capstone - Ai Eng - Spendly_ Workspace\data\Groceries\train\images\CamScanner-19-11-2024-16-49_2_jpg.rf.e50f8b2a9f6bcb453c0ad04d96878ac2.jpg,Groceries,"cedung eoulev rdpana npwp 01 337 994 6 092 qo0 ks tubun jl ks tubun no 05 rtoz rwo4 kel temanggung kec temanggung kab temanggung , 56213 19 11 24 14 19 3 0 20 txo8 1436119 efi l 03 k api kopi spc 6ogr 9900 9 900 vc pt sja (1 000) sedekah kemanusiaan 100 100 harga jual 9 000 total 9 000 tunai 50 ,000 kembali 41 000 anda hemat 000 ppn dpp 8 919 ppn 981 non ppn dpp 100 layanan konsumen sms wa 0811 ,1500 280 telp 1500280 kontak indomaret co id belanja lebih mudah di klikindomaret gratis ongkir jam sampai",6219.125746661897,False,0.8527562190149777,505
c:\file akmal\Capstone - Ai Eng - Spendly_ Workspace\data\Groceries\train\images\CamScanner-19-11-2024-16-49_4_jpg.rf.4643739bbb9a85bf18e260675a819e01.jpg,Groceries,"fresh jaya wijaya 83 jl jaya wijaya no 83 kel mojosongo kec jebres kota surakarta , 57127 18 . 11 24 23 30 3 0 20 tvel 36336 /muham 03 idm ktg plstk 1w sdg 200 200 aurier x tra mx 10s 7400 7 400 aurier slm guard 10 16700 16 , 700 harga jual 24 ,300 total 24 300 tunai 50 , ou0 kembali 25 , 700 pn dpp 21 892 ppn 2 ,408 layanan konsumen imsva .280 telp 150028w kontak indomaret coid belanja lebih mudah di klikindomaret gratis omgkir jam sampai",5525.4021086372795,False,0.7777983493792077,443
c:\file akmal\Capstone - Ai Eng - Spendly_ Workspace\data\Groceries\train\images\CamScanner-19-11-2024-16-49_4_jpg.rf.7fd4cb0f49d79b64a643bf8ded94cb39.jpg,Groceries,"fresh jaya wijaya 83 jl jaya wijaya no 83 kel mojosongo kec jebres kota surakarta , 57127 18 .11 24 23 30 3 0 .2o tvel 36336 /muham 03 idm ktg plstk 200 200 aurier x tra mx 10s 7400 7 400 aurier slm guard 10 16700 16 700 harga jual 24 ,300 total 24 ,300 tunai kembali 25 ,700 pn dpp 21 892 ppn 2 408 layanan konsumen imswa08111500 280 telp 1500280 kontak indomaretcoid belanja lebih mudah di klikindomaret omgkir jam sampai gra",5351.074531030506,False,0.849500914773183,427
c:\file akmal\Capstone - Ai Eng - Spendly_ Workspace\data\Groceries\train\images\CamScanner-19-11-2024-16-49_5_jpg.rf.2af061f407b2709dbc0c1d10a6470ba9.jpg,Groceries,"cv suhber hakhufr dr soetoho no 26 ft npwp 02 205- 108 0 533 001 bon h491 112 19112hdx kas rkhah leanrl 3 70o cl / hax hix 20 29 z0u tota tem 32 90o tuna 32,.900 keinba gan ppn 367) t9l 19 11 2024 12 07201 2024 9 4 hember abu t a poin anda 2979 329 poin anda akan exp recl pada 31 hay 2025 potensi jika anda henber 162 081 1 21 po in",5343.244678462497,False,0.7469226832264665,333
c:\file akmal\Capstone - Ai Eng - Spendly_ Workspace\data\Groceries\train\images\CamScanner-19-11-2024-16-49_5_jpg.rf.4526d8997abb115d96d0a29504954fae.jpg,Groceries,s0i suhber hakhuf l dr no rt ou5; npvp 02 205- 108- 0 533ou1 bon h491 112 19112hdx kas irkhah leanrl al rboohl 3 7ou 3 70o cl / hax hix 20 29 z0u tota tem 32 900 tuna 32 900 keinba an ppn 367) t9i 19 1 1 202a 12 07 01 2024 9- 4 hember abu a poin anda 2979 329 poin anda akan exp recl pada 31 2025 potensi po jika anda member 162 kr tikbsaran 1 5009591 081 1 26 hay in,5944.224225332588,False,0.7244648554332542,367
c:\file akmal\Capstone - Ai Eng - Spendly_ Workspace\data\Groceries\train\images\CamScanner-19-11-2024-16-49_6_jpg.rf.8262499ee56dffb75c0e5f0bfeaf1b8c.jpg,Groceries,"alfahart dr_ soetoho thg cv sumber hakhur jl dr_ soetoho no- 26 rt 005 rw- 001 nphp 02 205 108 0 533 001 bon h491 112 19112hdz kasir irkhah kp brand ng (s) 200 pucuk 350ml 2 3 900 7 800 disc- total tem 8 0o0 total disc- 200 total bel anja 7, 800 tunai 7 800 keinbal ian ppn 773) igl 1911 2024 12 40 12 v 2024 9 kritikssaran: 1500959 shs /wa : 081 0640888",3208.0156420803064,False,0.8274767036543125,354
c:\file akmal\Capstone - Ai Eng - Spendly_ Workspace\data\Groceries\train\images\CamScanner-19-11-2024-16-49_7_jpg.rf.cfd309c3b3234664bf190e1fcb64e024.jpg,Groceries,"alfahart dr soetuho thg cv suhber hakhur jl dr softoho rt 005; ry 001 nphp 02 205 - 08 0 533 001 bon ha91 1121911y9z3 kas 1rkhah 70g 6, ou0 hdr 7g 2 6 200 kp brand i ng (h) 200 200 tota tem 2 a00 tuna 12 400 keinba ian ppn 1 ,229) - 19 11 2024 13 25 06 2024 hember jevin poin anda 1943 1943 po anda akan exp pada 30 nov 2026 potens poin jika anda hember 55 kr tikesaran 1 5009591 shs ha 081 11 0640884 19",5530.031636938756,False,0.749351821143621,404
c:\file akmal\Capstone - Ai Eng - Spendly_ Workspace\data\Groceries\train\images\CamScanner-19-11-2024-16-49_7_jpg.rf.e7f49d315833e0a4277c653aa52893e6.jpg,Groceries,"alfahart dr soetoho thg cv suhber hakhur l dr soetoho no - 26 rt 005; rx_ 001 nphp 02 205 - 108 0 533 001 bon ha91 112 1911y9z3 kas irkhah sedaap 70g sedaap hdr 7og 2 3 10q 6 200 kp brand / ng (h) 200 tota tem 2, a0o tuna 12 400 kemnba ian ppn 1 ,229) 225 t9 1911 2024 13 25 06 v _2024 hember jevin poin 1943 1943 poin anda akan red pada 30 nov_2026 potens poin jika anda hember 55 kr 081",5536.807978209013,False,0.7341288282124537,388
c:\file akmal\Capstone - Ai Eng - Spendly_ Workspace\data\Groceries\train\images\CamScanner-19-11-2024-16-49_8_jpg.rf.7b8c23738fdfd3c5e407efc53489376f.jpg,Groceries,alfahart dr. soetoho thg cv suhber makmur jl: dr.- npwp 02 205. 108 0 533 001 bon h491 112 1911zhux kasir 1rkhah pbsr bs wg 180 28 900 28 900 total tei 28 900 tunai 28 900 keinba ian ppn 2 864) igl_ 19 11- 2024 14 29:-00 v 2024 9 4,4040.783556343502,False,0.7347275854733862,231
c:\file akmal\Capstone - Ai Eng - Spendly_ Workspace\data\Groceries\train\images\cherly-superindo_jpg.rf.8ec0bcdaa5a56b1196d35c16bf338e72.jpg,Groceries,"npwp 01 78 tanggal pengukuhan 06 06 97 jl tidar n 352 dec kel tembck dukuh, kec bubut surabaya 031- (11 55 25) 710 06 no : 00086 oty harga sedaap kari spc75 160) 2 590 414 400 hemat 62 .400 ultra pln il 16 990 10 940 hemat -18 .240 indomi goreng bw / 160) 2 600 416 . 00 hemat indomie soto spc 40) 2 590 103 .600 hemat 214 400 indomie soto spc 40) 2 590 103 .600 hemat sedaap kari spc75 5 2 590 12, hemat sub tota (termasuk ppn) 1 002 . 500 penbayaran uob master ele: 1 002 . 500 nomnor 6017 58 4 -5057",543.4338645753621,False,0.7223351513996216,502
c:\file akmal\Capstone - Ai Eng - Spendly_ Workspace\data\Groceries\train\images\E-Reciept_06122025083602_2023032905395876_1777708177915-pdf_page_1_png.rf.f35bb3ac3e71d16a5f722ea9667277f7.jpg,Groceries,pi lion superindo npwp tanggal pengukuhan 06 06 97 jl kedungmundu raya tembalang semarang jawa tengah 024-/36 06 12 25 (20 : 36 : 02 ) 717 0 1 no 00072 deskripsi hargr toial nf nanas kelod pcs 18 900 18 900 hemat 900 ora1 (rermasuk ppn) 15 000 metode pembayarar bni qris 15 000 hemat produl 900 iotal ifen member name aldina zahrani putri ramadani terina kasih saran anda kepuasan anda ielp bebas pulsa: 0800 140 3210 whaisapp 0812 1313 7035 (call only) 08 : 00 17 : 00 wib email customerserviceesuperindo superindo co id infosuperindo inroauperindo sub,4418.918330078125,False,0.8334061860433154,553
c:\file akmal\Capstone - Ai Eng - Spendly_ Workspace\data\Groceries\train\images\E-Reciept_17112025080314_2023032905395876_1777708161084-pdf_page_1_png.rf.da4fd35735c10b3389447366326fd0cf.jpg,Groceries,pr lion supbrindo npvp tanggal pengukuhan 06 06 97 jl kedungmundu raya teabalang sfharang jawa tengah lebihe8 024 /36 17 11 25 (20 : 03 : 14 ) 703 no 00121 d2skripsi aargr toial ielur ayan negeri 1374 27 . 850 38 265 bihun 450 gr 27 . 890 27 . 890 caisim savi 500 500 n f woriel d brsi50o 1 8 900 900 henai 400 tslup negsri 1138 27 850 31 . 695 ro5a1 (iermasuk ppn) 118 850 metode pembayarar bni ris 118 850 produle 400 iren member nane aldina zahrani pucri ramadani rerima kasin saran anda kepuasan anda ielp bebas pulsa: 0800 140 3210 whatsapp 0812 1313 7035 call only) 08 00 17 00 v1b nai1 cuscone 3ervicegsuperindo i4 superindo 80 ia anda mendapatkan s2anp,4810.224594726563,False,0.7311354954950343,660
c:\file akmal\Capstone - Ai Eng - Spendly_ Workspace\data\Groceries\train\images\E-Reciept_18042026084817_2023032905395876_1777708186563-pdf_page_1_png.rf.682b021ea9aafeec309d5a5077d5bb26.jpg,Groceries,pt lion supfrindo nphp 1anggal pengukuhan 06 06 97 mulawarman kel pedalangan kec banyumanik sfmarang jawa tfngaf 18 04 26 (20 48 : 17) 701 02 no : 00109 harga toial m irika bdd 3 300 10 000 20 . 000 baygon 41 890 41 . 990 aenai 490 caffino cao arzel10s 13 390 13 390 690 690 henai 2 690 sunsilk pwr/ 5 gl30 990 990 fiesi2 sosis 2 a 160 690 690 hehat 690 sub 72221 ppn) 8 5 880 metode embayarar bri oris 8 5 880 henat proqul 1 7 870 19111 zahrani pucri i rina kasin saran anda kepuasan anda ielp 0800 140 3210 whatsapp 0812 1313 7035 (call only ) senin julai 08 00 17 00 wib 60 ia,4984.111049804687,False,0.7306421067003362,579
c:\file akmal\Capstone - Ai Eng - Spendly_ Workspace\data\Groceries\train\images\E-Reciept_28042026090826_2023032905395876_1777385460746-pdf_page_1_png.rf.45b4859e0c60312ddcce38950688027c.jpg,Groceries,pi lion superindo npwp anggal raya sfmarang 26 (31 08 76) 503 001 1 5 rorae p bnn 696 990 8 . 970 pds 4690 380 890 699 79 pnan 438 39 235 brio 7o 390 indof 39 indof racik asea3 228 honi kanas crov 48 3o 28 288 henai knzler sng1s 82522 3 288 bdd 3x300 0 -oo guk 124 empeyarar 2r15 124 264 3 ? to 21 memb r nan 2ahrani pueri ierıma kaain 0800 3210 1313 035 only) junat 08 00 vtr i9 anda mendapatkan,5639.90712890625,False,0.6117327535734535,396
c:\file akmal\Capstone - Ai Eng - Spendly_ Workspace\data\Groceries\train\images\EV23suKU0AAqvRp_jpg.rf.de2a4384a036b81609eed25f9e32ab07.jpg,Groceries,"pt lion super indo npwp 8bz tai pengukuhan 00 00 07 hos cokroaminoto larangan ciledug tangerang telp 7311827 17 04 20 (09 : 59 56 ) 710 05 no : 00015 deskripsi oty harga total nt crp p kc 19 990 79 960 soto mie 40 2, 390 95 600 hemat 10 o0o kiranti sehat bln 591 13 180 /db1 14 580 yakul 5x65ml 3 44 95 daging rendang 492 133 , 950 65 905 hemat 15 275 semangka merah wh 2208 11 950 26 385 hemat 11 marjan melon46o 12 18 900 226 , 800 hemat 48 ooo sub total (termasuk ppn) 482 , 495 pembayaran bca (debit) 482 495 nomor 5379 41 6569 total hemat 84 865 btkp 92 , 290 pot btkp: 865 bkp 75 070 pot bkp dpp 379 155 ppn 37 915 total item ter ma kasıh saran snpol kepuasan anda telp bebas sa : 0800 140 3210 senin jumat 00- 17 oo bbwi ema customerserv celsuper nao co 1d",1831.1151415874897,False,0.8513102367993941,763
c:\file akmal\Capstone - Ai Eng - Spendly_ Workspace\data\Groceries\train\images\id-11134207-7r98w-lzbsdcbkel0e03_jpg.rf.703d9bd5d99b009ad316b1cf8f50d67d.jpg,Groceries,"ji . medayu utara w 2022 04 14 afi 14 24 34 sheija no 0 24 nasi ayam geprek x 12 000 rp 12 000 nasi ayam krenes x 15 000 rp 15 000 nasi goreng spesial x 20 000 rp 20 000 sub tota) 47 000 tota 47,.000 bayar (cash) 47,.000 kemba li link kritik dan saran: shop",453.44692870626454,False,0.7478959205322449,257
c:\file akmal\Capstone - Ai Eng - Spendly_ Workspace\data\Groceries\train\images\images-1-_jpg.rf.feb3c1df80935b4be31f02ee7f96fc75.jpg,Groceries,,216.8603735251367,False,0.0,0
c:\file akmal\Capstone - Ai Eng - Spendly_ Workspace\data\Groceries\train\images\images-3-_jpg.rf.6d0e5a45098e95578de513d2e99f629d.jpg,Groceries,,77.76562497403623,True,0.0,0
c:\file akmal\Capstone - Ai Eng - Spendly_ Workspace\data\Groceries\train\images\images-5-_jpg.rf.cc7a341dfa8bdda8e36e7773eb90d6ab.jpg,Groceries,to k ) tersedia fulsa faretan token pealayaran telkoi) durr atk 0b 258 24290 igl 70 9 02 26 d6 49 70 pel natla nonipa 020 tarif r? 450 ka 663 6 r go joker 3195 1257 2420 6509 call senter (kode area 123 2019 05 05 08242,1456.4141916489064,False,0.5575886168975808,218
c:\file akmal\Capstone - Ai Eng - Spendly_ Workspace\data\Groceries\train\images\images_jpg.rf.4770065edc80571c2bce7a63cbea277f.jpg,Groceries,,121.59462884178161,False,0.0,0
c:\file akmal\Capstone - Ai Eng - Spendly_ Workspace\data\Groceries\train\images\receipt-001_png_jpg.rf.f9536c7b542661cb4813857db359ca96.jpg,Groceries,ks tubun jl ks tubun no 05 rt02 rw04 kel temanggung kec temanggung kab temanggung 56213 01 12 24 - 15 : 53 3 delmonte ketchup sau 6500 19 500 oatside oat milk car 9900 19 800 agar rasa agar agar 6600 33 000 indocafe white coffe 26300 236 700 abc sambal asli 3806 16900 33 800 sharon roti roll woo 7000 14 000 super bubur instant 6000 36 000 harga jual 392 800 total 392 800 tunai 395 000 kembali 200 layanan konsumen sms wa 0811 500 280 telp 1 500280 kontak indomaret co id belanja lebih mudah di klikindomaret gratis ongkir jam sampai,5081.113256835937,False,0.9382594190034114,535
c:\file akmal\Capstone - Ai Eng - Spendly_ Workspace\data\Groceries\train\images\receipt-002_png_jpg.rf.2c886ed2aa930c7a9941f6b9dc37aa63.jpg,Groceries,ks tubun jl ks tubun no 05 rt02 rw04 kel temanggung kec temanggung kab temanggung 56213 01 12 24 -15 : 53 3 20 /fxba 7407 /tiwi 02 good day kopi instan 10 24300 243 000 rumah lemon pekanbar 35400 212 400 florina forged grill 175000 350 000 harga jual 805 400 total 805 400 tunai 810 000 kembali 600 layanan konsumen sms / wa 0811 1500 280 telp 500280 kontak indomaret co id belanja lebih mudah di klikindomaret gratis ongkir jam sampai,3930.942763671875,False,0.9433285925960412,435
c:\file akmal\Capstone - Ai Eng - Spendly_ Workspace\data\Groceries\train\images\receipt-003_png_jpg.rf.93c390eeb9892a626457fdc98c7d4c20.jpg,Groceries,gndomaret ks f ubun 0293493 33 jl ks tubun no 05 kel temanggung kec temanggung kab temanggung 56213 01 12 24 15 : 53 3 20 /fxba 2009 tiwi 05 indomaret cling wrap 18900 170 100 wardah bb 36400 36 400 harga jual 206 500 total 206 500 tunai 210 000 kembali 500 layanan konsumen sms wa 0811 . 1500 280 telp 1500280 kontak indomaret co id belanja lebih mudah di klikindomaret gratis ongkir jam sampai,3385.5053173828123,False,0.921585427643092,395
c:\file akmal\Capstone - Ai Eng - Spendly_ Workspace\data\Groceries\train\images\receipt-004_png_jpg.rf.8732fa1d7540bdd8ca054bf5b6f4e31b.jpg,Groceries,sdomaeu ks tubun jl ks tubun no 05 rtb2 kel temanggung kec temanggung kab temanggung 56213 01 12 24 - 15 : 53 3 20 fxba 2048 /tiwi 05 citra putri tepung 15300 30 600 diabetasol form 164900 494 700 campina ice cream st 12900 25 800 chitato snack potato 1 1800 82 600 morisca lapis legit 34700 173 500 indomaret masker duc 10900 10 900 testpack alat tes ke 1 5000 120 000 rollicious cake snow 1 7 1000 000 harga jual 049 100 total 049 100 tunai 050 000 kembali 900 layanan konsumen sms wa 081 500 280 telp 1 500280 kontak indomaret co id belanja lebih mudah di klikindomaret gratis ongkir jam sampai,5346.9286279296875,False,0.9154151769315052,597
c:\file akmal\Capstone - Ai Eng - Spendly_ Workspace\data\Groceries\train\images\receipt-005_png_jpg.rf.33dfc11c7402f4d4c023a7fc75e42d73.jpg,Groceries,ks tubun jl ks tubun no 05 rt02 kel temanggung kec temanggung kab temanggung 56213 01 12 24 - 15 : 53 3 20 fxba - 8082 / dwi 02 miranda bleaching 10 14900 149 000 palmia margarine ser 6300 31 500 so good premium saus 47500 95 000 good day kopi instan 17400 69 600 poppy pop snack jagu 7900 63 200 harga jual 408 300 total 408 300 tunai 410 000 kembali 700 layanan konsumen sms wa 0811 1500 280 telp 1 500280 kontak indomaret co id belanja lebih mudah di klikindomaret gratis ongkir jam sampai,4470.042646484375,False,0.9304019280047832,492
c:\file akmal\Capstone - Ai Eng - Spendly_ Workspace\data\Groceries\train\images\receipt-006_png_jpg.rf.f44980445e6dcb6320a99f668b619a5f.jpg,Groceries,"gndomaret ks f ubun 0293493 33 jl ks tubun no 05 rtb2 kel temanggung kec temanggung kab temanggung 56213 01 12 24 15 : 53 3 20 /fxba 1672 gita 01 nivea deo roll on ex 25500 102 000 garnler mlcellar cle 31500 63 harga jual 165 000 total 165 ,000 tunai 165 000 kembali layanan konsumen sms wa 0811 . 1500 280 telp 1500280 kontak indomaret co id belanja lebih mudah di klikindomaret gratis ongkir jam sampai",3307.735625,False,0.9036620706619427,404
c:\file akmal\Capstone - Ai Eng - Spendly_ Workspace\data\Groceries\train\images\receipt-011_png_jpg.rf.d441ddfc06d2878c01641f22b11d600b.jpg,Groceries,sdomaeu ks tubun jl ks tubun no 05 rtb2 kel temanggung kec temanggung kab temanggung 56213 01 12 24 - 15 53 /3 20 fxba- 8133 / eno /02 indomaret chocolate 6900 55 200 philips lampu led co 64900 64 900 kraft keju cheddar 5500 49 500 sosro fruit tea free 3900 23 400 formula sikat gigi 28300 198 100 eveready led metal 54900 54 900 blood menstru heat 23900 71 700 wardah colorfit lip 71300 142 600 harga jual 660 300 total 660 300 tunai 665 000 kembali 700 layanan konsumen sms wa 081 500 280 telp 1500280 kontak indomaret co id belanja lebih mudah di klikindomaret gratis ongkir jam sampai,5266.04,False,0.9216861055096531,588
c:\file akmal\Capstone - Ai Eng - Spendly_ Workspace\data\Groceries\train\images\receipt-012_png_jpg.rf.cb6f5976b385f567a9d8a4dd20f2fa05.jpg,Groceries,sndomaet ks tubun jl ks tubun no 05 rt02 kel temanggung kec temanggung kab temanggung 56213 01 12 24 -15 : 53 3 20 / fxba 7050 /huda 01 pepsodent sikat gigi 23000 115 000 neo coffee kopi inst 10700 53 500 sensodyne sikat gigi 38000 266 000 totole bumbu kaldu 10 6400 64 000 harga jual 498 500 total 498 500 tunai 500 000 kembali 500 layanan konsumen sms /wa 0811 . 1500 280 telp 1 500280 kontak indomaret co id belanja lebih mudah di klikindomaret gratis ongkir jam sampai,4105.772846679687,False,0.9229371134576169,472
c:\file akmal\Capstone - Ai Eng - Spendly_ Workspace\data\Groceries\train\images\receipt-013_png_jpg.rf.a9feb613c6461c0ac990176408230994.jpg,Groceries,sdomaeu ks tubun jl ks tubun no 05 rtb2 kel temanggung kec temanggung kab temanggung 56213 01 12 24 - 15 : 53 3 20 fxba 5297 / dona / 02 california scent air 25900 51 800 wardah lightening tw 41600 291 200 delmonte boba milk 10400 93 600 chitato snack potato 1 1800 23 600 fruitamin minuman co 10 7200 72 000 home vermicelli soun 1900 700 mie oven mie instant 3100 100 make over intense ma 122900 122 900 harga jual 663 900 total 663 900 tunai 665 000 kembali 100 layanan konsumen sms wa 081 500 280 telp 1500280 kontak indomaret co id belanja lebih mudah di klikindomaret gratis ongkir jam sampai,5259.220727539063,False,0.9184682282628109,597
c:\file akmal\Capstone - Ai Eng - Spendly_ Workspace\data\Groceries\train\images\receipt-014_png_jpg.rf.4abd06733b996bc09afb0f8e3af4bc3c.jpg,Groceries,indomaret ks tubun jl ks tubun no 05 rt02 rw04 kel temanggung kec temanggung kab temanggung 56213 01 12 24 15 : 53 3 20 /fxba 4567 / gita 04 head shoulders sha 62000 186 000 harga jual 186 000 total 186 000 tunai 190 000 kembali 000 layanan konsumen sms wa 0811 1500 280 telp 1500280 kontak indomaret co id belanja lebih mudah di klikindomaret gratis ongkir jam sampai,3288.7231298828124,False,0.9384221264638317,368
c:\file akmal\Capstone - Ai Eng - Spendly_ Workspace\data\Groceries\train\images\receipt-016_png_jpg.rf.f9c4848cabdb2c23ed66c50cd845e80d.jpg,Groceries,ks tubun jl ks tubun no 05 rt02 rw04 kel temanggung kec temanggung kab temanggung 56213 01 12 24 -15 : 53 3 20 fxba - 8835 /satrio /03 indomaret mangkok ke 12500 37 500 so nice sosis siap 8600 25 800 make over eye liner 98100 196 200 coca cola drink 6300 50 400 cap lang plester pen 10200 71 400 indomaret massage oi 25600 230 400 indomie mi instan go 3100 27 900 harga jual 639 600 total 639 600 tunai 640 000 kembali 400 layanan konsumen sms wa 0811 500 280 telp 1500280 kontak indomaret co id belanja lebih mudah di klikindomaret gratis ongkir jam sampai,5122.243754882813,False,0.9173886658648678,557
c:\file akmal\Capstone - Ai Eng - Spendly_ Workspace\data\Groceries\train\images\receipt-018_png_jpg.rf.1a518272a19041f4a1e80a7d09e0dc96.jpg,Groceries,gndomaret ks f ubun 0293493 33 jl ks tubun no 05 rtb2 kel temanggung kec temanggung kab temanggung 56213 01 12 24 15 : 53 3 20 /fxba 7149 / retno /05 aqua galon refill (h 21000 105 000 larissi pemberslh la 10 44980 449 harga jual 554 000 total 554 000 tunai 555 000 kembali 000 layanan konsumen sms wa 0811 . 1500 280 telp 1500280 kontak indomaret co id belanja lebih mudah di klikindomaret gratis ongkir jam sampai,3375.8365087890625,False,0.8960576311097892,415
c:\file akmal\Capstone - Ai Eng - Spendly_ Workspace\data\Groceries\train\images\receipt-020_png_jpg.rf.6f4276bad8824942eff7222bdf5ef13e.jpg,Groceries,sndomaet ks tubun jl ks tubun no 05 rt02 kel temanggung kec temanggung kab temanggung 56213 01 12 24 -15 : 53 3 20 / fxba 8222 /huda /04 quaker instant oatme 13900 1 7 7 200 simba cereal choco 7900 31 600 kata oma snack telur 10 16900 169 000 tango drink italian 6500 19 500 harga jual 331 300 total 331 300 tunai 335 000 kembali 700 layanan konsumen sms /wa 0811 . 1500 280 telp 1 500280 kontak indomaret co id belanja lebih mudah di klikindomaret gratis ongkir jam sampai,4056.8872607421877,False,0.9186057875702976,473
c:\file akmal\Capstone - Ai Eng - Spendly_ Workspace\data\Groceries\train\images\receipt-022_png_jpg.rf.4282bf15cecf871c0c79fcbae3474d29.jpg,Groceries,ks tubun jl ks tubun no 05 rt02 rw04 kel temanggung kec temanggung kab temanggung 56213 01 12 24 -15 : 53 /3 20 fxba- 4402 / nur / 01 indomaret bamboo toi 40900 163 600 tropicana slim korea 30000 30 000 wall ice cream cor 10 6200 62 000 indomaret kacang pis 19900 99 500 gunung segar bengkoa 18900 75 600 la fonie / 500 52 500 harga jual 483 200 total 483 200 tunai 485 000 kembali 800 layanan konsumen sms wa 0811 1500 280 telp 1 500280 kontak indomaret co id belanja lebih mudah di klikindomaret gratis ongkir jam sampai,5059.662338867188,False,0.9223772608532678,522
c:\file akmal\Capstone - Ai Eng - Spendly_ Workspace\data\Groceries\train\images\receipt-023_png_jpg.rf.f9a53adf015cb69a12370dc7b7c654f6.jpg,Groceries,sdomaeu ks tubun jl ks tubun no 05 rtb2 kel temanggung kec temanggung kab temanggung 56213 01 12 24 - 15 : 53 3 20 fxba 3542 / rizal 03 frestea minuman teh 6400 57 600 selsun shampoo anti 49500 49 500 kao biore facial foa 35700 178 500 bango kecap manis le 26500 79 500 kobe bon cabe sambal 13800 124 200 sasa sambal asli 340 20000 60 000 silver queen chocola 17980 53 700 adinata metallic pen 15000 45 000 harga jual 648 000 total 648 000 tunai 650 000 kembali 000 layanan konsumen sms wa 081 500 280 telp 1500280 kontak indomaret co id belanja lebih mudah di klikindomaret gratis ongkir jam sampai,5364.819404296875,False,0.9157421633482151,599
c:\file akmal\Capstone - Ai Eng - Spendly_ Workspace\data\Groceries\train\images\receipt-024_png_jpg.rf.8a4cd7ca1e6668c8055002a9ea3fb7e1.jpg,Groceries,ks tubun jl ks tubun no 05 rt02 kel temanggung kec temanggung kab temanggung 56213 01 12 24 - 15 : 53 3 20 fxba - 1039 / nur / 04 energizer battery li 25900 03 600 bintang zero soft dr 9100 36 400 bango kecap manis hi 19400 58 200 indomaret kacang alm 7600 88 000 indomaret masker 4d 14500 43 500 harga jual 329 700 total 329 700 tunai 330 000 kembali 300 layanan konsumen sms wa 0811 1500 280 telp 1 500280 kontak indomaret co id belanja lebih mudah di klikindomaret gratis ongkir jam sampai,4460.6449609375,False,0.9320267530532855,492
c:\file akmal\Capstone - Ai Eng - Spendly_ Workspace\data\Groceries\train\images\receipt-025_png_jpg.rf.948f0b87f6e434be707145ac491807d9.jpg,Groceries,sndomaet ks tubun jl ks tubun no 05 rt02 kel temanggung kec temanggung kab temanggung 56213 01 12 24 -15 : 53 3 20 / fxba 1024 / nisa 04 indofood tepung bumb 6800 34 000 morris eau de parfum 31500 1 57 500 cimory yogurt squeez 10000 80 000 tessa facial tissue 10 7500 75 000 harga jual 346 500 total 346 500 tunai 350 000 kembali 500 layanan konsumen sms /wa 0811 . 1500 280 telp 1 500280 kontak indomaret co id belanja lebih mudah di klikindomaret gratis ongkir jam sampai,4119.080092773437,False,0.9263845343658578,473
c:\file akmal\Capstone - Ai Eng - Spendly_ Workspace\data\Groceries\train\images\receipt-026_png_jpg.rf.8547198690d5f2448e751783fa1e4d35.jpg,Groceries,"indomaret ks tubun jl ks tubun no 05 rt02 rw04 kel temanggung kec temanggung kab temanggung 56213 01 12 24 -15 : 53 3 20 fxba 4732 /satrio 05 the originote hyaluc 47200 94 400 harga jual 94 400 total 94 , 400 tunai 95 000 kembali 600 layanan konsumen sms wa 0811 1500 280 telp 1500280 kontak indomaret co id belanja lebih mudah di klikindomaret gratis ongkir jam sampai",3254.5075634765626,False,0.9274343246030196,369
c:\file akmal\Capstone - Ai Eng - Spendly_ Workspace\data\Groceries\train\images\receipt-027_png_jpg.rf.aa73e4a03aee1162cf66ce3f617da541.jpg,Groceries,gndomaret ks f ubun 0293493 33 jl ks tubun no 05 rtb2 kel temanggung kec temanggung kab temanggung 56213 01 12 24 15 : 53 3 20 /fxba 6830 retno /02 kapal api kopi bubuk 61100 122 200 mamasuka salad dkess 6500 39 harga jual 161 200 total 161 200 tunai 165 000 kembali 800 layanan konsumen sms wa 0811 . 1500 280 telp 1500280 kontak indomaret co id belanja lebih mudah di klikindomaret gratis ongkir jam sampai,3374.6122509765623,False,0.8982290232282523,408
c:\file akmal\Capstone - Ai Eng - Spendly_ Workspace\data\Groceries\train\images\receipt-028_png_jpg.rf.e4841baa3321ee30f372a9774c76e255.jpg,Groceries,ks tubun jl ks tubun no 05 rt02 kel temanggung kec temanggung kab temanggung 56213 01 12 24 -15 : 53 3 20 fxba 9394 /tiwi 01 rinso detergent cair 10000 40 000 indomaret snack kuku 20200 161 600 delmonte boba milk 10400 20 800 tentrem white coffee 84500 84 500 laserin obat batuk 27800 11 1 200 harga jual 418 100 total 418 100 tunai 420 000 kembali 900 layanan konsumen sms wa 0811 1500 280 telp 1 500280 kontak indomaret co id belanja lebih mudah di klikindomaret gratis ongkir jam sampai,4454.873012695312,False,0.9305297189522121,489
c:\file akmal\Capstone - Ai Eng - Spendly_ Workspace\data\Groceries\train\images\receipt-031_png_jpg.rf.77113f34c6b72e5d1351c8fe869acc4b.jpg,Groceries,gndomaret ks f ubun 0293493 33 jl ks tubun no 05 kel temanggung kec temanggung kab temanggung 56213 01 12 24 15 : 53 3 20 /fxba 9784 / pinka 01 bella spread choco 33500 201 000 nexcare klds mask 8900 80 100 harga jual 281 100 total 281 100 tunai 285 000 kembali 900 layanan konsumen sms wa 0811 . 1500 280 telp 1500280 kontak indomaret co id belanja lebih mudah di klikindomaret gratis ongkir jam sampai,3377.1862255859373,False,0.9172456861906839,403
c:\file akmal\Capstone - Ai Eng - Spendly_ Workspace\data\Groceries\train\images\receipt-032_png_jpg.rf.53787048fffd75b5f93b3352a143cc12.jpg,Groceries,sdomaeu ks tubun jl ks tubun no 05 rtb2 kel temanggung kec temanggung kab temanggung 56213 01 12 24 - 15 : 53 3 20 fxba 7359 iban 03 chitato lite snack 1 1800 47 200 gentle gen deterjen 10000 30 000 whiskas cat food pou 7900 71 100 indomaret beras ramo 73900 221 700 luminarc noodle bowi 45000 45 000 heinz korean gourmet 9500 19 000 sari kue internation 14000 56 000 bagus lem ajaib pera 10 16500 165 000 harga jual 655 000 total 655 000 tunai 655 000 kembali layanan konsumen sms wa 081 500 280 telp 1500280 kontak indomaret co id belanja lebih mudah di klikindomaret gratis ongkir jam sampai,5259.042998046875,False,0.9280738470397231,594
c:\file akmal\Capstone - Ai Eng - Spendly_ Workspace\data\Groceries\train\images\receipt-033_png_jpg.rf.f02d1096e992f2a305d14dc0eca9e4f9.jpg,Groceries,ks tubun jl ks tubun no 05 rt02 rw04 kel temanggung kec temanggung kab temanggung 56213 01 12 24 -15 : 53 3 20 /fxba 1395 /gitul /04 sido muncul jamu ber 8000 72 000 lifebuoy shampoo ant 47000 423 000 morisca lapis legit 34700 34 700 piattos snack kentan 11100 77 700 prime bread roti man 3500 31 500 queen chocola 10500 31 500 harga jual 6 0 400 total 670 400 tunai 675 000 kembali 600 layanan konsumen sms wa 0811 1500 280 telp 1500280 kontak indomaret co id belanja lebih mudah di klikindomaret gratis ongkir jam sampai,5029.899990234375,False,0.9205972751196619,522
c:\file akmal\Capstone - Ai Eng - Spendly_ Workspace\data\Groceries\train\images\receipt-035_png_jpg.rf.3adb464d2625382270b9f756a10ab3f3.jpg,Groceries,"indomaret ks tubun jl ks tubun no 05 rt02 rw04 kel temanggung kec temanggung kab temanggung 56213 01 12 24 15 : 53 3 20 /fxba 9590 iban 02 garnier turbo bright 42500 85 000 harga jual 85 000 total 85 ,000 tunai 85 000 kembali layanan konsumen sms wa 0811 1500 280 telp 1500280 kontak indomaret co id belanja lebih mudah di klikindomaret gratis ongkir jam sampai",3245.627255859375,False,0.9345978183424127,361
c:\file akmal\Capstone - Ai Eng - Spendly_ Workspace\data\Groceries\train\images\receipt-036_png_jpg.rf.8d50075bc932fbbfe1e9f171afa378f3.jpg,Groceries,sdomaeu ks tubun jl ks tubun no 05 rtb2 kel temanggung kec temanggung kab temanggung 56213 01 12 24 - 15 : 53 3 20 fxba 5976 /rizal 03 ovomaltine crunchy 59000 59 000 lavme disinfectant 69700 139 400 pringles potato cris 14200 28 400 casablanca spray col 28200 56 400 obh combi obat batuk 18700 168 300 indofood kecap refil 8700 60 900 rollicious cake snow 423900 271 700 sasa sambal extra ho 8700 43 500 harga jual 827 600 total 827 600 tunai 830 000 kembali 400 layanan konsumen sms wa 081 500 280 telp 1500280 kontak indomaret co id belanja lebih mudah di klikindomaret gratis ongkir jam sampai,5461.0736474609375,False,0.9279272875351062,597
c:\file akmal\Capstone - Ai Eng - Spendly_ Workspace\data\Groceries\train\images\receipt-038_png_jpg.rf.98c228cc30dadfd5bd23c8ad12a2dab4.jpg,Groceries,sdomaeu ks tubun jl ks tubun no 05 rtb2 kel temanggung kec temanggung kab temanggung 56213 01 12 24 - 15 : 53 3 20 fxba 9635 huda/ 03 arnott biscuit nya 4700 700 bioderma sebium puri 2 190000 380 000 jele minuman fresshy 7600 53 200 technoplast celengan 18900 75 600 vidoran xmart3 susu 69900 209 700 implora 24k gold ser 36000 108 000 frisian flag gold 74780 58 800 sedaap mie instant 3100 200 harga jual 896 200 total 896 200 tunai 900 000 kembali 800 layanan konsumen sms wa 081 500 280 telp 1500280 kontak indomaret co id belanja lebih mudah di klikindomaret gratis ongkir jam sampai,5367.579907226563,False,0.9240636360313144,587
c:\file akmal\Capstone - Ai Eng - Spendly_ Workspace\data\Groceries\train\images\receipt-040_png_jpg.rf.559c9cca9ad1dc73080e9854010e1a1b.jpg,Groceries,"ks tubun jl ks tubun no 05 rt02 rw04 kel temanggung kec temanggung kab temanggung 56213 01 12 24 -15 : 53 3 20 fxba 4611 / retno / 04 sukses mie goreng 4100 100 rollicious cake basi 454100 362 300 aice ice cream sandw 17500 52 500 scarlett acne day cr 75000 75 000 energizer battery li 25900 233 100 pronas chunky corned 39900 39 900 vape obat nyamuk 1 x 10 48800 488 000 harga jual 2 , 254 900 total 2 , 254 900 tunai 255 000 kembali 100 layanan konsumen sms wa 0811 500 280 telp 1 500280 kontak indomaret co id belanja lebih mudah di klikindomaret gratis ongkir jam sampai",5143.668754882812,False,0.930578776154093,574
c:\file akmal\Capstone - Ai Eng - Spendly_ Workspace\data\Groceries\train\images\receipt-041_png_jpg.rf.e3d13ed39f0089facf2ed4a3e01d32eb.jpg,Groceries,ks tubun jl ks tubun no 05 rt02 rw04 kel temanggung kec temanggung kab temanggung 56213 01 12 24 -15 : 53 / 3 20 /fxba 2932 ibra 02 evangeline eau de pa 41500 124 500 emina ms pimple fac 23300 1 16 500 wonhae yoghurt gummy 9900 59 400 kaki tiga larutan pe 6600 600 goody pudding with 12000 24 000 lu1/ e chewlng gum xy 8600 25 800 harga jual 356 800 total 356 800 tunai 360 000 kembali 200 layanan konsumen sms wa 0811 1500 280 telp 1 500280 kontak indomaret co id belanja lebih mudah di klikindomaret gratis ongkir jam sampai,5035.564731445313,False,0.90421039731292,526
c:\file akmal\Capstone - Ai Eng - Spendly_ Workspace\data\Groceries\train\images\receipt-042_png_jpg.rf.e53632e1045ae1eb5ae297adbd7d3056.jpg,Groceries,ks tubun jl ks tubun no 05 rt02 rw04 kel temanggung kec temanggung kab temanggung 56213 01 12 24 -15 : 53 3 20 /fxba 8357 pinka 03 natur e hand body lo 34900 209 400 chuba keripik ubi pe 8600 600 finna krobe shrimp 10 12700 127 000 harga jual 345 000 total 345 000 tunai 345 000 kembali layanan konsumen sms / wa 0811 1500 280 telp 1500280 kontak indomaret co id belanja lebih mudah di klikindomaret gratis ongkir jam sampai,3853.466826171875,False,0.9362714006055463,424
c:\file akmal\Capstone - Ai Eng - Spendly_ Workspace\data\Groceries\train\images\receipt-043_png_jpg.rf.393f33489d828bab067cc83fe4854757.jpg,Groceries,ks tubun jl ks tubun no 05 rt02 rw04 kel temanggung kec temanggung kab temanggung 56213 01 12 24 -15 : 53 3 20 fxba 5399/ iban/ 05 hg for men shampoo 103200 206 400 days croissant pan 7000 63 000 tao kae noi crispy 10 5000 50 000 buavita juice orange 29300 175 800 wong coco pudding bl 4800 600 moko moko my preciou 10 27500 275 000 white story acne soo 48900 48 900 harga jual 828 700 total 828 700 tunai 830 000 kembali 300 layanan konsumen sms wa 0811 500 280 telp 1 500280 kontak indomaret co id belanja lebih mudah di klikindomaret gratis ongkir jam sampai,5165.178334960938,False,0.9278423360698502,561
c:\file akmal\Capstone - Ai Eng - Spendly_ Workspace\data\Groceries\train\images\receipt-044_png_jpg.rf.a8ef28ceac510aff1fcddabb2387a040.jpg,Groceries,ks tubun jl ks tubun no 05 rt02 rw04 kel temanggung kec temanggung kab temanggung 56213 01 12 24 -15 : 53 3 20 /fxba 7561 / nisa 04 bagus sarung tangan 19900 139 300 quaker instant oatme 10 13900 139 000 dextone instant glue 9500 500 giv body wash hijab 20900 125 400 daia detergent bubuk 10 17900 179 000 lago wafei cacao 1 50 46500 2 9 000 harga jual 8 / 7 200 total 871 200 tunai 875 000 kembali 800 layanan konsumen sms wa 0811 1500 280 telp 1 500280 kontak indomaret co id belanja lebih mudah di klikindomaret gratis ongkir jam sampai,5065.9256591796875,False,0.8920367472080061,539
c:\file akmal\Capstone - Ai Eng - Spendly_ Workspace\data\Groceries\train\images\receipt-045_png_jpg.rf.f336737a07bb1c71d75cf398d9d0c4d9.jpg,Groceries,ks tubun jl ks tubun no 05 rt0? rwoa kel temanggung kec temanggung kab temanggung 56213 07 12 24 - 15 : 53 3 20 fxba 2449/ angga 01 natur - e capsul vitam 22200 133 200 indomilk susu cair 3200 19 200 bimoli minyak goreng 42500 212 500 silver queen chocola 10500 21 000 sosro teh botol 300m 3800 800 confidence adult dia 76700 176 700 make over intense ma 122900 368 700 florina forged sauce 1 50000 450 000 my fruit durian mont 89000 89 000 harga jual 474 100 total 474 100 tunai 475 000 kembali 900 layanan konsumen sms /wa 0817 500 280 telp 1500280 kontak indomaret co id belanja lebih mudah di klikindomaret gratis ongkir jam sampai,5797.48478515625,False,0.9092136770025856,635
c:\file akmal\Capstone - Ai Eng - Spendly_ Workspace\data\Groceries\train\images\receipt-046_png_jpg.rf.626455d859bb3608540e89bc4a0b1e4b.jpg,Groceries,indomaret ks tubun jl ks tubun no 05 rt02 rw04 kel temanggung kec temanggung kab temanggung 56213 01 12 24 15 : 53 3 20 /fxba 6277 /gita 05 tessa facial tissue 21300 149 100 harga jual 149 100 total 149 100 tunai 150 000 kembali 900 layanan konsumen sms wa 0811 1500 280 telp 1500280 kontak indomaret co id belanja lebih mudah di klikindomaret gratis ongkir jam sampai,3232.02359375,False,0.9300589545124188,368
c:\file akmal\Capstone - Ai Eng - Spendly_ Workspace\data\Groceries\train\images\receipt-047_png_jpg.rf.6e29a3cd6d1fb63c6a800cad82cea41d.jpg,Groceries,ks tubun jl ks tubun no 05 rt02 rw04 kel temanggung kec temanggung kab temanggung 56213 01 12 24 -15 : 53 3 20 /fxba 1929 /rizal /04 mamee monster snack 18900 75 600 indomaret amplop pol 10000 80 000 wall ice cream mag 20000 140 000 harga jual 295 600 total 295 600 tunai 300 000 kembali 400 layanan konsumen sms / wa 0811 1500 280 telp 500280 kontak indomaret co id belanja lebih mudah di klikindomaret gratis ongkir jam sampai,3900.4392919921875,False,0.9519394479257524,428
c:\file akmal\Capstone - Ai Eng - Spendly_ Workspace\data\Groceries\train\images\receipt-048_png_jpg.rf.134389abc8fea794f99b80bfee6db4cd.jpg,Groceries,gndomaret ks f ubun 0293493 33 jl ks tubun no 05 rtb2 kel temanggung kec temanggung kab temanggung 56213 01 12 24 15 : 53 3 20 /fxba 5320 nisa 01 kanzler singles sosi 8900 26 700 frlslan flag susu ca 7 500 60 harga jual 86 700 total 86 700 tunai 90 000 kembali 300 layanan konsumen sms wa 0811 . 1500 280 telp 1500280 kontak indomaret co id belanja lebih mudah di klikindomaret gratis ongkir jam sampai,3350.9031201171874,False,0.9035615227358609,402
c:\file akmal\Capstone - Ai Eng - Spendly_ Workspace\data\Groceries\train\images\receipt-049_png_jpg.rf.f6451ea42d6006e01b327a8fb0900ec5.jpg,Groceries,"indomaret ks tubun jl ks tubun no 05 rt02 rw04 kel temanggung kec temanggung kab temanggung 56213 01 12 24 15 : 53 3 20 /fxba 5300 huda 02 telur ayam omega 2890 890 harga jual 890 total 2 , 890 tunai 000 kembali 110 layanan konsumen sms wa 0811 1500 280 telp 1500280 kontak indomaret co id belanja lebih mudah di klikindomaret gratis ongkir jam sampai",3193.034990234375,False,0.9374720626919405,351
c:\file akmal\Capstone - Ai Eng - Spendly_ Workspace\data\Groceries\train\images\receipt-050_png_jpg.rf.fd93609b1c0829f086e2cb60b4b201e8.jpg,Groceries,ks tubun jl ks tubun no 05 rt02 kel temanggung kec temanggung kab temanggung 56213 01 12 24 - 15 53 3 20 fxba - 7495 / karren 04 technoplast celengan 8900 94 500 haribo candy gummy 15600 46 800 indofood bumbu kenta 5000 000 chomp chomp trio mal 5000 30 000 dancow susu cair uht 10 6600 66 000 harga jual 242 300 total 242 300 tunai 245 000 kembali 700 layanan konsumen sms wa 0811 1500 280 telp 1 500280 kontak indomaret co id belanja lebih mudah di klikindomaret gratis ongkir jam sampai,4473.981909179687,False,0.9246794294297738,488
c:\file akmal\Capstone - Ai Eng - Spendly_ Workspace\data\Groceries\train\images\receipt-051_png_jpg.rf.cb552c9a0227dfaca0653b20f4627387.jpg,Groceries,ks tubun jl ks tubun no 05 rt0? rwoa kel temanggung kec temanggung kab temanggung 56213 01 12 24 - 15 : 53 3 20 fxba 9528 satrio 02 koepoe koepoe soda 5500 7 7 000 wardah excluisve mat 68700 137 400 implora cheek 10 22500 225 000 my baby minyak telon 38200 7 74 600 snickers chocolate 7 7 500 34 500 maxlife adult cat tu 7500 60 000 sharon roti manis cr 16000 144 000 milo chocolate nugge 13800 27 600 kanzler singles baks 8900 17 800 harga jual 771 900 total 771 900 tunai 775 000 kembali 100 layanan konsumen sms /wa 0817 500 280 telp 1500280 kontak indomaret co id belanja lebih mudah di klikindomaret gratis ongkir jam sampai,5814.73458984375,False,0.9193085426028553,629
c:\file akmal\Capstone - Ai Eng - Spendly_ Workspace\data\Groceries\train\images\receipt-052_png_jpg.rf.d9b0e664da1184733005ba210ac5f8bf.jpg,Groceries,sdomaeu ks tubun jl ks tubun no 05 rtb2 kel temanggung kec temanggung kab temanggung 56213 01 12 24 - 15 : 53 3 20 fxba - 6172 / huda /01 prima rasa fruit 8800 70 400 ponds pelembap wajah 45800 274 800 azzura long lasting 39900 199 500 senka perfect whip 75000 1 50 000 indofood ice cream 4500 000 sie / kim teng teng ka 8000 40 000 rejoice shampoo rich 82000 764 000 wardah lightening li 56800 70 400 harga jual 078 100 total 078 100 tunai 080 000 kembali 900 layanan konsumen sms wa 081 500 280 telp 1500280 kontak indomaret co id belanja lebih mudah di klikindomaret gratis ongkir jam sampai,5357.0075,False,0.9105738882505109,594
c:\file akmal\Capstone - Ai Eng - Spendly_ Workspace\data\Groceries\train\images\receipt-053_png_jpg.rf.44cffa0128661e2d5e2d569253d7ff83.jpg,Groceries,sdomaeu ks tubun jl ks tubun no 05 rtb2 kel temanggung kec temanggung kab temanggung 56213 01 12 24 - 15 53 /3 20 fxba - 6395 eno 05 purbasari hi matte 53400 106 800 nescafe coffee drink 7200 57 600 sharon roombutter ch 7000 51 000 mr muscle pembersih 17500 105 000 vitalis body scent 27300 163 800 bango kecap manis re 12500 37 500 munchy sandwich ca 29500 29 500 indomie mi instan go 3100 21 700 harga jual 572 900 total 572 900 tunai 575 000 kembali 100 layanan konsumen sms wa 081 500 280 telp 1500280 kontak indomaret co id belanja lebih mudah di klikindomaret gratis ongkir jam sampai,5313.073803710938,False,0.9024537499444464,590
c:\file akmal\Capstone - Ai Eng - Spendly_ Workspace\data\Groceries\train\images\receipt-054_png_jpg.rf.455b397e5d651148baa986e7924e60f6.jpg,Groceries,sndomaet ks tubun jl ks tubun no 05 rt02 kel temanggung kec temanggung kab temanggung 56213 01 12 24 -15 : 53 3 20 fxba 2306 / nur / 03 indomilk susu cair 17300 86 500 purbasari pembersih 13200 39 600 munchy cookies lex 28900 173 400 chi forest sparkling 9300 900 harga jual 327 400 total 327 400 tunai 330 000 kembali 600 layanan konsumen sms /wa 0811 . 1500 280 telp 1 500280 kontak indomaret co id belanja lebih mudah di klikindomaret gratis ongkir jam sampai 27,4113.939877929687,False,0.9177247669019031,465
c:\file akmal\Capstone - Ai Eng - Spendly_ Workspace\data\Groceries\train\images\receipt-058_png_jpg.rf.beb33c8e5e017af810ec436f1f15ac19.jpg,Groceries,sndomaet ks tubun jl ks tubun no 05 rt02 kel temanggung kec temanggung kab temanggung 56213 01 12 24 -15 : 53 3 20 fxba 1974 /tiwi 03 felinz nourishing ha 40600 162 400 pucelle eau de luxe 29900 119 600 la tulipe functi 60600 181 800 kapal api coffee dri 10 6300 63 000 harga jual 526 800 total 526 800 tunai 530 000 kembali 200 layanan konsumen sms /wa 0811 . 1500 280 telp 500280 kontak indomaret co id belanja lebih mudah di klikindomaret gratis ongkir jam sampai,4073.439365234375,False,0.9363306827765532,466
c:\file akmal\Capstone - Ai Eng - Spendly_ Workspace\data\Groceries\train\images\receipt-059_png_jpg.rf.01a4a35e109b91be61a45201ad66f1ce.jpg,Groceries,ks tubun jl ks tubun no 05 rt02 rw04 kel temanggung kec temanggung kab temanggung 56213 01 12 24 -15 : 53 /3 20 fxba- 4841 / eno / 05 baygon liquid elektr 23000 23 000 dilan sandwich biscu 7800 15 600 ultra susu cair low 8400 50 400 regazza eau de toile 28700 86 100 puck cream cheese sp 31300 156 500 nu irlve mjnuman bene 9800 2/ 900 harga jual 359 500 total 359 500 tunai 360 000 kembali 500 layanan konsumen sms wa 0811 1500 280 telp 1 500280 kontak indomaret co id belanja lebih mudah di klikindomaret gratis ongkir jam sampai,5030.765561523437,False,0.9130094018801145,531
c:\file akmal\Capstone - Ai Eng - Spendly_ Workspace\data\Groceries\train\images\receipt-060_png_jpg.rf.c52a933de013d86ff6466321206e4cdb.jpg,Groceries,"sndomaet ks tubun jl ks tubun no 05 rt02 kel temanggung kec temanggung kab temanggung 56213 01 12 24 -15 : 53 3 20 fxba 4358 / ella 05 fox candy crystal 8800 26 400 ashitaki mi goreng 10 20000 200 000 mama john kue kering 360000 720 000 wow spageti instant 3200 25 600 harga jual 972 , 000 total 972 000 tunai 975 000 kembali 000 layanan konsumen sms /wa 0811 . 1500 280 telp 1 500280 kontak indomaret co id belanja lebih mudah di klikindomaret gratis ongkir jam sampai",4125.2659912109375,False,0.9013069303867304,469
c:\file akmal\Capstone - Ai Eng - Spendly_ Workspace\data\Groceries\train\images\receipt-061_png_jpg.rf.4e11d5ffab8a2be64d71aadfd3f3b4ff.jpg,Groceries,ks tubun jl ks tubun no 05 rt02 kel temanggung kec temanggung kab temanggung 56213 01 12 24 -15 : 53 3 20 fxba 2043 / huda / 02 bayfresh reed diffus 31800 222 600 kopi kenangan hanya 9500 66 500 oreo biskuit dark 10600 10 600 senka perfect whip 80700 80 700 indomaret tas ramah 10 5500 55 000 harga jual 435 400 total 435 400 tunai 440 000 kembali 600 layanan konsumen sms wa 0811 1500 280 telp 1 500280 kontak indomaret co id belanja lebih mudah di klikindomaret gratis ongkir jam sampai,4442.233901367187,False,0.943992303107445,488
c:\file akmal\Capstone - Ai Eng - Spendly_ Workspace\data\Groceries\train\images\receipt-062_png_jpg.rf.b3d4d48c07c7b554092d88d265a71560.jpg,Groceries,ks tubun jl ks tubun no 05 rt02 kel temanggung kec temanggung kab temanggung 56213 01 12 24 - 15 : 53 3 20 fxba - 4292 / eno / 03 so klin detergent ca 13500 13 500 resik - v sabun cair 12500 112 500 indomaret body wash 16000 96 000 so nice sosis siap 5000 15 000 kao biore facial foa 37500 337 500 harga jual 574 500 total 574 500 tunai 575 000 kembali 500 layanan konsumen sms wa 0811 1500 280 telp 1 500280 kontak indomaret co id belanja lebih mudah di klikindomaret gratis ongkir jam sampai,4432.660009765625,False,0.9114562384731527,493
c:\file akmal\Capstone - Ai Eng - Spendly_ Workspace\data\Groceries\train\images\receipt-063_png_jpg.rf.aed7b0afce45838bcc5ccb6e45c1c096.jpg,Groceries,ks tubun jl ks tubun no 05 rt02 kel temanggung kec temanggung kab temanggung 56213 01 12 24 - 15 : 53 3 20 fxba 2149 / eno / 02 good day coffee drin 7700 46 200 pucelle eau de luxe 29900 179 400 mamasuka saus sambal 9500 66 500 wardah everyday lip 30400 60 800 sugus candy stick st 4500 22 500 harga jual 375 400 total 375 400 tunai 380 000 kembali 600 layanan konsumen sms wa 0811 1500 280 telp 1 500280 kontak indomaret co id belanja lebih mudah di klikindomaret gratis ongkir jam sampai,4441.371108398437,False,0.9251161648630966,489
c:\file akmal\Capstone - Ai Eng - Spendly_ Workspace\data\Groceries\train\images\receipt-064_png_jpg.rf.4a58dc028c255ce0e5151b6e30f7fdc5.jpg,Groceries,"indomaret ks tubun jl ks tubun no 05 rt02 rw04 kel temanggung kec temanggung kab temanggung 56213 01 12 24 15 : 53 3 20 /fxba 6200 ella 03 rinso deterjen liqui 49400 444 , 600 harga jual 444 600 total 444 , 600 tunai 445 000 kembali 400 layanan konsumen sms wa 0811 1500 280 telp 1500280 kontak indomaret co id belanja lebih mudah di klikindomaret gratis ongkir jam sampai",3275.480302734375,False,0.9192165014150329,372
c:\file akmal\Capstone - Ai Eng - Spendly_ Workspace\data\Groceries\train\images\receipt-066_png_jpg.rf.9ad168fa9b59c72058ce80d33ae971a7.jpg,Groceries,ks tubun jl ks tubun no 05 rt02 rw04 kel temanggung kec temanggung kab temanggung 56213 01 12 24 -15 : 53 3 20 /fxba - 6120 dona / 04 wardah everyday bb 30900 154 500 nutricake instant ca 17600 52 800 ajinomoto tepung bum 7900 71 100 petal fresh pure sha 133500 400 500 pepsodent pasta gigi 20500 143 500 abc cuffee dklnk mil 3500 31 500 harga jual 853 900 total 853 900 tunai 855 000 kembali 100 layanan konsumen sms wa 0811 1500 280 telp 1 500280 kontak indomaret co id belanja lebih mudah di klikindomaret gratis ongkir jam sampai,5066.734116210938,False,0.9055571443737233,533
c:\file akmal\Capstone - Ai Eng - Spendly_ Workspace\data\Groceries\train\images\receipt-068_png_jpg.rf.74288950200395a72677ce5c8908a3e9.jpg,Groceries,indomaret ks tubun jl ks tubun no 05 rt02 rw04 kel temanggung kec temanggung kab temanggung 56213 01 12 24 15 : 53 3 20 /fxba 6013 /retno /02 bellagio homme spray 40500 40 500 harga jual 40 500 total 40 500 tunai 45 000 kembali 500 layanan konsumen sms wa 0811 1500 280 telp 1500280 kontak indomaret co id belanja lebih mudah di klikindomaret gratis ongkir jam sampai,3268.4696435546875,False,0.9383644607841055,367
c:\file akmal\Capstone - Ai Eng - Spendly_ Workspace\data\Groceries\train\images\receipt-069_png_jpg.rf.c1b580a8fee1104ee9e8b4455fef9f89.jpg,Groceries,indomaret ks tubun jl ks tubun no 05 rt02 rw04 kel temanggung kec temanggung kab temanggung 56213 01 12 24 15 : 53 3 20 /fxba 4455 ella 03 nivea extra bright 48500 291 000 harga jual 291 000 total 291 000 tunai 295 000 kembali 000 layanan konsumen sms wa 0811 1500 280 telp 1500280 kontak indomaret co id belanja lebih mudah di klikindomaret gratis ongkir jam sampai,3278.041962890625,False,0.9359307880657425,366
c:\file akmal\Capstone - Ai Eng - Spendly_ Workspace\data\Groceries\train\images\receipt-072_png_jpg.rf.73436ad376105b4f377bd7302e98b09c.jpg,Groceries,ks tubun jl ks tubun no 05 rt02 rw04 kel temanggung kec temanggung kab temanggung 56213 01 12 24 -15 : 53 3 20 /fxba 2331 / angga /02 philips lampu hemat 72900 145 800 puck cream cheese sp 31300 250 400 garnier men turbo br 10 26500 265 000 garnier skin natural 25700 205 600 herborist lulur trad 18900 170 100 me food 8200 224 600 harga jual 06 7 500 total 061 500 tunai 065 000 kembali 500 layanan konsumen sms wa 0811 1500 280 telp 1500280 kontak indomaret co id belanja lebih mudah di klikindomaret gratis ongkir jam sampai,5136.521879882813,False,0.9091601579148467,527
c:\file akmal\Capstone - Ai Eng - Spendly_ Workspace\data\Groceries\train\images\receipt-075_png_jpg.rf.877e094bb61b43f1e26149bc1309b55e.jpg,Groceries,"sndomaet ks tubun jl ks tubun no 05 rt02 kel temanggung kec temanggung kab temanggung 56213 01 12 24 -15 53 3 20 /fxba 5645 satrio 03 ricola sugar free ca 21800 52 600 dettol antiseptic we 14800 59 200 sensodyne sikat gigi 38000 114 000 bu krim detergent ox 23800 119 000 harga jual 444 , 800 total 444 , 800 tunai 445 000 kembali 200 layanan konsumen sms /wa 0811 . 1500 280 telp 1 500280 kontak indomaret co id belanja lebih mudah di klikindomaret gratis ongkir jam sampai",4122.4182958984375,False,0.902018881854892,474
c:\file akmal\Capstone - Ai Eng - Spendly_ Workspace\data\Groceries\train\images\receipt-076_png_jpg.rf.ec754fe1dcfc5d605314d2e9a2f5b7c8.jpg,Groceries,indomaret ks tubun jl ks tubun no 05 rt02 rw04 kel temanggung kec temanggung kab temanggung 56213 01 12 24 15 : 53 3 20 /fxba 9510 retno /01 louis dessert jolly 317900 317 900 harga jual 317 900 total 317 900 tunai 320 000 kembali 100 layanan konsumen sms wa 0811 1500 280 telp 1500280 kontak indomaret co id belanja lebih mudah di klikindomaret gratis ongkir jam sampai,3257.8881005859375,False,0.9407550601458969,370
c:\file akmal\Capstone - Ai Eng - Spendly_ Workspace\data\Groceries\train\images\receipt-079_png_jpg.rf.7e2d492a606ca0fd5c1fa8098db22a12.jpg,Groceries,sdomaeu ks tubun jl ks tubun no 05 rtb2 kel temanggung kec temanggung kab temanggung 56213 01 12 24 - 15 : 53 3 20 fxba 7150/ angga / 01 vaseline body lotion 30200 211 400 shelly pudding ultah 90900 181 800 sari roti roti tawar 20000 160 000 sabun mandi bata 15500 139 500 ultra susu uht steri 6400 44 800 kokita tauco super 22500 22 500 dayday fresh paprika 33000 198 000 romano eau de toilet 56 500 169 500 harga jual 127 500 total 127 500 tunai 130 000 kembali 500 layanan konsumen sms wa 081 500 280 telp 1500280 kontak indomaret co id belanja lebih mudah di klikindomaret gratis ongkir jam sampai,5339.8621875,False,0.8967569302427328,601
c:\file akmal\Capstone - Ai Eng - Spendly_ Workspace\data\Groceries\train\images\receipt-083_png_jpg.rf.fdc2b9c7787a8b5041f016b101c0ac67.jpg,Groceries,ks tubun jl ks tubun no 05 rt02 rw04 kel temanggung kec temanggung kab temanggung 56213 01 12 24 -15 : 53 3 20 fxba 3978 dona / 03 nestle cereal breakf 23300 23 300 garnier light comple 155000 465 000 saniter personal san 9500 47 500 gery crackers malkis 8600 43 000 so good paha dada 28500 142 500 poise facial foam oi 27500 27 500 puck cream cheese sp 31300 250 400 harga jual 999 200 total 999 200 tunai 000 000 kembali 800 layanan konsumen sms wa 0811 500 280 telp 1 500280 kontak indomaret co id belanja lebih mudah di klikindomaret gratis ongkir jam sampai,5193.086049804688,False,0.9172847949790678,562
c:\file akmal\Capstone - Ai Eng - Spendly_ Workspace\data\Groceries\train\images\receipt-085_png_jpg.rf.49cc433a13828b2612becdefefff9687.jpg,Groceries,ks tubun jl ks tubun no 05 rt0? rwoa kel temanggung kec temanggung kab temanggung 56213 07 12 24 - 15 : 53 3 20 fxba 7408 ella 03 clear shampoo anti 34500 310 500 sj salak madu 19500 97 500 glade car freshener 12900 51 600 mister potato snack 17000 68 000 wall ice cream sel 288 000 ceres hagelslag rice 10 23000 230 000 glico wings ice crea 9000 36 000 maestro wijen sangra 5000 1 5 000 senka perfect whip 65500 131 000 harga jual 227 600 total 227 600 tunai 230 000 kembali 400 layanan konsumen sms /wa 0817 500 280 telp 1500280 kontak indomaret co id belanja lebih mudah di klikindomaret gratis ongkir jam sampai,5808.680185546875,False,0.9167310011518667,615
c:\file akmal\Capstone - Ai Eng - Spendly_ Workspace\data\Groceries\train\images\receipt-087_png_jpg.rf.1b12c64ed26afa6989e7d811378e50de.jpg,Groceries,ks tubun jl ks tubun no 05 rt02 kel temanggung kec temanggung kab temanggung 56213 01 12 24 -15 : 53 3 20 fxba 6009 / angga /03 blue diamond almond 14000 98 000 sosro fruit tea apel 6900 20 700 glade car freshener 12900 77 400 rinso deterjen powde 59900 179 700 wardah lightening po 58700 176 100 harga jual 551 900 total 551 900 tunai 555 000 kembali 100 layanan konsumen sms wa 0811 1500 280 telp 1 500280 kontak indomaret co id belanja lebih mudah di klikindomaret gratis ongkir jam sampai,4486.552602539063,False,0.9387890986128039,492
c:\file akmal\Capstone - Ai Eng - Spendly_ Workspace\data\Groceries\train\images\receipt-088_png_jpg.rf.b58e4313cf8be6bf0a8935107d568b4b.jpg,Groceries,ks tubun jl ks tubun no 05 rt0? rwoa kel temanggung kec temanggung kab temanggung 56213 07 12 24 -15 : 53 3 20 fxba 8210 nisa 02 nestle cereal breakf 27900 83 700 sari ayu penyegar re 10 20400 204 000 diabetasol susu form 164900 164 900 captain oats instant 33700 134 800 rollicious cake snow 423900 423 900 la mere bolu tape pu 225000 450 000 morris eau de parfum 24400 146 400 sari roti roti manis 10 10500 105 000 ellips hair vitamin 95900 191 800 harga jual 904 500 total 904 500 tunai 905 000 kembali 500 layanan konsumen sms /wa 0817 500 280 telp 1500280 kontak indomaret co id belanja lebih mudah di klikindomaret gratis ongkir jam sampai,5897.480786132813,False,0.9140133957769563,645
c:\file akmal\Capstone - Ai Eng - Spendly_ Workspace\data\Groceries\train\images\receipt-089_png_jpg.rf.f655245766de70ade64dca9c6116770e.jpg,Groceries,ks tubun jl ks tubun no 05 rt02 rw04 kel temanggung kec temanggung kab temanggung 56213 01 12 24 -15 : 53 3 20 fxba 2445 rizal 03 make over color stic 118700 237 400 lotte pepero biscuit 10 15600 1 56 000 cadbury dairy milk 26500 185 500 rollicious cake mill 55500 166 500 adaa bakery jajanan 20000 100 mamasuka rumput laut 10 16000 160 000 seiv cangkir anak 31 19900 59 700 harga jual 065 100 total 065 100 tunai 070 000 kembali 900 layanan konsumen sms wa 0811 500 280 telp 1 500280 kontak indomaret co id belanja lebih mudah di klikindomaret gratis ongkir jam sampai,5150.636030273437,False,0.9310524166624287,569
c:\file akmal\Capstone - Ai Eng - Spendly_ Workspace\data\Groceries\train\images\receipt-090_png_jpg.rf.9bfba42f1b29d676581c17b7e4f203b1.jpg,Groceries,sndomaet ks tubun jl ks tubun no 05 rt02 kel temanggung kec temanggung kab temanggung 56213 01 12 24 -15 : 53 3 20 fxba 7882 /gitul 04 buavita juice orange 29300 205 100 morris eau de parfum 43000 43 000 make over ultra cove 168300 168 300 mamasuka saus teriya 5600 93 600 harga jual 510 000 total 510 000 tunai 510 000 kembali layanan konsumen sms /wa 0811 . 1500 280 telp 500280 kontak indomaret co id belanja lebih mudah di klikindomaret gratis ongkir jam sampai,4074.1531298828127,False,0.9384450996829886,465
c:\file akmal\Capstone - Ai Eng - Spendly_ Workspace\data\Groceries\train\images\receipt-091_png_jpg.rf.910020c4517f93c521c0860db88dc866.jpg,Groceries,gndomaret ks f ubun 0293493 33 jl ks tubun no 05 rtb2 kel temanggung kec temanggung kab temanggung 56213 01 12 24 -15 : 53 3 20 fxba 4252 / nur /05 rudy hadisuwarn hair 100300 300 900 nesi le cereal breakf 9100 81 900 harga jual 382 800 total 382 800 tunai 385 000 kembali 200 layanan konsumen sms wa 0811 . 1500 280 telp 1500280 kontak indomaret co id belanja lebih mudah di klikindomaret gratis ongkir jam sampai,3392.674541015625,False,0.8902146896270622,414
c:\file akmal\Capstone - Ai Eng - Spendly_ Workspace\data\Groceries\train\images\receipt-092_png_jpg.rf.690f3a9f6593946aea398df57b2fba03.jpg,Groceries,ks tubun jl ks tubun no 05 rt0? rwoa kel temanggung kec temanggung kab temanggung 56213 01 12 24 - 15 : 53 3 20 fxba 3341 / dwi 03 mamasuka delisaos sa 17300 17 300 antis pembersih tang 15400 15 400 kit auto glass clean 34900 314 100 nextar noir cookies 8600 68 800 mujigae rapokki spic 19700 1 57 600 tirana strawberry fr 16500 148 500 miranda hair color 16500 66 000 scarlet brightly ev 75000 75 000 cimory fresh milk uh 7500 60 000 harga jual 922 700 total 922 700 tunai 925 000 kembali 300 layanan konsumen sms /wa 0817 500 280 telp 1500280 kontak indomaret co id belanja lebih mudah di klikindomaret gratis ongkir jam sampai,5758.352573242188,False,0.9145808605445186,629
c:\file akmal\Capstone - Ai Eng - Spendly_ Workspace\data\Groceries\train\images\receipt-093_png_jpg.rf.fafe39878cb60ba6cae20a7a9d2f104d.jpg,Groceries,gndomaret ks f ubun 0293493 33 jl ks tubun no 05 kel temanggung kec temanggung kab temanggung 56213 01 12 24 -15 : 53 3 20 fxba 6601 / dwi 02 tessa facial tissue 7500 67 500 sari ru 1 awar 20 harga jual 87 500 total 87 500 tunai 90 000 kembali 500 layanan konsumen sms wa 0811 . 1500 280 telp 1500280 kontak indomaret co id belanja lebih mudah di klikindomaret gratis ongkir jam sampai,3301.9646875,False,0.905574734438204,385
c:\file akmal\Capstone - Ai Eng - Spendly_ Workspace\data\Groceries\train\images\receipt-094_png_jpg.rf.440194047a84c51a5791a5c29bf068c7.jpg,Groceries,indomaret ks tubun jl ks tubun no 05 rt02 rw04 kel temanggung kec temanggung kab temanggung 56213 01 12 24 15 : 53 3 20 fxba 3208 eno 01 koepoe koepoe soda 5500 27 500 harga jual 27 500 total 27 500 tunai 30 000 kembali 500 layanan konsumen sms wa 0811 1500 280 telp 1500280 kontak indomaret co id belanja lebih mudah di klikindomaret gratis ongkir jam sampai,3240.9914404296874,False,0.9435853959775174,359
c:\file akmal\Capstone - Ai Eng - Spendly_ Workspace\data\Groceries\train\images\receipt-095_png_jpg.rf.d422b2e4cbb963393346f8fdbf10b72a.jpg,Groceries,sdomareg ks tubun jl ks tubun no 85 rtb2 kel temanggung kec temanggung kab temanggung 56213 01 72 24 -15 : 53 3 20 fxba 71 16 rizal 05 ratu mas lulur 30700 122 800 indocafe coffee mix 17500 87 500 khong guan crackers 12000 48 000 east bali roasted ca 18500 748 000 greenfields uht milk 23700 94 800 wisseugi cat collar 23500 188 000 jeruk murcot china 58400 7 76 800 lo han kuo minuman 10 24200 242 000 nutella jam spread 130900 130 900 rebo kuaci original 17000 1 19 000 harga jual 297 800 total 297 800 tunai 300 000 kembali 200 layanan konsumen sms wa 081 7 1 500 280 telp 1500280 kontak indomaret co id belanja lebia mudah di klikindomaret gratis ongkir jam sampai,6378.870864257812,False,0.8753902171246499,668
c:\file akmal\Capstone - Ai Eng - Spendly_ Workspace\data\Groceries\train\images\receipt-096_png_jpg.rf.fc5e9564f8a26bfa6bab6cdff02abcf1.jpg,Groceries,ks tubun jl ks tubun no 05 rt02 rw04 kel temanggung kec temanggung kab temanggung 56213 01 12 24 -15 : 53 3 20 /fxba 5223 /nur 01 sasa sambal asli 340 20000 40 000 kiky kertas foto cop 23800 142 800 somethinc glow maker 65000 130 000 harga jual 312 800 total 312 800 tunai 315 000 kembali 200 layanan konsumen sms / wa 0811 1500 280 telp 1500280 kontak indomaret co id belanja lebih mudah di klikindomaret gratis ongkir jam sampai,3918.6482275390626,False,0.9284926513156614,430
c:\file akmal\Capstone - Ai Eng - Spendly_ Workspace\data\Groceries\train\images\receipt-097_png_jpg.rf.1a8a0d6c8474eaf2e3adc5239692db58.jpg,Groceries,ks tubun jl ks tubun no 05 rt02 rw04 kel temanggung kec temanggung kab temanggung 56213 01 12 24 -15 : 53 3 20 /fxba 1158 /ibra 05 purbasari lulur mand 10 20500 205 000 mr bread roti sisir 10000 60 000 chief hybrid pomade 153200 306 400 harga jual 571 400 total 571 400 tunai 575 000 kembali 600 layanan konsumen sms / wa 0811 1500 280 telp 1500280 kontak indomaret co id belanja lebih mudah di klikindomaret gratis ongkir jam sampai,3897.2986572265627,False,0.9470770551446387,433
c:\file akmal\Capstone - Ai Eng - Spendly_ Workspace\data\Groceries\train\images\receipt-099_png_jpg.rf.65553cb57d97daf6ccbaf072304ec509.jpg,Groceries,ks tubun jl ks tubun no 05 rt02 rw04 kel temanggung kec temanggung kab temanggung 56213 01 12 24 -15 : 53 3 20 /fxba 8873 / eno/ 02 daily meal nasi jagu 13500 27 000 nu minuman green tea 4900 800 diapet kapsul untuk 10 7900 79 000 harga jual 115 800 total 115 800 tunai 120 000 kembali 200 layanan konsumen sms / wa 0811 1500 280 telp 500280 kontak indomaret co id belanja lebih mudah di klikindomaret gratis ongkir jam sampai,3807.943388671875,False,0.922727688416925,426
c:\file akmal\Capstone - Ai Eng - Spendly_ Workspace\data\Groceries\train\images\receipt-100_png_jpg.rf.a5ac42aa81e84a87e47c7a49a02e5fef.jpg,Groceries,ks tubun jl ks tubun no 05 rt02 kel temanggung kec temanggung kab temanggung 56213 01 12 24 - 15 53 3 20 fxba - 7890 satrio 05 zen anti bacterial 22000 198 000 mutouch shower cream 85200 170 400 chrysanthemum granul 24000 144 000 bagus air freshener 16900 1 18 300 morris eau de parfum 45300 90 600 harga jual 721 300 total 721 300 tunai 725 000 kembali 700 layanan konsumen sms wa 0811 1500 280 telp 1 500280 kontak indomaret co id belanja lebih mudah di klikindomaret gratis ongkir jam sampai,4530.0784375,False,0.9336009899675043,494
c:\file akmal\Capstone - Ai Eng - Spendly_ Workspace\data\Groceries\train\images\receipt-101_png_jpg.rf.47b1c1fdfccd930fc512e8a6681192be.jpg,Groceries,ks tubun jl ks tubun no 05 rt02 rw04 kel temanggung kec temanggung kab temanggung 56213 01 12 24 -15 : 53 3 20 fxba 6363 /satrio 05 me 0 creamy treats 25500 204 000 sari roti roti tawar 18000 126 000 natur hair tonic gin 10 42300 423 000 aice ice cream straw 4500 000 paseo kitchen towel 1 5200 106 400 pro chiz keju chedda 20600 61 800 lemonia minuman sari 43400 303 800 harga jual 234 000 total 234 000 tunai 235 000 kembali 000 layanan konsumen sms wa 0811 500 280 telp 1 500280 kontak indomaret co id belanja lebih mudah di klikindomaret gratis ongkir jam sampai,5163.054887695313,False,0.916712240917231,566
c:\file akmal\Capstone - Ai Eng - Spendly_ Workspace\data\Groceries\train\images\receipt-102_png_jpg.rf.95bccfaaeef731d4cb439b4b4aa074ba.jpg,Groceries,indomaret ks tubun jl ks tubun no 05 rt02 rw04 kel temanggung kec temanggung kab temanggung 56213 01 12 24 15 : 53 3 20 /fxba 3496 ibra 03 joyko glue gl r50 50 3500 10 500 harga jual 10 500 total 10 500 tunai 15 000 kembali 500 layanan konsumen sms wa 0811 1500 280 telp 1500280 kontak indomaret co id belanja lebih mudah di klikindomaret gratis ongkir jam sampai,3224.7369384765625,False,0.9348543194163956,363
c:\file akmal\Capstone - Ai Eng - Spendly_ Workspace\data\Groceries\train\images\receipt-103_png_jpg.rf.45cedddca7039b64fbdb4c57d5d73a30.jpg,Groceries,"indomaret ks tubun jl ks tubun no 05 rt02 rw04 kel temanggung kec temanggung kab temanggung 56213 01 12 24 15 : 53 3 20 fxba 6049 /dwi 04 selection kapas keca 16100 32 200 harga jual 32 200 total 32 200 tunai 35 ,000 kembali 800 layanan konsumen sms wa 0811 1500 280 telp 1500280 kontak indomaret co id belanja lebih mudah di klikindomaret gratis ongkir jam sampai",3254.8063037109373,False,0.9358459008451994,364
c:\file akmal\Capstone - Ai Eng - Spendly_ Workspace\data\Groceries\train\images\receipt-104_png_jpg.rf.5674452a6bb0956e26482daaf18d14d0.jpg,Groceries,sdomaeu ks tubun jl ks tubun no 05 rtb2 kel temanggung kec temanggung kab temanggung 56213 01 12 24 - 15 : 53 /3 20 fxba 3239 / eno /05 stella air freshener 74900 224 700 delfi custas cu 22900 1 74 500 st dalfour selai str 10 42500 425 000 ponds bright beauty 19000 171 000 madame gie always on 16100 80 500 barenbliss start ove 89000 267 000 amo soft drink cola 4200 400 maxicorn snack roast 1 000 44 000 harga jual 335 100 total 335 100 tunai 340 000 kembali 900 layanan konsumen sms wa 081 500 280 telp 1500280 kontak indomaret co id belanja lebih mudah di klikindomaret gratis ongkir jam sampai,5376.321245117188,False,0.9090831764718884,598
c:\file akmal\Capstone - Ai Eng - Spendly_ Workspace\data\Groceries\train\images\receipt-107_png_jpg.rf.ca41f95e66308e3b7a389dc1263e84eb.jpg,Groceries,ks tubun jl ks tubun no 05 rt02 rw04 kel temanggung kec temanggung kab temanggung 56213 01 12 24 -15 : 53 3 20 /fxba 8751 /rizal 05 indomilk susu uht da 5200 36 400 swallow kamper deodo 23600 188 800 sedaap kecap manis 19500 136 500 harga jual 361 700 total 361 700 tunai 365 000 kembali 300 layanan konsumen sms / wa 0811 1500 280 telp 1500280 kontak indomaret co id belanja lebih mudah di klikindomaret gratis ongkir jam sampai,3896.22845703125,False,0.9440310528451518,429
c:\file akmal\Capstone - Ai Eng - Spendly_ Workspace\data\Groceries\train\images\receipt-108_png_jpg.rf.c44b081e41096723e9f70259d555b4dd.jpg,Groceries,gndomaret ks f ubun 0293493 33 jl ks tubun no 05 rtb2 kel temanggung kec temanggung kab temanggung 56213 01 12 24 15 : 53 3 20 /fxba 8453 / retno / 03 abc juice (beli gr 10200 81 600 green valley macarun 145 harga jual 226 600 total 226 600 tunai 230 000 kembali 400 layanan konsumen sms wa 0811 . 1500 280 telp 1500280 kontak indomaret co id belanja lebih mudah di klikindomaret gratis ongkir jam sampai,3390.8291943359377,False,0.9088174937491558,404
c:\file akmal\Capstone - Ai Eng - Spendly_ Workspace\data\Groceries\train\images\receipt-109_png_jpg.rf.234d030c922f17b69488f19a38dca774.jpg,Groceries,ks tubun jl ks tubun no 05 rt02 rw04 kel temanggung kec temanggung kab temanggung 56213 01 12 24 -15 : 53 3 20 /fxba 6632 ibra 03 indomie mi instan go 3100 12 400 maxlife kitten tuna 10 7500 75 000 ceres hagelslag rice 10800 32 400 harga jual 119 800 total 119 800 tunai 120 000 kembali 200 layanan konsumen sms / wa 0811 1500 280 telp 1500280 kontak indomaret co id belanja lebih mudah di klikindomaret gratis ongkir jam sampai,3830.3715966796876,False,0.9376789905216872,428
c:\file akmal\Capstone - Ai Eng - Spendly_ Workspace\data\Groceries\train\images\receipt-110_png_jpg.rf.5a1ea575fca52465f9fdc26f66aee92b.jpg,Groceries,ks tubun jl ks tubun no 05 rt02 rw04 kel temanggung kec temanggung kab temanggung 56213 01 12 24 -15 : 53 3 20 /fxba 1266 ibra 03 cimory yoghurt squee 10 8500 85 000 a w soft drink sarsa 6300 18 900 kapal api coffee dri 10 6300 63 000 harga jual 166 900 total 166 900 tunai 170 000 kembali 100 layanan konsumen sms / wa 0811 1500 280 telp 500280 kontak indomaret co id belanja lebih mudah di klikindomaret gratis ongkir jam sampai,3872.5524853515626,False,0.9368145238539516,430
c:\file akmal\Capstone - Ai Eng - Spendly_ Workspace\data\Groceries\train\images\receipt-112_png_jpg.rf.20b8c11352bf7d4eb53cca1094b3e73e.jpg,Groceries,indomaret ks tubun jl ks tubun no 05 rt02 rw04 kel temanggung kec temanggung kab temanggung 56213 01 12 24 15 : 53 3 20 /fxba 6069 /pinka 03 mamasuka rumput laut 16000 96 000 harga jual 96 000 total 96 000 tunai 100 000 kembali 000 layanan konsumen sms wa 0811 1500 280 telp 1500280 kontak indomaret co id belanja lebih mudah di klikindomaret gratis ongkir jam sampai,3274.5859375,False,0.9450028777663279,367
c:\file akmal\Capstone - Ai Eng - Spendly_ Workspace\data\Groceries\train\images\receipt-113_png_jpg.rf.6c157650611fc1e3098c190ca8d599b1.jpg,Groceries,ks tubun jl ks tubun no 05 rt02 kel temanggung kec temanggung kab temanggung 56213 01 12 24 - 15 53 3 20 fxba - 4666 / nur / 04 heinz korean gourmet 9500 66 500 elpiji bright tabu 709000 418 000 scotch transparent 15500 108 500 la mere manna cake 50000 50 000 shantos romeo classi 23900 119 500 harga jual 762 500 total 762 500 tunai 765 000 kembali 500 layanan konsumen sms wa 0811 1500 280 telp 1 500280 kontak indomaret co id belanja lebih mudah di klikindomaret gratis ongkir jam sampai,4495.082631835938,False,0.933952232803697,490
c:\file akmal\Capstone - Ai Eng - Spendly_ Workspace\data\Groceries\train\images\receipt-114_png_jpg.rf.e29da0af68b8362fdd65ae675dac6534.jpg,Groceries,ks tubun jl ks tubun no 05 rt02 rw04 kel temanggung kec temanggung kab temanggung 56213 01 12 24 - 15 53 3 20 fxba 3854 / nisa 02 yupi candy gummy noo 3600 28 800 nestle koko krunch 10 3900 39 000 stella air freshener 35900 251 300 oreo biskuit strawbe 9500 19 000 fres natural fragr 13100 104 800 ceres choco spread 46700 140 100 wall ice cream cor 13500 54 000 harga jual 637 000 total 637 000 tunai 640 000 kembali 000 layanan konsumen sms wa 0811 500 280 telp 1 500280 kontak indomaret co id belanja lebih mudah di klikindomaret gratis ongkir jam sampai,5133.452451171875,False,0.927795321355579,557
c:\file akmal\Capstone - Ai Eng - Spendly_ Workspace\data\Groceries\train\images\receipt-115_png_jpg.rf.2f866bba7e1356197abd5328e63fda1f.jpg,Groceries,"sndomaet ks tubun jl ks tubun no 05 rt02 kel temanggung kec temanggung kab temanggung 56213 01 12 24 -15 : 53 3 20 fxba 4006 / ella 05 so kl in softergent 30200 30 200 tango wafer long van 8700 52 200 delfi crackers ric 12700 50 800 gatsby texturizing 41600 41 600 harga jual 174 , 800 total 174 , 800 tunai 175 000 kembali 200 layanan konsumen sms /wa 0811 . 1500 280 telp 1 500280 kontak indomaret co id belanja lebih mudah di klikindomaret gratis ongkir jam sampai",4034.67783203125,False,0.9064157032685213,467
c:\file akmal\Capstone - Ai Eng - Spendly_ Workspace\data\Groceries\train\images\receipt-116_png_jpg.rf.655aceb4f5112367a35bacc3b21cff15.jpg,Groceries,ks tubun jl ks tubun no 05 rt02 kel temanggung kec temanggung kab temanggung 56213 01 12 24 - 15 53 3 20 fxba - 1027 / nur / 05 sensodyne pasta gigi 23100 167 700 cap lang minyak kayu 29900 209 300 anmum susu bubuk ibu 92500 92 500 so klin pembersih la 13700 13 700 green sands soft dri 6400 44 800 harga jual 522 000 total 522 000 tunai 525 000 kembali 000 layanan konsumen sms wa 0811 1500 280 telp 1 500280 kontak indomaret co id belanja lebih mudah di klikindomaret gratis ongkir jam sampai,4473.977475585937,False,0.9195807486610824,494
c:\file akmal\Capstone - Ai Eng - Spendly_ Workspace\data\Groceries\train\images\receipt-117_png_jpg.rf.bb05cab6185cb21cc89d49814e601e56.jpg,Groceries,ks tubun jl ks tubun no 05 rt02 rw04 kel temanggung kec temanggung kab temanggung 56213 01 12 24 -15 : 53 3 20 /fxba 4977 / angga 03 le minerale air mine 21500 172 000 ponds sun serum uv 29500 265 500 strepsils candy 22000 154 000 harga jual 591 500 total 591 500 tunai 595 000 kembali 500 layanan konsumen sms / wa 0811 1500 280 telp 500280 kontak indomaret co id belanja lebih mudah di klikindomaret gratis ongkir jam sampai,3905.5927099609376,False,0.9325645622046321,426
c:\file akmal\Capstone - Ai Eng - Spendly_ Workspace\data\Groceries\train\images\receipt-118_png_jpg.rf.253e11b4558fbc6ef261930384b5ba93.jpg,Groceries,ks tubun jl ks tubun no 05 rt02 kel temanggung kec temanggung kab temanggung 56213 01 12 24 - 15 : 53 3 20 fxba - 9595 / nur / 04 cabe koyo kecil 10 17900 125 300 hydro coco natural 15500 124 000 zinc shampoo anti ke 23900 143 400 indomaret gula aren 9800 39 200 hada labo gokujyun 49000 294 000 harga jual 725 900 total 725 900 tunai 730 000 kembali 100 layanan konsumen sms wa 0811 1500 280 telp 1 500280 kontak indomaret co id belanja lebih mudah di klikindomaret gratis ongkir jam sampai,4448.677568359375,False,0.9287347004971137,491
c:\file akmal\Capstone - Ai Eng - Spendly_ Workspace\data\Groceries\train\images\receipt-120_png_jpg.rf.9749c28036e0b2386cc27882c5363e1f.jpg,Groceries,ks tubun jl ks tubun no 05 rt02 rw04 kel temanggung kec temanggung kab temanggung 56213 01 12 24 -15 : 53 3 20 fxba 1435 ella 05 confidence adult pan 149900 449 700 indofood kecap refil 17400 52 200 cimory yogurt drink 10 9200 92 000 la fancy paprika bub 10 22500 225 000 my vla bubuk instan 6900 13 800 make over eye liner 98100 98 100 makarizo advisor spr 89000 267 000 harga jual 197 800 total 197 800 tunai 200 000 kembali 200 layanan konsumen sms wa 0811 500 280 telp 1 500280 kontak indomaret co id belanja lebih mudah di klikindomaret gratis ongkir jam sampai,5096.95041015625,False,0.9302366771192768,566
c:\file akmal\Capstone - Ai Eng - Spendly_ Workspace\data\Groceries\train\images\receipt-121_png_jpg.rf.342fd6b6fa269bd5ebc5ba5f4bd9db7c.jpg,Groceries,sdomaeu ks tubun jl ks tubun no 05 rtb2 kel temanggung kec temanggung kab temanggung 56213 01 12 24 - 15 : 53 3 20 fxba 3854 / huda / 05 sariwangi teh celup 13000 104 000 oreo dutch cocoa waf 10 10100 101 000 indomie mi instan so 3100 18 600 gatsby hair styling 31900 255 200 mixagrip obat sakit 3200 16 000 mutouch shower cream 83200 166 400 wardah exclusive moi 47000 282 000 kobe bon cabe sambal 15500 62 000 harga jual 005 200 total 005 200 tunai 010 000 kembali 800 layanan konsumen sms wa 081 500 280 telp 1500280 kontak indomaret co id belanja lebih mudah di klikindomaret gratis ongkir jam sampai,5396.092001953125,False,0.9228978017400953,604
c:\file akmal\Capstone - Ai Eng - Spendly_ Workspace\data\Groceries\train\images\receipt-123_png_jpg.rf.b7ef67b319e5779fac1d5fbc6cb00b3a.jpg,Groceries,ks tubun jl ks tubun no 05 rt02 rw04 kel temanggung kec temanggung kab temanggung 56213 01 12 24 - 15 : 53 3 20 fxba 6928 dwi 01 joyday joy klik 85800 257 400 kikkoman kecap asin 21000 84 000 nutrijell konnyaku 10 6500 65 000 paseo travel pack ti 6200 55 800 wardah instaperfect 95000 285 hydro coco natural 8500 42 500 morin jam hazelnut 29100 58 200 harga jual 847 900 total 847 900 tunai 850 000 kembali 100 layanan konsumen sms wa 0811 500 280 telp 1 500280 kontak indomaret co id belanja lebih mudah di klikindomaret gratis ongkir jam sampai,5020.4363623046875,False,0.9287916029018525,546
c:\file akmal\Capstone - Ai Eng - Spendly_ Workspace\data\Groceries\train\images\receipt-124_png_jpg.rf.959225faa4e0e4fabed738280087db17.jpg,Groceries,ks tubun jl ks tubun no 05 rt02 kel temanggung kec temanggung kab temanggung 56213 01 12 24 - 15 53 3 20 fxba - 5070 karren 04 sayang deterjen liqu 13900 27 800 sedaap mie instant 10 3000 30 000 fres natural eau 29900 89 700 tessa facial tissue 21300 106 500 bumilangit komik man 189000 378 000 harga jual 632 000 total 632 000 tunai 635 000 kembali 000 layanan konsumen sms wa 0811 1500 280 telp 1 500280 kontak indomaret co id belanja lebih mudah di klikindomaret gratis ongkir jam sampai,4531.3699560546875,False,0.9302925181709598,490
c:\file akmal\Capstone - Ai Eng - Spendly_ Workspace\data\Groceries\train\images\receipt-125_png_jpg.rf.5f434647f469b8bc739174902b9e9936.jpg,Groceries,sndomaet ks tubun jl ks tubun no 05 rt02 kel temanggung kec temanggung kab temanggung 56213 01 12 24 -15 : 53 3 20 / fxba 3162 /nisa 01 fresly air freshener 30900 92 700 sari roti sandwich 6000 12 000 cat choize adult cat 6500 52 000 indomaret snack kaca 11600 69 600 harga jual 226 300 total 226 300 tunai 230 000 kembali 700 layanan konsumen sms /wa 0811 . 1500 280 telp 1 500280 kontak indomaret co id belanja lebih mudah di klikindomaret gratis ongkir jam sampai,4086.4839599609377,False,0.9149055120875799,466
c:\file akmal\Capstone - Ai Eng - Spendly_ Workspace\data\Groceries\train\images\receipt-126_png_jpg.rf.9f10cfbc9a6e757fba21a902e41d4da6.jpg,Groceries,ks tubun jl ks tubun no 05 rt02 kel temanggung kec temanggung kab temanggung 56213 01 12 24 - 15 : 53 3 20 fxba - 4224 / dwi 04 prenagen esensis sus 37600 263 200 kraft keju cheddar 5500 38 500 kao biore uv aqua ri 10 41300 413 000 gmp gula pasir 1kg 17500 17 500 axe deodorant bodysp 34900 209 400 harga jual 941 600 total 941 600 tunai 945 000 kembali 400 layanan konsumen sms wa 0811 1500 280 telp 1 500280 kontak indomaret co id belanja lebih mudah di klikindomaret gratis ongkir jam sampai,4469.199926757812,False,0.9308877826673804,494
c:\file akmal\Capstone - Ai Eng - Spendly_ Workspace\data\Groceries\train\images\receipt-128_png_jpg.rf.18644ad3bf886a84f0c6dc4870d65131.jpg,Groceries,sdomaeu ks tubun jl ks tubun no 05 rtb2 kel temanggung kec temanggung kab temanggung 56213 01 12 24 - 15 : 53 3 20 fxba 4343 / karren 05 khong guan crackers 12500 37 500 kopi kenangan hanya 9500 500 hannochs bohlam lamp 33900 203 400 dilan choco crunchy 13000 97 000 yeo drink winter 7500 45 000 milo healty drink ac 27000 189 000 scarlett glowtening 75000 225 000 paseo wet tissue bel 10400 31 200 harga jual 831 600 total 837 600 tunai 835 000 kembali 400 layanan konsumen sms wa 081 500 280 telp 1500280 kontak indomaret co id belanja lebih mudah di klikindomaret gratis ongkir jam sampai,5314.79595703125,False,0.9175079631231976,591
c:\file akmal\Capstone - Ai Eng - Spendly_ Workspace\data\Groceries\train\images\receipt-129_png_jpg.rf.e62f4956db51996b1f5de06cfa44e8f2.jpg,Groceries,ks tubun jl ks tubun no 05 rt02 rw04 kel temanggung kec temanggung kab temanggung 56213 01 12 24 -15 : 53 / 3 20 /fxba 2507 / ella/ 04 swallow globe agar 5500 33 000 rinso kapsul matic 48900 293 400 kiip rectangular thi 18500 166 500 indomaret keripik si 11900 35 700 pixy loose powder uv 32900 230 300 sensodyne 13800 82 800 harga jual 847 700 total 841 700 tunai 845 000 kembali 300 layanan konsumen sms wa 0811 1500 280 telp 1 500280 kontak indomaret co id belanja lebih mudah di klikindomaret gratis ongkir jam sampai,5118.194750976562,False,0.9152708010225061,521
c:\file akmal\Capstone - Ai Eng - Spendly_ Workspace\data\Groceries\train\images\receipt-130_png_jpg.rf.cc303731260222b16de636bf3400df8f.jpg,Groceries,ks tubun jl ks tubun no 05 rt02 rw04 kel temanggung kec temanggung kab temanggung 56213 01 12 24 - 15 : 53 3 20 fxba - 4911 / karren 03 fitbar tiramisu fitb 5400 37 800 indomie mie instant 3100 300 gajah lemari penghil 7100 56 800 gillette razor blue 14500 130 500 wardah exclusive moi 47000 376 000 nlce faclal 1 lssue 45400 408 600 harga jual 019 800 total 019 000 tunai 020 000 kembali 000 layanan konsumen sms wa 0811 1500 280 telp 1500280 kontak indomaret co id belanja lebih mudah di klikindomaret gratis ongkir jam sampai,5044.106748046875,False,0.9114281053064438,528
c:\file akmal\Capstone - Ai Eng - Spendly_ Workspace\data\Groceries\train\images\receipt-131_png_jpg.rf.a06b0dc5055940ab8740e72c4d992726.jpg,Groceries,sndomaet ks tubun jl ks tubun no 05 rt02 kel temanggung kec temanggung kab temanggung 56213 01 12 24 -15 : 53 3 20 / fxba 3564 / pinka 04 stationary diy brick 24900 124 500 hada labo shirojyun 60000 120 000 bola dunia agar agar 10 5500 55 000 silver queen chocola 20900 88 100 harga jual 487 600 total 487 600 tunai 490 000 kembali 400 layanan konsumen sms /wa 0811 . 1500 280 telp 1 500280 kontak indomaret co id belanja lebih mudah di klikindomaret gratis ongkir jam sampai,4130.678642578125,False,0.9291507140456521,475
c:\file akmal\Capstone - Ai Eng - Spendly_ Workspace\data\Groceries\train\images\receipt-132_png_jpg.rf.37177efb9186862df0ed0eb4952c5dd6.jpg,Groceries,ks tubun jl ks tubun no 05 rt02 rw04 kel temanggung kec temanggung kab temanggung 56213 01 12 24 -15 : 53 3 20 /fxba 5459 tiwi 01 bango kecap manis 27 24500 49 000 aice ice cream choco 6500 45 500 la fonte spaghetti 10000 40 000 kao attack detergent 27800 139 000 nice multi purposes 10100 80 800 delmoni e boba mllk 10500 42 000 harga jual 396 300 total 396 300 tunai 400 000 kembali 700 layanan konsumen sms wa 0811 1500 280 telp 1500280 kontak indomaret co id belanja lebih mudah di klikindomaret gratis ongkir jam sampai,5060.032524414062,False,0.9020599457149814,524
c:\file akmal\Capstone - Ai Eng - Spendly_ Workspace\data\Groceries\train\images\receipt-133_png_jpg.rf.5b60d631acf4364b324fe11daebfa964.jpg,Groceries,sdomaeu ks tubun jl ks tubun no 05 rtb2 kel temanggung kec temanggung kab temanggung 56213 01 12 24 - 15 : 53 3 20 fxba 7243 / retno /03 prime bread prime ch 4500 000 sasa bumbu masak 250 15900 79 500 sumber ayu pembersih 26900 161 400 indoeskrim ice cream 6000 36 000 fox candy crystal 8800 70 400 swallow kamper fruit 24400 146 400 madame gie magnifiqu 16180 128 800 mixagrip obat sakit 10 3200 32 000 harga jual 663 500 total 663 500 tunai 665 000 kembali 500 layanan konsumen sms wa 081 500 280 telp 1500280 kontak indomaret co id belanja lebih mudah di klikindomaret gratis ongkir jam sampai,5370.971220703125,False,0.921690175649837,596
c:\file akmal\Capstone - Ai Eng - Spendly_ Workspace\data\Groceries\train\images\receipt-134_png_jpg.rf.2a1ca7a8a5665bdd9bdf4de838a632b9.jpg,Groceries,indomaret ks tubun jl ks tubun no 05 rt02 rw04 kel temanggung kec temanggung kab temanggung 56213 01 12 24 15 : 53 3 20 /fxba 7829 /pinka 04 sticker education 12700 63 500 harga jual 63 500 total 63 500 tunai 65 000 kembali 500 layanan konsumen sms wa 0811 1500 280 telp 1500280 kontak indomaret co id belanja lebih mudah di klikindomaret gratis ongkir jam sampai,3239.255234375,False,0.9385735179809588,363
c:\file akmal\Capstone - Ai Eng - Spendly_ Workspace\data\Groceries\train\images\receipt-135_png_jpg.rf.b5f13c684068b2fca5a3157298f8146b.jpg,Groceries,ks tubun jl ks tubun no 05 rt02 kel temanggung kec temanggung kab temanggung 56213 01 12 24 -15 : 53 3 20 fxba 3375 nisa 05 anlene gold plus 5x 47900 431 100 indomaret adult cat 7200 36 000 milo healthy drink 105000 315 000 head shoulders sha 38900 350 100 confidence adult dia 201900 403 800 harga jual 536 000 total 536 000 tunai 540 000 kembali 000 layanan konsumen sms wa 0811 1500 280 telp 1 500280 kontak indomaret co id belanja lebih mudah di klikindomaret gratis ongkir jam sampai,4530.2076171875,False,0.934931586664262,488
c:\file akmal\Capstone - Ai Eng - Spendly_ Workspace\data\Groceries\train\images\receipt-139_png_jpg.rf.bc8fafc8bdf89556f53491969e9f4565.jpg,Groceries,sndomaet ks tubun jl ks tubun no 05 rt02 kel temanggung kec temanggung kab temanggung 56213 01 12 24 -15 : 53 3 20 / fxba 6620 iban 03 napoleon eau de parf 56000 112 000 makarizo hair scal 86000 86 000 emina glossy stain 55900 111 800 selma blanched almon 56500 56 500 harga jual 366 300 total 366 300 tunai 370 000 kembali 700 layanan konsumen sms /wa 0811 . 1500 280 telp 1 500280 kontak indomaret co id belanja lebih mudah di klikindomaret gratis ongkir jam sampai,4104.055673828125,False,0.9249071692907546,467
c:\file akmal\Capstone - Ai Eng - Spendly_ Workspace\data\Groceries\train\images\receipt-142_png_jpg.rf.eda143c222d8966b683c40e354f0e36e.jpg,Groceries,"ks tubun jl ks tubun no 05 rt02 rw04 kel temanggung kec temanggung kab temanggung 56213 01 12 24 -15 : 53 3 20 /fxba 6123 /retno /03 louis dessert christ 285000 570 000 indomaret wet tissue 14100 70 500 tong garden salted 20000 120 000 harga jual 760 500 total 760, 500 tunai 765 000 kembali 500 layanan konsumen sms / wa 0811 1500 280 telp 1500280 kontak indomaret co id belanja lebih mudah di klikindomaret gratis ongkir jam sampai",3931.4315380859375,False,0.9350277403634303,433
c:\file akmal\Capstone - Ai Eng - Spendly_ Workspace\data\Groceries\train\images\receipt-143_png_jpg.rf.494706150d9e1baffdea9c1444d421da.jpg,Groceries,ks tubun jl ks tubun no 05 rt02 kel temanggung kec temanggung kab temanggung 56213 01 12 24 -15 : 53 3 20 fxba - 4154 / huda / 02 kopi kenangan hanya 7500 22 500 pak tani gunung tepu 13700 68 500 so good chicken nugg 27000 54 000 so klin detergent ca 23500 1 17 500 herbal essences cond 104200 312 600 harga jual 575 100 total 575 100 tunai 580 000 kembali 900 layanan konsumen sms wa 0811 1500 280 telp 1 500280 kontak indomaret co id belanja lebih mudah di klikindomaret gratis ongkir jam sampai,4478.487241210937,False,0.9308110357353029,497
c:\file akmal\Capstone - Ai Eng - Spendly_ Workspace\data\Groceries\train\images\receipt-146_png_jpg.rf.26c4a75ab0a123b619f7f957da1131ed.jpg,Groceries,sdomareg ks tubun jl ks tubun no 85 rtb2 kel temanggung kec temanggung kab temanggung 56213 01 72 24 -15 : 53 3 20 fxba 7820 retno 05 mentholatum lip ice 30500 244 000 s0 klin detergent ca 13500 54 000 coca cola soft drink 6300 37 800 indomaret gummy choc 9300 65 100 kao biore facial foa 37500 262 500 max tea instant drin 13500 40 500 sosro fruit tea x tr 6900 20 700 sasa bumbu nasi gore 10 2200 22 000 natur pencuci rambut 33900 135 600 larisst stik gandum 10900 98 100 harga jual 980 300 total 980 300 tunai 985 000 kembali 700 layanan konsumen sms wa 081 7 1 500 280 telp 1500280 kontak indomaret co id belanja lebia mudah di klikindomaret gratis ongkir jam sampai,6336.943627929688,False,0.9060123518438309,670
c:\file akmal\Capstone - Ai Eng - Spendly_ Workspace\data\Groceries\train\images\receipt-147_png_jpg.rf.35822cbf9479fdc956a732dee10c5120.jpg,Groceries,indomaret ks tubun jl ks tubun no 05 rt02 rw04 kel temanggung kec temanggung kab temanggung 56213 01 12 24 15 : 53 3 20 /fxba 9271 angga 01 adaa bakery jajanan 20000 180 000 harga jual 180 000 total 180 000 tunai 180 000 kembali layanan konsumen sms wa 0811 1500 280 telp 1500280 kontak indomaret co id belanja lebih mudah di klikindomaret gratis ongkir jam sampai,3252.7166845703123,False,0.9400226972049417,364
c:\file akmal\Capstone - Ai Eng - Spendly_ Workspace\data\Groceries\train\images\receipt-148_png_jpg.rf.699bcdf5ea004bb406fefc2bcdb4394f.jpg,Groceries,ks tubun jl ks tubun no 05 rt02 kel temanggung kec temanggung kab temanggung 56213 01 12 24 -15 : 53 3 20 fxba 6241 /pinka 03 cadbury dairy milk 10000 10 000 gentle gen deterjen 10000 40 000 selamat wafer double 15900 300 indomaret lakban ben 13500 108 000 sharon dora yaki cho 6000 54 000 harga jual 323 300 total 323 300 tunai 325 000 kembali 700 layanan konsumen sms wa 0811 1500 280 telp 1 500280 kontak indomaret co id belanja lebih mudah di klikindomaret gratis ongkir jam sampai,4466.082954101563,False,0.9312481653811089,485
c:\file akmal\Capstone - Ai Eng - Spendly_ Workspace\data\Groceries\train\images\receipt-149_png_jpg.rf.29a0c4de70fc120fa7fcf61f6bf22a41.jpg,Groceries,ks tubun jl ks tubun no 05 rt02 rw04 kel temanggung kec temanggung kab temanggung 56213 01 12 24 -15 : 53 3 20 fxba 5909 /tiwi 02 isoplus minuman isot 3300 900 super white coffee 99800 199 600 makarizo hair energy 27500 137 500 charm pembalut herba 10 19200 1 92 000 wonhae instant fried 13500 27 biscuit nyam nyam fa 4700 18 800 golden farm mixed ve 34500 276 000 harga jual 860 800 total 860 800 tunai 865 000 kembali 200 layanan konsumen sms wa 0811 500 280 telp 1 500280 kontak indomaret co id belanja lebih mudah di klikindomaret gratis ongkir jam sampai,5124.433994140625,False,0.9320778317240709,559
c:\file akmal\Capstone - Ai Eng - Spendly_ Workspace\data\Groceries\train\images\receipt-150_png_jpg.rf.5272a64b60826b7f0f748448484b8b1a.jpg,Groceries,gndomaret ks f ubun 0293493 33 jl ks tubun no 05 rtb2 kel temanggung kec temanggung kab temanggung 56213 01 12 24 15 : 53 3 20 /fxba 3249 / retno / 03 chomp chomp marshmal 9900 39 600 morrls eau de parfum 10 45300 453 harga jual 492 600 total 492 600 tunai 495 000 kembali 400 layanan konsumen sms wa 0811 . 1500 280 telp 1500280 kontak indomaret co id belanja lebih mudah di klikindomaret gratis ongkir jam sampai,3409.1435546875,False,0.9115526020642202,414
c:\file akmal\Capstone - Ai Eng - Spendly_ Workspace\data\Groceries\train\images\receipt-151_png_jpg.rf.96069620e385acdbd015a11c9375dbf9.jpg,Groceries,ks tubun jl ks tubun no 05 rt02 rw04 kel temanggung kec temanggung kab temanggung 56213 01 12 24 -15 : 53 3 20 /fxba 9451 / iban 01 entrasol active susu 30200 30 200 fox candy oval her 6700 46 900 deli school correcti 10000 30 000 harga jual 107 100 total 107 100 tunai 110 000 kembali 900 layanan konsumen sms / wa 0811 1500 280 telp 1500280 kontak indomaret co id belanja lebih mudah di klikindomaret gratis ongkir jam sampai,3840.924833984375,False,0.9372620262938706,427
c:\file akmal\Capstone - Ai Eng - Spendly_ Workspace\data\Groceries\train\images\receipt-152_png_jpg.rf.426c213fdfdc908d4919a2b841826923.jpg,Groceries,sdomaeu ks tubun jl ks tubun no 05 rtb2 kel temanggung kec temanggung kab temanggung 56213 01 12 24 - 15 : 53 3 20 fxba 8105 iban 05 paseo facial tissue 15000 30 000 fitri margarine serb 5000 25 000 rollicious cake basi 484400 968 800 clean clear foamin 19400 77 600 mamasuka saus topokk 7100 21 300 bagus sapu lantai ty 70700 212 100 yopokki halal origin 29900 149 500 indomaret note book 25300 202 400 harga jual 686 700 total 686 700 tunai 690 000 kembali 300 layanan konsumen sms wa 081 500 280 telp 1500280 kontak indomaret co id belanja lebih mudah di klikindomaret gratis ongkir jam sampai,5410.558881835937,False,0.9239928880452977,596
c:\file akmal\Capstone - Ai Eng - Spendly_ Workspace\data\Groceries\train\images\receipt-153_png_jpg.rf.e9dc45000d6ba24d6d3269ecb0aff16c.jpg,Groceries,sndomaet ks tubun jl ks tubun no 05 rt02 kel temanggung kec temanggung kab temanggung 56213 01 12 24 -15 : 53 3 20 fxba 2774 / huda 02 rose brand gula pasi 7500 122 500 sasa house kari jepa 9200 200 sunsilk shampoo soft 27300 109 200 pepsodent action 123 25900 55 400 harga jual 396 300 total 396 300 tunai 400 000 kembali 700 layanan konsumen sms /wa 0811 . 1500 280 telp 1 500280 kontak indomaret co id belanja lebih mudah di klikindomaret gratis ongkir jam sampai,4121.288310546875,False,0.9191717835528233,466
c:\file akmal\Capstone - Ai Eng - Spendly_ Workspace\data\Groceries\train\images\receipt-154_png_jpg.rf.f1299a677f50507666ccbdd8ee83e28c.jpg,Groceries,indomaret ks tubun jl ks tubun no 05 rt02 rw04 kel temanggung kec temanggung kab temanggung 56213 01 12 24 15 : 53 3 20 /fxba 7956 / nisa 05 hansaplast plester 16500 66 000 harga jual 66 000 total 66 000 tunai 70 000 kembali 000 layanan konsumen sms wa 0811 1500 280 telp 1500280 kontak indomaret co id belanja lebih mudah di klikindomaret gratis ongkir jam sampai,3250.7426025390623,False,0.9409283098696798,364
c:\file akmal\Capstone - Ai Eng - Spendly_ Workspace\data\Groceries\train\images\receipt-155_png_jpg.rf.997ceb1b392776fb4d7b2d2636bf74a6.jpg,Groceries,ks tubun jl ks tubun no 05 rt02 kel temanggung kec temanggung kab temanggung 56213 01 12 24 -15 : 53 3 20 fxba 7015 pinka 04 hanasui flawless glo 32500 130 000 campina ice cream co 6000 12 000 aqua air mineral cli 7000 35 000 mc cormick oregano 10 31200 312 000 stella air freshener 35900 251 300 harga jual 740 300 total 740 300 tunai 745 000 kembali 700 layanan konsumen sms wa 0811 1500 280 telp 1 500280 kontak indomaret co id belanja lebih mudah di klikindomaret gratis ongkir jam sampai,4499.179443359375,False,0.9371504753798731,492
c:\file akmal\Capstone - Ai Eng - Spendly_ Workspace\data\Groceries\train\images\receipt-156_png_jpg.rf.5f7d6c1cef82c7c1f86c4dcc7b0aeb93.jpg,Groceries,sndomaet ks tubun jl ks tubun no 05 rt02 kel temanggung kec temanggung kab temanggung 56213 01 12 24 -15 : 53 3 20 fxba 7078 /eno / 03 casablanca body spra 25900 51 800 khong guan chocolate 25000 50 000 me 0 cat food tuna 18900 113 400 cadbury dairy milk 10 16500 165 000 harga jual 380 200 total 380 200 tunai 385 000 kembali 800 layanan konsumen sms /wa 0811 . 1500 280 telp 1 500280 kontak indomaret co id belanja lebih mudah di klikindomaret gratis ongkir jam sampai,4111.1498828125,False,0.9250623113007719,470
c:\file akmal\Capstone - Ai Eng - Spendly_ Workspace\data\Groceries\train\images\receipt-158_png_jpg.rf.1bb3553685b256ff33648c58510ff829.jpg,Groceries,ks tubun jl ks tubun no 05 rt02 kel temanggung kec temanggung kab temanggung 56213 01 12 24 -15 : 53 3 20 fxba 6387 / nisa 03 blue diamond al mond 45500 273 000 paseo travel pack ti 6200 18 600 tango wafer chocolat 10 8700 87 000 indomaret charmant 9200 18 400 neo hormoviton energ 6400 32 000 harga jual 429 000 total 429 000 tunai 430 000 kembali 000 layanan konsumen sms wa 0811 1500 280 telp 1 500280 kontak indomaret co id belanja lebih mudah di klikindomaret gratis ongkir jam sampai,4463.382602539063,False,0.9326288503642147,489
c:\file akmal\Capstone - Ai Eng - Spendly_ Workspace\data\Groceries\train\images\receipt-160_png_jpg.rf.22a756fbceec6f89024bc7f895381274.jpg,Groceries,ks tubun jl ks tubun no 05 rt02 rw04 kel temanggung kec temanggung kab temanggung 56213 01 12 24 - 15 : 53 3 20 fxba - 5789 / eno / 03 majestyk donat sate 11000 7 7 000 kao biore uv aqua ri 41300 123 900 ceres spread 46700 420 300 espe larutan penyega 8000 32 000 aice ice cream cooki 13500 108 unibis biscuits bonb 9900 79 200 nivea facial foam fo 43000 172 000 harga jual 946 400 total 946 400 tunai 950 000 kembali 600 layanan konsumen sms wa 0811 500 280 telp 1 500280 kontak indomaret co id belanja lebih mudah di klikindomaret gratis ongkir jam sampai,5108.110366210937,False,0.9314173397152647,557
c:\file akmal\Capstone - Ai Eng - Spendly_ Workspace\data\Groceries\train\images\receipt-163_png_jpg.rf.5a2cf2404c27d376743691fa78a5a520.jpg,Groceries,indomaret ks tubun jl ks tubun no 05 rt02 rw04 kel temanggung kec temanggung kab temanggung 56213 01 12 24 15 : 53 3 20 /fxba 1882 /rizal 01 so good paha dada 28500 228 000 harga jual 228 000 total 228 000 tunai 230 000 kembali 000 layanan konsumen sms wa 0811 1500 280 telp 1500280 kontak indomaret co id belanja lebih mudah di klikindomaret gratis ongkir jam sampai,3317.1684228515624,False,0.9218313662679989,367
c:\file akmal\Capstone - Ai Eng - Spendly_ Workspace\data\Groceries\train\images\receipt-165_png_jpg.rf.47a8373d35a33fd8527e7475caa8bfdb.jpg,Groceries,"gndomaret ks f ubun 0293493 33 jl ks tubun no 05 rtb2 kel temanggung kec temanggung kab temanggung 56213 01 12 24 15 : 53 3 20 /fxba 7821 / retno /01 bagus sikat lantai 27900 111 600 camplna lce cream ha 8400 harga jual 136 800 total 136 , 800 tunai 140 000 kembali 200 layanan konsumen sms wa 0811 . 1500 280 telp 1500280 kontak indomaret co id belanja lebih mudah di klikindomaret gratis ongkir jam sampai",3334.3664013671873,False,0.9002422417768294,407
c:\file akmal\Capstone - Ai Eng - Spendly_ Workspace\data\Groceries\train\images\receipt-167_png_jpg.rf.89be94ea26b0cf209a54cac39effe29a.jpg,Groceries,sndomaet ks tubun jl ks tubun no 05 rt02 kel temanggung kec temanggung kab temanggung 56213 01 12 24 -15 53 3 20 /fxba 4512 satrio 05 wardah lightening li 56800 56 800 cap enak krimer kent 17400 121 800 gajah kulkas penghil 10200 10 200 louis dessert le flo 338100 676 200 harga jual 865 000 total 865 000 tunai 865 000 kembali layanan konsumen sms /wa 0811 . 1500 280 telp 1 500280 kontak indomaret co id belanja lebih mudah di klikindomaret gratis ongkir jam sampai,4072.458447265625,False,0.920632906041723,467
c:\file akmal\Capstone - Ai Eng - Spendly_ Workspace\data\Groceries\train\images\receipt-170_png_jpg.rf.0df8bbfefa256e5e43371c9061b80659.jpg,Groceries,gndomaret ks f ubun 0293493 33 jl ks tubun no 05 kel temanggung kec temanggung kab temanggung 56213 01 12 24 -15 : 53 3 20 fxba 3268 /karren /01 white story peptide 10 48900 489 000 bayclin pemu i lh paka 13500 13 500 harga jual 502 500 total 502 500 tunai 505 000 kembali 500 layanan konsumen sms wa 0811 . 1500 280 telp 1500280 kontak indomaret co id belanja lebih mudah di klikindomaret gratis ongkir jam sampai,3407.90435546875,False,0.8988994995939704,414
c:\file akmal\Capstone - Ai Eng - Spendly_ Workspace\data\Groceries\train\images\receipt-171_png_jpg.rf.96e56ec037e765d339e1199faf6971f1.jpg,Groceries,ks tubun jl ks tubun no 05 rt02 rw04 kel temanggung kec temanggung kab temanggung 56213 01 12 24 -15 : 53 3 20 /fxba 8384 / angga 05 silver queen chocola 20900 62 700 dettol sabun mandi 9900 900 kao biore body foam 13500 27 000 ponds men sunscreen 10 41900 419 000 indomaret gula aren 15600 15 600 gabu 9 00 8 / 800 harga jual 627 500 total 621 500 tunai 625 000 kembali 500 layanan konsumen sms wa 0811 1500 280 telp 1 500280 kontak indomaret co id belanja lebih mudah di klikindomaret gratis ongkir jam sampai,5019.745737304687,False,0.9236794564684456,511
c:\file akmal\Capstone - Ai Eng - Spendly_ Workspace\data\Groceries\train\images\receipt-172_png_jpg.rf.25cca28319ea322bf1beae22fa5ac2fe.jpg,Groceries,indomaret ks tubun jl ks tubun no 05 rt02 rw04 kel temanggung kec temanggung kab temanggung 56213 01 12 24 -15 : 53 3 20 fxba 6091 / karren 01 fiesta bakso ayam re 8600 77 400 harga jual 77 400 total 77 400 tunai 80 000 kembali 600 layanan konsumen sms wa 0811 1500 280 telp 1500280 kontak indomaret co id belanja lebih mudah di klikindomaret gratis ongkir jam sampai,3244.4312109375,False,0.9386863101770151,367
c:\file akmal\Capstone - Ai Eng - Spendly_ Workspace\data\Groceries\train\images\receipt-173_png_jpg.rf.febfb7096759b446cce9afcbda3cc821.jpg,Groceries,indomaret ks tubun jl ks tubun no 05 rt02 rw04 kel temanggung kec temanggung kab temanggung 56213 01 12 24 15 : 53 3 20 /fxba 5463 iban 01 kraft keju cheddar 5500 27 500 harga jual 27 500 total 27 500 tunai 30 000 kembali 500 layanan konsumen sms wa 0811 1500 280 telp 1500280 kontak indomaret co id belanja lebih mudah di klikindomaret gratis ongkir jam sampai,3237.1509375,False,0.9347358054297729,361
c:\file akmal\Capstone - Ai Eng - Spendly_ Workspace\data\Groceries\train\images\receipt-174_png_jpg.rf.aab96e7843478086611217fc8b1a0ee0.jpg,Groceries,sndomaet ks tubun jl ks tubun no 05 rt02 kel temanggung kec temanggung kab temanggung 56213 01 12 24 -15 : 53 3 20 / fxba 3421 pinka 05 me 0 kitten ocean fi 6200 24 800 sedaap mie instant 3100 18 600 laurier pembalut wan 34700 242 900 bright gas 5kg (is 98000 196 000 harga jual 482 300 total 482 300 tunai 485 000 kembali 700 layanan konsumen sms /wa 0811 . 1500 280 telp 1 500280 kontak indomaret co id belanja lebih mudah di klikindomaret gratis ongkir jam sampai,4084.5105078125,False,0.9164141932146513,466
c:\file akmal\Capstone - Ai Eng - Spendly_ Workspace\data\Groceries\train\images\receipt-175_png_jpg.rf.cac804321ef8d6f443c1350cde5b46a9.jpg,Groceries,ks tubun jl ks tubun no 05 rt02 kel temanggung kec temanggung kab temanggung 56213 01 12 24 -15 : 53 3 20 fxba - 4940 rizal 04 batiste dry shampoo 103700 103 700 kenmaster safety reg 83500 83 500 st dalfour selai str 42500 42 500 oatside oat milk moc 10 9900 99 000 indomie mi instan go 4100 200 harga jual 336 900 total 336 900 tunai 340 000 kembali 100 layanan konsumen sms wa 0811 1500 280 telp 1 500280 kontak indomaret co id belanja lebih mudah di klikindomaret gratis ongkir jam sampai,4488.488671875,False,0.9189015075984336,491
c:\file akmal\Capstone - Ai Eng - Spendly_ Workspace\data\Groceries\train\images\receipt-176_png_jpg.rf.9c502549eec368ccf75b6e5161ef88fc.jpg,Groceries,ks tubun jl ks tubun no 05 rt0? rwoa kel temanggung kec temanggung kab temanggung 56213 07 12 24 - 15 : 53 3 20 fxba 9967 / angga 03 bellagio homme eau 10 28500 285 000 yupi candy gummy noo 10 3600 36 000 herborist lulur trad 10 18900 1 89 000 louis dessert taro 277500 555 000 chupa chups candy me 3600 28 800 julie sandwich le 9300 27 900 nutrijell konnyaku 6500 26 000 nivea sun protect ex 66900 133 800 gentle gen deterjen 10000 20 000 harga jual 301 500 total 301 500 tunai 305 000 kembali 500 layanan konsumen sms /wa 0817 500 280 telp 1500280 kontak indomaret co id belanja lebih mudah di klikindomaret gratis ongkir jam sampai,5820.2249609375,False,0.9142213243645271,634
c:\file akmal\Capstone - Ai Eng - Spendly_ Workspace\data\Groceries\train\images\receipt-177_png_jpg.rf.5271c2d2fee5dbf4bf20d250271d2ab6.jpg,Groceries,"gndomaret ks f ubun 0293493 33 jl ks tubun no 05 kel temanggung kec temanggung kab temanggung 56213 01 12 24 15 : 53 3 20 /fxba - 4538 gita 02 piattos snack kentan 1 7100 99 900 1lssue rul 20100 600 harga jual 220 500 total 220, 500 tunai 225 000 kembali 500 layanan konsumen sms wa 0811 . 1500 280 telp 1500280 kontak indomaret co id belanja lebih mudah di klikindomaret gratis ongkir jam sampai",3373.5731884765623,False,0.8897888728772927,396
c:\file akmal\Capstone - Ai Eng - Spendly_ Workspace\data\Groceries\train\images\receipt-178_png_jpg.rf.21fc3077ce76dad5193087da64aaf4a8.jpg,Groceries,indomaret ks tubun jl ks tubun no 05 rt02 rw04 kel temanggung kec temanggung kab temanggung 56213 01 12 24 15 : 53 3 20 /fxba 5580 gitul 05 pixy deodorant stick 13500 121 500 harga jual 121 500 total 121 500 tunai 125 000 kembali 500 layanan konsumen sms wa 0811 1500 280 telp 1500280 kontak indomaret co id belanja lebih mudah di klikindomaret gratis ongkir jam sampai,3273.9918212890625,False,0.9217768530478808,369
c:\file akmal\Capstone - Ai Eng - Spendly_ Workspace\data\Groceries\train\images\receipt-179_png_jpg.rf.36cd22ebefc524d5bf9a56a599b91b0e.jpg,Groceries,sdomaeu ks tubun jl ks tubun no 05 rtb2 kel temanggung kec temanggung kab temanggung 56213 01 12 24 - 15 : 53 3 20 fxba 2492 / ibra / 04 oishi snack popcorn 10 17900 179 000 twistko snack jagung 4100 24 600 regazza eau de parfu 35500 142 000 sensodyne sikat gigi 10 36000 360 000 wall ice cream pad 10 4500 45 000 chekhup ipoh white 94500 283 500 kao biore body foam 13500 108 000 arnon roti manis pis 10 6000 60 000 harga jual 202 100 total 202 100 tunai 205 000 kembali 900 layanan konsumen sms wa 081 500 280 telp 1 500280 kontak indomaret co id belanja lebih mudah di klikindomaret gratis ongkir jam sampai,5407.267797851562,False,0.9128808257921514,610
c:\file akmal\Capstone - Ai Eng - Spendly_ Workspace\data\Groceries\train\images\receipt-181_png_jpg.rf.bbe18020aedbcb9c545675cb3e0f3046.jpg,Groceries,ks tubun jl ks tubun no 05 rt02 rw04 kel temanggung kec temanggung kab temanggung 56213 01 12 24 -15 : 53 3 20 fxba 8046 / ibra/ 02 pixy uv whitening co 41000 164 000 sosro fruit tea free 6900 13 800 ajinomoto saus tiram 21500 86 000 durianpapi durian mu 385000 770 000 sunsilk shampoo co- 15200 76 sharon steamed chees 9500 500 nestle cereal breakf 10 47000 470 000 harga jual 589 300 total 589 300 tunai 590 000 kembali 700 layanan konsumen sms wa 0811 500 280 telp 1 500280 kontak indomaret co id belanja lebih mudah di klikindomaret gratis ongkir jam sampai,5141.327841796875,False,0.9266099969228211,561
c:\file akmal\Capstone - Ai Eng - Spendly_ Workspace\data\Groceries\train\images\receipt-182_png_jpg.rf.69ecde60f0be589526e2ccae510efd1b.jpg,Groceries,ks tubun jl ks tubun no 05 rt02 kel temanggung kec temanggung kab temanggung 56213 01 12 24 -15 : 53 3 20 fxba 6091 /gita/ 04 telur ayam omega 2890 890 pokka minuman teh ly 6000 48 000 gajah lemari penghil 7100 35 500 fs melati beras setr 74500 149 000 kokoru color corruga 17900 53 700 harga jual 289 090 total 289 090 tunai 290 000 kembali 910 layanan konsumen sms wa 0811 1500 280 telp 1 500280 kontak indomaret co id belanja lebih mudah di klikindomaret gratis ongkir jam sampai,4432.248134765625,False,0.9307632949437543,482
c:\file akmal\Capstone - Ai Eng - Spendly_ Workspace\data\Groceries\train\images\receipt-183_png_jpg.rf.6f2017d201de04622f2df853927aae9f.jpg,Groceries,gndomaret ks f ubun 0293493 33 jl ks tubun no 05 rtb2 kel temanggung kec temanggung kab temanggung 56213 01 12 24 15 : 53 3 20 /fxba 9313 /pinka 05 rasa juara cuankie 20900 188 100 head shuulders sha 35500 106 500 harga jual 294 600 total 294 600 tunai 295 000 kembali 400 layanan konsumen sms wa 0811 . 1500 280 telp 1500280 kontak indomaret co id belanja lebih mudah di klikindomaret gratis ongkir jam sampai,3377.424970703125,False,0.9058818170361708,410
c:\file akmal\Capstone - Ai Eng - Spendly_ Workspace\data\Groceries\train\images\receipt-185_png_jpg.rf.d52ec4a99507c3003c9b1edb4f5bf118.jpg,Groceries,ks tubun jl ks tubun no 05 rt02 rw04 kel temanggung kec temanggung kab temanggung 56213 01 12 24 -15 : 53 3 20 /fxba 2202 /dona / 04 louis dessert biscof 333000 999 000 pop mie mi instan ka 5400 48 600 mister potato snack 17000 102 000 harga jual 149 600 total 149 600 tunai 150 000 kembali 400 layanan konsumen sms / wa 0811 1500 280 telp 1500280 kontak indomaret co id belanja lebih mudah di klikindomaret gratis ongkir jam sampai,3909.6528466796876,False,0.9442277125677261,432
c:\file akmal\Capstone - Ai Eng - Spendly_ Workspace\data\Groceries\train\images\receipt-186_png_jpg.rf.7136376fdf6d2894a9cf6e8e580ddc4a.jpg,Groceries,sndomaet ks tubun jl ks tubun no 05 rt02 kel temanggung kec temanggung kab temanggung 56213 01 12 24 -15 : 53 3 20 fxba 5185 /eno /05 mustika ratu kunir 7700 38 500 california scent air 25900 51 800 in lite lampu led co 75000 225 000 cimory yogurt drink 9200 55 200 harga jual 370 500 total 370 500 tunai 375 000 kembali 500 layanan konsumen sms /wa 0811 . 1500 280 telp 1 500280 kontak indomaret co id belanja lebih mudah di klikindomaret gratis ongkir jam sampai,4053.588798828125,False,0.9358038931568583,464
c:\file akmal\Capstone - Ai Eng - Spendly_ Workspace\data\Groceries\train\images\receipt-187_png_jpg.rf.0d3d943a675532b96c28da4974e6dc56.jpg,Groceries,ks tubun jl ks tubun no 05 rt02 rw04 kel temanggung kec temanggung kab temanggung 56213 01 12 24 - 15 : 53 3 20 fxba 3699 / eno / 01 suky suky snack udan 7900 47 400 silver queen chocola 10500 31 500 indofood bumbu kenta 10 5000 50 000 chomp chomp twist ma 9900 900 ladang lima cookies 17500 17 500 emina ms pimple fac 23300 186 400 indomaret masker duc 10900 54 500 harga jual 397 200 total 397 200 tunai 400 000 kembali 800 layanan konsumen sms wa 0811 500 280 telp 1 500280 kontak indomaret co id belanja lebih mudah di klikindomaret gratis ongkir jam sampai,5046.674736328125,False,0.921730423544029,561
c:\file akmal\Capstone - Ai Eng - Spendly_ Workspace\data\Groceries\train\images\receipt-188_png_jpg.rf.a99496aea4140dc8946b8333819d436b.jpg,Groceries,sdomaeu ks tubun jl ks tubun no 05 rtb2 kel temanggung kec temanggung kab temanggung 56213 01 12 24 - 15 53 /3 20 fxba 3647 / dwi 01 s0 klin softergent 22600 158 200 nissin cookies sagu 12400 62 000 pia 00 kue pia kaca 15300 107 100 majestyk cake buah 51000 1 53 000 indomaret crispy sea 1 1800 47 200 rose tepung beras 50 10500 94 500 ladaku merica bubuk 42 000 mixagrip obat sakit 3200 16 000 harga jual 680 000 total 680 000 tunai 680 000 kembali layanan konsumen sms wa 081 500 280 telp 1500280 kontak indomaret co id belanja lebih mudah di klikindomaret gratis ongkir jam sampai,5290.33248046875,False,0.9136599985275282,583
c:\file akmal\Capstone - Ai Eng - Spendly_ Workspace\data\Groceries\train\images\receipt-189_png_jpg.rf.9adb04b0ff91208c16da5b1175af2fc3.jpg,Groceries,indomaret ks tubun jl ks tubun no 05 rt02 rw04 kel temanggung kec temanggung kab temanggung 56213 01 12 24 15 : 53 3 20 /fxba 2079 angga 05 mutouch goat milk 64500 129 000 harga jual 129 000 total 129 000 tunai 130 000 kembali 000 layanan konsumen sms wa 0811 1500 280 telp 1500280 kontak indomaret co id belanja lebih mudah di klikindomaret gratis ongkir jam sampai,3285.408564453125,False,0.9375015563937861,366
c:\file akmal\Capstone - Ai Eng - Spendly_ Workspace\data\Groceries\train\images\receipt-190_png_jpg.rf.fe320af36f59007ba4822effa20b016e.jpg,Groceries,sndomaet ks tubun jl ks tubun no 05 rt02 kel temanggung kec temanggung kab temanggung 56213 01 12 24 -15 : 53 3 20 / fxba 6614 / iban 03 nivea deodorant spra 62500 125 000 indomaret snack kaca 12200 61 000 larisst beras premiu 37200 37 200 softex celana menstr 22900 68 700 harga jual 291 900 total 291 900 tunai 295 000 kembali 100 layanan konsumen sms /wa 0811 . 1500 280 telp 1 500280 kontak indomaret co id belanja lebih mudah di klikindomaret gratis ongkir jam sampai,4113.811108398438,False,0.9213758728621333,472
c:\file akmal\Capstone - Ai Eng - Spendly_ Workspace\data\Groceries\train\images\receipt-195_png_jpg.rf.6276e95018bedacfde3bdfb746785de0.jpg,Groceries,gndomaret ks f ubun 0293493 33 jl ks tubun no 05 rtb2 kel temanggung kec temanggung kab temanggung 56213 01 12 24 15 : 53 3 20 /fxba 3309 /huda 04 pop mie instan mini 3500 14 000 nlvea mlcellalr ull 10 36900 369 harga jual 383 000 total 383 000 tunai 385 000 kembali 000 layanan konsumen sms wa 0811 . 1500 280 telp 1500280 kontak indomaret co id belanja lebih mudah di klikindomaret gratis ongkir jam sampai,3355.01443359375,False,0.8905789208353486,408
c:\file akmal\Capstone - Ai Eng - Spendly_ Workspace\data\Groceries\train\images\receipt-200_png_jpg.rf.177c2bc8b7e62791a0b83677a4db46e0.jpg,Groceries,sndomaet ks tubun jl ks tubun no 05 rt02 kel temanggung kec temanggung kab temanggung 56213 01 12 24 -15 : 53 3 20 / fxba 6950 dona /02 bayfresh air freshen 24900 124 500 morris eau de parfum 40500 121 500 mister potato snack 10 13500 135 000 vape plus obat nyamu 37700 113 100 harga jual 494 100 total 494 100 tunai 495 000 kembali 900 layanan konsumen sms /wa 0811 . 1500 280 telp 1 500280 kontak indomaret co id belanja lebih mudah di klikindomaret gratis ongkir jam sampai,4082.7462158203125,False,0.9242502341238634,476
c:\file akmal\Capstone - Ai Eng - Spendly_ Workspace\data\Groceries\train\images\receipt-205_png_jpg.rf.d29c84f3db768da7294eeedfd238913f.jpg,Groceries,gndomaret ks f ubun 0293493 33 jl ks tubun no 05 rtb2 kel temanggung kec temanggung kab temanggung 56213 01 12 24 -15 : 53 3 20 fxba -9133 /satrio 01 la mere paket hamper 302800 605 600 ubh combl s1rup uba / 20500 67 500 harga jual 667 100 total 667 100 tunai 670 000 kembali 900 layanan konsumen sms wa 0811 . 1500 280 telp 1500280 kontak indomaret co id belanja lebih mudah di klikindomaret gratis ongkir jam sampai,3395.189375,False,0.8833065234523118,417
c:\file akmal\Capstone - Ai Eng - Spendly_ Workspace\data\Groceries\train\images\receipt-232_png_jpg.rf.76acb97236530e3cdd3c3b5cab74eef6.jpg,Groceries,sndomaet ks tubun jl ks tubun no 05 rt02 kel temanggung kec temanggung kab temanggung 56213 01 12 24 -15 53 3 20 /fxba 9109 / karren 01 implora day to day 33900 271 200 puck cream cheese sp 31300 250 400 gery crackers malkis 8600 17 200 herbal essences sham 36500 146 000 harga jual 684 800 total 684 800 tunai 685 000 kembali 200 layanan konsumen sms /wa 0811 . 1500 280 telp 1 500280 kontak indomaret co id belanja lebih mudah di klikindomaret gratis ongkir jam sampai,4136.769282226563,False,0.9214127173952565,470
c:\file akmal\Capstone - Ai Eng - Spendly_ Workspace\data\Groceries\train\images\receipt-280_png_jpg.rf.d9a64fb60637bbda026d15d8f869103d.jpg,Groceries,"indomaret ks tubun jl ks tubun no 05 rt02 rw04 kel temanggung kec temanggung kab temanggung 56213 01 12 24 15 : 53 3 20 fxba 1768 dwi 05 louis dessert le flo 368400 736 800 harga jual 736 800 total 736 , 800 tunai 740 000 kembali 200 layanan konsumen sms wa 0811 1500 280 telp 1500280 kontak indomaret co id belanja lebih mudah di klikindomaret gratis ongkir jam sampai",3275.8845556640626,False,0.9408504233460012,369
c:\file akmal\Capstone - Ai Eng - Spendly_ Workspace\data\Groceries\train\images\receipt-297_png_jpg.rf.b11c70329dafcc6067914bc6f3ae663d.jpg,Groceries,sndomaet ks tubun jl ks tubun no 05 rt02 kel temanggung kec temanggung kab temanggung 56213 01 12 24 -15 : 53 3 20 fxba 4204 / nur /02 pop mie mi instan mi 10 3500 35 000 terong belanda 1 kg 37500 225 000 wall ice cream fea 7500 30 000 beautylabo hair colo 38700 309 600 harga jual 599 600 total 599 600 tunai 600 000 kembali 400 layanan konsumen sms /wa 0811 . 1500 280 telp 500280 kontak indomaret co id belanja lebih mudah di klikindomaret gratis ongkir jam sampai,4062.6980322265626,False,0.9273716160353478,467
c:\file akmal\Capstone - Ai Eng - Spendly_ Workspace\data\Groceries\train\images\receipt-307_png_jpg.rf.fb1abb63af9628207a682611e69d046d.jpg,Groceries,gndomaret ks f ubun 0293493 33 jl ks tubun no 05 rtb2 kel temanggung kec temanggung kab temanggung 56213 01 12 24 15 : 53 3 20 /fxba 3623 /pinka 04 stella air freshener 10 17500 175 000 frlslan flag susu ca 6500 13 harga jual 188 000 total 188 000 tunai 190 000 kembali 000 layanan konsumen sms wa 0811 . 1500 280 telp 1500280 kontak indomaret co id belanja lebih mudah di klikindomaret gratis ongkir jam sampai,3378.082587890625,False,0.9082053427670567,411
c:\file akmal\Capstone - Ai Eng - Spendly_ Workspace\data\Groceries\train\images\receipt-309_png_jpg.rf.544234ac6ab60d43ed0bd2a3fa9d7690.jpg,Groceries,indomaret ks tubun jl ks tubun no 05 rt02 rw04 kel temanggung kec temanggung kab temanggung 56213 01 12 24 15 : 53 3 20 /fxba -4733 / dona / 04 makarizo hair energy 27500 247 500 harga jual 247 500 total 247 500 tunai 250 000 kembali 500 layanan konsumen sms wa 0811 1500 280 telp 1500280 kontak indomaret co id belanja lebih mudah di klikindomaret gratis ongkir jam sampai,3299.8987744140627,False,0.9277049914027791,373
c:\file akmal\Capstone - Ai Eng - Spendly_ Workspace\data\Groceries\train\images\receipt-331_png_jpg.rf.b5de4e8ea054e83c7d71e616db0fa11b.jpg,Groceries,sndomaet ks tubun jl ks tubun no 05 rt02 kel temanggung kec temanggung kab temanggung 56213 01 12 24 -15 : 53 3 20 fxba 1374 / pinka 04 bihunku bihun instan 4000 12 000 zen anti bacterial 22000 132 000 sasa bumbu masak 500 30500 61 000 beautyline express 9100 36 400 harga jual 241 400 total 241 400 tunai 245 000 kembali 600 layanan konsumen sms /wa 0811 . 1500 280 telp 1 500280 kontak indomaret co id belanja lebih mudah di klikindomaret gratis ongkir jam sampai,4090.4368505859375,False,0.9374983296811507,465
c:\file akmal\Capstone - Ai Eng - Spendly_ Workspace\data\Groceries\train\images\receipt-332_png_jpg.rf.ff0f78fcf1fd9280d61ea9777446c187.jpg,Groceries,gndomaret ks f ubun 0293493 33 jl ks tubun no 05 rtb2 kel temanggung kec temanggung kab temanggung 56213 01 12 24 15 : 53 3 20 /fxba 6149 /rizal 01 vienna cleansing por 11900 83 300 bayfresh hang gu 10 14980 149 harga jual 232 300 total 232 300 tunai 235 000 kembali 700 layanan konsumen sms wa 0811 . 1500 280 telp 1500280 kontak indomaret co id belanja lebih mudah di klikindomaret gratis ongkir jam sampai,3386.294912109375,False,0.8882738370107147,408
c:\file akmal\Capstone - Ai Eng - Spendly_ Workspace\data\Groceries\train\images\receipt-341_png_jpg.rf.5733e00d8af1bfa9c174ff7f64d493c7.jpg,Groceries,ks tubun jl ks tubun no 05 rt02 rw04 kel temanggung kec temanggung kab temanggung 56213 01 12 24 -15 : 53 3 20 /fxba 7532 / retno / 03 white story brighten 44900 134 700 mentholatum lip ice 30500 244 000 kraft keju cheddar 5500 500 larisst pembersih la 44900 134 700 betadine ointment an 27600 55 200 ka / a oma 14000 112 000 harga jual 686 100 total 686 100 tunai 690 000 kembali 900 layanan konsumen sms wa 0811 1500 280 telp 1500280 kontak indomaret co id belanja lebih mudah di klikindomaret gratis ongkir jam sampai,5087.131254882813,False,0.9043909728592198,520
c:\file akmal\Capstone - Ai Eng - Spendly_ Workspace\data\Groceries\train\images\receipt-356_png_jpg.rf.3432c26b29da2f695c9803e736e99322.jpg,Groceries,"ks tubun jl ks tubun no 05 rt02 kel temanggung kec temanggung kab temanggung 56213 01 12 24 -15 : 54 3 20 fxba - 1539 ella 01 sirsak 23500 47 000 moko moko my preciou 27500 165 000 cimory yogurt drink 9200 36 800 indomaret jam pineap 14900 1 19 200 delmonte fruit cockt 67800 67 800 harga jual 435 , 800 total 435 800 tunai 440 000 kembali 200 layanan konsumen sms wa 0811 1500 280 telp 1 500280 kontak indomaret co id belanja lebih mudah di klikindomaret gratis ongkir jam sampai",4387.472260742187,False,0.9305554818837191,480
c:\file akmal\Capstone - Ai Eng - Spendly_ Workspace\data\Groceries\train\images\receipt-357_png_jpg.rf.7c3c0e02d93b7ece287e700815c6a737.jpg,Groceries,ks tubun jl ks tubun no 05 rt02 rw04 kel temanggung kec temanggung kab temanggung 56213 01 12 24 -15 : 54 3 20 fxba 6850/ ibra/ 02 kongbap multi grain 14900 44 700 indomaret amplop war 10 9900 99 000 garnier men acne fig 89000 178 000 stt french fries 200 16600 149 400 good day coffee free 15900 47 700 moko moko my preciou 27500 82 500 la mere sponge cake 25000 250 000 harga jual 851 300 total 851 300 tunai 855 000 kembali 700 layanan konsumen sms wa 0811 500 280 telp 1 500280 kontak indomaret co id belanja lebih mudah di klikindomaret gratis ongkir jam sampai,5150.967875976563,False,0.9313952314782392,566
c:\file akmal\Capstone - Ai Eng - Spendly_ Workspace\data\Groceries\train\images\receipt-361_png_jpg.rf.9794906dc7455f158d2690389534b259.jpg,Groceries,"gndomaret ks f ubun 0293493 33 jl ks tubun no 05 rtb2 kel temanggung kec temanggung kab temanggung 56213 01 12 24 -15 : 54 3 20 fxba 3660 /karren 05 ultra susu uht steri 6100 54 , 900 blg babul candy bubb 7300 58 400 harga jual 113 300 total 113 300 tunai 115 000 kembali 700 layanan konsumen sms wa 0811 . 1500 280 telp 1500280 kontak indomaret co id belanja lebih mudah di klikindomaret gratis ongkir jam sampai",3331.09677734375,False,0.914601191487693,413
c:\file akmal\Capstone - Ai Eng - Spendly_ Workspace\data\Groceries\train\images\receipt-368_png_jpg.rf.9c34c11704d79a0d63056a6b64f4a6cf.jpg,Groceries,ks tubun jl ks tubun no 05 rt02 rw04 kel temanggung kec temanggung kab temanggung 56213 01 12 24 -15 : 54 3 20 fxba - 6077 / eno /01 happydent white chew 17400 17 400 la fonte spaghetti 7500 15 000 indomaret gula aren 9800 29 400 termorex plus sirup 21900 43 800 wardah exclusive cre 103200 206 400 kali anax kilm kuli 18500 92 500 harga jual 404 500 total 404 500 tunai 405 000 kembali 500 layanan konsumen sms wa 0811 1500 280 telp 1 500280 kontak indomaret co id belanja lebih mudah di klikindomaret gratis ongkir jam sampai,5020.581845703125,False,0.9170653676469946,527
c:\file akmal\Capstone - Ai Eng - Spendly_ Workspace\data\Groceries\train\images\receipt-394_png_jpg.rf.c248f526c1e08941355aa768d9901a4e.jpg,Groceries,sndomaet ks tubun jl ks tubun no 05 rt02 kel temanggung kec temanggung kab temanggung 56213 01 12 24 -15 : 54 3 20 / fxba 7637 /gitul 05 pantene light condit 137900 137 900 indomaret wet tissue 4800 43 200 cetaphil uva /uvb def 359000 077 000 elpiji bright gas is 209000 627 000 harga jual 885 100 total 885 100 tunai 890 000 kembali 900 layanan konsumen sms /wa 0811 . 1500 280 telp 1 500280 kontak indomaret co id belanja lebih mudah di klikindomaret gratis ongkir jam sampai,4153.133227539062,False,0.9175446691419806,477
c:\file akmal\Capstone - Ai Eng - Spendly_ Workspace\data\Groceries\train\images\receipt-396_png_jpg.rf.9a8f78cf56be2ae5367da93f5ba45640.jpg,Groceries,gndomaret ks f ubun 0293493 33 jl ks tubun no 05 kel temanggung kec temanggung kab temanggung 56213 01 12 24 15 : 54 3 20 fxba 2421 / eno / 04 axe body spray deodo 41900 83 800 beau i ylabu halr colu 202 500 harga jual 286 300 total 286 300 tunai 290 000 kembali 700 layanan konsumen sms wa 0811 . 1500 280 telp 1500280 kontak indomaret co id belanja lebih mudah di klikindomaret gratis ongkir jam sampai,3389.3312548828126,False,0.9080180868976929,404
c:\file akmal\Capstone - Ai Eng - Spendly_ Workspace\data\Groceries\train\images\receipt-412_png_jpg.rf.f8c006d7fd8b9fba216ddcc556f7d93e.jpg,Groceries,ks tubun jl ks tubun no 05 rt02 rw04 kel temanggung kec temanggung kab temanggung 56213 01 12 24 -15 : 54 3 20 fxba 2338 huda 01 sedaap mie instant 5300 37 100 indomaret keripik pi 11600 69 600 lidi geli snack mie 10000 20 000 mr muscle pembersih 28400 28 400 majestyk roti abon 11200 22 400 ekonomi pencuci piri 9400 56 400 indomaret gula aren 1 5600 62 400 harga jual 296 300 total 296 300 tunai 300 000 kembali 700 layanan konsumen sms wa 0811 500 280 telp 1 500280 kontak indomaret co id belanja lebih mudah di klikindomaret gratis ongkir jam sampai,5070.137529296875,False,0.9245852697924054,553
c:\file akmal\Capstone - Ai Eng - Spendly_ Workspace\data\Groceries\train\images\receipt-424_png_jpg.rf.d4cbc562d2d5a0996c0a5036b4e88875.jpg,Groceries,indomaret ks tubun jl ks tubun no 05 rt02 rw04 kel temanggung kec temanggung kab temanggung 56213 01 12 24 15 : 54 3 20 /fxba 6072 /nisa 04 me 0 cat food salmon 69900 69 900 harga jual 69 900 total 69 900 tunai 70 000 kembali 100 layanan konsumen sms wa 0811 1500 280 telp 1500280 kontak indomaret co id belanja lebih mudah di klikindomaret gratis ongkir jam sampai,3227.602666015625,False,0.9434924058139796,365
c:\file akmal\Capstone - Ai Eng - Spendly_ Workspace\data\Groceries\train\images\receipt-439_png_jpg.rf.3d7d17123f2c1ad77f26c55402f088e0.jpg,Groceries,gndomaret ks f ubun 0293493 33 jl ks tubun no 05 kel temanggung kec temanggung kab temanggung 56213 01 12 24 15 : 54 3 20 /fxba 8773 / rizal 01 leivy nourishing sho 75700 75 700 paseu we i bel 10400 72 800 harga jual 148 500 total 148 500 tunai 150 000 kembali 500 layanan konsumen sms wa 0811 . 1500 280 telp 1500280 kontak indomaret co id belanja lebih mudah di klikindomaret gratis ongkir jam sampai,3342.797021484375,False,0.8830332566160979,402
c:\file akmal\Capstone - Ai Eng - Spendly_ Workspace\data\Groceries\train\images\receipt-465_png_jpg.rf.5b9b2ccfe20ad312ee4470ba0f6b0330.jpg,Groceries,ks tubun jl ks tubun no 05 rt02 kel temanggung kec temanggung kab temanggung 56213 01 12 24 -15 : 54 3 20 fxba 9484 /gitul 03 mustika ratu body sc 52500 105 000 cap badak larutan pe 8000 16 000 bebek in tank pember 10 12100 121 000 cadbury dairy milk 1 1200 200 baygon insectisida 40300 40 300 harga jual 349 500 total 349 500 tunai 350 000 kembali 500 layanan konsumen sms wa 0811 1500 280 telp 1 500280 kontak indomaret co id belanja lebih mudah di klikindomaret gratis ongkir jam sampai 67,4468.936762695313,False,0.9294885882582768,492
c:\file akmal\Capstone - Ai Eng - Spendly_ Workspace\data\Groceries\train\images\receipt-470_png_jpg.rf.9a307bfb6bcb9340ce394e03f0e32a32.jpg,Groceries,gndomaret ks f ubun 0293493 33 jl ks tubun no 05 rtb2 kel temanggung kec temanggung kab temanggung 56213 01 12 24 -15 : 54 3 20 fxba 6922 /satrio 05 paseo wet tissue bel 10400 83 200 ml 1 sublsh1 erasable 2259 harga jual 342 200 total 342 200 tunai 345 000 kembali 800 layanan konsumen sms wa 0811 . 1500 280 telp 1500280 kontak indomaret co id belanja lebih mudah di klikindomaret gratis ongkir jam sampai,3435.8321435546877,False,0.8917990702775336,406
c:\file akmal\Capstone - Ai Eng - Spendly_ Workspace\data\Groceries\train\images\receipt-476_png_jpg.rf.43ab549a19b58a84be07f52aa2c0c50e.jpg,Groceries,gndomaret ks f ubun 0293493 33 jl ks tubun no 05 rtb2 kel temanggung kec temanggung kab temanggung 56213 01 12 24 -15 : 54 3 20 fxba- 4255 /satrio 05 tropicana slim klepo 30000 240 000 pro chlz keju sllce 1440 7 7 5 harga jual 355 200 total 355 200 tunai 360 000 kembali 800 layanan konsumen sms wa 0811 . 1500 280 telp 1500280 kontak indomaret co id belanja lebih mudah di klikindomaret gratis ongkir jam sampai,3403.7416943359376,False,0.8873728630158828,412
c:\file akmal\Capstone - Ai Eng - Spendly_ Workspace\data\Groceries\train\images\receipt-H296-80118044D42_png.rf.fa8a2ab5b708a472c216872080e84e4c.jpg,Groceries,"meteseh rt 0? rw 054 bon pf 509 drmn705 8 400 grys booml 3 800 3 800 7o booml 7 300 7 300 25 800 totol disc 73 30o 8 400 900 kondanan 22 812 2 487 2026 2117109 mfmbfr anda 7132 poin 0? truk ana 10, mission rp rp 000 08no84088e",2463.7141162109374,False,0.5690897968431835,226
c:\file akmal\Capstone - Ai Eng - Spendly_ Workspace\data\Groceries\train\images\receipt-HD11-1223103W5W3_png.rf.61d3bbc9493bc38f171685f8eae2af40.jpg,Groceries,auamars alfamart nakula smg nakula smgif nkla cv l nakula raya no 2 rt 007 rv 001 npwp 65700 5745 5090oo bon hdn 122 kasir nita w 20 500 20 500 total item 20 500 qris cpm bca 20 500 kembalian ppn dpp: 18 468 ppn: 2 031 tgl 31 03 2026 12 22 18 v 2026 1 4 member chalida anda 2264 1132 poin andia akain expirod pada dec 702 / struk anda akan dikirim kf aplikasi kritik saran 15o0959 sms wa,1865.3130517578124,False,0.7475383555081592,387
c:\file akmal\Capstone - Ai Eng - Spendly_ Workspace\data\Groceries\train\images\receipt-HD70-27804044V42_png.rf.0cbb0bb2f978ee5b2532d160b8bec436.jpg,Groceries,"ptsumber alfaria trijayatbk ketileng indah raya kte2 gedung tower lt12 jljal ,0 bon hd70 278 0404ava2 kasir angela mb tln lpro 80 20 700 20 700 disc 5 700 sm j1 wc 55 10 600 10 600 alfa k almd 19 400 19 400 tota iten 50 700 total disc. 5 700 total balanja 45 000 qris cpm bca 45 000 kombalian ppn 45 315 ppn: 4 984 04 04 2026 21 07 27 v 2026 1 4 member chalida 235 113 poin andla 31dec 707 / struk anda aplikasi 200",2394.009140625,False,0.7231864863772491,415
c:\file akmal\Capstone - Ai Eng - Spendly_ Workspace\data\Groceries\train\images\receipt-O-260226-AGVRBMP_png.rf.d6ef38f57e7d693a3282dcfb799a2a4d.jpg,Groceries,alfamar dellvered chalida abdat maks kirlm kamis 26 februari 2026 1800 7000 elesal sambiroto smg sambiroto tembalang sambiroto raya rw02 ref 5260226 agcadvn wanlta wing 22 5 cm 30 900 30 900 20 disc 000 23 000 23 000 disc 00 untota 53 900 total 9 100 biaya pengiriman total 14 800 harga yang udan ppn cun a 8 kritık 500959,1546.2372265625,False,0.7295925084094297,322
c:\file akmal\Capstone - Ai Eng - Spendly_ Workspace\data\Groceries\train\images\receipt-O-260309-AGDMRVQ_png.rf.3fa10ef093400ab7243b3aed0dd9ea98.jpg,Groceries,aamars maics marot no ?0 re 5 260309 3 300 6 600 goieng 93 9 300 9 900 pop nak inatan 0oo 0oo ayan bawann 40 600 mi cue odat nyanuk ca renu 20 500 20 500 52 800 disko 7 700 tota 41 1 00 yang ppn 8 25 96 500959 lin:,1847.3325732421645,False,0.5852079556982666,214
c:\file akmal\Capstone - Ai Eng - Spendly_ Workspace\data\Groceries\train\images\receipt-O-260309-AGGDMFY_png.rf.13bba1a1266e436c9c70174b5605b320.jpg,Groceries,make 7238 sambiroto raya no 6 12 rv re( 8 260309 fnsian f129 nutriprain 800 76oo fiain kotak diac bisku seiuwich kelu 90 30 200 30 200 30o koinctku chct 50 2 800 good avan knepi 0i8c 00o g0 900 8 900 spicy 70 300 digkon vouchor bioya pengirman ppn tai krik,1800.45217041015,False,0.5393468443527175,256
c:\file akmal\Capstone - Ai Eng - Spendly_ Workspace\data\Groceries\train\images\receipt-O-260420-AGTCYKS_png.rf.e02d8cd213547d352ebdaaf22ae7e450.jpg,Groceries,mak 29 88 2238 40//029 maruk 23 900 23 900 9 a00 50o 2359 500 9 300 800 ooo miunan 0iac oo 94 200 27 700 8iy 73 ppn kritik,1977.5528466796875,False,0.5331311509898756,122
c:\file akmal\Capstone - Ai Eng - Spendly_ Workspace\data\Groceries\train\images\warung-pasta_jpg.rf.0d09feb3b6708579b614d5233c17f34c.jpg,Groceries,"pasta kehang jakarta selatan p 7193776 f 7193776 table 32 guest freezy m 25 , deo len red bull 25 000 lepon tea 11. 000 cappucinno frozen 19 000 subtotal bo . 0oo serv 4 ,ooo pb ox 8 400 total 92 400 monday 16 11 15 16 04 52 looo1 marra th a n k yo v f0 r y 0 0 r warung cheezy",344.9032591266573,False,0.698126265134252,277
c:\file akmal\Capstone - Ai Eng - Spendly_ Workspace\data\Groceries\valid\images\CamScanner-18-11-2024-12-48_102_jpg.rf.9800ae82943a50f49a53a3c1f42a7f54.jpg,Groceries,"alfahidi dewi sartikaz jl devi sartika no 34 kritik saran 1500959 alfacare mu co .id alfamidiku. coh 22 bon nco2 354 2712kz3x kasir nurlita ultra ckt 25ohl 6 ,100 12 200 disc 1 0oo total item 12 200 total disc total belanja 11 ,200 shopeepay 11 , 200 kembalian ppn 1 , 109) tg1 27 12 2021 16 41 :50 u 2021 . 9 pt midi utama indonesia tbk npwp 02 672 927 7 054 0oo alfa tower lt_ 12 jl jalur sutera barat kau 7 9 alam sutera panunggangan timur pinang kota iangerang banten",3921.325697903611,False,0.7983460178860223,471
c:\file akmal\Capstone - Ai Eng - Spendly_ Workspace\data\Groceries\valid\images\CamScanner-18-11-2024-12-48_16_jpg.rf.7e45c3a75f438535ad3da22f8f6bf009.jpg,Groceries,"shud mane 26 08 24 09 07 3 0 18 t7m0 14315 asday 01 sedap kcp spcl 52oml 24200 24 ,200 yc sayap mas uta (4 ,900) ekonohi lo. sereh 650 10500 10 ,500 yc sayap mas uta (2 000) ekondmi lio. sw jr65o 10500 10 ,500 vc sayap mas uta (2 ,000) harga jual 36 , 300 total 36 , 300 tuna 50 0o anda hf mat 8 , 90o ppn dppz 40 ,721 479",2134.765308093929,False,0.7299112552637533,322
c:\file akmal\Capstone - Ai Eng - Spendly_ Workspace\data\Groceries\valid\images\CamScanner-18-11-2024-12-48_20_jpg.rf.a5dfa551cd448f35fb04f0aa9e651f13.jpg,Groceries,"pt ndah spbu pedaringan surakarta jl ki hajar dewantara , pedaringan jebres kec jebres kota surakarta , 57126 10 07 23 14 07 3 0 0 tyz3 435330 /viola 01 sprite pet 390 ml 5900 5 ,900 harga jual 5 900 total 5 900 tunai 5 900. ppn dpp 5 315 ppn 585 cust care sms -wa call 1500 280 kontak indomaret .co. id",3255.859845678711,False,0.8681133782446911,303
c:\file akmal\Capstone - Ai Eng - Spendly_ Workspace\data\Groceries\valid\images\CamScanner-18-11-2024-12-48_22_jpg.rf.3b52b57c812050e99b283847023b58bb.jpg,Groceries,"kebayoran barij jakarta sela 12160 . 149 afika 03 24200 2u0 harga jual 24 200 tqtal 24 , 200 tunai kembali 75.,800 dpf 21 802 ppn 2 500 280 1500 280 kontake indomare c0 . id belanja lebih mudah di klikindomaret gra7is ongk ir tai, 24 ,",1528.071074351669,False,0.6008642610237894,235
c:\file akmal\Capstone - Ai Eng - Spendly_ Workspace\data\Groceries\valid\images\CamScanner-18-11-2024-12-48_23_jpg.rf.4bdebbb33333d666feeaadb2e475a6b5.jpg,Groceries,"cedung menara indomaret indrmanl bqulevar ) pantai indah kapuk uaaarta utara npwp 01 337 994 6 092 000 ngasinan jl. ngasinan, kel. kepatihan kec. menganti, kab. gresik, 61174 04 06 23 13 18 2 2 33 tnlv 936315 laila 01 mizone active 5ooml 5600 5 600 rose tepung berassoo 8600 8 600 harga jual 14 200 total 14 200 tunai 20 000 kembali 5 800 ppn dpp 12 793 ppn 1 407 cust care sms -wa",903.9806558983266,False,0.7246946559965368,381
c:\file akmal\Capstone - Ai Eng - Spendly_ Workspace\data\Groceries\valid\images\CamScanner-18-11-2024-12-48_23_jpg.rf.7b7d429a9d11b216728e8464b4f1e26b.jpg,Groceries,"cedunc enafa inoomaret indrmanel boulevar ) pantai wndah kapuk ngasinan kec. menganti, kab. gresik, 61174 04 06 23 13 18 2 2 33 tnlv 936315 laila 01 mizone active 5ooml 5600 5 600 rose tepujng berassoo 8600 8 600 harga jual 14 200 total 14 200 tunai 20 000 kembali 5 800 ppn dpp 12 793 ppn 1 407 cust care sms -wa",855.8347427022694,False,0.699761440756724,313
c:\file akmal\Capstone - Ai Eng - Spendly_ Workspace\data\Groceries\valid\images\CamScanner-18-11-2024-12-48_25_jpg.rf.f37da34990cc6b165095ef8ab20ab90d.jpg,Groceries,"kfc andir , 25 charh bf ex mx wg 0 123uu 8 o00) 47 iom kig plsik 3uo 2u0 rte owigiri hui chkn rte owigiri hot una harga jual 54 800 54 80 non tuha1 54 200 00o or udako",771.0336132231711,False,0.626188287233463,167
c:\file akmal\Capstone - Ai Eng - Spendly_ Workspace\data\Groceries\valid\images\CamScanner-18-11-2024-12-48_28_jpg.rf.1d141909da06115bf72d2505e4b3de83.jpg,Groceries,"alfahart raya gor pehda 0812 9466 1641 pt suhber alfaria trijaya, tbk alfa tower lt 12, alah sutera, tangerang nphp 01 336.-238 9 054 ooo jl - raya gor pehda, kp cikeh cibinong 1 .k x bon x451 450 0108cgdx kasi obila du lemnrl airgoohl 4 ooo 4, ouo otside cofzoohl 9,.900 9, 900 alfa hask 30 55 12, 900 12, 900 disc- alfa hkr epzoog 1 7, 500 17 500 totàl itein 44 300- total disc 2 000 total belanja 42 300 jenis kartu debit cardbni nomnor kartu 537176 8118 card 42 300 kembal ian ppn 4 192) tgl 01 08--2024 09: 46 01 v 2024 5 0 meinber anissa nurafni kritikssaran 1500959 shs",4798.218548769737,False,0.7733757594755425,576
c:\file akmal\Capstone - Ai Eng - Spendly_ Workspace\data\Groceries\valid\images\CamScanner-18-11-2024-12-48_2_jpg.rf.87f7a8b4cf41e3beb3cd2ac80501b153.jpg,Groceries,"bon bf25 632 120438v6 kasir charles sb hidi reg l 500 50 antngn p hnys 3,.000 3, o0 sg baso 120g 2 19 700 39, 4c pudding hga17og 14 200 14, 2c mr ptt gpep 45g 13 o0o 13, oc inaco ndc vn36o 8 300 8 3( disc. 700 10 500 10, 5c sb hidi reg k 200 20 total iter 8 89 10 total disc- 1 70 total belanja 87 40 tunai 100 0o kerbalian 12 60 ppn 8 830) isi . 12 14 2023",2474.6582304294348,False,0.7728001099632305,357
c:\file akmal\Capstone - Ai Eng - Spendly_ Workspace\data\Groceries\valid\images\CamScanner-18-11-2024-12-48_33_jpg.rf.a349e2ac43897488be2a63a6a6be2049.jpg,Groceries,"alfahart maleber maleber alfa tuuer alak sutera , tangerang npup 01 336 238 9 054 0oo jl rajamal no 29 rt .0 andir 22 bon b856 310- kasir kelani kp brd l 0 0 20 500 500 kp brd 0..020 500 2500 16 , 900 118 300 disc 49 ,000 rs criaboo 16 ,900 16 900 disc 7 total iten 135 200 iota disc 56 0oo total betanja 79 200 tunai 100 ooo kenbalian 20 , 800 pph 13 398) igl 23 05 -2024 17 09 38 u 2024 3",1198.9726030642453,False,0.7682781074511252,390
c:\file akmal\Capstone - Ai Eng - Spendly_ Workspace\data\Groceries\valid\images\CamScanner-18-11-2024-12-48_40_jpg.rf.3b2a38077663751c2922d6e9d5841efa.jpg,Groceries,"alfahart sohba opu 2 0. pt . suhber alfari a tri jaya, tbk tower lt 12; alah sutiera, tangerang; npwp 01 336 238 9 1154- o0o jl sohba opu no:. 241 245 rt r ujung pand bon r261 214 01025t5x kasir rash i ami kp brd 0 020 500 5ci0 hhp org 1l 16 000 16, ocıo prt kh ar 200g 16 00o dissc. total tem 32; 5ci0 total disc_ 2, ocio total bel anja 30, 5c10 tuai 50, ocio keinbal ian 19 5ci0 ppn 3 221) tgl 01 02 2023 12 26 01 v 2022. 20 kritikssaran: 11_",3855.117377421475,False,0.8004501534915034,444
c:\file akmal\Capstone - Ai Eng - Spendly_ Workspace\data\Groceries\valid\images\CamScanner-18-11-2024-12-48_41_jpg.rf.89dfd1650ade4e37953fa36b63662c29.jpg,Groceries,"pt toyer ah su era 336 238 054 ooo pro no grogol 256 ec bag 3uxa0 tu 4 888 4, 900 slk bb indras0 26, 800 26 80o attos rl 5g 1 1 300 22 600 pgn 76, 7o0 46, 700 hy 5b pl 9, 900 sa cc 7o0 8 7o0 kg abon 356 a00 a00 a00 z8g 900 900 sfamp 8, ck toy co act on stamp utan? bonus fen 61 9o0 tola 20 300 82 41 600 kar eu kartu 60 1 41 kemba ppn 96 5) 01 7024 zo2a hembar huhahhad 1 06a0888 alfahart auhenten suhber ar ja bk alfa ah su era 01 336 738 054 00o or nten no grogoi pet",5289.059147366881,False,0.6334882624744645,469
c:\file akmal\Capstone - Ai Eng - Spendly_ Workspace\data\Groceries\valid\images\CamScanner-18-11-2024-12-48_42_jpg.rf.49f74d915226d447d8cb0d90d3f2fd46.jpg,Groceries,"alfahidi djlopo hitra usaha sri susilaningsi jl. raya djlopo, kritik saran 1500959, a1 facaredmu. co. id ha /shs bon ai08 122 23055tkx kasir deo anto indomie rdg 916 3 200 12 800 total item 12 800 tunai 12 800 kembal ian ppn 1 268)",2265.5946907917905,False,0.8360202870404292,231
c:\file akmal\Capstone - Ai Eng - Spendly_ Workspace\data\Groceries\valid\images\CamScanner-18-11-2024-12-48_42_jpg.rf.b96a2b7e366ab5fd2958281200ab14ce.jpg,Groceries,"alfahidi djlopo hitra usaha sri susilaningsi raya djlopo, sahah kritik saran 1500959, a1 facaredmu: co. id ha /shs bon ai08 122 23055tkx kasir deo anto indohie rdg 916 3 200 12 800 total item 12 800 tunai 12 800 kembal íanı ppn 1 268)",1883.1104846734763,False,0.8093403562903827,234
c:\file akmal\Capstone - Ai Eng - Spendly_ Workspace\data\Groceries\valid\images\CamScanner-18-11-2024-12-48_42_jpg.rf.ede5f3fe74a04cb645fe36d731a8301e.jpg,Groceries,"alfahidi djlopo hitra usaha sri susilaningsi jl. raya djlopo, sahah kritik saran 1500959, aifacaredmu: co. id ha /shs bon ai08 122 23055tkx kasir deo anto indohie rdg 916 3 200 12 800 total item 12 800 tunai 12 800 kembal ian ppn 1 268)",1732.6316459005113,False,0.8042847990840595,236
c:\file akmal\Capstone - Ai Eng - Spendly_ Workspace\data\Groceries\valid\images\CamScanner-18-11-2024-12-48_44_jpg.rf.dfde2b94c2488af74ff4fc942385bb7b.jpg,Groceries,"alfahidi pahul jl pahui arsh kav 27 kritnk nu 508905 bon 5106 234 o9oa5yv8 kasi dev sap 20 so0 20 500 0lfs170 1 53 a00 900 706 20 s00 20 s00 hrh tb 1238 8- 90 11 , 018 disc 238 sedaap 5s a h pcrn chl 75 9 s00 9, s00 00 gs 00o pazto k 636 900 900 sosro k oo 33 10o 300 gf uat kngs fs tat155 700 7oo tlr ng g 688 25 90 819 s8 id regul er 700 zo0 ands stanp tadun 1 fam 2020 1ote 1a 738 10l2 donas cov 10 19 82 anjo oou uoo tune 5 oo kenp? 9n ppn 6- 309) t9 09 0a 2020- para rani a hora karnu ponta 7368 5 zmat po anda bortaubah a43 01 utaha tbk npyp 02 672 927 - 054 ooo tover jalur sutera barat kav 9 al ah s0 era kota tangerang banten cori",5407.100222894453,False,0.6016614814377246,639
c:\file akmal\Capstone - Ai Eng - Spendly_ Workspace\data\Groceries\valid\images\CamScanner-18-11-2024-12-48_56_jpg.rf.c0fcecc9313c8f6389071c1f747f3d74.jpg,Groceries,"alfamidi cavang alfamidi cavang baru/ jl rt 004 rw 12 kelu kritik saran 1500959 alfacoregiu id wuw alfamidiku com bon ne25 kasir rifki he 288 32 nice tis 900 45 , 700 45 700 disc 417 800 total item 45 , 700 total disc 17 800 total belanja 27 900 shopeepay 27 kembaliar ppn 4 , 145) t91 14 09 2021 20 08: 10 u .2021 . 7 . 0 member peter iuan poin member anda 5329 selanat poin anda bertambah 118 pt midi utama indonesia tbk 02 672 927 7 054 00o alfa tover lt 12, jl jalur kau 7 9 sutera panunggangan imur kota banten",1202.3304848909318,False,0.7817887166619414,515
c:\file akmal\Capstone - Ai Eng - Spendly_ Workspace\data\Groceries\valid\images\CamScanner-18-11-2024-12-48_5_jpg.rf.cf51c7ff10700b0fc7013ff4b9a240bd.jpg,Groceries,"una nav krajan jl krajan rt 0l rw kel kandangan kec . kanoangan , kab . emanggung . 5628 17 . 11 . 24 14 41 3 0 2o fpip 1130 f inka 02 idm ktg plstk 1w sdg 200 200 indomaret air min330 2000 000 indomlk kr bnana 180 5200 3 200 chupachups gumf illed 2 2600 200 piesta ssg rtg krn6o 8600 600 knzler sngles 65 8900 900 knzler sngles kju 60 8900 g00 go fress grape 24 11900 11 900 vc pt nge (4 280 fiesta bkso ay bbq6o 600 vc charoen pokph (8, 600) harga jual 46 , 700 total 46 700 tunai 100 0oo kembal i 53 300 anda hemat 12 800 ppn dpp 53, 604 ppn 5 896 layanan konsumen smswa 0811 1500 280 telp 500280 kontak indomaret co id belanja lebih mudah di klikindomaret gratis ongkir 1 jam sampai",6368.657732505799,False,0.866781302228275,686
c:\file akmal\Capstone - Ai Eng - Spendly_ Workspace\data\Groceries\valid\images\CamScanner-18-11-2024-12-48_64_jpg.rf.9a8adbb81af38893572262869193ce9c.jpg,Groceries,"alfahidi jebres hitra usaha h. sunardi ruko jebres square , rt 01 1 r kritik saran 1500905 bon si77- 882 o40zhzyz kasir bagus sq 28g 8 400 8, 40c disc- 1 900 delfi csh 60g 14 500 29, ooc disc. 10 200 total item 2 37, 40c total disc. 12 1oc total belaja 25 300 shopeepay 25 300 keinbalian 0 ppn 2 955) tal 04 02 2021 11 39 21 v 2020 11 2 pt hidi utaha indonesia tbk npwp 02 672 927 7 054- o0o alfa tower lt . 12, jl jalur kav- 7 9 alah sutera panunggangan tihur",3813.988999121612,False,0.8162653386507666,460
c:\file akmal\Capstone - Ai Eng - Spendly_ Workspace\data\Groceries\valid\images\CamScanner-18-11-2024-12-48_66_jpg.rf.175d49ae70b2dcf2c2e96490452bff4a.jpg,Groceries,"alfahidi ehpaka putih barat cehpaka putih barat jl cempaka putih brt 18 no kritik wa shs 081 11064cı888 eon nı253 317 21035x158 kasir ahhad 50 sos apple 725 11, 500 11 55j0 lisc sos lhn 725 11 500 11 55j0 disc_ 00o wls zni ( sv350 25, 900 25 9j0 iove u wht 40 25, 70o 25, 7j0 disc- 4 800 total lei 74 6j0 total di sc- 8 8j0 total biel anja 65 8j0 tuna 70 0j0 kemnba ian 4 2j0 ppn 7 393) 21 03 2024 18 43 05 2023 11 - 1 191- pt hidi utaha indonesia tibk 02 672 927 mlfa jalur sutera barat fay 79 suiera ppanungigangaiv tihu?",2137.859237608338,False,0.6915586880922435,523
c:\file akmal\Capstone - Ai Eng - Spendly_ Workspace\data\Groceries\valid\images\CamScanner-18-11-2024-12-48_67_jpg.rf.24588507463de9947f9f0a9cf8c13ace.jpg,Groceries,"alfahidi peruhnas pt hidi utaha indonesia tbk mundusaren , tempel, rt 09 kritik wa shs bon aiz8 123 15u80ad8 kasir aruh pan salonpas hot 10 8 200 32, 800 cadbury dh 30g 10, 00o total itemn 42, 800 tunai top up keinbalian virao 200 kembali ppn 4 241) top up uang kembalian virgo id transaksi id konsumer nama konsumen giffari iahfirana nominal 200 no reff virgo 1691 simpan sebagai bukti pembayaran sah layanan konsumen virgo csâvirgoku_id hubungi 021 72 888 777 t9l 15 08- 2023 18 06 59 2023 5- nphp 02 672 927 -7 054 npkp 02 672 927 7 054 alfatoyer lt 12, jl jalur suter bxp coa an",4765.118065749741,False,0.8283696216221751,582
c:\file akmal\Capstone - Ai Eng - Spendly_ Workspace\data\Groceries\valid\images\CamScanner-18-11-2024-12-48_69_jpg.rf.68f841f439917862b15e6e6fe0eb7806.jpg,Groceries,ha s4s bon 4h2s 101- kesir sexi lia sr 17 5 0 17 550 15 8 0 142 2c0 sc- 15 8 0 63 2l0 disc jotal ret 222 9c0 jotal oisc 168 5co total belanja 54 4c0 jenis kartu prepaid carlhakdiri noror artu cara 54 4c0 kerbalian 0,1625.6099921630855,False,0.671407845732943,215
c:\file akmal\Capstone - Ai Eng - Spendly_ Workspace\data\Groceries\valid\images\CamScanner-18-11-2024-12-48_78_jpg.rf.a35130c40593c2aa64acfbfa21d72a9e.jpg,Groceries,"bon u496 toi 16o4dykz kasir herhanto. brl kasi9l 19 , 900 19 , 900 galon 33 500 33 500 diac 27 iotal icen 400 iotal disc 27 900 total belanje 25 , 500 ivnal 30 50o kenba lian 00) ppn 1 809 ) igl. 16 04 2021 v 2021 1 0 voucher cashbaci 21 rp 500 hin llns 85rb kec dibvh 1th, ninvak grng rokok per pulba no . irensaksi kode 54s . 0817 111234 irunojoro pi sukber alfaria ioker gi 12 01 336 228 8 054 irunojoio 22 sakpang",1243.240480872625,False,0.7008251431769992,417
c:\file akmal\Capstone - Ai Eng - Spendly_ Workspace\data\Groceries\valid\images\CamScanner-18-11-2024-12-48_82_jpg.rf.17b49fa3da248318fe95dca45ac0d7a1.jpg,Groceries,"ftis kulon 2 sby pt . suhber alfaria tri jaya, tbk 7a tower lt 12, alah sutera, tangerang npwp 01 . 336 238 9 054 000 jl: jetis kulon wonokroho u256 602- kasir angg ! pr brd h 0 015 200 21o ade orange 70 11 500 11 500 sc. 2 600 dohncl 5x15 17 500 17 500 tal iten 29 200 tal disc. 2 600 tal bel anja 26 600 jnai 26 600 embal ian n 2 582) 01 02 2020 20 19 21 v 2020 1 0",2289.5917292809418,False,0.8288188071357979,367
c:\file akmal\Capstone - Ai Eng - Spendly_ Workspace\data\Groceries\valid\images\CamScanner-18-11-2024-12-48_87_jpg.rf.e871a804970c40bcd70ae94917aef81d.jpg,Groceries,"uv gabus grobogan jl honggokusumo kel gabus kec gabus kab grobogan 58183 26 08 24 14 59 3 0 18 tuze 335 tia a 01 indo c r twis .ch0110 2 8000 16 ooo vc indolakto pt (4 o00 sedekah kemanusiaan 4000 4 000 harga jual 16 ooo total 16 ,00o tunai 16 anda hehat ppn dpp 14 414 ppn 1 ,586 non ppn dpp 4 000 laayanan konsumen smsma 081 11500 280 telp 1500280 kontak indomaret coid belanja lebih mudah di klikindomaret gratis ongkir jam sampai",2960.587952193045,False,0.8679783846193546,433
c:\file akmal\Capstone - Ai Eng - Spendly_ Workspace\data\Groceries\valid\images\CamScanner-18-11-2024-12-48_8_jpg.rf.035fba047eeb5c9770eba6ef119c9b21.jpg,Groceries,"tangkuban perahu surakarta angkuban perahu kel kfc jebres kota surakarta 57177. 10 1 /2024 18 59 sltp pembayaran ode pembavaran ac081227151251 ira 2024 10 06 12 : 1 7 foko tokopedia jeski pembe an dar tukopedia o referens tkp? o referen: kp286674901 baya 46 100 elbe ian dar tokopedia elah berhas 24 19/ 3 20/ 9335 risal /0 choco almond 29 vc aice ice 500) mbyrn tokopedia com 46100 46 100 harga jual 58 600 total 58 600 tunat 10 kembal 400 anda hema 7 12 500 dpp 22 523 ppn 2 , 477 yon ppn dpp 46 100 poinku axxxx cek poin stamp / lucky di apps poink: anan onsumfn 1 500280 ifindomare mauna 90 ppn",4590.484526754803,False,0.802348943691709,598
c:\file akmal\Capstone - Ai Eng - Spendly_ Workspace\data\Groceries\valid\images\CamScanner-18-11-2024-12-48_90_jpg.rf.2f2c8e271b687c71f770ded7c02276e8.jpg,Groceries,"fresh slamet riyadi jl slamet riyadi no 004 rtoirwo8 purwosari kec laweyan kota surakarta , 57142 www , k 7ik indomaret .com 18 03 23 18 16 2 2 28 ttko 315 muham 01 p c ice shkn blckpch 25000 25 ,000 yc p c ice shkn crmy lt (10 000) yc nasi putih 2 3600 7 200 yc onigiri spcy tuna 12000 12 000 md choco ring 2 9500 19 000. diskdn (7 000) md crunchy shell 2 9500 19 000 diskon (7 000) yc crspy bonels chkn 2 13900 27 ,800 vc yc chicken popcorn (2 500) yc fried chkn dada 2 12900 25 ,800 vc yc fc paha atas (2 500) vc klik idmfoods (20 000)",6723.8977795767805,False,0.8181940575108122,538
c:\file akmal\Capstone - Ai Eng - Spendly_ Workspace\data\Groceries\valid\images\CamScanner-18-11-2024-12-48_95_jpg.rf.2976cc23c1221e6d8a8a168892ce4bbd.jpg,Groceries,7fresh erba : 55220 harga jual 0ooo totl ke bali 495,674.8094013009966,False,0.44134464114955496,52
c:\file akmal\Capstone - Ai Eng - Spendly_ Workspace\data\Groceries\valid\images\receipt-065_png_jpg.rf.4d8b8661b01ebe4b0564281759551dab.jpg,Groceries,ks tubun jl ks tubun no 05 rt02 kel temanggung kec temanggung kab temanggung 56213 01 12 24 -15 : 53 3 20 fxba 8100 dona / 02 dulcolax obat buang 22000 76 000 sharon roti manis pe 16000 96 000 nivea deodorant invi 25900 207 200 bu krim detergent ox 23800 142 800 arnon roti manis pis 6000 48 000 harga jual 670 000 total 670 000 tunai 670 000 kembali layanan konsumen sms wa 0811 1500 280 telp 1 500280 kontak indomaret co id belanja lebih mudah di klikindomaret gratis ongkir jam sampai,4486.76125,False,0.9246222594126088,487
c:\file akmal\Capstone - Ai Eng - Spendly_ Workspace\data\Groceries\valid\images\receipt-215_png_jpg.rf.8d47b27f9e5c7ae48c09779b3e56ef52.jpg,Groceries,ks tubun jl ks tubun no 05 rt02 kel temanggung kec temanggung kab temanggung 56213 01 12 24 -15 : 53 3 20 fxba 2492 / angga 04 garnier micellar cle 24500 24 500 mr bread roti isi da 12000 60 000 louis dessert espres 257400 257 400 amh minuman jahe mer 7600 68 400 nong shim chapagetti 23500 141 000 harga jual 551 300 total 551 300 tunai 555 000 kembali 700 layanan konsumen sms wa 0811 1500 280 telp 1 500280 kontak indomaret co id belanja lebih mudah di klikindomaret gratis ongkir jam sampai,4503.674174804688,False,0.933468581776146,494
c:\file akmal\Capstone - Ai Eng - Spendly_ Workspace\data\Groceries\valid\images\receipt-248_png_jpg.rf.b0cffab2d2504cea368431dbb5955b1e.jpg,Groceries,ks tubun jl ks tubun no 05 rt02 kel temanggung kec temanggung kab temanggung 56213 01 12 24 -15 : 53 3 20 fxba 7090/ angga /03 kaki tiga larutan pe 6600 26 400 citra hand body lo 25500 229 500 soyjoy fruit soy bar 9600 600 buavita juice mango 29300 175 800 ovaltine susu uht ch 5000 25 000 harga jual 466 300 total 466 300 tunai 470 000 kembali 700 layanan konsumen sms wa 0811 1500 280 telp 1 500280 kontak indomaret co id belanja lebih mudah di klikindomaret gratis ongkir jam sampai,4428.384140625,False,0.9245363592989406,485
c:\file akmal\Capstone - Ai Eng - Spendly_ Workspace\data\Groceries\valid\images\receipt-269_png_jpg.rf.e9a552172a4c04eb0f8e55489c1ed229.jpg,Groceries,sndomaet ks tubun jl ks tubun no 05 rt02 kel temanggung kec temanggung kab temanggung 56213 01 12 24 -15 : 53 3 20 / fxba 5068 /gita 02 tong tji teh celup 5500 31 000 indomaret gummy choc 9300 37 200 milo healty drink ac 10 27000 270 000 prime bread roti man 3500 500 harga jual 341 700 total 341 700 tunai 345 000 kembali 300 layanan konsumen sms /wa 0811 . 1500 280 telp 1 500280 kontak indomaret co id belanja lebih mudah di klikindomaret gratis ongkir jam sampai,4034.5756689453124,False,0.9107592399418503,466
c:\file akmal\Capstone - Ai Eng - Spendly_ Workspace\data\Groceries\valid\images\receipt-302_png_jpg.rf.29095baae617a858d7792c400551daa6.jpg,Groceries,"sndomaet ks tubun jl ks tubun no 05 rt02 kel temanggung kec temanggung kab temanggung 56213 01 12 24 -15 : 53 3 20 / fxba 6275 dona 05 fruit candy sweet fu 30500 83 000 sarimi mie instant 2400 800 delfi chocolate wafe 10 9900 99 000 bumbu kitchen kunyit 12500 87 500 harga jual 374 ,300 total 374 300 tunai 375 000 kembali 700 layanan konsumen sms /wa 0811 . 1500 280 telp 1 500280 kontak indomaret co id belanja lebih mudah di klikindomaret gratis ongkir jam sampai",4048.1588037109377,False,0.9027631915795593,466
c:\file akmal\Capstone - Ai Eng - Spendly_ Workspace\data\Groceries\valid\images\receipt-322_png_jpg.rf.1a6d001f3d7133247c5ab6c431441722.jpg,Groceries,sdomaeu ks tubun jl ks tubun no 05 rtb2 kel temanggung kec temanggung kab temanggung 56213 01 12 24 - 15 : 53 3 20 fxba 7055 rizal 03 delfi chocolate trea 12500 50 000 vaseline hijab radia 37500 150 000 sari roti roti tawar 18000 54 000 louis dessert moonca 270000 270 000 bright gas isi ulang 98000 196 000 lifree popok perekat 101000 303 000 kenko trigonal clips 4680 600 vape obat nyamuk 1 x 37800 37 800 harga jual 065 400 total 065 400 tunai 070 000 kembali 600 layanan konsumen sms wa 081 500 280 telp 1500280 kontak indomaret co id belanja lebih mudah di klikindomaret gratis ongkir jam sampai,5396.329150390625,False,0.9090728313820343,600
c:\file akmal\Capstone - Ai Eng - Spendly_ Workspace\data\Health\test\images\1dental11_png.rf.46847a727f668de66dd62216c6968d7a.jpg,Health,bulenr faktur penjualan satu dental summarecon bekasi unvoice no tanggal 08 january 2024 11 14 customer nadia abdat appibki202401 039 tgl lahir jumlah total harga total discount harga nett konsullasi rp 200 000 rp 200 000 ro 200 000 ro o roo rp 700 00o discount rp 200 00o total) rp 500 000 payment method rp 700 000 edc bri credit rp 500 000 rp 200 060 ro 500 000 rp 500 000,1609.3771507797178,False,0.599987546224036,375
c:\file akmal\Capstone - Ai Eng - Spendly_ Workspace\data\Health\test\images\1dental9_png.rf.0d7ec1aef7fb5e4cd37d8be087450ac8.jpg,Health,"ruko emerald cammercial bulevar faktur penjualan bekasi satu dental summarecon bekasi kota besasi, jawa barat invoice no invibk1/ tanggal 2024 15 02 customer nadia abdat trans no appybk1 202402 128 pasien nadia abdal /2k100104) tenaga medis drg anindila prima tgl lahir 22 03 1993 layanan jumlah total harga total discount harga nett karsultasi rp 200 000 rp 200 000 rp 200 000 rp o restcrasi poslerior moderate rp 650 000 rp o rp 650 00o subtotal rp 850 000 discount rp 200 000 total rp 650 000 phyment method total harga treatment rp 850 000 edc bri credit rp 650 000 total diskon treatment rp 200 000 grand total rp 650 000 total payment rp 650 000 february",5000.411376953125,False,0.7217733723414617,660
c:\file akmal\Capstone - Ai Eng - Spendly_ Workspace\data\Health\test\images\apotek2_png.rf.bc26d6cb359072c3e0d9c6ecf5f2aa55.jpg,Health,omdc summarecon bllng raxak jalan keterangan,1302.1023315428195,False,0.4901308401160714,44
c:\file akmal\Capstone - Ai Eng - Spendly_ Workspace\data\Health\test\images\halodoc9_png.rf.27c9fc0c82bb2fb9d123174351ca05de.jpg,Health,halodoc kuitansi 1nv 2232025 mmxxviivbv145x 8952 01 alanat: mo konsultasi waktu konsultasi metcde pembayaran detail transaksi total subtoral 59 000 00 blava layanan 2000 01 total dibayarkan pasien rp 61 000 00 kuitansi digital ini ticak membutuhkan stempel atau tanda tangan basah dan dibuat pada 22 maret 10 39 pukul,1036.206459958553,False,0.7211686423487158,317
c:\file akmal\Capstone - Ai Eng - Spendly_ Workspace\data\Health\train\images\1dental10_png.rf.95b0d3a4d9b5ed34f23a6b9e96d340d2.jpg,Health,ruko enerald cormerclal faktur penjualan satu satu dental summarecon bekasi invoice no tanggal 26 december 2023 17 16 customer nadia abdat trans no appibk1 202312 453 pasien jumlah total discount harga nett rp 200 000 rp 200 0oo ro 0 restorasi postcricr complex rp 850 000 ro o rp 850 000 subtotal rp 9 050 000 discount rp 200 ooo total ro 850 000 total harca treatment rp 050 000 rp 850 000 rp 050 00o,1761.2905200063647,False,0.5660035104322843,402
c:\file akmal\Capstone - Ai Eng - Spendly_ Workspace\data\Health\train\images\1dental12_png.rf.473710c7cf44cb2a643ccfc72e8eeacf.jpg,Health,faktur penjualan satu madia abdal pasien tenaga medis layanan ro 1 200 000 scaling sudtotal ro 200 000 discount ioial ro 599 000 np 001 000 rp 599 000 total payment rp 599 000,1296.309357817024,False,0.4975768489794079,175
c:\file akmal\Capstone - Ai Eng - Spendly_ Workspace\data\Health\train\images\1dental13_png.rf.731df2023a1db404c383f63abc3f27d8.jpg,Health,"diskon 100 % rp 0 unit hp 050 000 catotan: no 1 050 000 diskon total pp, 850 000 pasuen; kasir; rp 850 000 dekasi",1027.3750439453124,False,0.5265628202337452,113
c:\file akmal\Capstone - Ai Eng - Spendly_ Workspace\data\Health\train\images\1dental14_png.rf.ac86147c2d5a9478af5bea2c98be1f5f.jpg,Health,1u jlk harga mormal diskon harganet iprosedur layanam hp 750 06 celalen: total 250 0oo pasten rp 250 000 5 womno,994.2589038048685,False,0.5358200095964214,112
c:\file akmal\Capstone - Ai Eng - Spendly_ Workspace\data\Health\train\images\1dental17_png.rf.0b24d814e515a7c55c78ff7cef03f6eb.jpg,Health,"faktur penjualan s atu no: / tanggal; minggu, 11 desember 2022 13 48 tenaga medis: drg raden regita azizah jlh harga normal prosedur / layanan konsultasi erp 200 600 1 unt rp. 200 0o0 50 5% rp 99 0o0 produk obat 1 unit rp. 50 000 10046 subtotal produk obat; rp 0 catatan: rp. 250 000 diskon rp (152 000) rp. 99 000 pasien; kasic; kartu kredit - visa (11 12 22) rp. 99 000 s dicetak oleh: pendattaranbk 11 12/",1597.3720532225072,False,0.5720346480094808,408
c:\file akmal\Capstone - Ai Eng - Spendly_ Workspace\data\Health\train\images\1dental18_png.rf.1dcd5c9b72600912860c502c2b6147ce.jpg,Health,"fakivr penjvalan satu dental summarecoh bekasi no, pasien: nadía abdat (p 29 th 86 20 hr) /8k100104 tanggal: senin, 12 desember 2022 19 07 tenaga medis: drg nova anindia wahyu harga normal diskon harga net unit rp 200 000 100% rp 0 gtsl metal frame / valplas per frame /rahangh rp lunit rp. 2 500 000 rp. 2 500 000 2 500 0c0 j unit rp; 1 200 000 rp: 1 200 000 pencetakan alginat rp 209 000 rp. 200 000 rp. 200 000 new normal protocol rp 50 000 unit rp 50 000 10096 rp, 0 catatan: subtotal rp 4 150 000 untuk pemasangan gigi palsu valplost kurang icbih 2 3 1 kerudian diskon rp, 3 900 000 pasien; kasir: rp 3 900 000 tu kadia accephonlst bki dketakoleh: pendaftaranbk 12 12 2219 04 22",4274.588405426926,False,0.6100056683795617,683
c:\file akmal\Capstone - Ai Eng - Spendly_ Workspace\data\Health\train\images\1dental1_png.rf.7c428b04854cf6303ce6f96596721d5b.jpg,Health,satu denta1 summarecon bekasi en2 2191 8012ya kc 17143 7202602 520 rap 72 701 ohir 23 03/ 993 prine r2298 899 rp200 080 r2698 992 total price deposit price r2a grand tota1 rp680 822 882 you saved rp200 882,3155.858868353838,False,0.5711472026247899,205
c:\file akmal\Capstone - Ai Eng - Spendly_ Workspace\data\Health\train\images\1dental20_png.rf.c98e3be960bceb9d98707173ea48ab8e.jpg,Health,denta1 summarecon bekasi roko emera1a b0le3 elak kora 12225 pasien abdat ta1 lenar 4pp bka 202602 795 adincita prira 852o0 000 possariar 7x taeathent depoeit tore_ price roo grand tota1 880 edc rp,2731.091936026997,False,0.4973365926445835,196
c:\file akmal\Capstone - Ai Eng - Spendly_ Workspace\data\Health\train\images\1dental21_png.rf.d106733e97e34d915b6687e4ec5a7b59.jpg,Health,denta1 summarecon 31 iny bk1 202683 182 7 a erana tota1 788 880 522 080 you rp280 888,2206.453083496088,False,0.5177799926426465,85
c:\file akmal\Capstone - Ai Eng - Spendly_ Workspace\data\Health\train\images\1dental2_png.rf.7076e5b164f4a86ef4d406c1b2a28c7f.jpg,Health,den a1 summare on 82k9s1 919 2191 52 82ka81 17149 7202602 7 52 01 23 03 1993 price r28 price 6 na 7ota1 rp7 780 000 822 78 899 you 800 000,3430.3011181636803,False,0.5500333340849652,138
c:\file akmal\Capstone - Ai Eng - Spendly_ Workspace\data\Health\train\images\1dental3_png.rf.a5811c4c84be38603ea0e79babb590cf.jpg,Health,satu denta1 summarecon beka9i ja19n 8019 82kaa1 7143 inv bk1 202511 136 abdac 701 23 03 1099 app aki anindita rp280 800 7p900 889 ro180 888 total paice toial rpo grana tatal rp699 000,2549.2178262986595,False,0.5833122739213078,183
c:\file akmal\Capstone - Ai Eng - Spendly_ Workspace\data\Health\train\images\1dental4_png.rf.0490276e8182bffe9c792a8e442c0658.jpg,Health,"ruko emerald comnmerca ,jalan kwitansi bulevar selatan , blok ua 11, bekasi uta a, kota bekasi, 17143 pembayaran satu dental summar econ bekasi no invoice nadia abdat (23 03 1993) / bk1oo1o4 sejumlah uang enam ratus sembiłan puluh sembilan ribu rupiah jasa konsultasi dx: jawa barat 7 november 2025 diserahkan oleh pltıhs 45 diterima oleh madla abdat friska amella purnama jumlah: rp 699 000 (paslen; (kasir) drek prima dewi putri",2721.9430597047567,False,0.6629651949330883,430
c:\file akmal\Capstone - Ai Eng - Spendly_ Workspace\data\Health\train\images\1dental5_png.rf.ef749e3143c09225ea365988099bd8f9.jpg,Health,"faktur penjualan auko emeralj conmercia bulevar selalan, blok ua 11, bekasi ulara, koła eenas satu dental summarecon bekasi kota bekasi; jawa baral invybkt 202508 197 tanggal 08 agustus 2025 1607 customer nadia abdat trans no nadia atoat /bk100104 tenaga medis drg; anindila prina tgllahir 2031993 layanan jumlak total discount harga nett rp 200 000 ap d reslcrasi posterior moderale rp 659 000 rp 650 00) ap 0 fo 650 000 subtotal ciscount rp 2c0 000 total payment method rp 850 c0 edc bri credit ro 200 0c0 grand total rp 650 000 rp 650 000 ka",5508.85345703125,False,0.6283105063303966,544
c:\file akmal\Capstone - Ai Eng - Spendly_ Workspace\data\Health\train\images\1dental7_png.rf.fdb528a6255c24cca7061bd3aedaa304.jpg,Health,"ruko emereld comrerclal jalan bulevar invoice dental nvhek1 202471 004 clinic name : satu denta summarecon bekasi tanggal 01 november 2024 14 02 customer nadia abdat trans no appibki 202410 688 tenaga medis drg; inam fakhruodin asisten medis rizka saskla puvi tgl lahir ,23 031993 ayanan konsullasi rp 200 000 rp 200 000 rp 200 000 rp 0 00 (tanpa bedah) rp 1 5c0 0o0 ro 1 500 000 rp 0 rp 1 500 000 suototal rp 1 700 000 discgunt ro 200 000 total 50o 0o0 rp 1 700 000 edc bca credit rp /.500 000 total harga sales product rp 0 total diskon sales product rpo total harga deposit rp 0 total diskon treatment rp 200 000 grand total rp 1 500 000 total pxyment rp 1 500 000",2540.9317675676107,False,0.623906096608205,667
c:\file akmal\Capstone - Ai Eng - Spendly_ Workspace\data\Health\train\images\1dental8_png.rf.157073b0e8b28c1289789628290a2c70.jpg,Health,satu invoice invibk1 202411 238 clinic name ; satu dental summarecon bekasi tanggal 15 november 2024 12 04 customer nadla abdal iransno menis msien asisten medis konulln rp 20 000 rp 200 600 konb rp 100000 ppo 100 00 ro00o ro 100000 rpo apo rp0 ro 200 000 ro 100000 rp 100066,641.7749828766287,False,0.46889414398450663,275
c:\file akmal\Capstone - Ai Eng - Spendly_ Workspace\data\Health\train\images\apotek1_png.rf.6374cd8897a37d7a77be8ab159854591.jpg,Health,"jl hekarsari tinur telp (021) wwu apotekroxy com email outletozo apotekrcxy con t91201 11 2024 kasif eko shfte1 ks 2 paracetamol strip (kf) (gen) 10 11 000 kalium diklofenak tab (novell) gen) 10 15 000 30 300 teruho syringe shl 10 800 neurobion sooohg fdrte tab 10 49 subrotal total 116 100 bayar 100 pexbayaran credit cara 118 1d0 gold 116 ,",1047.6841186518607,False,0.6794562819738067,342
c:\file akmal\Capstone - Ai Eng - Spendly_ Workspace\data\Health\train\images\halodoc10_png.rf.7aace4479da6d7de5ab801c5e60a2efc.jpg,Health,8 halodoc kuitansi nadia abdat momo pembavarun dctall pengiriman dcllvercd 22 marth 2025 apotik maryam farma bekasi pd (f) mornr pengiriman 508122 vakang jumlah marga satuan harga taulat total 2 0oo dd 97 400 00 produk 550 00 jumlah paslen 57 950 00,1037.3612779086823,False,0.5910170853136493,249
c:\file akmal\Capstone - Ai Eng - Spendly_ Workspace\data\Health\train\images\halodoc12_png.rf.8c4794fc23061c9d985e878060ffceaa.jpg,Health,8 halodoc kuitansi nadla abdat nomor pcsanan gxabbn 4231 aotil 2025 pehs bara: pembavaran gpoy detall dallvered apni 2025 apotik halomedika medan satria (f) nomor penalriman su 41003 dahba indanim rarang jumiah haaga satuan hahge tanler 54 00000 siuo 21700 00 82800 8 80000 tota 94 500 00 total pembelan 116 500 q0 110 500 00 jumlah dibayar pasion peng,1003.5145361328125,False,0.4790426921734941,352
c:\file akmal\Capstone - Ai Eng - Spendly_ Workspace\data\Health\train\images\halodoc13_png.rf.9c0f4acb2e2fb9dc4d3774ad4824775e.jpg,Health,halodoc kuitansi trursa nadia abdat nomor pesanan parle814 hetode pemuuvaron gjoay detall penglrlman apotik halomedika medan satria (fi honor penninman darang umlah 217 200 00 po ?40 ?00 00 2 000 00 total taaihan 242 200 jumlan dlbayar paslen rp 762 200 00,1095.6222745106163,False,0.6002295158555294,256
c:\file akmal\Capstone - Ai Eng - Spendly_ Workspace\data\Health\train\images\halodoc14_png.rf.8dd18bad10dc39ae33a649b0baad0986.jpg,Health,halodoc kuitansi fopf) puspitesan untuk: yadil atoat alamat: mo konsultasi wnktu konsultasi metode pembayaran gopay detail transaksi total suototal 2 000 00 total dibayarkan pasien rp 61 000 00 kuitarsi digital ini tidak membutuhkan stempel atau tanda tangan basah dan dibuat pada 11 april pukul 15 58,1058.6494873046875,False,0.7020279858070507,301
c:\file akmal\Capstone - Ai Eng - Spendly_ Workspace\data\Health\train\images\halodoc15_png.rf.9ff5f971d84ae9aa5f94b78b7fa2a6a1.jpg,Health,"kuitansi foppl puspitosan uctuk: ho konsultasi perumahan pternler serenlty blok no 01, bekasi jaya bekasi timur kota bekas , /aw3 barat, indores a, 17112 waktu konsultası hctode pembayaran gcojy detail transaksi total 59 000 00 suttotal 59 000 00 blaya layanan 2 000 00 total dibayarkan pasien rp 61 000 00 kuitans digital ini tidek membutuhkan stempel atau tanda tangan basah dan dibuat pada 11 april pukul 15 58",1079.667607421875,False,0.7081550777382453,413
c:\file akmal\Capstone - Ai Eng - Spendly_ Workspace\data\Health\train\images\halodoc1_png.rf.045248ebcf8a5b741690cefebd39adf2.jpg,Health,halodoc kuitansi widyayanti inv 3102024 mmxxivix kz2046 3750 01 k22048 3750 waktu korsultasl detail transaksi total konsultasl dengan widyayanti dctter urium) subtatal kupon total kuitansi cigital ini tidak membutuhkan stempel atau tanda tangan basah dan dibuat pada 03 oktober pukul 22 16 butuh bantuan? hubungi kami di help halodoc com,861.2304687497849,False,0.6534614012965944,337
c:\file akmal\Capstone - Ai Eng - Spendly_ Workspace\data\Health\train\images\halodoc2_png.rf.a791d380764279e9305091aa36e7550f.jpg,Health,"8 halodoc kuitansi apotik k24 mt haryono (f) 5 fann momnor peninmer 506136 5016 harycno 60137 nadia abdat ault san aaya na vean 50269 detail pengiriman barang jumlah haaga satuak harga 5 800 00 5 80000 900 00 5 ,900 00 nana b0000 pomnouar dava lavanan taothan umlah dibayrr",1046.9126696495948,False,0.5228035812661906,273
c:\file akmal\Capstone - Ai Eng - Spendly_ Workspace\data\Health\train\images\halodoc3_png.rf.8236866bcd74e422461355af3a9c33b7.jpg,Health,"halodoc kuitansi dr cut samira samsul mo konsultasi 874648 0739 mwaktu konsultasi 01 desł24, 11 30 metode pembayzran 56 020 00 kuron total dibayarkan pasien rp 55 000 00 kuitansi digital ini tidak membutuhkan stempel atau tanda tangan basah dan dibuat pada 01 desember pukul 11 30 untuk.",933.6694287109375,False,0.6608397470174571,287
c:\file akmal\Capstone - Ai Eng - Spendly_ Workspace\data\Health\train\images\halodoc4_png.rf.c509d6d44fefe7d093d7156d4eb3ed7d.jpg,Health,kuitansi apotik halomedika medan satria (f) 907m63 0174 tnnvon pembelln ditcrimo poda deceinber 2024 gopuy nadia abdat 17112 detail pengiriman totan barang 500 mu 10 kaplet 150 00-.02 22 000 00 totalpembellan total taginan 174 700 00 jumlah dlbayar rp 174 700 00,1067.0840499252079,False,0.600640918295139,262
c:\file akmal\Capstone - Ai Eng - Spendly_ Workspace\data\Health\train\images\halodoc5_png.rf.80871c0ac68f1126583e1f708870fffe.jpg,Health,halodoc kuitansi ikv 1712025 mmxxvibwlwsk 4074 01 mo konsultasl waktu konsultesi metode pemlayaren detail tlunsaksi total eubtolal total dlbayarkan paslen rp 59 000 00 kuitansi digital ini tidak membutuhkan stempel atau tanda tangan basah dan dibuat pada januari pukul 16 45,856.4533447265625,False,0.753481040412084,274
c:\file akmal\Capstone - Ai Eng - Spendly_ Workspace\data\Health\train\images\halodoc6_png.rf.9eba0cb3187217970b2c970a9755a990.jpg,Health,halodoc kuitansi apotik halomedika medan satria (f) peonn kecanlalun medun salna ianuary 2025 halode: nadia abdat hakas awa har: detail pengiriman barang jumlh hakga satuan 66 h00 22 000 00 orai tagihan j06 400 00,1025.85763671875,False,0.6154255855165789,213
c:\file akmal\Capstone - Ai Eng - Spendly_ Workspace\data\Health\train\images\halodoc7_png.rf.39c92d8f777a493edf08651cbf8f65c6.jpg,Health,halodoc kuitansi dr fera yunta untuk: nacia atdat 1mvi1232025 mmxxviiiikllrzk 7672 01 mo konsultasi kllrzk 7672 maktu konsultas metode pembeyaran total konsultasi dengun fera yunlta 50. mata 59 000 00 suutola 59 000 00 total dibayarkan pasien rp 59 000 00 kuitansi digital ini tidak membutuhkan stempel atau tanda tangan basah dan dibuat pada 12 maret pukul 13 31,860.7098046875,False,0.6826285827884809,363
c:\file akmal\Capstone - Ai Eng - Spendly_ Workspace\data\Health\train\images\halodoc8_png.rf.b4278aaeb7475def2a81b77216943aab.jpg,Health,"8 halodoc kuitansi ono apotik maryam farma bekasi pd (f) omorporanan 6w6701 0299 1l duren jaya, kec bckasl tlm, match 2025 bca_va nadia abdat bckası tınur, kona detail pengiriman total jumlan 51900 dc peng aiman rp 76 900 00 tata jumlah dibayar pachn 76 900 00",1015.5144566344263,False,0.6014012908265783,260
c:\file akmal\Capstone - Ai Eng - Spendly_ Workspace\data\Health\train\images\saturdays_png.rf.4a378d611bb20f1bc84578061e0fdbfa.jpg,Health,"saturdays order /0 504090d order date customcr and pick up dctal friday ibth october 2024 adia abdat 17 49 wib 6287/ payment method gf 165 mall summarecon bckasi ji bulevaro ahmaa blok full payment m marga mulya kec. bckasi tim, kota bks; jawa borat friday ibth october 2024 edc bca payment summary total payment rp 1595 000 total quantlty 3items bcaio2024 forspesificitcm includocolloborotion paid amount rp 1435 500 satupdayspoint carned comnplctea incluae tax dpp (tax base ro 1293 243 ppn (vat amount ro 1 2 257 oct?",1560.4519165038998,False,0.645298698857842,520
c:\file akmal\Capstone - Ai Eng - Spendly_ Workspace\data\Health\valid\images\1dental15_png.rf.487e08c651248da7a9b56e38775b39c2.jpg,Health,jlh diskon rp 200 000 rp 0 x ray (penapikal) rp 25 009 rp 25 000 kp 25 000 unt rp j00 000 rp j00 000 catotan; diskon ap (200 000) total pp 325 000 pasien rp 325 000 skiu,912.3587524396836,False,0.503016154445208,169
c:\file akmal\Capstone - Ai Eng - Spendly_ Workspace\data\Health\valid\images\1dental16_png.rf.fb8479aa6ceaf18b3eee7c470f803cd2.jpg,Health,"faktur penjualan tenaga medis: drg novia anindita wahyu jlh diskon harga net rp 200 000 100 96 ro 0 pencełakan alg nat rp 26a000 l unit rp, 200 000 unit 10096 ro 0 catatan: diskon total rp. 200 000 pasien; rp. 200 000 tu",1707.4958642572174,False,0.5276075565032924,220
c:\file akmal\Capstone - Ai Eng - Spendly_ Workspace\data\Health\valid\images\1dental19_png.rf.af54a36f36514db1be5aaaa4f42e6b4b.jpg,Health,satu dental sunmarecon bekasi rolo 17123 iny/ bk1 282684/ 598 20 92 2026 23 03 1993 aningi a 992 posrerior 517p12 582 888 paice treafhent rp700 pbice pbice grand total rp788 800 e35 pp79a,2271.098589997524,False,0.6173896707134189,187
c:\file akmal\Capstone - Ai Eng - Spendly_ Workspace\data\Health\valid\images\1dental6_png.rf.3f8cbead11a495a0d9e172c61611dbea.jpg,Health,ruko emarald commercial . jalan bulevrar invoice bokna 17143 invibk1 202410 408 clnic name satu dental summarecon bekasi tanggal 25 october 2024 14 26 customer : nadia abdat trans no appibk1 202410 551 tenaga medis drg anindita prima pasien nadia aldat (bk10o104) asisten medis erpani patmawab tgl lahir 23 03 1993 konsultasi rp 200 000 rp 101 000 ro 99 000 subtotal rp 200 00o discount rp 101 000 total rp 99 000 trans no appibk1 202410 656 tenaga medis pano bki pasien nadia abdat (ek100104) asisten medis erpani patnawad tcllahir 23 03 1993 ayanan total x ray (penoram / cechakmetri) internal rp 250 000 rp 250 000 rp 250 00o subtotal rp 260 000 discount ap o total rp 250 000 paymentmethod total harga treatnent rp 450 000 edc bca credit rp 349 000 total harga sales product rp 0 total diskon sales product rp 0 total harga deposit total diskon treatment rp 101 000 grand total rp 249 000 total payment rp 349 c00,2745.225043942428,False,0.7259739475944885,917
c:\file akmal\Capstone - Ai Eng - Spendly_ Workspace\data\Health\valid\images\halodoc11_png.rf.032ab8c3600f9a839addb28ca5815f43.jpg,Health,"halodoc kuitansi 1nv 442025 mmxxviivib51qnx 5317 01 alamat: no konsultas bekasi moktu koasultas ketode pembayaran gopay total 59 000 00 subtolal 59 000 00 blaya loycnan total dibayarkan pasien rp 61 000 00 kuitansi digital ini tidak membutuhkan stempel atau tanda tangan basan dan dibuat pada 04 april pukul 09,.00",1011.5876513671875,False,0.5733195262310695,314
c:\file akmal\Capstone - Ai Eng - Spendly_ Workspace\data\Health\valid\images\halodoc16_png.rf.14dea49f045428704868c59cfd458c5b.jpg,Health,"halodoc kuitansi 1nv 1112025 mmxxvixi be4yok 5473 01 konsultasi beiyok 5 72 maktu konsultasi 01 nov 25 , 15 09 hetose pembayaran gopay detail transaksi total hana llstyant koentjoro (sp tkt) 59 000 00 subtotal 2 000 00 total dibayarkan pasien rp 61 000 00 kuitansi digital ini tidak membutuhkan stempel atau tanda tangan basah dan dibuat pada 01 november 15 09 pukul",926.511435546875,False,0.7103495764253538,366
c:\file akmal\Capstone - Ai Eng - Spendly_ Workspace\data\HouseHold\test\images\azko20_png.rf.84f58140bd6604d26f6d9f62a114b01e.jpg,HouseHold,"pt aspirasi hidup indonesia tbk azko mall pekanbaru phone sms ahi carceahi id npwp 0017 2112 3605 4000 jl puri kencana no rt 005 rw 002 kehbangan selatan kekbangan , jakarta dki 134576 dita angraini 30 2025 20 : 21 receipt 20 22 store: kris iron steam 120ow 289 900 289 g00 total 289 900 total sales 289 900 sakuku bca or (rp ) 289 900 cardid holder approval no 003456 total payment 289 900 bkp / jkp 258 296 ppn 31 604 item oty 14 days sales return with receipt no:",2391.1303832887115,False,0.8440493393404368,466
c:\file akmal\Capstone - Ai Eng - Spendly_ Workspace\data\HouseHold\test\images\azko4_png.rf.99a32bd6565ee4d338c4109e20e3574b.jpg,HouseHold,"pt aspirasi hidup ikoonesia tbk azko mall pekanbaru phone email ahi carepahi id npwp 0017 2112 3605 a0o jl puri nd rt 005 rh . dd2 selatan kenbangan . jakarta barat dki jakarta 134569 vina lestari 08 apr 2025 12 18 receipt 20 14 wa store; krisbow storage box 60l 149 900 149 900 total 149 , 900 total sal25 149 900 sakuku bca or rp) 149 900 cardid holder aoproval no 000789 total payment 149 bkp / jkp 133 874 ppn 14 990 item 14 days sales return with receipt no oty",2454.048757270426,False,0.8528700034452222,466
c:\file akmal\Capstone - Ai Eng - Spendly_ Workspace\data\HouseHold\test\images\azko9_png.rf.336ef53408a2a480f8afe928bf2249d1.jpg,HouseHold,aspirasi hidup tbk azko phore sus enanl ah 4d 0017 2112 3605 4000 jl puri rt . 005 ra 002 selatan jakarta barat dki jakarta 134575 nurul fajri 26 aor 2025 11247 receipt no: 20 15 store: lockblock food 1l 79 900 79 900 toral total sales 79 900 or (rp) 79 900 cardid holder aporoval ro 003012 total 79 900 bkp / jkp 71 339 ppn 561 icen oty 12 days sales return receipt,1377.887019032949,False,0.7710812506751958,366
c:\file akmal\Capstone - Ai Eng - Spendly_ Workspace\data\HouseHold\test\images\mr-diy20_png.rf.250eadc79bfc0c76826fb936510fe927.jpg,HouseHold,"10 hr pt daya 668 887 7 082 gedurg a1a cent lantai 30 jalan jendera sud rman kav 484 jakarta selatan 2930 (fs ruko cliandak raya kko ragunan pasar hinggu) invdice- brooh dustpan set 48 28 28 garbage bag 19 x 9 , dod 9 , 000 item s) : 2 oty s) : 2 total inc) rp 37 00o debit rp 37 0113 included in tota rp 663 02 01 25 12 34 g53301 t1 operator id_ intay perhata penukaran barang diperbolehkan haktu hari setelah custoher care 021 mrdiy",2256.641492168808,False,0.7437503356339088,434
c:\file akmal\Capstone - Ai Eng - Spendly_ Workspace\data\HouseHold\train\images\azko10_png.rf.f4e50853b71867fce2c549953a0e484a.jpg,HouseHold,pt aspirasi hioup indonesia tbk azko pekanbaru phone sms email ahi careeahi id 0017 2112 3605 4000 jl pur i kencana no rt 005 aw 002 kehbangan selatan kembangan jakarta barat dki jakarta 134576 dita angraini 30 apr 2025 20 21 receipt no 20 22 wa store; kris iron steam 1zoow 289 900 289 900 total 289 total sales 289 900 sakuku/ bca or (rp ) 289 900 cardid holder approval no 003456 total payment 289 900 bkp / jkp 258 296 ppn 31 604 item oty 1 2 days sales return with receipt,2309.9237451137537,False,0.8578099451279548,477
c:\file akmal\Capstone - Ai Eng - Spendly_ Workspace\data\HouseHold\train\images\azko12_png.rf.c7133a369eaefd6e8fbefa7a590bf6b6.jpg,HouseHold,pt asp irasi hidup indonesia tbk hall pekanbaru phone shs 0b5182465126 email ahi careeani id npwp 0017 2112 3605 4000 jl furi kencana no rt rh odz selatan kembangan jakarta barat dki jakarta 134568 dian prataha 05 apr 2025 17 40 receipt no 20 21 wa store: kris basket laundry 129 900 129 900 total 129 900 toral sales 129 900 sakukuybca or rp 129 900 cardid holder approval no 000456 total payment 159 900 bkp/ jkp 116 126 ppn 12 774 item oty 14 days sales return with receipt,2439.0805297614993,False,0.8156515171738677,476
c:\file akmal\Capstone - Ai Eng - Spendly_ Workspace\data\HouseHold\train\images\azko13_png.rf.6048eb4c2bf85060fb1fa8ee9e82630b.jpg,HouseHold,"pt aspirasi hidup tbk mall pekanbaru phone shs email ahi careeahi id npwp 0017 2112 3605 jl puri kencana nd rt 005 rr 002 selatan kehbangan jakarta barat dki jakarta 134569 vina lestari 08 2025 12 18 receipt no 20 1 4 wa store: krisbow storage box 60l 149 900 149 900 total 149 , 900 total sale5 149 900 sakuku bca or (rp) 149 90o cardid holder aoproval no 00o789 total payment 149 900 bkp / jkp 133 874 ppn 14 990 item oty 14 days return th receipt",2487.9204579528814,False,0.8313289636284215,449
c:\file akmal\Capstone - Ai Eng - Spendly_ Workspace\data\HouseHold\train\images\azko14_png.rf.174af70577135495097124329bd1d480.jpg,HouseHold,"pt asp rasi hidup indonesia ibk mall phone shs email ani carepahi ia npnp 0017 2112 3605 jl pur kencana no rt os 00? kehaangan selatan kembangan , jakarta ok i jakarta 134570 agung nugrohd 11 apr 2025 19 05 receipt no 20 25 wa store: klaz keran air dapur 219 900 219 900 total 219 900 total 219 900 qr (rp) 219 cardid holder approval no 001234 total payment 219 900 bkp/ jkp 196 , 314 ppn 23 586 qty 14 days feturn with reccipt",1614.6325830017095,False,0.7859238077907259,427
c:\file akmal\Capstone - Ai Eng - Spendly_ Workspace\data\HouseHold\train\images\azko15_png.rf.c7bf583a44ffef0f4f38e6d21172f6b7.jpg,HouseHold,"pt aspirasi hidup tbk azko hall pekanbaru phone o7618s0900 shs emal ahi carepahi id nphp 0017 2112 3605 4000 jl kencana no rt 005 rw . do2 kehbangan , jakarta barat dki jakarta 134571 putri maharani 14 apr 2025 15 22 receict no 20 16 store: bantal 45x45 89 900 89 900 total 89 900 tatal sales 89 90o sakuku bca or (rp) 89 , 900 cardid holder approval no 001567 total payment 89 bkp/ jkp b0 , 090 ppn 810 item oty 14 days sal25 return with receipt",3424.7653833002973,False,0.8156905446966857,446
c:\file akmal\Capstone - Ai Eng - Spendly_ Workspace\data\HouseHold\train\images\azko16_png.rf.983b5846a713d072f4afe03283a7e660.jpg,HouseHold,"pt aspirasi hicup indonesia tbk hall pek rnbaru phone o761b50900 shs erai ahi carepahi id npwp 0017 2112 3605 addo jl puri kencana no . rt , rh 0o2 kehbangan selatan kembangan , jakarta barat dki jakarta 134572 hendra wijaya 17 apr 2025 13 33 receipt no 20 , 17 wa store: kris set pisau pcs 249 900 249 900 total 249, 900 total 5ales 249 900 sakuku bca or (rp) 249 900 cardid holder approval no 001890 total payment 249 900 bkp/ jkp 223 153 ppn 26 74/ item qty 14 days sale5 return with receipt",2475.4934179683682,False,0.8115451852461979,494
c:\file akmal\Capstone - Ai Eng - Spendly_ Workspace\data\HouseHold\train\images\azko17_png.rf.87b49844780493a2a46b34412caa2b9c.jpg,HouseHold,indonesia tbk azro mall phone 0761a50900 npp 0017 2112 3605 ul rt 005 ra 002 selaten baret dki jakarte 134573 sinta 20 aor 2025 no: 20 - 11 store: 899701 1 112233 inforka meja led 159 900 159 900 total 159 9o0 total 159 900 krp) 159 900 cardd molder approval no 002345 total paynent 159 900 1a2 793 ppa 107 ten oty 14 days sales ith,655.8319384761811,False,0.6739559288382544,332
c:\file akmal\Capstone - Ai Eng - Spendly_ Workspace\data\HouseHold\train\images\azko18_png.rf.4d9a1eaa1d7cea6547b3cd81bcbdb3ef.jpg,HouseHold,"pt aspirasi hicup indonesia tbk mall pekanaaau phone shs ani carpbahi id npwp 0017 2112 3605 4000 jl puri kencana no rt rr 002 kehbangan selatan keubangan jakarta oki jakarta 1345 4 yoga pratama 23 apr 2025 18 52 receipt no 20 19 wa store: kris rak tingkat 319 900 319 900 total 319 total 319 , 90o sakuku bca or (rp) 319 900 cardid holder approval no 002678 total payment 319 900 bkp / jkp 285 625 ppn 34 275 item oty days sales retufn with receipt",2696.200117184615,False,0.797616888308144,449
c:\file akmal\Capstone - Ai Eng - Spendly_ Workspace\data\HouseHold\train\images\azko19_png.rf.b09a93c529721980436cdf800cc3ae7e.jpg,HouseHold,pi aspirasi hidup inddnesia tbk azko nall pekanbaru phone 545 emarl ahi careoahi id 0017 2112 3605 jl puri kencana no rt 005 rw 002 kekbangan selatan kehbangan jakarta barat dki jakarta 134575 nurul fajri 26 apr 2025 11 : 47 receipt no 20 15 wa store food container 1l 79 900 79 90o total 79 900 total salcs 79 900 sakuku bca or (rp 79 900 cardid holder approva no 003012 total payment 79 900 bkp / jkp 71 339 ppn 561 item 14 days sales feturn with receipt oty,2410.148075436021,False,0.8211856068532236,460
c:\file akmal\Capstone - Ai Eng - Spendly_ Workspace\data\HouseHold\train\images\azko1_jpeg.rf.4ecae4ca31a76b4937ecb13598f88bcb.jpg,HouseHold,"pt aspirasi hidup indonesia tbk azko mall pekanbaru phone shs ema ahi caregahi id npwp 0017 2112 3605 4000 ul puri kencana no rt 005 rw 002 kembangan selatan kembangan, barat dk i jakarta. 121802 sant 30 2025 21 14 receipt no 20 . 19 wa store: philips hair straightnerhp 385, 900 385. 900 total 385 900 total sales 385, 900 (rp) 385. 900 cardid ho) der approva no oooooo tota payment 385, 9o0 bkp / jkp 347 658 ppn 38 242 item oty 14 days sales return with receipt har",1490.229584823227,False,0.8374561464943033,468
c:\file akmal\Capstone - Ai Eng - Spendly_ Workspace\data\HouseHold\train\images\azko2_png.rf.45dedefb7cc23ba6f87b86ba6b8598f6.jpg,HouseHold,"pt aspirasi hidup indonesia tbk azkd hall phone shs email careeahi id 0017 2112 3805 4000 jl furi kencana no rt rw - 002 kehbangan selatan kehbangan jakarta barat dk i jakarta 134567 rina aprilia 02 ppr 2025 14 ; 32 receipt no 20 13 wwa store: oxone pan frypan 199 90o 199 900 total 199 90o total sales 199 90o or (rp) 199 , 900 cardid holder approval no 000123 tatal payment 199 900 bkp / jkp 180 090 ppn 19 810 iten oty 14 days sales return with rccciot",2389.924492184615,False,0.8197007162784979,455
c:\file akmal\Capstone - Ai Eng - Spendly_ Workspace\data\HouseHold\train\images\azko3_png.rf.8537084a80d1d4dc00a87d8d62201aa2.jpg,HouseHold,"pt aspirasi hidup indonesia tbk azko hall pekanbaru phone shs emafl ahi careeani id npwp 0017 2112 3605 400o jl puri kencana no rt 005 rw 002 kenbangan selatan kembangan , jakarta barat dki jakarta 134568 dian prataha 05 2025 17 - 40 receipt no 20 21 wa store kris basket laundry a0l 129 900 129 900 total 129 90 total sales 129 900 sakuku bca or (rp) 129 cardid holder approval no 000456 total payment 159 900 bkp/ jkp 116 125 ppn 12 774 tem dty 14 days sales return wich receipt apr",2348.48974365186,False,0.8169870024380907,484
c:\file akmal\Capstone - Ai Eng - Spendly_ Workspace\data\HouseHold\train\images\azko5_png.rf.a1a79bdf71ce8352d004d8bb678179e3.jpg,HouseHold,"pt aspirasi hidup inoonesi? ibk azkd mall phone shs email ani carebahi id nphp 0017 2112 3605 400o jl pur kencana no rt 005 002 kembangan selatan kembangan , jakarta barat oki jakarta 134570 agung 11 ppr 2025 19 05 receipt na 20 25 store: klaz keran air dapur 219 9do 219 900 total 219 90 total sales 219 900 sakuku / bca qr (rp) 219 9dd cardid holder approval no 001234 total paynent 219 900 bkp / jkp 196 314 ppn 23 586 item qty 14 days sales return with receipt",2286.260573674387,False,0.8320135316442392,464
c:\file akmal\Capstone - Ai Eng - Spendly_ Workspace\data\HouseHold\train\images\azko6_png.rf.20043c12de69ad4e554be916ddc839a4.jpg,HouseHold,"aspirasi hidup indonesi2 tbk hall phone shs emafl ahi carcpahi id 0017 2112 3605 4000 jl puri kencana no , rt rw kenbangan kehbangan jakarta barat dki jakarta 134571 putri haharani 14 adr 2025 15 22 receict no 20 16 ka store: inforha bantal sofa 45x45 89 900 89 900 total 89 900 total sales 89 900 sakuku bca or (rp) 89 , 900 cardid holder approval no 001567 total paynent 89 900 bkp/ jkp 80 090 ppn 810 item oty 14 days sales return with receiot",2420.543271483993,False,0.8651387968319647,446
c:\file akmal\Capstone - Ai Eng - Spendly_ Workspace\data\HouseHold\train\images\azko7_png.rf.0f192e6b07f3526f0925a2e59ac963f5.jpg,HouseHold,pt aspirasi hidup indonesia tbk azko pekanbaru phone shs erai ahi carebahi 10 npwp 0017 2112 3605 jl puri kencana no 005 rw du2 kembangan selatan kehbangan . jakarta barat dk jakarta 134572 hendra wiaya apr 2025 13 33 receipt no 20 17 wa store: kris set pisau pcs 249 9do 249 900 total 249 900 total sales 249 900 sakuku bca or (rp) 249 900 cardid holder approval no 001890 total payment 249 900 bkp / jkp 223 153 ppn 26 747 item qty 14 days salcs return th receipt,2561.2421581970207,False,0.7999727765066691,465
c:\file akmal\Capstone - Ai Eng - Spendly_ Workspace\data\HouseHold\train\images\azko8_png.rf.2d812fd2e8d719f8def16fd977e17dac.jpg,HouseHold,"pt aspirasi hidup ind onesia tbk azko mall phone sus emaal ahi carebahi npwp 0017 2112 3605 ul puri kencana no rt 005 rw 002 kembangan kehbangan , jakarta barat dk i jakarta 134573 sinta dewi 20 apr 2025 16 11 receipt no 20 11 wa store inforha lahpu meja led 159 900 159 900 total 159 900 total sale5 159 900 sakuku bca or (rp) 159 900 cardid holder approval no 002345 total payment 159 900 bkp/ jkp 142 793 ppn 17 107 item qty 14 days 5alcs return with receipt",2290.4040234279637,False,0.8470901038351923,461
c:\file akmal\Capstone - Ai Eng - Spendly_ Workspace\data\HouseHold\train\images\mr-diy10_png.rf.b9c626b2868f1c7ced535d47e15b10c5.jpg,HouseHold,"mr d .i .y pt pt daya anugerah (npwp 040 668 987 063 gedung aia central lantai 30 jalan jenderal sudirman kav 484 jakarta selatan 12930 (fs ruko cilandak raya kko ragunan pasar minggu) invoice floor cloth pel 1pc 38 , odo garbage bag sopcs gb- 50 12 , 0o0 12 , odo item s) qty s) 2 total incl rp 50 000 cash rp 50 000 ppn included total rp 4 950 02 03 25 19 17 g54001 t1 ro000021045 operator id xkko suci dwiana",1815.128452146912,False,0.8503294884412316,411
c:\file akmal\Capstone - Ai Eng - Spendly_ Workspace\data\HouseHold\train\images\mr-diy11_png.rf.fb6741cf4bdb40d0047dbbdddf943ac8.jpg,HouseHold,"u hr pt niaga inoguna yasa 777 846 7 012 000) gedung ai4 central 30 jalan jehderal sudiraan kay 4ba jakarta selatan 12930 pasar tum surabaya hall) invoice- screw hook 68 19 12 coo 12 000 tissue holder stainless 48 25 ,ooo 35 item s) : 2 oty s) : 2 total inc1 ppxe11s rp 47 ooo cash rp 50 rp ppn 011 included in toral rp 4 , 653 18 11 24 1 4 22 sho1 je1512 operator penukaran barang diperbolehkan dalaa haktu hari setelah pehbelian custoher care 021 website www hrdiy",2178.0601415324154,False,0.7212300499704478,466
c:\file akmal\Capstone - Ai Eng - Spendly_ Workspace\data\HouseHold\train\images\mr-diy13_png.rf.30e59f651aabac65743e118de9ae14c5.jpg,HouseHold,03 hr d .i -y pt indcguna yasa (nphp 081 777 846 7 012 000 ) gedung aa cenirel 30 jaln jenderrl kay 484 jakarta selatan 12930 (pasar atum surabaya hall) storage box 12l 43 32 000 tie (sopcs) 25 doo bath sponge 19 500 5d0 item s : 3 tota inc ro 48 500 cash 50 0o rp 500 included in tota rp 802 25 11 24 10 37 sh01 je1035 t2 r0odo103342 operator haulaya penukaran barang diperbolehkan dalah hari custoher care 02 1 website hrdiy rc,2300.506446584171,False,0.7406155221553063,429
c:\file akmal\Capstone - Ai Eng - Spendly_ Workspace\data\HouseHold\train\images\mr-diy14_png.rf.d197a862849ca3f6d355136b7ca9ba29.jpg,HouseHold,"04 mr 0 i pt pt daya anugerah (nphp ooo 668 887 gedurg aia centra lantai 30 jalan jendera kay 484 jakarta selatan 1233c (fs ruko clandak raya kko ragunan pasar hinggu) invoice - cloth 1opcs 25 17 , 0o0 17 ,000 laundry net 25 13 000 hook 13 10 ,000 item s) oty s) total inc rp 40 00o debit rp 40 0oo ppn included rotal rp 3 , 960 30 11 24 15 28 sho2 g53002 t r0o00120023 operator id_ siti nurhaliza penukaran barang diperbolehkan hari seteleh pehbelian custoher care 021 hrdiy n",2282.882705078125,False,0.7630590663515318,477
c:\file akmal\Capstone - Ai Eng - Spendly_ Workspace\data\HouseHold\train\images\mr-diy16_png.rf.076dfdfe4f26b6ac85b9fe10be3116f4.jpg,HouseHold,"06 pt pt daya (nprp doo. 668 98/ 7 063 000 gedung aia central lantai 30 jalan jendera svo man kav 484 jakarta selatan 2930 ruko ciandak raya kko raounan pasar h nggu invdice plastic container 2l 43 16 , doo 16 , odo zip lock bag (s) 13 8 , 500 500 scotch brite sponge no 6 , 500 item s) 13 dty s) : 3 total inci 31 00o debit rp 31 000 ppn included in rota rp 3 ,065 28 12 24 17 : 43 sh02 g52107 r000010554 1 operator lestari penukaran barang diperbolehkan haktu pehbelian 02 1 website hrdiy coh/ id rp",2159.4327783203125,False,0.7265246397728242,501
c:\file akmal\Capstone - Ai Eng - Spendly_ Workspace\data\HouseHold\train\images\mr-diy17_png.rf.b4a8c42852a7cbd8548f0a5c98a93e59.jpg,HouseHold,"pi gedung aia 30 jenoeral 284 12930 (pasar atu surabeya invdice 28 22 0oo 0oo tape 54 28 25 00o 25 .000 toral incl ro 0oo cesh ro 50 00o in roral rp 653 12 12 24 sho1 je1120 12 operator id fajar barang diperbolehkar deleh pehbelian custcher care 021 mebsite 22 ,",1083.1171605657044,False,0.6754527702417388,262
c:\file akmal\Capstone - Ai Eng - Spendly_ Workspace\data\HouseHold\train\images\mr-diy18_png.rf.fe0e3e07630af57e1ac61cd41e8c44e1.jpg,HouseHold,"u hr. d i y pt niaga indoguna yasa np p 081 777 846 .7 012 000 ) gedung ala central 30 jalan jewderal 48a jakarta selatan 12930 pasar atum surabaya hall) invoice_ storage bag 48 20 ,000 air freshener gel 12 000 microfiber cloth 3pcs 13 11 , odo irem s) :3 oty s) : 3 tora incl rp 43 rp 50 000 change rp 0oo ppn inc l uded in total rp 257 24 -12 24 19 09 sho1 je2106 rooo1 16650 operator id reza hahardika penukaran barang diperaolehkan dalah hari setelah pehbelian . custoher care 021 website hrdiy coh/ id",2277.7010297298198,False,0.6892389868053523,506
c:\file akmal\Capstone - Ai Eng - Spendly_ Workspace\data\HouseHold\train\images\mr-diy19_png.rf.0917e2b95d32e91814e6a0b92be05343.jpg,HouseHold,"09 mr 0 -i y pt, niaga yasa (npap 081 777 846 cedung a 1a central 30 jalan jenderal sudirhan kay 484 jjakarta selatan 12930 (pasar atun surabaya hall) invdice vacuuh bag (l) 48 20 ,000 air freshener gel 19 12 a00 12 , 00o microfiber cloth 13 11 , odo item s) ota rp rp 50 0o0 change rp ppn nc uded in total 257 24 12 24 19 09 sho 1 je2106 roooo 1 16650 operator d _reza hahardika penukaran barang diperaolehkan hari setelah 021 website ardiy coh/ id ro",2196.138055209518,False,0.71848607217264,452
c:\file akmal\Capstone - Ai Eng - Spendly_ Workspace\data\HouseHold\train\images\mr-diy4_png.rf.b5f0ccfdbc156fe7bb2239cf8a7cd0a7.jpg,HouseHold,"02 mr pt niaga indoguna yasa (npwp 081 777 846 7 012 000 ) aia central lantai 30 jalan sudirhan kay 484 jakarta 12930 (pasar arud surabaya mall) invoice tissue box holder t8 01 18 , 0oo 18 , 00o cleaning brush c8 02 9 , 0oo 00o scissor 5s 01 12 , 0oo 12 00o itcm s) oty s) 3 total incl rp 39 000 debit 39 in total rp 3 861 02 01 25 11 15 sho1 je2014 t3 rooo1020045 operator id psat khoirun nisa 9 , rp",1801.6916430653987,False,0.7694528699164097,401
c:\file akmal\Capstone - Ai Eng - Spendly_ Workspace\data\HouseHold\train\images\mr-diy5_png.rf.950777e4339572d235777b351c6516e3.jpg,HouseHold,04 mr pt pt daya indah 040 668 987 7 063 o0d) gedung aia central lanrai 30 jalan jenderal sudirman kav jakarta selatan 12930 (fs ruko cilandak raya kko ragunan pasar minggu) invoice- hini flashlight fl 01 20 00o 20 ooo zip lock bag 3opcs zl 30 12230 oo item s) oty s) 2 total incl ppna113 rp 29 cash 30 change rp oo0 ppn 0111 included in total rp 2 871 21 01 25 13 22 sho1 g54001 t1 r0000017150 operator id xkko suci dwiana rp,1642.7795922825273,False,0.7715360742767412,426
c:\file akmal\Capstone - Ai Eng - Spendly_ Workspace\data\HouseHold\train\images\mr-diy6_png.rf.e2adf7e4fbb53d77d4bad75860ffd0cf.jpg,HouseHold,"05 mr d . i y pt pt indah anugerah (nphp 040 668 987 063 0d0 ) gedung aia central lantai 30 jalan jenderal sudirman kav 484 jakarta selatan 12930 (fs ruko cilandak raya kko ragunan pasar hinggu) invoice extension coro 3m ec 03 35 ooo 35 item s) oty s) : 1 total incl rp 35 , 0oo debit rp ppn 811% included in total rp 3 468 27 01 25 18 09 sho1 gs4001 71 r000od18422 operator id -xkko- suci dwiana",1592.5095166011815,False,0.7927909720882619,396
c:\file akmal\Capstone - Ai Eng - Spendly_ Workspace\data\HouseHold\train\images\mr-diy7_png.rf.794f60d1aef6466f2cbd95ce1fb1bb70.jpg,HouseHold,hr d . i pt niaga indoguna yasa (npwp 081 777 846 7 012 gedung aia central lantai 30 jenderal sudirman kav 48a jakarta selatan 12930 (pasar atum surabaya mall) invoice glass food container 370nl 25 spoon set st 03 10 o0o item s) oty s) 2 total incl ppn11 rp 35 000 cash rp 40 change rp 00o ppn 11 included in toral rp 3 465 01 -02 25 14 38 shd1 je2014 t3 r0001023950 operator id psat khoirun nisa,1847.6111603193044,False,0.828285672555438,396
c:\file akmal\Capstone - Ai Eng - Spendly_ Workspace\data\HouseHold\train\images\mr-diy8_png.rf.d20c750de1c23fc6ff7d0ac0dbb92e37.jpg,HouseHold,"hr d . i .y pt niaga indoguna yasa 081 777 846 7 012 000 ) gedung aia lantai 30 jalan jenderal sudirhan kav 484 jakarta selatan 12930 (pasar atum surabaya mall) invoice led bulb 9w putih 28 ooo 28 0oo plug adaptor pa 01 12 , 000 12 , ood item s) oty s) 2 total incl rp 40 0oo debit rp 40 0oo 211% included in total rp 3 960 09 02 25 17 51 sho1 je2014 t3 ro001025561 operator id psat khoirun nisa",1568.2139941404107,False,0.8109771835040177,395
c:\file akmal\Capstone - Ai Eng - Spendly_ Workspace\data\HouseHold\train\images\mr-diy9_png.rf.a879012d928d8e6944ba949d6bde5f74.jpg,HouseHold,"mr d pt niaga indoguna yasa (npwp 081 777 846 7 012 ooo ) gedung aia central lantai 30 jalan jenderal sudirhan kav 48a jakarta selatan 12930 (pasar atun surabaya mall ) invoice cloth clip 24pcs ooo 9 ,000 spray bottle s0oal 14 , oo 000 item s) oty s) 2 tatal incl ppne11 rp 23 000 debit rp 23 ppn included in total rp 2 277 24 02 25 15 02 sho1 je2014 t3 ro001028892 operator id psat khoirun nisa",1589.338754879379,False,0.766794217673731,395
c:\file akmal\Capstone - Ai Eng - Spendly_ Workspace\data\HouseHold\valid\images\azko11_png.rf.2e198f4b2764e27488b14148e95bb4da.jpg,HouseHold,"pt aspirasi hidup ndonesia tbk azko mall pekanbaru phone shs email carpbahi id nphp 0017 2112 3605 4000 jl puri kencana no rt 005 rh d02 selatan kehbangan , jakarta barat dki jakarta 134567 rina aprilia 02 epr 2025 14 : 32 receipt no 20 13 wa store: oxone pan frypan 199 900 199 900 total 199 9d0 total sales 199 90o sakuku bca or (rp) 199 900 cardid holder approval no 000123 total payment 199 bkp / jkp 180 090 ppn 19 b10 iten oty 14 days sales return with roceipt",2406.369965696717,False,0.8343347398279486,466
c:\file akmal\Capstone - Ai Eng - Spendly_ Workspace\data\HouseHold\valid\images\mr-diy12_png.rf.22e870b95146f0a00453e667b627d98a.jpg,HouseHold,"daya indh 887 7 063 00o) gedung 1: cenrca lantai 30 jalan engera sudifran jakarra selacan 12930 (fs ruko cilandak raya kko ragunan pasar hinggu) invoice aohesive hook 2pcs 13 18 000 plywood shelf 43 29 000 29 000 hasking tape 8 0oo 8 ,0oo iren s) ory s) 3 toral incl rp 55 0oo rp 55 000 included in rota rp 5 446 21 11 24 16311 sho2 652003 t1 ro00o1 12503 putri pemukaran barang hari custoher care 021 website ardiy coh / id",1393.0815624946354,False,0.6580069871928689,424
c:\file akmal\Capstone - Ai Eng - Spendly_ Workspace\data\HouseHold\valid\images\mr-diy15_png.rf.e19d1b99acf8a59af407163606a5298a.jpg,HouseHold,"05 hr pt indcsuna yasa (npwp 081 777 846 7 012 000) gedung 30 jalan sudirhan kay 484 jakarta 12930 (pasar atum surabaya invice_ led bulb 9w 53 29 ,0o0 29 extension cdrd 48 35 000 35 000 item s) 2 oty s) : 2 total inc1 rp 64 00o cash rp change rp 0o ppn 01 4 included in toral rp 537 02 12 13 05 shoi je1bo 1 t4 r0000099931 operator saputra penukaran diperbolehkan dalah waktu hari setelah pehbelian custoher care 021 website hi hrdiy",2154.931982421875,False,0.7319227044834359,433
c:\file akmal\Capstone - Ai Eng - Spendly_ Workspace\data\HouseHold\valid\images\mr-diy1_jpeg.rf.d62cbc9b0e77f482afeecf2282f965ed.jpg,HouseHold,"mr d i .y pt pt daya anugerah npwp 040 668 987 7 063 000 gedung aia central lantai 30 jaian jendera sudi rman kav 48a jakarta se latan 12930 (fs ruko ci landak raya kko ragunan pasar minggu) invoice - jver door hook mz 0513 66 2c168 6 60 b976774 x 35 , 000 35 000 item( s) oty( s) total inc ppn 11% rp 35 , 000 debit rp 35 , 000 ppn 11% included in total rp 3 , 468 04 11 24 19 : 44 sho 1 gs4001 t1 operator id xkko suci dwiana",3575.6443924091755,False,0.8857529900457229,427
c:\file akmal\Capstone - Ai Eng - Spendly_ Workspace\data\HouseHold\valid\images\mr-diy2_jpeg.rf.6ee12bee75ad6311a5237d585986a78f.jpg,HouseHold,"hr pt niaga npwp 08 846 00o ) gedung aia central an 1i 30 jalan jenderal su0 irman jakarta sel 12930 (pasar atum surabaya mal ) invoice j0l facial soft pack 250 5 48 jbd 081 10 000 10 000 penci case 127288 89582 18 . 000 16 000 ha tie ac 295580 9058783 20 500 correclion fzuxd 38 588 576 000 000 88 spcs aja2ca 20/ 400 8570288 10 , 500 10 500 iho3 ab 26 12 288 8972469 10 . 500 10 , 500 item ( 5) 1ola inc1 ppn 1 1 % rp 7 4 500 cash re 00 000 change 25 500 ppn 1 1 % inclujed 1n tota rp 7 .383 sho 13 ro0o101 121 nisa wak pembelian 02 03 rp 1 4",6013.21310520143,False,0.7253162252097487,544
c:\file akmal\Capstone - Ai Eng - Spendly_ Workspace\data\HouseHold\valid\images\mr-diy3_png.rf.1d00684e8603f896cfe7a9ec940454db.jpg,HouseHold,01 hr pt niaga inoguna yasa 777 846 7 012 000 ) gedung 914 central lata 30 jalan jenderal 484 jakarta 12930 (pasar acum surabaya invdice- screw hook 68 (opcs) 19 12 doo 12 00o tissue holder stainless 48 25 do 35 000 item s) : 2 oty s) : 2 total inc rp 47 cash rp 50 000 ppn 011x included in total rp 653 18 11 24 1 4 22 sho1 je1512 rd000098421 operator id_huhahhad penukaran barang diperbolehkan haktu hari setelah pehbelian custoher care 021 website hrdiy coh id rp,2153.0108154268023,False,0.7392453666600785,466
c:\file akmal\Capstone - Ai Eng - Spendly_ Workspace\data\Lifestyle\test\images\Screenshot-2026-05-07-000222_png.rf.697ca58a545f786a9921bbbec102a431.jpg,Lifestyle,02 428 020 3 021 3753321 total rp 698 0oo 673 con a 829 fo 17 lain 520 220 02 04 16 22 0222,793.0927855192125,False,0.6057727616970268,91
c:\file akmal\Capstone - Ai Eng - Spendly_ Workspace\data\Lifestyle\test\images\WhatsApp-Image-2026-05-06-at-16-20-50_jpeg.rf.ca3b49f3017eff80669896b786bd4a33.jpg,Lifestyle,lem non 20 26 lem man 20 26,153.82078369135257,False,0.5747088250863345,27
c:\file akmal\Capstone - Ai Eng - Spendly_ Workspace\data\Lifestyle\test\images\WhatsApp-Image-2026-05-06-at-16-20-53-2-_jpeg.rf.1d9d3a4e8a813af2b85857a68e912585.jpg,Lifestyle,"depan sore istri dari sat , 15 20 15 2 ooo oc blok_moquare dari masa depan sore 19 jul sat , 15 20 16 2 0oo dc blok masa 19 jul istri 2025",685.8509437500003,False,0.8110353512419415,138
c:\file akmal\Capstone - Ai Eng - Spendly_ Workspace\data\Lifestyle\train\images\Screenshot-2026-05-07-000210_png.rf.dfc326f837324dafce4e36aa8e4cb84b.jpg,Lifestyle,01 3 umild 050 1 830 1479 21 fast 09 0 2030 (13: 19 13 : 191 hech rd ad total rp 548 ar 10 04 3 56 624 1526 2025 8203 15 19 cuse alo 5o,851.9104287901878,False,0.542584767234636,135
c:\file akmal\Capstone - Ai Eng - Spendly_ Workspace\data\Lifestyle\train\images\Screenshot-2026-05-07-000235_png.rf.0dbe6ce3350a3b070585603ac18a51af.jpg,Lifestyle,03 lialc 29 ft 022 225 goa total rp 498 000 351 i re py ho 2620 12 t rc 64,923.9041647335055,False,0.5820542859960657,74
c:\file akmal\Capstone - Ai Eng - Spendly_ Workspace\data\Lifestyle\train\images\Screenshot-2026-05-07-000247_png.rf.5aa5eda10e3b9a38a30fad983f27635f.jpg,Lifestyle,04 328 hall aro ho suraboy r r2 total rp 698 000 39 171 330 peh 171 no 13j0 226 03 05 18 0 rp,835.4322192175331,False,0.5629209643633212,93
c:\file akmal\Capstone - Ai Eng - Spendly_ Workspace\data\Lifestyle\train\images\Screenshot-2026-05-07-000255_png.rf.b03f84ce5ca711f9b743ff907c674215.jpg,Lifestyle,"05 qlo sunter urara jya jak, urara 021 jacrl ro ji4 total rp 848 000 ra coo 04 85 804 ba 22 03 07 2026 02 d7 14 0023 e",789.3955589734019,False,0.5099188552451068,118
c:\file akmal\Capstone - Ai Eng - Spendly_ Workspace\data\Lifestyle\train\images\Screenshot-2026-05-07-000309_png.rf.6d03408079a827df7bcea63fa7695cb1.jpg,Lifestyle,06 uhiolo city cakloa tal 021 c9 03/ 3026 kids gn/ 7 total rp 327 0oo 12 ro 205 po sps 203 2026 02 0025,971.9811101547242,False,0.5209463906302241,103
c:\file akmal\Capstone - Ai Eng - Spendly_ Workspace\data\Lifestyle\train\images\Screenshot-2026-05-07-000320_png.rf.4dabfaef0385ec4232397c5cffcd2c00.jpg,Lifestyle,07 liolo hall cur barat 11610 19 03) 70 53 129 ura total rp 757 841 757 00o 0 581 307 ro 75 po 561 ao 018 e 10 da27 07,710.6659789721426,False,0.5273272942064441,118
c:\file akmal\Capstone - Ai Eng - Spendly_ Workspace\data\Lifestyle\train\images\Screenshot-2026-05-07-000331_png.rf.1ab20d06daf753ae12d3521998ed6f7f.jpg,Lifestyle,08 ol0 liqlo ank 8 - 28 bafat total rp 698 000 871 pen 23,851.2549208730459,False,0.4957229424910977,57
c:\file akmal\Capstone - Ai Eng - Spendly_ Workspace\data\Lifestyle\train\images\Screenshot-2026-05-07-000343_png.rf.95c838617567ca0083c75b8b515c265b.jpg,Lifestyle,09 olo sungkono 70223 1el 091 19 02 7026 nn total rp 798 790 00o 60 04 ro 79 081 do 71a 5 01 n 0,822.9716300077199,False,0.6000857408023673,96
c:\file akmal\Capstone - Ai Eng - Spendly_ Workspace\data\Lifestyle\train\images\Screenshot-2026-05-07-000353_png.rf.2baca79fc2fb5ea76115840dcac28714.jpg,Lifestyle,10 olo hall 41 baulevand r2ra qifo 15910 bciai ira 021 b 199 k r2598 0do total rp 598 0oo 19ln 5d 590 co0 79 59 1 528 ro 39 201 n9 514 3120 03 a 0030 ap,804.6901738582612,False,0.5846523812246585,152
c:\file akmal\Capstone - Ai Eng - Spendly_ Workspace\data\Lifestyle\train\images\WhatsApp-Image-2026-05-05-at-19-47-13_jpeg.rf.3666b3f545aa54584721860e7fdcb1c4.jpg,Lifestyle,"ip mall xxi dp mall 04 may 2026 20 15 row d seat 5 tiie 20 15 theatre ? (deluxe) 5 40 000 dc 033430 2 1 1 yul price 40 000 dc incl , tax incl , tax 2026 05 04 833430 2 1 1 yul",2533.5766595077516,False,0.7230005496444862,175
c:\file akmal\Capstone - Ai Eng - Spendly_ Workspace\data\Lifestyle\train\images\WhatsApp-Image-2026-05-06-at-16-20-41-2-_jpeg.rf.4fd31bdac9a510401fea481f3bcf5c78.jpg,Lifestyle,ayan agak laen thu feb 147 15 ayan agak laen date thu feb row seat20 0472,520.4406859998167,False,0.7308231635787428,73
c:\file akmal\Capstone - Ai Eng - Spendly_ Workspace\data\Lifestyle\train\images\WhatsApp-Image-2026-05-06-at-16-20-43-2-_jpeg.rf.6593cd9a06c161a7b08cc664a751e3db.jpg,Lifestyle,"8 centre point centre point tuhggu arn tunggu aku sukses nanti 06 2026 mon 06 apr 16 45 row 16 45 theatre d 9 4 50 090 cash 457 dea price 50 cash 2626 1_dea centfe point 1 centre point t tunggu aku sukses nanti 076 mon , 06 apr 16245 cash d 10 4 50 902 cesh -de",1266.1937579650344,False,0.7052385936741157,261
c:\file akmal\Capstone - Ai Eng - Spendly_ Workspace\data\Lifestyle\train\images\WhatsApp-Image-2026-05-06-at-16-20-44-1-_jpeg.rf.f6584422db405be6a1bb9d8314942f05.jpg,Lifestyle,maay 12: 00 solo paracon apr 12 00,235.6505124530733,False,0.5354853600679266,34
c:\file akmal\Capstone - Ai Eng - Spendly_ Workspace\data\Lifestyle\train\images\WhatsApp-Image-2026-05-06-at-16-20-44-2-_jpeg.rf.475401c0e83ffee68e0e12d9767bb435.jpg,Lifestyle,grand xxi 10 grand xxi thu,626.57747462973,False,0.5671562039075922,26
c:\file akmal\Capstone - Ai Eng - Spendly_ Workspace\data\Lifestyle\train\images\WhatsApp-Image-2026-05-06-at-16-20-45-2-_jpeg.rf.4eb11bc3436a40a435f0d25385e561ec.jpg,Lifestyle,ivanna 20224 0o 2,272.2004813141764,False,0.6227703378573648,17
c:\file akmal\Capstone - Ai Eng - Spendly_ Workspace\data\Lifestyle\train\images\WhatsApp-Image-2026-05-06-at-16-20-45-3-_jpeg.rf.5a12d0fd9362bc790410f19e4bbfb8b5.jpg,Lifestyle,"transmart tu 6 apr on 12 2 transmart tue 6 apr 11 45 13 transmart tue, 16 apf 212451 14 2",489.4824218747854,False,0.7737848649797507,89
c:\file akmal\Capstone - Ai Eng - Spendly_ Workspace\data\Lifestyle\train\images\WhatsApp-Image-2026-05-06-at-16-20-45_jpeg.rf.19ebe38ceb52cc97c9257878cd6c61a1.jpg,Lifestyle,08 mar 20 40 hoppers 20 40,1164.1616915008483,False,0.7206493986952387,26
c:\file akmal\Capstone - Ai Eng - Spendly_ Workspace\data\Lifestyle\train\images\WhatsApp-Image-2026-05-06-at-16-20-46-1-_jpeg.rf.3c62db7595faeb08d9487192ff78319f.jpg,Lifestyle,thepark sawangan modal nekad thu 10- dec 3,273.01445385704045,False,0.7804827437226105,42
c:\file akmal\Capstone - Ai Eng - Spendly_ Workspace\data\Lifestyle\train\images\WhatsApp-Image-2026-05-06-at-16-20-46-2-_jpeg.rf.ed976f1b04e554b5699f35fbf8250434.jpg,Lifestyle,sekali saja 2 the park sawangan bolehkah sekali saja 2,470.79678066467653,False,0.6917193382362622,54
c:\file akmal\Capstone - Ai Eng - Spendly_ Workspace\data\Lifestyle\train\images\WhatsApp-Image-2026-05-06-at-16-20-46_jpeg.rf.380bebf22581787504395e8c56bcd8d7.jpg,Lifestyle,"park 2024 catatan harian 21 20 hgy dc d adu 9 3 price 202 -fide the sawangan menantu thu , 18 jul 4626h072400116",488.9465112052858,False,0.6547957898962385,112
c:\file akmal\Capstone - Ai Eng - Spendly_ Workspace\data\Lifestyle\train\images\WhatsApp-Image-2026-05-06-at-16-20-48-1-_jpeg.rf.558a9a1fc97923a78ed55a07b4484619.jpg,Lifestyle,transmi 12 dec 18 45 18 transmart agak laen: menyala pantiku fri 12 dec 18 45 19,762.3011621406314,False,0.9106819956718185,80
c:\file akmal\Capstone - Ai Eng - Spendly_ Workspace\data\Lifestyle\train\images\WhatsApp-Image-2026-05-06-at-16-20-51-1-_jpeg.rf.ba1ab3aca0c991ab5b9689e101e802ba.jpg,Lifestyle,eenco olea zootopia 01 l 20690 bencoolen zootopia 2 hon 20 30 bencoolen zootopia ? 1oi 20: 30 hon,263.9839677524507,False,0.5249273417876388,97
c:\file akmal\Capstone - Ai Eng - Spendly_ Workspace\data\Lifestyle\train\images\WhatsApp-Image-2026-05-06-at-16-20-53-3-_jpeg.rf.0076f984cb9a84b0a7c8be582b9a6f64.jpg,Lifestyle,a r 0 n 1720a oay,389.98756332776543,False,0.3815896605837988,17
c:\file akmal\Capstone - Ai Eng - Spendly_ Workspace\data\Lifestyle\train\images\WhatsApp-Image-2026-05-06-at-16-20-53_jpeg.rf.147dc799d3adf56de99fd55e4cc9470e.jpg,Lifestyle,aassura architectureof 5,228.34112295224665,False,0.6906823591333868,24
c:\file akmal\Capstone - Ai Eng - Spendly_ Workspace\data\Lifestyle\train\images\WhatsApp-Image-2026-05-06-at-16-20-56-1-_jpeg.rf.862c80073a2bdc9ee49ea2f19375e041.jpg,Lifestyle,cinépolis cinepolis avatar 2 30) (13 ) macro xe népolis cinepoli avatar 2 3d) (13 ) macro xe s 32,704.1591186486185,False,0.7697472751542377,97
c:\file akmal\Capstone - Ai Eng - Spendly_ Workspace\data\Lifestyle\train\images\WhatsApp-Image-2026-05-06-at-16-20-56-2-_jpeg.rf.f8f6d1659e0ecb79c5a603cc3b712d53.jpg,Lifestyle,sinepolis encanto (2d) 45 (su) 14 45 wed dec 2021 class: regular sef b roy 9 3 5018 08 12 2021 (2c encanto (su ) regul 72009 08 17,296.94797742376335,False,0.6711923449002939,130
c:\file akmal\Capstone - Ai Eng - Spendly_ Workspace\data\Lifestyle\train\images\WhatsApp-Image-2026-05-06-at-16-20-58-2-_jpeg.rf.71362b4ba8f27fa7c518e2c1027f1afb.jpg,Lifestyle,cinépolis einepolis concreteut (2d) (17 ) 19 00 regular 29 04 2177 cihepols,367.72233377816684,False,0.7121075138108959,75
c:\file akmal\Capstone - Ai Eng - Spendly_ Workspace\data\Lifestyle\train\images\WhatsApp-Image-2026-05-06-at-16-20-59_jpeg.rf.0c5c320c8474c16d118e623651f20762.jpg,Lifestyle,in in 2d) (su) 9n 1145 u? regular 13 127 cinépolis cinepolis miracle ((2d) miracle (su) 11 45 regular,569.0608032153544,False,0.7875929541498798,101
c:\file akmal\Capstone - Ai Eng - Spendly_ Workspace\data\Lifestyle\train\images\WhatsApp-Image-2026-05-06-at-16-21-00-1-_jpeg.rf.384ebc523c2389717fba551760ca3b09.jpg,Lifestyle,cinepelis regular 2,217.7583299934804,False,0.6732149292649284,19
c:\file akmal\Capstone - Ai Eng - Spendly_ Workspace\data\Lifestyle\train\images\WhatsApp-Image-2026-05-06-at-16-21-00-2-_jpeg.rf.24e18cda920a4b66688995150cde8b16.jpg,Lifestyle,,99.80255120872854,True,0.0,0
c:\file akmal\Capstone - Ai Eng - Spendly_ Workspace\data\Lifestyle\train\images\WhatsApp-Image-2026-05-06-at-16-21-03-1-_jpeg.rf.87759067aba3436eb1ed7df17e89a616.jpg,Lifestyle,sirépolis sayap saya (2d) (13 ) 15 sed 2022 regular c 6 poli tixi (20) 193 caor class: cinépolis saya sayap city,520.2055684840143,False,0.7315732646987994,112
c:\file akmal\Capstone - Ai Eng - Spendly_ Workspace\data\Lifestyle\train\images\WhatsApp-Image-2026-05-06-at-16-21-03_jpeg.rf.072e2cd3b474d63bf7ac2aae8ba5da23.jpg,Lifestyle,cinepc cinépolis uncharted ( 2d) (134) (13 ) cinépolis sinepolls uncharted (20) vou,204.51052949404115,False,0.6170575304789387,83
c:\file akmal\Capstone - Ai Eng - Spendly_ Workspace\data\Lifestyle\valid\images\WhatsApp-Image-2026-05-06-at-16-20-41_jpeg.rf.d061090c65c4f634bb7f5fe9384c2022.jpg,Lifestyle,ajal 15 16 801 ayani menjelang 03 m2y 17 20 202- ayani 02201 menjelang 03 may 17 20 242,569.8020554397344,False,0.8009081180734696,87
c:\file akmal\Capstone - Ai Eng - Spendly_ Workspace\data\Lifestyle\valid\images\WhatsApp-Image-2026-05-06-at-16-20-47_jpeg.rf.2a30261d0231be42129f5b9013b7f725.jpg,Lifestyle,garut danur sun mar garut aut danur the last chapt sun mar garui last chapt danur sun mar 10 0 c the,1339.0640765767039,False,0.6811376724518329,100
c:\file akmal\Capstone - Ai Eng - Spendly_ Workspace\data\Lifestyle\valid\images\WhatsApp-Image-2026-05-06-at-16-20-51_jpeg.rf.3630352782683bf7badaffe1fcf86db3.jpg,Lifestyle,ciplaz 2922 avatar the way of water 23 5: 16 ciplaz 5 : 10 12,492.2119200323521,False,0.7396779596597868,61
c:\file akmal\Capstone - Ai Eng - Spendly_ Workspace\data\Lifestyle\valid\images\WhatsApp-Image-2026-05-06-at-16-20-52_jpeg.rf.e7f27072c02af85e2e0f37f16ec59d03.jpg,Lifestyle,"spinang mie, 13 30 dino mon",273.37716521368014,False,0.3954498807917831,27
c:\file akmal\Capstone - Ai Eng - Spendly_ Workspace\data\Lifestyle\valid\images\WhatsApp-Image-2026-05-06-at-16-20-57-2-_jpeg.rf.5ef45f40eb5f3cb619adcbdc11f77ddd.jpg,Lifestyle,lis cinescis sinépolis pacificmal (2 pacif) superman (2d) fri 15 20 ?o4; ju -2025 seat: regular sea7; rov a 6 5005 17 001 epon tixx o1 cinépolis cinépolis pacificyall superman 5220 (13 ) 1 jul 2025 inépcliguass: cchsoa: regular regula jqice 50000 class: 11 07/ 14254 2025 epolis ine ois ciners cinepolis,1234.1772182730674,False,0.701363215979338,303
c:\file akmal\Capstone - Ai Eng - Spendly_ Workspace\data\Listrik\test\images\IMG-20260503-WA0061_jpg.rf.6500653f9bc657c9e4c8497c641a66eb.jpg,Listrik,m commerce: 24 02 2026 pln prabayar dari rekening no meter rp bayar rp 103 000 stroom 7279 6372 7928 token 3332 9264 ref 75942109cd8e9cd 8187 biaya termasuk ppn (bila ada) pt bank central asia tbk. menara bca jakarta pusat npwp 478 07 59,1659.6051611316443,False,0.8784498333867208,237
c:\file akmal\Capstone - Ai Eng - Spendly_ Workspace\data\Listrik\test\images\IMG-20260503-WA0062_jpg.rf.077072fbd09be91abe6de90682e2c284.jpg,Listrik,m commerce: 20 02 2026 21 53 52 pln prabayar dari rekening no meter rp bayar rp 203 000 stroom 3181 6374 8374 token 0400 1784 ref 352949fbdaodzfd 6e21 biaya termasuk ppn (bila ada) pt bank central asia tbk. menara bca jakarta pusat npwp 2,1646.0095898425818,False,0.9073228584993802,238
c:\file akmal\Capstone - Ai Eng - Spendly_ Workspace\data\Listrik\test\images\IMG-20260503-WA0067_jpg.rf.475ee93dd64f79d60f0ebefb418a25ff.jpg,Listrik,m commerce: 03 01 2026 pln prabayar dari rekening no meter rp bayar rp 503 000 stroom 4546 8449 8354 token 2726 1449 ref 6578780e6e6211229 6a biaya termasuk ppn (bila ada) pt bank central asia tbk. menara bca jakarta pusat npwp,1648.5485888660194,False,0.9313245768511585,227
c:\file akmal\Capstone - Ai Eng - Spendly_ Workspace\data\Listrik\test\images\IMG-20260503-WA0069_jpg.rf.b30254a2e724e504bc915ee5a93df855.jpg,Listrik,m commerce: 21 11 2025 05 19 00 pln prabayar dari rekening no meter rp bayar rp 503 000 stroom 6781 0686 6872 token 5202 9732 ref oo9i2efe4ebf4554 84 biaya termasuk ppn (bila ada) pt bank central asia tbk. menara bca jakarta pusat npwp,1634.4897265613317,False,0.9289023825979345,235
c:\file akmal\Capstone - Ai Eng - Spendly_ Workspace\data\Listrik\test\images\pln2_png.rf.3af8d625081d36ac243f8d1a93e73917.jpg,Listrik,tokopedia invoice llstrik pln invoice ini merupakan bukti pembayaran yang sah dan diterbitkan alas namna partner: nomor ivri20250508 xxvni2577663756 tanggal mei 2025 21 42 status transaksı berhasil pelanggan nama cuslomer nulyadi taril daya 1300 ap tag pln bp 499 000 no relerensi 2altziozafoeedb7bbdofs8be220621b bl/ th may25 stand meler - info inlormas) hubungi call center 123 alau hub pln terdekat biaya admin pp3 800 blaya layanan ap1 000 qudgskaos ao2 500 total bayar rp5o1 300 metode pembayaran bca virtual account,1875.7992675779105,False,0.7729985484759823,521
c:\file akmal\Capstone - Ai Eng - Spendly_ Workspace\data\Listrik\test\images\WhatsApp-Image-2026-05-05-at-10-54-09-1-_jpeg.rf.1f979b9ce06d15cc01ffb17ae69b58ae.jpg,Listrik,70 48 pembayaran qris berhasil rp8o 275 08 apr 2026 refid: penerima akhishop surabaya (kota) sumber dapa detail pembayarap nominai rp8o 275 total rp8o275 dctailmorehant merchant id merchant pan terminalid ao1 nama acauirer bank mandiri (mandiri,1578.6509274814366,False,0.7320946030406426,244
c:\file akmal\Capstone - Ai Eng - Spendly_ Workspace\data\Listrik\train\images\2663508194269276418-pdf_page_1_png.rf.faacb6d423d298b6da58d5d2d2221659.jpg,Listrik,"nota prabayar 03 14 1878 9035 va 330 18 348 rp 7so f r2 f 1 22730 8i pln 222992 yr pln 10, 2",1752.6094750926434,False,0.5152100241455089,92
c:\file akmal\Capstone - Ai Eng - Spendly_ Workspace\data\Listrik\train\images\2687442689362876424-pdf_page_1_png.rf.fed1e71052cb56379205f48f7c517a19.jpg,Listrik,"prabayar 14 988 ouakz 0 ooooo 18348 f 730 f r2 f 1 22730 8i pln 222992 yr pln 10, 2",1714.2557348582684,False,0.5141453945618123,83
c:\file akmal\Capstone - Ai Eng - Spendly_ Workspace\data\Listrik\train\images\2703588879352076497-pdf_page_1_png.rf.2e5ed2ea682c1ed6d0874124ee73b074.jpg,Listrik,prabayar 14 o7aa 45 87 rp 7so f r2 123 r2 1 8i pln 226992 yr pln t ull 2 72,1681.914392084831,False,0.48640618035813304,75
c:\file akmal\Capstone - Ai Eng - Spendly_ Workspace\data\Listrik\train\images\IMG-20260503-WA0026_jpg.rf.e82130cf3386ff4e80ac04f890578721.jpg,Listrik,rp101 650 010818 obills 3392 8298 3645 6348 3827 klik untuk 1 non9i transaksl waklu apr 2026 010818 raya 33,2247.3847309579614,False,0.5159997338755908,107
c:\file akmal\Capstone - Ai Eng - Spendly_ Workspace\data\Listrik\train\images\IMG-20260503-WA0027_jpg.rf.f27520ed5c05df3c3af5ba5c8ddbca95.jpg,Listrik,rp101150 pln ok 0742 7802 8468 06e rincian transaksl 0 m2t99? wakl 1837 07 tranaaka 80e rpzso rp1oo467 bayarpakc 883 2,1705.3488981954993,False,0.4860145587425258,118
c:\file akmal\Capstone - Ai Eng - Spendly_ Workspace\data\Listrik\train\images\IMG-20260503-WA0028_jpg.rf.d8ca25d6e06a8b722ae30cbde13f7e03.jpg,Listrik,9opay rploi400 fln pln rincian gopaysaldo wakru tangigel fec2026 dtansaks; cojek 611558 rpiooooo rp1o1 400,1695.042649190134,False,0.4411055886692153,106
c:\file akmal\Capstone - Ai Eng - Spendly_ Workspace\data\Listrik\train\images\IMG-20260503-WA0029_jpg.rf.dbc2a720f48cc020a9302a69b73afc88.jpg,Listrik,rp101400 4/ 893710 cobills 7306 2458 kuk untuk statu: (2 gopay 23 30 transaks ranaakai -393710 rpioooo0 82y21 155,2041.7227818407957,False,0.49102575167744855,113
c:\file akmal\Capstone - Ai Eng - Spendly_ Workspace\data\Listrik\train\images\IMG-20260503-WA0030_jpg.rf.ad47a3b97fc1452e82f75ee065b10f34.jpg,Listrik,583209 cobills 2769- 8020 8649 untuk 1 non9i transaksl waklu 0 cf raya 33,2289.992182129836,False,0.4336544480494637,73
c:\file akmal\Capstone - Ai Eng - Spendly_ Workspace\data\Listrik\train\images\IMG-20260503-WA0031_jpg.rf.1a1cd5b5092205b0fa25a11646e071aa.jpg,Listrik,8814 0728 untuk 1 non9i transaksl waklu 1 3685 7 raya r2199170 33,2261.275302247024,False,0.4512745978422484,65
c:\file akmal\Capstone - Ai Eng - Spendly_ Workspace\data\Listrik\train\images\IMG-20260503-WA0056_jpg.rf.85b70d42262490ee130e32e1efc37d5d.jpg,Listrik,m commerce: 25 04 2026 pln prabayar dari rekening no meter rp bayar rp 203 000 stroom 5186 4718 1966 6311 token 0550 ref 23378fo4fa6c8ice 20 biaya termasuk ppn (bila ada) pt bank central asia tbk. menara bca jakarta pusat npwp,1641.3273632800817,False,0.944549303039574,226
c:\file akmal\Capstone - Ai Eng - Spendly_ Workspace\data\Listrik\train\images\IMG-20260503-WA0059_jpg.rf.e021cdbed0d637853057f95bc6dda820.jpg,Listrik,m commerce: 01 03 2026 22 41 25 pln prabayar dari rekening no meter rp bayar rp 203 000 stroom 1916 5769 token 3677 ref 125581eddoatcife 86f biaya termasuk ppn (bila ada) pt bank central asia tbk. menara bca jakarta pusat npwp 5,1639.1837402332064,False,0.926002191532375,228
c:\file akmal\Capstone - Ai Eng - Spendly_ Workspace\data\Listrik\train\images\IMG-20260503-WA0060_jpg.rf.5fd1cfcd46c0704951a9eb3031addf6b.jpg,Listrik,m commerce: 26 02 2026 pln prabayar dari rekening no meter rp bayar rp 203 000 stroom 0419 2935 3287 token 3245 4706 ref 554067d29441d51f 78f biaya termasuk ppn (bila ada) pt bank central asia tbk. menara bca jakarta pusat npwp,1646.3251660144565,False,0.9301771844634507,227
c:\file akmal\Capstone - Ai Eng - Spendly_ Workspace\data\Listrik\train\images\IMG-20260503-WA0063_jpg.rf.527daaebb684c7eb6e5efebc4e8c6d6d.jpg,Listrik,m commerce: 13 02 2026 pln prabayar dari rekening no meter rp bayar rp 103 000 stroom 3266 0659 6099 token 8862 7405 ref 42634e99o7bc9oa1 d6 biaya termasuk ppn (bila ada) pt bank central asia tbk. menara bca jakarta pusat npwp 21 08 42l,1654.0548339832064,False,0.9014106567645467,236
c:\file akmal\Capstone - Ai Eng - Spendly_ Workspace\data\Listrik\train\images\IMG-20260503-WA0064_jpg.rf.4fd9c0902ad79c47f41602700ddad999.jpg,Listrik,m commerce: 03 02 2026 06 56 19 pln prabayar dari rekening no meter rp bayar rp 103 000 stroom 5907 8755 1872 0852 token 6580 ref 619956e345f36834 3d2 biaya termasuk ppn (bila ada) pt bank central asia tbk. menara bca jakarta pusat npwp,1681.7596679675812,False,0.9055663483506159,236
c:\file akmal\Capstone - Ai Eng - Spendly_ Workspace\data\Listrik\train\images\IMG-20260503-WA0071_jpg.rf.125701ed7a0f31056a21e10be897d0e5.jpg,Listrik,1311 988 rincian pesanan token pln 000 000 nomor token krnkvvh ibih 0706 0826 8754 4926 7911 no pelanggan nama pelanggan taril listrik r? 3500 va nomor meter nominai token pln informasi pembayaran mciodc pcmpaypran saido tota rd997 b00 biaya otal 000 no pesanan 23020 72714,1452.9366479474959,False,0.7328282975184622,273
c:\file akmal\Capstone - Ai Eng - Spendly_ Workspace\data\Listrik\train\images\IMG-20260503-WA0072_jpg.rf.ca44b4afd1460154d63ce11b88175afc.jpg,Listrik,"1312 988 rincian pesanan token pn 200 000 nomor token ibih 2104 5082 8975 7460 2917 no pelanggan 538/ nama pelanggan 444 4 t taril listrik rim 900 va nomor meter nominai token pln 700, 000 informasi pembayaran tota posanan rd biaya diounakan no pesanan",1512.2105004865582,False,0.7730710893838633,252
c:\file akmal\Capstone - Ai Eng - Spendly_ Workspace\data\Listrik\train\images\IMG-20260503-WA0074_jpg.rf.3fdf79c29e993fc51fb57f9efebb3c70.jpg,Listrik,1311 988 rincian pesanan token pln 20 000 nonor token pasukan 5382 3027 6676 7809 4956 no pclanggan nana pelanggan tarif listrik ri 1300 va nomnor mcter nominai token informasipembayaran mctod? pompayaran sald0 shodoopay biaya admin rp1 500 no pesanan mar ?076 0 76,1461.3451708898306,False,0.7582416405956053,265
c:\file akmal\Capstone - Ai Eng - Spendly_ Workspace\data\Listrik\train\images\IMG-20260503-WA0075_jpg.rf.58ea07f646d5ce965e7607b159cf1b0a.jpg,Listrik,1312 97% rincian pesanan token pln 500 000 nomor token paslikan krn kwh pelalari 6820 0083 7611 0553 4421 salin no pelanggan nama pelanggan tarif listrik r2 / 3500 va nomor meter nominal token pln 500 000 informasipembayaran rp4oo ooo blaya rp?-500 pembayaran rp49o s00 no pesanan salin pennesanan) feb 2026 5 03,1528.7489599594119,False,0.6557783473998063,312
c:\file akmal\Capstone - Ai Eng - Spendly_ Workspace\data\Listrik\train\images\IMG-20260503-WA0076_jpg.rf.266f89ddc67cd3a57c8b86988cd8f9b6.jpg,Listrik,"13 13 97% rincian pesanan token pn 500 000 nomor token krnkvvh ibih 4288 3023 8620 7022 6688 no pelanggan nama pelanggan taril listrik r? 3500 va nomor meter nominai token pln 500, 000 informasi pembayaran mciodc pcmpaypran saido tota biaya otal rpso?.700 no pesanan 23058 79 7076",1482.9407983381204,False,0.7584837476937514,280
c:\file akmal\Capstone - Ai Eng - Spendly_ Workspace\data\Listrik\train\images\IMG-20260503-WA0077_jpg.rf.e2aed2f0d221dfc89e969133ca0babab.jpg,Listrik,13 13 97% rincian pesanan token 20 00o nomnor token krn kwh lanlut 5072 0764 2610 5227 7597 no pelanggan nana pelanggan tarif strik rim 900 va nornor meler token pln infornasi pembayaran metodepembayaran saido shopccpay baya pempayaran rp21 00 no pesanan salin 73jan 7026 7272,1476.850581053162,False,0.6745913125284229,276
c:\file akmal\Capstone - Ai Eng - Spendly_ Workspace\data\Listrik\train\images\IMG-20260503-WA0079_jpg.rf.ab4179b05bb18da2d99d83256553c292.jpg,Listrik,1314 97% rincian pesanan token pln 200 000 nomor token paguikai krn kwh iebih 5820 2372 0631 4734 7184 salin no pelanggan 5387109 4112 nama pelanggan tarn listrik r2 3500 va nomor meter nominai token informasi pembayaran mctode poganan koin shopee telah oigunakar rpa7o pombavarai 030 no pesanan salin 2026,1542.9864843734747,False,0.7185637696008014,306
c:\file akmal\Capstone - Ai Eng - Spendly_ Workspace\data\Listrik\train\images\IMG-20260503-WA0080_jpg.rf.9a64037d34f1291c9927d300a08f55cb.jpg,Listrik,13 13 97% rincian pesanan token nomnor token lanlut 7775 3857 0978 7992 9328 no pelanggan nana pelanggan tarif strik r? 3500 va nornor meler token pln infornasi pembayaran metodepembayaran saido shopccpay rp baya rp2 80o pempayaran no pesanan salin 7026,1477.0178173812865,False,0.676143507452325,253
c:\file akmal\Capstone - Ai Eng - Spendly_ Workspace\data\Listrik\train\images\pln10_png.rf.4d1c2bd54896ca7bda1fd8798e8b0647.jpg,Listrik,"tokopedia invoice listrik pln invoice ini mnerupakan bukll pembayaran yang sah, dan dlterbilkan alas nama parlner; nomor iva//xxvixi tanggal nov 2025 00 45 status transaksi berhasil na, meterlldpel : nama mulyadi tarit daya jumlah tagihan ap tag pln ap437 022 no aef biaya admin total bayar . rp44o 822 butth stand meler - tagihan 437022 penalty jatuh tempo oooooooo incentive meteraead btaya layanan uspaochii total bayar rp436 822",1956.585129391903,False,0.7897000752896925,432
c:\file akmal\Capstone - Ai Eng - Spendly_ Workspace\data\Listrik\train\images\pln11_png.rf.3d7b80c8cf38a9a28fbf9bd515551f70.jpg,Listrik,tokopedia invoice listrik pln invoice ini mnerupakan bukti pembayaran yang sah dan diterbilkan atas nama parlner; nomor tanggal des 2025 22 28 slatus transaksi berhasil pelanggan nama customer mulyadi tarif / daya 1300 ap tag pln fp 433 843 no relerensi 3tok25vs14462d91cc297530e859b4c6 bl/ th dec25 stand meter - intormasi hubungi call center 123 atau hub pln info text terdekat biaya admin rp3 800 biaya layanan usproch12 total rp435 143 bayar,2002.8648144527438,False,0.8581984590224843,445
c:\file akmal\Capstone - Ai Eng - Spendly_ Workspace\data\Listrik\train\images\pln12_png.rf.976e941179925f3f34705db75b39d83a.jpg,Listrik,tokopedia invoice listrik pln invoice ini merupakan cukti pembayaran yang sah dan diterbitkan atas nama partner: nomor ivr20260101 xxvii tanggal jan 2026 22 10 status transaksi berhasil pelanggan nama customer mulyadi tarit daya a1 / 1300 rp tag pln ap 449 735 no reterensi 3tok25vs154054835c9ca24ffeiib2ad bl/ th jan26 stand meter - informasi hubungi call center 123 atau hub pln info text terdekat biaya admin ap3 800 biaya layanan toped total bayar ap453 035,2990.7805615234374,False,0.8677758338298052,461
c:\file akmal\Capstone - Ai Eng - Spendly_ Workspace\data\Listrik\train\images\pln14_png.rf.3c7bc094fa6c3cef886127508d97455e.jpg,Listrik,"tokopedia invoice listrik pln invoice ini merupakan bukti pembayaran yang sah, dan diterbitkan alas nama partner: nomor ivr20260108 xxvii tanggal jan 2026 20 05 stalus transaksi berhasll nornor meter id pelanggan nama customer suyono taril , daya rim9oo no aelerensi 3tok25vs1544205893672484e8587c45 maleral rp 0 00 ppn ppj fp 18 182 00 angsuran ap 0 00 rp staoomtoken ap 200 000 00 jumahkwn 134 5 ap bayar rp 203 100 00 token 5833 4341 2941 1095 4138 biaya admin ap3 100 blaya layanan qudgska1 total bayar rp2oa 100 rp 0 00",2072.730437000698,False,0.7745981878409888,524
c:\file akmal\Capstone - Ai Eng - Spendly_ Workspace\data\Listrik\train\images\pln15_png.rf.a61f4ee8afecc1fa780d1bc08d06e20a.jpg,Listrik,"tokopedia invoice listrik pln invoice merupakan bukti pembayaran yang sah, dan diterbitkan atas nama partnor: nomor ivr20260131 xxvi v2926209635 tanggal 31 jan 2026 14 30 stalus transaksi berhasil nomor meter id pelanggan nama customer suyono tanl daya rımigoo no rcterensı 3tok2svs15030aa31ea137622a971das materai rp 0 00 ppn pp 0 00 ppj rp 4 546 00 angsuran rp 0 00 rp stroomitoken jumlahkwh 33 7 rp bayar rp 51 600 00 token 3057 3508 6339 7213 4988 biaya admin rpı 600 layanan promoterus rpsoo total bayar rp52",2120.434543453306,False,0.8099310603872322,513
c:\file akmal\Capstone - Ai Eng - Spendly_ Workspace\data\Listrik\train\images\pln16_png.rf.7d3dd134e26f9882eacc8bd3f730ef1d.jpg,Listrik,tokopedia invoice listrik pln invoice ini merupakan bukti pembayaran yang sah; aan diterbitkan atas nama parner; nomor ivr20260201 /xxviiii tanggal feb 2026 22 34 status transaksi berhasil pelanggan nama customer mulyadi tarit / daya 1300 rp tag pln rp 370 277 no referensi 3tok2svs15385c6ea94e75071c1d9079 bl/ th fe826 stand meter - informasi hubungi call center 123 atau hub pln inlo text terdekat biaya admin rp3 800 biaya layanan apt 000 toped ap 500 total bayar rp373 577,2229.3462011592633,False,0.8514638191457846,476
c:\file akmal\Capstone - Ai Eng - Spendly_ Workspace\data\Listrik\train\images\pln17_png.rf.ab10e1be38b8e2bc65c0133edac7bb90.jpg,Listrik,tokopedia invoice listrik pln invoice ini merupakan bukli pembayaran yang sah; dan diterbitkan atas nama parlner: nomor ivr20260301 xxvi ii2962852814 tanggal mar 2026 22 33 stalus transaksi berhasil pelanggan nama customer mulyadi tanf / daya 1300 ap tag pln rp 406 827 no reterensı 3tok25vs1880417f4ofbdoffjaibaabd bl/ th mar26 stand meter - inlormasi hubungi call center 123 atau hub pln inlo text terdekat denoa rp 0 blaya admin rp3 800 biaya layanan toped api 500 total rp410 127 bayar,1945.6455395507758,False,0.8160123972653844,489
c:\file akmal\Capstone - Ai Eng - Spendly_ Workspace\data\Listrik\train\images\pln18_png.rf.58e78e0688e4db0d744b3fdbd18f190f.jpg,Listrik,tokopedia invoice listrik pln invoice merupakan bukti pembayaran yang sah; dan diterbitkan atas nama partner: tanggal apr 2026 11 44 status transaksi berhasil stauk pembayaaan tagihan listaik idpel nama mulyadi tarifidaya buth apr26 stand meter - rp tag pln pp370 277 no aef 3tok25vs111920341563e324fa5e527b pln menyatakan struk ini sebagai bukti pembayaran yang sah biaya admin ap3 800 intormasi hubungi call center 321 atau hubungi pln terdekat blaya layanan rpi 000 rpa 500 total bayar rp371 577,2239.3929418751654,False,0.8247851960874829,498
c:\file akmal\Capstone - Ai Eng - Spendly_ Workspace\data\Listrik\train\images\pln19_png.rf.229a4acd3bec0467eb9f3f70a3c0397c.jpg,Listrik,"tokopedia invoice listrik pln invoico ini merupakan bukti pembayaran yang sah, dan diterbitkan atas nama partnor: nomor ivr20260408xxviiv/ tanggal apr 2026 21,.07 status transaksi berhasil nomor meler id pelanggan nama customer suyono taril daya rım9oo no reterensı 2tkp21vs13900581b2be30f061907796 materal pp 0 00 ppn rp 0 00 ppj pp 18 182 do angsuran rp 0 00 rp staoomitoken jumlahkwh 134 5 rp bayar ap 203 100 0o ioken 1200 5959 0938 7705 6259 biaya admin rp3 100 biaya layanan toped total bayar",2144.7910595634226,False,0.7998174017558511,498
c:\file akmal\Capstone - Ai Eng - Spendly_ Workspace\data\Listrik\train\images\pln1_png.rf.d8aeedbd61efa590604240d51f99fa80.jpg,Listrik,"tokopedia invoice listrik pln invoice morupakan bukti pombayaran yang sah, dan ditorbitkan atas nama partncr: nomor ivr20260502 xxvii3033457310 tanggal mei 2026 09 33 status transaksi berhasil struk pembayaran tagihan listrik idpel nama mulyadi taaifidaya a1iooooo13oova ap tag pln ap4o2 060 no aef 3tok2svs18978f962e033cbebe9e587f pln menyatakan struk sebagai bukti pembayaran yang biaya admin ap3 600 informasi hubungi call center 321 aiau hubungi pln terdekat biaya layanan ap1 00o toped total bayar 160 metode pembayaran bca virtual accouni sa7 rp4os",2177.3633251953124,False,0.7818661119787514,554
c:\file akmal\Capstone - Ai Eng - Spendly_ Workspace\data\Listrik\train\images\pln20_jpeg.rf.bc9377116889bb36d744bbc405ba9aaa.jpg,Listrik,shopeepay invoice powcrod by shopoo struk pembayaran tagihar listrik 7076 04 19 70 79 08 pclanggan narna karya utama jaya aru daya rim 900 va stand moter 00o16032 poriode taoihan 2026 ref rp tag pln rps3539 enda rpo blaya dmin rpo total tagihan rps3 539 pln menyatakan strukiniseba9ai pukti pembayaran yang sah untukinformnasi lebih lanjut hubungi pln call contor 123 atau hubungi kantor pln tordokat,1315.36978515625,False,0.7426515800286109,400
c:\file akmal\Capstone - Ai Eng - Spendly_ Workspace\data\Listrik\train\images\pln3_png.rf.8408cc96c6dcc6f4775e2605db4fc4e8.jpg,Listrik,tokopedia invoice listrik pln invoice merupakan bukti pembayaran yang sah; dan diterbitkan atas nama nomor ivri20250606 /xxv i/ tanggal jun 2025 07 12 status transaksi berhasil id pelanggan namna customer mulyadi tarif / daya 1300 ap tag pln rp 587 993 no referensi 3tok2svsi73304c44bbi2caeai5iee7b bl/ th jun2s stand meter - inlormasi hubungi call center 123 atau hub pln info text terdekat biaya admin rp3 800 biaya layanan api ooo toped api 500 total ap591 293 partner: bayar,2197.149736328125,False,0.837477153830376,478
c:\file akmal\Capstone - Ai Eng - Spendly_ Workspace\data\Listrik\train\images\pln4_png.rf.757ca8a83da32b7c09eac8be4231e075.jpg,Listrik,"tokopedia invoice listrik pln invoice ini merupakan bukti pembayaran yang sah, dan diterbitkan atas nama partner: nomor ivri20250701 xxv ii/ tanggal jul 2025 22 47 status transaksi berhasil id pelanggan nama customner mulyadi tarıt / daya 1300 rp tag pln rp 487 875 no reterensı 3tok25vs110096e423e86cde8351f6f3 bl/ th jul25 stanc meter - informasi hubungi call center 123 alau hub pln into text terdekat biaya admin rp3 800 biaya layanan toped api 600 total bayar ap491 175",2296.5891064452885,False,0.774678575466611,474
c:\file akmal\Capstone - Ai Eng - Spendly_ Workspace\data\Listrik\train\images\pln5_png.rf.f83cb7e4698d40d990e9ed4dc2db7cca.jpg,Listrik,tokopedia invoice listrik pln invoice ini merupakan buktí pembayaran yang sah; dan diterbitkan atas nama partner: nomor ivr20250801 xxv viiv2696566869 tanggal agu 2025 18 26 status transaksi berhasil pelanggan nama customer mulyadi tarif / ai / 1300 rp tag pln ap 516 481 no referensi 3tok25vs1099128026a05obbfa1di6f6 bl/ th aug25 stand meler - informasi hubungi call center 123 atau hub pln info text terdekat admin ap3 800 biaya layanan total bayar rp521 281 daya biaya,2525.9099096679633,False,0.854616609294802,471
c:\file akmal\Capstone - Ai Eng - Spendly_ Workspace\data\Listrik\train\images\pln6_png.rf.58ea6f9391a3aff513ced71b71245893.jpg,Listrik,tokopedia invoice listrik pln invoice merupakan bukti pembayaran yang sah; dan diterbitkan atas nama partner: nomor ivri20250905 xxviix/ tanggal sep 2025 15 28 slalus transaksi berhasil pelanggan nama customer mulyadi tarif / daya ri / 1300 rp tag pln rp 521 248 no aleferensi 3tok2svs159255e19fo44fdab45d7d32 bl / th sep25 stand meter - informasi hubungi call center 123 atau hub pln info text terdekal biaya admin rps 800 biaya layanan toped ap1 500) total bayar rp524 548,2357.2105004879895,False,0.8270137823588662,474
c:\file akmal\Capstone - Ai Eng - Spendly_ Workspace\data\Listrik\train\images\pln7_png.rf.b1770fcb376ab8916d588aaaed66e114.jpg,Listrik,"tokopedia invoice llstrik pln invoice merupakan bukti pembayaran vang sah, dan dlterbitkan alas nama parlner; nomor ivr20251001 xxvixi2771595236 tanggal oxi 2025 08 37 status transaksi berhasıl nomor meler id pelanggan nama customer suyono daya rım goo no relerensı 3tok25vs1129850f7afb8gc763148100 malerai rp 0 00 ppn rp 0 00 ppj rp 9 091 00 angsuran rp 0 00 ap stroomitoken ap 100 000 00 jumlahkwh 67 3 ap bayar ap 103 100 00 1020 5908 8844 2083 0096 blaye admnin ap3 100 biaya layanan total bayar",1879.861276855177,False,0.8211544287837217,499
c:\file akmal\Capstone - Ai Eng - Spendly_ Workspace\data\Listrik\train\images\pln8_png.rf.4b58c8d3791eb11175c14702db95173c.jpg,Listrik,tokopedia invoice listrik pln invoice ini merupakan bukti pembayaran yang sah; dan diterbitkan ałas nama partner: nomor ivri20251001 /xxvixi2772572689 tanggal okt 2025 18 14 status transaksi berhasil pelanggan 5230315 1081164 nama customer mulyadi tarit / daya 1300 rp tag pln rp 486 286 no relerensi 3tok25vs16898505990eb7b4df126382 bl/ th oct25 stand meter - informasi hubungi call center 123 atau hub pln into text terdekat biaya admin rp3 800 biaya layanan rpt 000 total bayar rp491 086,2364.133549792076,False,0.8788348350363953,490
c:\file akmal\Capstone - Ai Eng - Spendly_ Workspace\data\Listrik\train\images\pln9_png.rf.9ab0d770ff7e5131eb06494c626c4510.jpg,Listrik,"tokopedia invoice listrik pln invoice ini merupakan bukb pembayaran yang sah, dan dlterbitkan atas nama parlner: nomor 1vr20251020 xxvixi2797263743 tanggal 20 okl 2025 01 14 stalus transaksı bernasıl nomor meter id pelanggan nama customer suyono tarif daya rimgoo no rclerensı 3tok2svs1286044ab2afsefosbsebbf2 malerai rp 0 00 ppn rp 0 00 ppj rp 9 091 00 angsuran ap 0 00 rp stroomtoken rp 100 000 00 jumlankwh 67 3 rp bayar rp 103 100 00 lcken 0645 7946 0866 2512 6225 admin rp3 100 biaya layanan total bayar rp104. 100 biaya",2210.5037377929143,False,0.7894173879885454,525
c:\file akmal\Capstone - Ai Eng - Spendly_ Workspace\data\Listrik\train\images\WhatsApp-Image-2026-05-05-at-10-54-06_jpeg.rf.a6877a00c36dfadd2057247e2b55fd33.jpg,Listrik,transaksi berpasi! rpzoo ooo 70 token 2582 8788 8547 8575 8574 tjjap listfik pln token frdianto sunber muhammad nomorjurnai 958827 nominai rp2ooo00 bank rp3ooo penbelap prabayar no nama sicit r2 bayor 20ao00 29 a adnn dank rpa,2143.364887214565,False,0.5437842634845481,226
c:\file akmal\Capstone - Ai Eng - Spendly_ Workspace\data\Listrik\train\images\WhatsApp-Image-2026-05-05-at-10-54-07_jpeg.rf.230b1d15c63b00f2bfc903bb87bb9092.jpg,Listrik,transaksi berpasi! rpzoo ooo 14 2025 23842 37 roken 2708 8424 2312 5325 3984 tjjap lislfik pln token lislrik frdianto sunber hanif nomorjurnai 908788 nominai rp2ooo00 bank penbelap prabayar no nama r2 boyor 20ao00 stoonn token 2 08 2434 adnin dank rpa,2129.226405669785,False,0.5147283374192355,251
c:\file akmal\Capstone - Ai Eng - Spendly_ Workspace\data\Listrik\train\images\WhatsApp-Image-2026-05-05-at-10-54-08-1-_jpeg.rf.526f09a8d8a5b5b84cec0ca6dd095646.jpg,Listrik,transaksi berpasi rpzoo ooo 08 194842 renid token 0004 7479 8171 5115 1245 tjuan listrik pln token lislrik sicit nizam hanif fiendanu 44432 nomorjurnal rpzooooo bank 500 totai listrik no dpel nar? erdianto rpstoonntoken rp181818 00 0004 pank,2089.704970565414,False,0.5823540848756394,241
c:\file akmal\Capstone - Ai Eng - Spendly_ Workspace\data\Listrik\train\images\WhatsApp-Image-2026-05-05-at-10-54-08_jpeg.rf.afe45fa43d7aa1af044697e9339e8f96.jpg,Listrik,transaksi berpasi! rpso ooo 28 fed 2028 token 8378 9284 4572 8144 0248 tjjap listfik pln token sunber muhammad nizam hanif nomorjurnai 322121 nominai bank 5o0 rps3500 penbelap prabayar no nama r2 bayor 53500 4972 0248 adnn dank fp3 500,2080.1836251187274,False,0.5798591370364581,235
c:\file akmal\Capstone - Ai Eng - Spendly_ Workspace\data\Listrik\train\images\WhatsApp-Image-2026-05-05-at-10-54-09-2-_jpeg.rf.63e15ab892ab071eed65d6fc7604b494.jpg,Listrik,transaksi berpasi! rpzooooo mar 2026 roken 4783 4267 8418 1843 8228 tjjap lislfik pln token lislrik frdianto sunber nomorjurnai 308592 nominai rp2ooo00 bank 5o0 rp2o3s00 penbelap prabayar no nama r2 boyor 203500 stoonn token 4 88 426/ 2778 adnin dank,2117.6730683635183,False,0.543495561221196,250
c:\file akmal\Capstone - Ai Eng - Spendly_ Workspace\data\Listrik\train\images\WhatsApp-Image-2026-05-05-at-10-54-09-3-_jpeg.rf.cc4c60db4b9528a0be6f66719144a89d.jpg,Listrik,transaksi berpasi! rpsoooo 70ma 2026 token 4992 1799 481 0300 3830 tjjap listfik pln token frdianto sunber muhammad nomorjurnai 395023 nominai bank 5o0 rps3500 penbelap prabayar no nama sicit r2 bayor 53500 000 3830 adnn dank fp3 500,2080.548175899976,False,0.5914348573779737,233
c:\file akmal\Capstone - Ai Eng - Spendly_ Workspace\data\Listrik\train\images\WhatsApp-Image-2026-05-05-at-10-54-09_jpeg.rf.e765c4f69e409390267bc297320f1fb7.jpg,Listrik,transaksi berpasi! rpzoo ooo 14 roken 3380 8513 7295 4787 9181 tjjap lislfik pln token lislrik frdianto sunber 9a7 muhammad hanif fendanu nomorjurnai ?50412 nominai rp2ooo00 bank rp3 5o0 totai rp2o3s00 penbelap prabayar no nama r2 bayor 203500 stoonntoken 7292 4 8/ 9121 adnin dank fp3 500,2111.780934504122,False,0.5497217541391742,289
c:\file akmal\Capstone - Ai Eng - Spendly_ Workspace\data\Listrik\valid\images\IMG-20260503-WA0032_jpg.rf.c435665ab6cf4a4e4313495753266441.jpg,Listrik,9opay rp20o900 0985 metocl apay waktu 02 s2p2025 gick 88380a 3011 fp2oooo0 diskor ) fpsoo 72t2l rp2oo909 822,1696.178326835102,False,0.4813969786785928,108
c:\file akmal\Capstone - Ai Eng - Spendly_ Workspace\data\Listrik\valid\images\IMG-20260503-WA0065_jpg.rf.db3ddff503d2d60f0209bbd6498edfcd.jpg,Listrik,m commerce: 30 01 2026 pln prabayar dari rekening no meter rp bayar rp 103 000 stroom 6979 4955 9521 5261 token 5574 ref 457703cfea24beo5 71 biaya termasuk ppn (bila ada) pt bank central asia tbk. menara bca jakarta pusat npwp,1654.373295897269,False,0.920172847987312,226
c:\file akmal\Capstone - Ai Eng - Spendly_ Workspace\data\Listrik\valid\images\IMG-20260503-WA0066_jpg.rf.77f706b2d98ede299c96f1ccfa480208.jpg,Listrik,m commerce: 14 01 2026 pln prabayar dari rekening no meter rp bayar rp 103 000 stroom 3217 9424 7319 4521 token 3999 ref 05969357cf7a37e2 77 biaya termasuk ppn (bila ada) pt bank central asia tbk. menara bca jakarta pusat npwp,1638.288032225394,False,0.943797462028742,226
c:\file akmal\Capstone - Ai Eng - Spendly_ Workspace\data\Listrik\valid\images\IMG-20260503-WA0068_jpg.rf.2a1c74ac1bf55c8e0911d28fd4269827.jpg,Listrik,m commerce: 02 12 2025 04 10 58 pln prabayar dari rekening no meter rp bayar rp 503 000 stroom 0850 2824 7729 token 3140 5868 ref 0582421adf38c311 971 biaya termasuk ppn (bila ada) pt bank central asia tbk. menara bca jakarta pusat npwp,1643.5116015613319,False,0.8906092082202965,236
c:\file akmal\Capstone - Ai Eng - Spendly_ Workspace\data\Listrik\valid\images\IMG-20260503-WA0070_jpg.rf.c18cb5564661fc311d32a3e64f85e3a5.jpg,Listrik,99% rincian pesanan token pln 100 000 nomor token 2411 4709 2631 6642 4928 no pelanggan nama pelanggan tarif listrik rim 900 va nomnor meter nominal token 00 000 informasi pembayaran mctode rp blaya admin pembayarar 000 no pesanan salin,1528.3795214842798,False,0.7527651349927946,236
c:\file akmal\Capstone - Ai Eng - Spendly_ Workspace\data\Listrik\valid\images\IMG-20260503-WA0073_jpg.rf.93dacc0658c28fdc955f3be8ef8cdb72.jpg,Listrik,1312 988 rincian pesanan token nomor token 6800 2734 5688 071 6776 no pelanggan nama pclanggan tarif listrik r? / 3500 va nomor meter norninal token pln 000 000 infornasi pembayaran metode pendayaran saldo snopeepay total biaya koin shodee telah diqunakan total pembayaran rp1 440 no pesanan 27 2691 waktu femesanan mar 2020 3272,1592.9744677719116,False,0.7267714374322949,329
c:\file akmal\Capstone - Ai Eng - Spendly_ Workspace\data\Listrik\valid\images\IMG-20260503-WA0078_jpg.rf.7eac917278014ce36da51cc93298e1d7.jpg,Listrik,1314 97% rincian pesanan token pln 200 000 nomor token krn kwh 6169 2763 7877 6572 6525 no pelanggan nama pclanggan tarif listrik rim 900 va nomor meter nomninal token pln 200 000 infornasi pembayaran metode pembayaran saldo shopeepay pesanan biaya koin shopee telan diounakan rp120 ayaran rpzoz 880 no pesanan 2766885 0121 323030 waktu femesanan 28 0es 2025 08235,1604.5146240219117,False,0.6877710241524121,364
c:\file akmal\Capstone - Ai Eng - Spendly_ Workspace\data\Listrik\valid\images\WhatsApp-Image-2026-05-05-at-10-54-08-2-_jpeg.rf.05fd105ee6b3ba1fc071911b4a8ba1d0.jpg,Listrik,transaksi berpasi! rpzoo ooo 75 2025 10 3850 token 5183 3858 9378 2387 5478 tjjap listfik pln token frdianto sunber muhammad hanif fendanu nomorjurnai 999211 nominai rp2ooo00 bank 5o0 rp2o3s00 prabayar no nama sicit r2 bayor 203500 2183 3688 93 2 2387 adnn dank fp3 500,2143.3101876187266,False,0.5660922584712247,269
c:\file akmal\Capstone - Ai Eng - Spendly_ Workspace\data\Listrik\valid\images\WhatsApp-Image-2026-05-05-at-10-54-58_jpeg.rf.a7b20aa0b34b713151088bef99209383.jpg,Listrik,transaksi berpasi! rpzooooo 03 mei 2026 i8 1d roken 5749 4885 5891 2120 3078 tjjap lislfik pln token lislrik frdianto sunber hanif nomorjurnai 903881 nominai rp2ooo00 bank 5o0 rp2o3s00 penbelap prabayar no nama r2 boyor 203500 stoonn token 2120 3o 2 adnin dank 500,2140.522914558315,False,0.5441184993722294,264
c:\file akmal\Capstone - Ai Eng - Spendly_ Workspace\data\transport\test\images\tol133_png.rf.4d9ef05dd73b105a64958ff41073488d.jpg,transport,pt. cimanggis cibitung 1ollvı into tol 021 jatikarya 27 11 2026 17 26 32 ho seri 625460 151741 152599 8 58,331.90352026939394,False,0.577606850916108,106
c:\file akmal\Capstone - Ai Eng - Spendly_ Workspace\data\transport\test\images\tol35_png.rf.e8a5bfd30cbc041a0b4c77dd2baa803e.jpg,transport,"jasamarga info tol 14080 20 1272025 73 40 59 02 14702 no seri 546850) 210649 151714 asa gb saldo; rp , 106 265",457.7139526235522,False,0.5762489042635817,110
c:\file akmal\Capstone - Ai Eng - Spendly_ Workspace\data\transport\test\images\tol43_png.rf.edfc19a06f31a238307d51a8ce0beca1.jpg,transport,jasamarga kuhciran cengkareng info to 14080 no seri 350418 220080 151431 asa gb m- fil m,510.9661376791953,False,0.6082633243325791,88
c:\file akmal\Capstone - Ai Eng - Spendly_ Workspace\data\transport\test\images\tol69_png.rf.6f7a26eb04afcf7e79150186877a3c72.jpg,transport,"jasamarga indonesio highway corporotion info tol : c 14080 18 12 2025 09 26 26 12 01 01 no seri 568400 150745 660121 ch; rp , 485624",345.2982004751624,False,0.6959969699540332,132
c:\file akmal\Capstone - Ai Eng - Spendly_ Workspace\data\transport\test\images\tol77_png.rf.91d56756ada9742a1e451622526aa07c.jpg,transport,jasamarga info tal 14080,353.49380859365453,False,0.7507299105584421,24
c:\file akmal\Capstone - Ai Eng - Spendly_ Workspace\data\transport\test\images\tol84_png.rf.921c68973eca54659e2dc2d17dce5cdd.jpg,transport,infn tol 147b0 karanaci ? 05 02 02 fp 8580 fp 49950,198.28856881370538,False,0.4613005433949661,51
c:\file akmal\Capstone - Ai Eng - Spendly_ Workspace\data\transport\test\images\tol95_png.rf.b9e32e36ad7cfcde0a8f7b0e73bfad8a.jpg,transport,"jasamarga inlo tol pd ranji 26 01 2026 19 40 45 io seri ,397405 151836 660412 8 9m cn: rp . 258000",248.3344408769071,False,0.6127236983807499,98
c:\file akmal\Capstone - Ai Eng - Spendly_ Workspace\data\transport\test\images\tol96_png.rf.6a4f3fa31bfcec00fc0bd9c9dfd5ff18.jpg,transport,pt marga linckar inlo tol : 26 01 2026 19 24 16 cn: rp 267500 14080 03 02 02,285.0853442065179,False,0.7525467156456308,76
c:\file akmal\Capstone - Ai Eng - Spendly_ Workspace\data\transport\train\images\tol100_png.rf.56fff80571e6e42a7c407cad6ebc80b9.jpg,transport,mtn) pt. marga trans nusantara info tol : (0) 14080 info to 14080 02 01 02 no ssri 581683 210627 151315 asa 6b m- s n:,353.63398908555524,False,0.6046959490007223,118
c:\file akmal\Capstone - Ai Eng - Spendly_ Workspace\data\transport\train\images\tol102_png.rf.7c61fc13fb53cc8f8ca2c7274a3ae50b.jpg,transport,jasamarga 462 18 04 2026 15 21 20 11 02 02 no seri 375881 151274 660112,325.5062913803101,False,0.6781495392353529,71
c:\file akmal\Capstone - Ai Eng - Spendly_ Workspace\data\transport\train\images\tol103_png.rf.f9eaa3a0f2ee483faf26678ad9f13a6f.jpg,transport,"jasamarga info tol 14080 04 02 2026 11 15 52 02 01 01 ho seri 156153 260159 666472 cn: rp , 612601",458.25273508476624,False,0.8524053741955677,98
c:\file akmal\Capstone - Ai Eng - Spendly_ Workspace\data\transport\train\images\tol104_png.rf.b86f00fa54f60cc9a5151cf68e44f686.jpg,transport,jasamarga kuncirfn cengkareiig info to 14080 04 0272026 11 56 28 no seri 394021 210636 151195 asa gb,578.5340454051435,False,0.6709491504729489,100
c:\file akmal\Capstone - Ai Eng - Spendly_ Workspace\data\transport\train\images\tol105_png.rf.b898af1efd67f8ed57fca5be5f0b731b.jpg,transport,"ft, cimanggis cibitung ways info tal 021 29941c 04 02 2626 07453 22 seri 345260 151 088410) asa gerbang ch: sisa saldo) 671101)",656.6112247961998,False,0.6057320470066252,127
c:\file akmal\Capstone - Ai Eng - Spendly_ Workspace\data\transport\train\images\tol106_png.rf.456e42f5016d24ecc511e3a38964cc23.jpg,transport,jasamarga kuhcirfn cengkareng info to 14080 buarah ihdah 2 05 02 2026 11 27 42 11 04 01 no seri 395898 210632 151566 asa gb fl 8,573.460515545273,False,0.6930769101999549,128
c:\file akmal\Capstone - Ai Eng - Spendly_ Workspace\data\transport\train\images\tol107_png.rf.390e537d5007cbe99aeafe0cf63ecf66.jpg,transport,jasamarga info tol 14080 pd ranji 36 02 02 ho seri,390.21794920721055,False,0.8575910215263429,50
c:\file akmal\Capstone - Ai Eng - Spendly_ Workspace\data\transport\train\images\tol109_png.rf.beb43ac9b436c944aacafc024cf69e24.jpg,transport,pt. cimangjis cibitung ollways info tol (0 2 0 01 2026 19 22 44 06 02 02 seri 902619 152e 13 088806 hsa gerbang uh: sisa sa7do rp 917601,564.9267483353553,False,0.6178246446537925,136
c:\file akmal\Capstone - Ai Eng - Spendly_ Workspace\data\transport\train\images\tol10_png.rf.7bb417ce21655976325000d38d8407dd.jpg,transport,"mtn) pt, marga trans nusantara info tol 14080 info tol 1 4080) 02 06 02 1o i 859635 380521 152060 8 22 8m saldo; rp, 422 601",482.8326098627985,False,0.6446327703547047,124
c:\file akmal\Capstone - Ai Eng - Spendly_ Workspace\data\transport\train\images\tol110_png.rf.4b52e58f41ead5feb956bd254c544691.jpg,transport,"jasamarga info tol 14080 20 01 2026 11 19 06 01 01 01 ko seri 903554 151623 191409 rp 7 500 s n: saldo: rp , 1 058 , 101",438.2879028263033,False,0.7279758413781244,120
c:\file akmal\Capstone - Ai Eng - Spendly_ Workspace\data\transport\train\images\tol111_png.rf.93b2c2e6221cf0058741aa97926494d2.jpg,transport,jasamarga kunciran cengkarehg info to 14080 kuncirah 6 02 0272026 12; 19 36 01 02 01 no seri 465343 230358 152349 asa gb s7n;,509.35580703973176,False,0.6473910643876851,125
c:\file akmal\Capstone - Ai Eng - Spendly_ Workspace\data\transport\train\images\tol112_png.rf.441a4480926827b32d1f77f114a8593b.jpg,transport,mtn) pt. marga trans nusantara info tol : 14080 info to 14080 02 02 2026 09 25 28 01 03 01 ho seri 240760 152060 asa gb saldo; rp .856 601,504.45259277334225,False,0.6739779042322823,138
c:\file akmal\Capstone - Ai Eng - Spendly_ Workspace\data\transport\train\images\tol113_png.rf.d6ccd221a469bfa36b7d7694fafda743.jpg,transport,"pt., clmanggls clbltung tollways info tol 021 jatikarya 2 02 02 2026 09 02 33 01 01 01 ho seri 604973 150967 088201 ch: rp , 890101",577.1578380966187,False,0.6684434425429517,131
c:\file akmal\Capstone - Ai Eng - Spendly_ Workspace\data\transport\train\images\tol114_png.rf.2a7301af5a7c098a35a37bfd90afcef4.jpg,transport,mtn) pt. marga trans nusantara info tol 14080 info tol 14080 09 25 28 01 03 01 ko seri 225690 240760 152060 asa gb liho 2b saldo; rp .856 601,494.5176123035193,False,0.6083173472502815,141
c:\file akmal\Capstone - Ai Eng - Spendly_ Workspace\data\transport\train\images\tol115_png.rf.29e035cdf52718bea94608354eeba0b8.jpg,transport,info tol : ( 14080 info tol 14080 02 03 02 ho seri 369249) 71002 151354 8 85,474.7744116210404,False,0.6751194389909736,76
c:\file akmal\Capstone - Ai Eng - Spendly_ Workspace\data\transport\train\images\tol116_png.rf.1e4b50fb514ec04f3909597a689d6ee7.jpg,transport,jasamarga info to 14080 buarah ihah 2 15 01 2026 10 42 05 01 01 01 ho seri 982167 210685 151402 asa gb s h;,582.1089330887258,False,0.624290585578452,107
c:\file akmal\Capstone - Ai Eng - Spendly_ Workspace\data\transport\train\images\tol117_png.rf.9a8f38007cc61347359afc8214529dd8.jpg,transport,pt. cimanggis cibitung tollways info tal 021 jatikarya 2 15 01 2026 09 43 02 03 01 01 ho seri 984238 150967 088203 cn: rp. 25101,465.1320239244401,False,0.7807758322525333,128
c:\file akmal\Capstone - Ai Eng - Spendly_ Workspace\data\transport\train\images\tol118_png.rf.9d5148f7105456660f2c89783067e42d.jpg,transport,pt. clmanggls clbltung tollways info tol 021 nagrak close 15 01 2026 18 38 25 seri 988276 151434 055502 asa gerbang ch: sisa saldo rp 377601,679.5612377898156,False,0.6636960294445345,140
c:\file akmal\Capstone - Ai Eng - Spendly_ Workspace\data\transport\train\images\tol119_png.rf.6ab003016a785ec5e0c69d47955575a6.jpg,transport,"pt. cimanggis cibitung tollways info tol ; jatikarya 1 19 01 2026 14 34 57 04 02 02 ho seri 250338 150769 088104 ch: rp, 193601",688.9725902234017,False,0.7730899151119496,127
c:\file akmal\Capstone - Ai Eng - Spendly_ Workspace\data\transport\train\images\tol11_png.rf.84c2296697f2fb03b4f4495af7ea6b80.jpg,transport,"pt, cimanggis cibltung tollways info tal 021 jatikarya 2 07 01 2026 12 13 32 04 01 01 cn: rp 9601",427.07224812287683,False,0.7392798060728258,97
c:\file akmal\Capstone - Ai Eng - Spendly_ Workspace\data\transport\train\images\tol120_png.rf.431795710313e10306e65ae7b4147efc.jpg,transport,pt. clmanggls clbltung tollways info tol 021 2994i002 jatikarya 2 03 01 01 no seri :003203 151602 088203 cn: rp 351101,427.3740103285252,False,0.7043560182081945,118
c:\file akmal\Capstone - Ai Eng - Spendly_ Workspace\data\transport\train\images\tol121_png.rf.51ed13c96ff48e16aa30aeda26ae9a44.jpg,transport,jasamarga info to 14080 19 01 2026 09 43 10 ho seri 366999) 151775 151758 asa gb 1 serpong saldo; rp 268 101,491.5628491197526,False,0.6247988604435195,108
c:\file akmal\Capstone - Ai Eng - Spendly_ Workspace\data\transport\train\images\tol123_png.rf.5f93d7e920d2a47beeaf491b9b2c9456.jpg,transport,jasamarga info to 14080 buaran ihdah 2 21 01 2026 10 03 22 01 01 0 no seri 999728 210673 150538 asa 68 serpong saldo; rp . 138 601,452.7957982967793,False,0.6757902761567417,130
c:\file akmal\Capstone - Ai Eng - Spendly_ Workspace\data\transport\train\images\tol124_png.rf.b7c7b07a9a7b23171b276b5f1d996af2.jpg,transport,pt. clmanggis cibltung tollways infe tol 021 jatikarya 2 21 01 2026 08 26 47 03 01 01 ho seri ;012876 151615 088203 8 88 ch: rp. 154601,586.0972111586572,False,0.6003557200448598,135
c:\file akmal\Capstone - Ai Eng - Spendly_ Workspace\data\transport\train\images\tol125_png.rf.ea6f1dbe3697757242fb5323c979232a.jpg,transport,fk pt hutama karya (persero) info tol (021 270 93323 cilandak 2 21 01 2026 09 16 37 01 01 01 no 789506 999008 /886001 cn: rp .95601 seri,177.38353263840082,False,0.7256745910166035,136
c:\file akmal\Capstone - Ai Eng - Spendly_ Workspace\data\transport\train\images\tol126_png.rf.49fbfdbbbe748f4ba85d3a47441f0097.jpg,transport,"jasamarga transjawa tol info tol 14080 21 01 2026 09 50 48 13 01 01 ko seri :399253 151274 660131 cx: rp , 169101",470.93066699514384,False,0.8119786004638886,113
c:\file akmal\Capstone - Ai Eng - Spendly_ Workspace\data\transport\train\images\tol127_png.rf.2005e4768dfd71e51651f6eab79098a6.jpg,transport,"mtn) pt, marga trans nusantara info tol : ( 14080 info tol 14080 kunciran 8 24 01 2026 16 50 00 02 01 02 no seri 086253 11002 151592 8 858 s n; saldo; rp 262 265",690.7766210593225,False,0.6234481351226353,161
c:\file akmal\Capstone - Ai Eng - Spendly_ Workspace\data\transport\train\images\tol128_png.rf.3ba95c34081e91520ed91253b136cb6a.jpg,transport,pt. cimanggis cibitung tollvı into tol 24 u1 2026 17 27 16 01 62 02 ho seri :619326 152609 240312 cn; rp. 155765,638.6152910529077,False,0.62853298512322,112
c:\file akmal\Capstone - Ai Eng - Spendly_ Workspace\data\transport\train\images\tol129_png.rf.04e4f1eb07ea57a23d471fd69800bd4c.jpg,transport,"jasamarg a info tol : )14080 pd, ranji 24 01 2026 13 12 18 18 01 01 nlo seri 409698 151700 666181 rp265m cn; rp 270765",485.22908398169886,False,0.551309210950291,118
c:\file akmal\Capstone - Ai Eng - Spendly_ Workspace\data\transport\train\images\tol12_png.rf.45528265fb8de2d303b6738724e69a60.jpg,transport,info to 14080 07 01 2026 12 38 24 01 02 01 ho seri 733768 152399 150900 asa 6b sn; shldo; rp 476 101,447.8473986683786,False,0.5847905681264686,100
c:\file akmal\Capstone - Ai Eng - Spendly_ Workspace\data\transport\train\images\tol131_png.rf.13f420473bc153ab0e856ca8d581fe7d.jpg,transport,jasamarga info to 14080 26 01 2026 12 23 17 ho seri 379180 210788 151639 asa gb 8 4 8 s h:,582.4805076711418,False,0.7094094891160911,90
c:\file akmal\Capstone - Ai Eng - Spendly_ Workspace\data\transport\train\images\tol132_png.rf.be6802509022a8705b8062e946ce6094.jpg,transport,"irk tol 26 01 2026 17 42 34 08 02 02 seri 345368 099902 088804) asa gerbang ck: rp, 1395601",553.8653076160194,False,0.674375228395239,91
c:\file akmal\Capstone - Ai Eng - Spendly_ Workspace\data\transport\train\images\tol134_png.rf.6706c05957443fd891f3e774da03f654.jpg,transport,"jasamargi into tol 14080 28 01 2026 18 04 40 36 02 02 no seri 725887 151208 660362 cn: rp , 1074601",650.862167848563,False,0.735517976008017,99
c:\file akmal\Capstone - Ai Eng - Spendly_ Workspace\data\transport\train\images\tol135_png.rf.e8d656f194ef562667608d0a81e7f9b6.jpg,transport,jasamarga 17 49 26 15 01 2026 seri,340.32486060380324,False,0.6469818091547863,34
c:\file akmal\Capstone - Ai Eng - Spendly_ Workspace\data\transport\train\images\tol136_png.rf.3bd5d0211bf958162b221bb1378f4887.jpg,transport,jasamarga info tol 14080 buaran ihdah ? 27 01 2026 10 55 31 01 03 01 mo seri 446275 250219 152716 asa 6b,406.62560186595334,False,0.7587637188495842,104
c:\file akmal\Capstone - Ai Eng - Spendly_ Workspace\data\transport\train\images\tol138_png.rf.b5fcfdeacd7e59e32b9c816efad16390.jpg,transport,06 u3 02 ko seri,316.5139598506928,False,0.5653127009540135,16
c:\file akmal\Capstone - Ai Eng - Spendly_ Workspace\data\transport\train\images\tol139_png.rf.98bca2d17c9ff52f853289d0450cbe8d.jpg,transport,infe tol 14080 18 10455 io seri 152251 151290,290.5691868454874,False,0.4110847914172634,45
c:\file akmal\Capstone - Ai Eng - Spendly_ Workspace\data\transport\train\images\tol15_png.rf.e3210f6a4e397ab46f0ac819377a95fb.jpg,transport,jasamarga info to 14080 buaran ihah 2 12 01 2026 10 25 54 ho seri 356320 210678 151714 asa 6b liho 28 saldo; rp 24 765,480.130292474365,False,0.6714500182083143,118
c:\file akmal\Capstone - Ai Eng - Spendly_ Workspace\data\transport\train\images\tol16_png.rf.1a13316c005efe8d2d7cb7ba5d06396d.jpg,transport,"pt. clmanggis clbltung tollways info tol 021 jatikarya 2 04 01 01 ho seri ,361249 151188 088204 ch; rp , 103765",465.95065576061614,False,0.6765373540335674,111
c:\file akmal\Capstone - Ai Eng - Spendly_ Workspace\data\transport\train\images\tol17_png.rf.38dbeb9cba1cde6cce4f4a6674baffdd.jpg,transport,info to 14 80 01 04 01 no seri 380511 151592 asa gb s n;,425.33030512198815,False,0.500935052130093,56
c:\file akmal\Capstone - Ai Eng - Spendly_ Workspace\data\transport\train\images\tol18_png.rf.ef36161a821fda4c94b36701dcb9751f.jpg,transport,jasamarga info tol 14080 buaran ihdah ? 17 1272025 08 53 23 01 04 01 no seri 318578) 210784 152230 s n;,463.5659299805104,False,0.6679446043903365,103
c:\file akmal\Capstone - Ai Eng - Spendly_ Workspace\data\transport\train\images\tol19_png.rf.8e6ce6884411e4771974999b2c4a2eeb.jpg,transport,"pt, cimanggis clbltung tollways info tol 17 12 2025 08 28 26 14 01 c seri 643968 150769 088414 asa gerbang cn: sisa saldo rp. 296698",500.1527575057984,False,0.7433265214097258,132
c:\file akmal\Capstone - Ai Eng - Spendly_ Workspace\data\transport\train\images\tol1_png.rf.d1322a3ac197317d4c50a9983a3f5a48.jpg,transport,jasamarga info tol slipi 1 10 36 59 no seri 484651 14080 01 01 01 17 12 2025 008422 151604 69000,194.26323724216826,False,0.9278510229640462,96
c:\file akmal\Capstone - Ai Eng - Spendly_ Workspace\data\transport\train\images\tol21_png.rf.dde83f5707f964e05b7c5cf367279528.jpg,transport,pt. cimarggis cibitung tollways info tol 021 17 12 2025 20 04 08 17 03 03 jeri 233671 152411 088317 isa gerbang 41 cct open n: rp . 122198,586.9286400114,False,0.6972808671540268,138
c:\file akmal\Capstone - Ai Eng - Spendly_ Workspace\data\transport\train\images\tol22_png.rf.a88e995007a8388e6ff254dd75f61605.jpg,transport,"pt: tci 17 127, 025 03 14 16 01 seri 8 5904 099901 086 asa g 7 tlkj open 5000 cn: j14 rp . 281692 roang",353.4251879875599,False,0.6451718573433397,103
c:\file akmal\Capstone - Ai Eng - Spendly_ Workspace\data\transport\train\images\tol23_png.rf.1024fb6a40eca930ca039feb2b357767.jpg,transport,eieri 1 21725 19 32 03 17 1 17349) 799902 0 79 erbang,219.4785571275651,False,0.6391341759780411,53
c:\file akmal\Capstone - Ai Eng - Spendly_ Workspace\data\transport\train\images\tol24_png.rf.10919828869f0f41a4f01bd1ab01af1b.jpg,transport,"pt. cimanggis cibitung tollways infa tol 021 jatikarya utana 1 17 01 01 beri 240145 150432 088317 sa gerbang 41 ecct open pn: rp , 434698",322.52868380135897,False,0.6308910958126621,137
c:\file akmal\Capstone - Ai Eng - Spendly_ Workspace\data\transport\train\images\tol26_png.rf.49603fc891a950fce3dd7cd4a8dc126a.jpg,transport,jasamarga info to 14080 01 05 01 0 seri 99 337 152027 190754 fp 7 580 7n: 074,504.8773485057591,False,0.6822183404383297,77
c:\file akmal\Capstone - Ai Eng - Spendly_ Workspace\data\transport\train\images\tol28_png.rf.029ee261514640340bb719c84cecf658.jpg,transport,pt. cımanggis cibitung tollways info tol 021 jatikarya 2 19 12 2025 04 19 15 04 03 03 ho seri ;244123 151188 088204 cn: rp. 49198,510.04903564438223,False,0.7414938407781141,129
c:\file akmal\Capstone - Ai Eng - Spendly_ Workspace\data\transport\train\images\tol29_png.rf.7ca6c267e44d9a777dc33f84ce63e0da.jpg,transport,pt. translinckar kiia 19 12 2025 16 51 28 08 02 02 seri 321400 099902 088804 asa gerbang ch: rp 334198,402.12947018966076,False,0.7154779987138349,102
c:\file akmal\Capstone - Ai Eng - Spendly_ Workspace\data\transport\train\images\tol30_png.rf.7de7d8eddca967de1c548655081a5b67.jpg,transport,ras 021 liho utama 1 13 03 43 eri 673093 099903 083807 sa gerbang 34 benda utana 1 n:,238.41078119275568,False,0.5412969477182582,85
c:\file akmal\Capstone - Ai Eng - Spendly_ Workspace\data\transport\train\images\tol31_png.rf.bb976a434b4acc05f36fa64a1a85d79f.jpg,transport,info to 14 80 20 12 2025 10 18 25 01 04 01 no seri 698873 380511 152202 asa gb s7n;,423.4640307516992,False,0.7058347850229716,83
c:\file akmal\Capstone - Ai Eng - Spendly_ Workspace\data\transport\train\images\tol32_png.rf.51ecd77e9d9cd6c76511f48c08d6b597.jpg,transport,liho utahf 2 1 12 2025 43 24 eri 02340 09 sa gerba 8 0145200 61982 rp. 986265,266.14492363142375,False,0.6691499358582479,77
c:\file akmal\Capstone - Ai Eng - Spendly_ Workspace\data\transport\train\images\tol33_png.rf.f9d1494da983fd0752879f4d882a4379.jpg,transport,cincre 20 12 2025 15 24 33 02 02 02 seri 280927 099902 088801 asa gerbang ch: rp 9265,585.7848314721524,False,0.6906782137203017,85
c:\file akmal\Capstone - Ai Eng - Spendly_ Workspace\data\transport\train\images\tol3_png.rf.ca358597f45c0cb6d5b4d9d612feab0a.jpg,transport,highway corporatlon info tol 14080 info to 14080 kuciran 6 02 01 02 no seri 942644 220077 151566 asa 6b s7n; 01482016u3386160 saldo; rp 24 000,565.681260109657,False,0.7065501465692149,142
c:\file akmal\Capstone - Ai Eng - Spendly_ Workspace\data\transport\train\images\tol40_png.rf.330b45568d39990ea4a69776fd8d6b1c.jpg,transport,pt. clmanggis cibitung tollvı: into tol 021 22 12 2025 17 04 00 01/ 2 02 no seri 545839 151741 152599 cn: rp . 196265,368.56381466221205,False,0.6814422337876971,117
c:\file akmal\Capstone - Ai Eng - Spendly_ Workspace\data\transport\train\images\tol41_png.rf.d6dd9521c3f94862f342b8ccce864f32.jpg,transport,"pt. clmanggis clbltung tollways inlo tol 021 jatikarya 2 o1 01 01 ho seri 451673 150769 152363 ch: rp , 107765",357.19636706044673,False,0.6721706640982508,110
c:\file akmal\Capstone - Ai Eng - Spendly_ Workspace\data\transport\train\images\tol44_png.rf.5a123623272b7897d93d330797790895.jpg,transport,08 01 2026 15 30 47 09 02 02 seri 524474 099902 088805 asa gerbang ch: rp 210601,699.0478441458704,False,0.7090893272133736,80
c:\file akmal\Capstone - Ai Eng - Spendly_ Workspace\data\transport\train\images\tol45_png.rf.a11fba8beb8c112ac0265e307c2605fd.jpg,transport,"pi, translingkar kita jaya (8 05 2026 11 26 38 02 01 01 eri 571298 099901 088801 sa gerbang (h: rp. 332601",585.6883738388061,False,0.6261832379054871,106
c:\file akmal\Capstone - Ai Eng - Spendly_ Workspace\data\transport\train\images\tol46_png.rf.53505ef1cfdf2db5219110d758c68b21.jpg,transport,jasamarga inlo tol 14080 13 01 2026 08 2346,402.5271240210534,False,0.7657583506651315,43
c:\file akmal\Capstone - Ai Eng - Spendly_ Workspace\data\transport\train\images\tol47_png.rf.8d12a26ed2e87cffb75a6693af0474c4.jpg,transport,jasamarga,457.1228222540857,False,0.9426664912206851,9
c:\file akmal\Capstone - Ai Eng - Spendly_ Workspace\data\transport\train\images\tol48_png.rf.86f8a08211dc5c68510a7b4e33b291a2.jpg,transport,jasamarga info tal 14080 1 ne sefi : 750433,391.47051998419164,False,0.7612404675517219,43
c:\file akmal\Capstone - Ai Eng - Spendly_ Workspace\data\transport\train\images\tol4_png.rf.b9db1e8edce146c994a76132f4196aa6.jpg,transport,jasamarga kunciran cengkareng info to 14080 17 12 2025 11 22 00 mo seri 896673 210784 152220 asa gb kunciran ? 8 9m s n; saldo; rp 51 500,535.864472511196,False,0.7381567861684281,137
c:\file akmal\Capstone - Ai Eng - Spendly_ Workspace\data\transport\train\images\tol50_png.rf.96a92b2a5e300334a5dce8f6c902a2e2.jpg,transport,csj info tol 14080 info to 14080 13 01 2026 16 11 31 02 03 02 ao seri 674045 394222 151947 s k;,323.6014135406911,False,0.6960396159478155,95
c:\file akmal\Capstone - Ai Eng - Spendly_ Workspace\data\transport\train\images\tol52_png.rf.f57e04ccec2dd27f948a057b85537ab6.jpg,transport,jasamarga j14080,441.0538769271612,False,0.6298068345518908,16
c:\file akmal\Capstone - Ai Eng - Spendly_ Workspace\data\transport\train\images\tol53_png.rf.99fe268954f7ecc5a6b0e2571e4c3e46.jpg,transport,jasamarga info tol 14080 16 01 2026 16 45 17 06 12/ 2 no sefi :741224 152147 664052,372.8265105619191,False,0.5527257888935055,83
c:\file akmal\Capstone - Ai Eng - Spendly_ Workspace\data\transport\train\images\tol54_png.rf.ce05942ef7270b7f6e05c9f1c09c605c.jpg,transport,jasamarga inle 23 12 2025 15 20 29 05 02 02 hio 2476476 151274 660052 08 seri,282.16123043954383,False,0.6505865624933411,77
c:\file akmal\Capstone - Ai Eng - Spendly_ Workspace\data\transport\train\images\tol55_png.rf.24f3ef9be58b8e126cc11a872e8885ab.jpg,transport,"jasamarga 22 12 2025 09, 1 40 50 10761 01",499.9409448151528,False,0.5911193477027972,41
c:\file akmal\Capstone - Ai Eng - Spendly_ Workspace\data\transport\train\images\tol5_png.rf.cebc8ca50b014eb1ddb332334e2b4b66.jpg,transport,"pt, clmanggis clbitung tollways info tol : 021 05 71 2026 12 39 40 14 12 02 ser i 687440 150769 088414 asa gerbang ch: sisa saldo rp 216601",731.7917236322164,False,0.6653099857441189,139
c:\file akmal\Capstone - Ai Eng - Spendly_ Workspace\data\transport\train\images\tol60_png.rf.f6fce50235ce3a218dc03b652fc5aa3e.jpg,transport,k pt hutama karya (persero) info tol 21 12 2075 15 04 41 549003 666 ch: rp. 105124,253.82611421460516,False,0.6471425256631987,82
c:\file akmal\Capstone - Ai Eng - Spendly_ Workspace\data\transport\train\images\tol61_png.rf.0941ccc70cee8745955a1ab7f136eb94.jpg,transport,jasamarga 21 12 2022 21 55 32 07 03 03 0 2515275 152267 660073 rp 225624 ser,248.77471512677667,False,0.7074955813593493,76
c:\file akmal\Capstone - Ai Eng - Spendly_ Workspace\data\transport\train\images\tol62_png.rf.8c6ccdb6b73a824a7370b7764984651e.jpg,transport,jasamarga into to 14000 21 12 2025 15 27 17 06 02 02 ko seri: 12473) 191262 57017 sk: rp 273624,263.8142407176436,False,0.6774101111897214,95
c:\file akmal\Capstone - Ai Eng - Spendly_ Workspace\data\transport\train\images\tol63_png.rf.5ce4c9b822f25f84da5a2c617a9460d2.jpg,transport,jasamarga inín tol (14080 21 1272025 15 16 44 797555 corpoioron,326.7854725494326,False,0.6332468838946674,63
c:\file akmal\Capstone - Ai Eng - Spendly_ Workspace\data\transport\train\images\tol64_png.rf.70d8454957835af2b93ae759e770bdbf.jpg,transport,jasamarga info to 14060 karahkci ? 20 12 2025 13 45 13 0-/02 02 k eri: 616035 191036 69045 0 rp 316624,277.25689123653774,False,0.6368390755015078,102
c:\file akmal\Capstone - Ai Eng - Spendly_ Workspace\data\transport\train\images\tol65_png.rf.872c6d8be0eca32293bbad0bc0f88c33.jpg,transport,info tol (0 14080 kuncirah4 02 01 02 ho seri 244493 21005 151052 asa gb s h;,333.41733591575036,False,0.7737572310633181,76
c:\file akmal\Capstone - Ai Eng - Spendly_ Workspace\data\transport\train\images\tol67_png.rf.398ff821687084a99fd22bbd71b19267.jpg,transport,"in 0 tol 14080 info to 14060 19, 8272025 18 28 08 0 /03 05 879645 m: 895 s n; saldo; rp 386 624",409.29145342325575,False,0.46514572226137274,95
c:\file akmal\Capstone - Ai Eng - Spendly_ Workspace\data\transport\train\images\tol68_png.rf.4e7576411b773dda2c2bb7a9a0527079.jpg,transport,jasamarga info tal 14080 16 12 2025 20: 16 10 02 02 02 kc seri :421043 151446 661022 (a: rp 430624,292.0246507973134,False,0.7384865016986799,98
c:\file akmal\Capstone - Ai Eng - Spendly_ Workspace\data\transport\train\images\tol6_png.rf.5aa5cfd0bb36baf550093ee9a06d335b.jpg,transport,"pt, translinckar kiia jaya liho utaha 2 (5 01 2026 12 27 24 02 01 01 eri 559554 099901 088801 sa gerbang rp 201601",585.8161006987034,False,0.7340620729866421,114
c:\file akmal\Capstone - Ai Eng - Spendly_ Workspace\data\transport\train\images\tol71_png.rf.6bc030026ccec3864500c3ec60b22e46.jpg,transport,info tol 14080 slipi 1 13 02 2026 11 01 41 02 01 01 mo seri 698919 008524 151353 cn: rp . 102000,328.61255330801015,False,0.7946428467861097,96
c:\file akmal\Capstone - Ai Eng - Spendly_ Workspace\data\transport\train\images\tol72_png.rf.0ef5d7dddc02ecba88e65770ac1209cf.jpg,transport,jasamarga info tal :014000 fd ranji 13 92 2026 00 20 29 07 03 03 no 766373 150745 660073 rp 9500 cn: rp. 566124 seri,414.732304404235,False,0.7746013210238377,116
c:\file akmal\Capstone - Ai Eng - Spendly_ Workspace\data\transport\train\images\tol73_png.rf.47d1e352fc6092391d8b15af92381e8a.jpg,transport,"jasamarga info tol : (0 14080 13 02 2026 15 13 07 io seri 850797 152396 660242 ch: rp , 539624",463.5491528318822,False,0.690552192084102,94
c:\file akmal\Capstone - Ai Eng - Spendly_ Workspace\data\transport\train\images\tol75_png.rf.2fca3bbc145d7237ac8749346fcaa8bf.jpg,transport,m) inlo tol : 14080 ko ser1,361.6043066404104,False,0.5710200693230083,27
c:\file akmal\Capstone - Ai Eng - Spendly_ Workspace\data\transport\train\images\tol76_png.rf.05c56d9cc09a81e8c75e59716c9e6809.jpg,transport,jasamarga ez,462.13209226712604,False,0.8049615012010011,12
c:\file akmal\Capstone - Ai Eng - Spendly_ Workspace\data\transport\train\images\tol78_png.rf.af4b860495df93e9b8f03094364f113c.jpg,transport,csj into tol 14000 info tol 14080 serpmng 7 he seri j94222 151682 sa 6,345.5393969669283,False,0.5195663800900853,70
c:\file akmal\Capstone - Ai Eng - Spendly_ Workspace\data\transport\train\images\tol7_png.rf.39bf77f2f13719d510d51144ba115c59.jpg,transport,jasamarga kuhcihan cengkareng info to 14080 05 01 2026 13 08 36 no seri 345599 210794 152257 asa gb 8 fl 8 s n:,550.9747021455528,False,0.6658660044188902,111
c:\file akmal\Capstone - Ai Eng - Spendly_ Workspace\data\transport\train\images\tol80_png.rf.df0d864c0bb3b121bcb721944104f41a.jpg,transport,"inf , tol 14080 ho seri s h;",358.13604706153274,False,0.4111633353765783,28
c:\file akmal\Capstone - Ai Eng - Spendly_ Workspace\data\transport\train\images\tol82_png.rf.75f3006990e1a5d44bd4cf74bd99deca.jpg,transport,jasamarga du info tol 14080 karanaci 3 08 02 202612 43 14 04 02 02 no seri: 002722 191036 69045 sk rp 601124,393.34951334857345,False,0.7067909747649077,108
c:\file akmal\Capstone - Ai Eng - Spendly_ Workspace\data\transport\train\images\tol83_png.rf.2a9321b1a54b6ce31ec338bbb107dde7.jpg,transport,jasimarga infc tol 14080 07 02 2026 16 29 38 03 72 02 mo seri 702751,289.99705757596496,False,0.7929468559689945,68
c:\file akmal\Capstone - Ai Eng - Spendly_ Workspace\data\transport\train\images\tol85_png.rf.7c087cf1972c08367e45e7b769e18298.jpg,transport,"inlo tal: (u 14080 info tc 14080 hp seri asa ge 8: 240094 150907 ,640 624",362.92778297879704,False,0.5706560355774193,73
c:\file akmal\Capstone - Ai Eng - Spendly_ Workspace\data\transport\train\images\tol86_png.rf.84408ba37b62ba26232102a74af1834c.jpg,transport,"ir fo tol 418 2701 12 ho suci 425917 71002, 15090 m:",429.24127929627895,False,0.5920636413222746,52
c:\file akmal\Capstone - Ai Eng - Spendly_ Workspace\data\transport\train\images\tol87_png.rf.97b8a9e4603a0d86c8a092066f955f7e.jpg,transport,"ser 1 079778 (99921 de8e 2 as; gerbang ch, rp 215 (0",296.56499934301377,False,0.6004103185529306,52
c:\file akmal\Capstone - Ai Eng - Spendly_ Workspace\data\transport\train\images\tol88_png.rf.37c077b9063a08e24d6e4f82ba704f54.jpg,transport,02 02 02 eri 657672 99902 088801 ( : rp. 152000 ? 5,294.2565062915743,False,0.6799994531333217,51
c:\file akmal\Capstone - Ai Eng - Spendly_ Workspace\data\transport\train\images\tol89_png.rf.6d8219d06efc03cde01983445dfea481.jpg,transport,jasamarga irvo tol 30 01 2026 22 23 54 11 03 09 ko seri ;410558 220428 680113 ch: kp 741624,242.88586094207173,False,0.5088829416246453,91
c:\file akmal\Capstone - Ai Eng - Spendly_ Workspace\data\transport\train\images\tol8_png.rf.a0e26b2aba02ffc01ba4c2a3c6335d13.jpg,transport,jasamarga info to 14080 07 01 2026 13 05 38 ho seri 348741 151475 151425 asa gb parigi 8 2m,517.9234936368406,False,0.6761930463102918,91
c:\file akmal\Capstone - Ai Eng - Spendly_ Workspace\data\transport\train\images\tol90_png.rf.12ffecaff70153a818d28ec4959232c8.jpg,transport,jasamarga 20 01 2026 18 15 49 12 02 02 01,282.1231307678163,False,0.5578760182352214,41
c:\file akmal\Capstone - Ai Eng - Spendly_ Workspace\data\transport\train\images\tol91_png.rf.ec4fd5dcbafcbdffeeba60fbdf6f23d4.jpg,transport,icsj inlo tol 488708 8,180.54767468938823,False,0.5708312183215002,22
c:\file akmal\Capstone - Ai Eng - Spendly_ Workspace\data\transport\train\images\tol92_png.rf.9a4a872bf6b9c7d43b94f93ad89fd327.jpg,transport,corporolion iol 14080 28 01 2026 15 17 16 02 02 02 no seri 508596 151700 660272 80l 1e 7077 handiri cn: rp 820124,212.4363882666588,False,0.6720379586567623,113
c:\file akmal\Capstone - Ai Eng - Spendly_ Workspace\data\transport\train\images\tol93_png.rf.5c0252bb8a41632e4fc2c145d13bea19.jpg,transport,jasamarga transjawa tol info tol 14080 pd. ranji 28 01 2026 15 19 50 13 02 02 no seri 410280 152360 660132 rp 9580 28. rp 810624,321.1316843505859,False,0.729796396897185,128
c:\file akmal\Capstone - Ai Eng - Spendly_ Workspace\data\transport\train\images\tol94_png.rf.aade116e01049db0777fe092f9e4fc49.jpg,transport,indoneso jasamarga pd ranji 28 01 2026 14 08 41 16 02 02 ilo seri 713078 150164 660162,305.79473080406194,False,0.7751169657671926,86
c:\file akmal\Capstone - Ai Eng - Spendly_ Workspace\data\transport\train\images\tol97_png.rf.aa3a063da04e8c3be2180e72b023cd9a.jpg,transport,info to 14080 parigi 25 01 2026 13 40 37 02702 02 mo seri 750706 380521 151715 asa 6b kunciran 5 s n; saldo; kp .883 124,417.1862108993531,False,0.6004317108568077,120
c:\file akmal\Capstone - Ai Eng - Spendly_ Workspace\data\transport\train\images\tol98_png.rf.209e0ddf9900892d0291dd1daab0f6f7.jpg,transport,"mtv) pt, mar tol : 11080 nfc to 14000 kl cirah 4 25, 1 2025 11 08 50 0 /01 02 no ri 356522 21004 51338 asa saldo; rp 921 624",467.5343188331366,False,0.7220313239940406,124
c:\file akmal\Capstone - Ai Eng - Spendly_ Workspace\data\transport\train\images\tol99_png.rf.31420988e6298ea61a1f652ea9c6c7ed.jpg,transport,"mtn) pt, marga trans nusantara info tol 14080 info tol 14080 01 02 01 ni seri 968482 71001 151541 s ; rp 943 124",414.4060107335807,False,0.7594507061629375,112
c:\file akmal\Capstone - Ai Eng - Spendly_ Workspace\data\transport\train\images\tol9_png.rf.04336aef6c1c134717b9a30e55dc13c3.jpg,transport,pt. clmanggls cibitung tollvı info tol 021 jatikarya 1 07 01 2026 19 21 10 ho seri :580973 150967 151988 ch: rp 362101,706.1793115215064,False,0.577629274350543,118
c:\file akmal\Capstone - Ai Eng - Spendly_ Workspace\data\transport\valid\images\tol101_png.rf.2cd29e4d03b9aeb30804efacfc7b119f.jpg,transport,"mtn) pt, marga trans nusantara info tol ; 14080 info to 14080 01 02 01 m) seri 968482 71001 151541 rp 943 124",406.48411130807403,False,0.7572365621125525,109
c:\file akmal\Capstone - Ai Eng - Spendly_ Workspace\data\transport\valid\images\tol108_png.rf.dc2eb663892a4a0828a38e0c7712605e.jpg,transport,"30 01 2026 18 57 46 06 02 02 seri 668733 d99902 088803 asa gerbang 05 eparigi cn: rp, 937101",576.7563692653417,False,0.6593402542113822,92
c:\file akmal\Capstone - Ai Eng - Spendly_ Workspace\data\transport\valid\images\tol122_png.rf.3b98419a746e326cba0ac9bff4cb03ea.jpg,transport,jasamarga info tal :(c 14080 21 01 2026 13 06 27 04701 01 hlo seri 124373 151446 660041,652.6141202953102,False,0.6191430282986149,87
c:\file akmal\Capstone - Ai Eng - Spendly_ Workspace\data\transport\valid\images\tol130_png.rf.a27e58de00a9e043d6578027062fdd4b.jpg,transport,mtfv pt. marga trans nusantara info tol ; (c) 14080 info to 14080 24 01 2026 13 07 36 01 03 01 ho seri 314620 210620 150700 asa gb s n; saldo; rp. 297 265,459.2827075181902,False,0.6302555167499887,154
c:\file akmal\Capstone - Ai Eng - Spendly_ Workspace\data\transport\valid\images\tol137_png.rf.a451d60511679a926a0a8857b08ddf1c.jpg,transport,ilo tol 14080 info to 14080 kunciran 7 27 01 2026 10 51 35 o1 01 01 ao seri 519807 210684 151205 8 858 s n;,375.4349090988577,False,0.6853840806551631,107
c:\file akmal\Capstone - Ai Eng - Spendly_ Workspace\data\transport\valid\images\tol13_png.rf.38b791c31dd0baa83abb2703dc2b8aa2.jpg,transport,"pt, clmanggls cibltung tollvı info tol 021 jatikarya 1 07 01 2026 19 21 10 ho seri :587973 150967 151988 cx: rp 362101",725.6802050777436,False,0.6010095034565637,118
c:\file akmal\Capstone - Ai Eng - Spendly_ Workspace\data\transport\valid\images\tol140_png.rf.c386b36d229af8788c439251f0c47b65.jpg,transport,info tol 14080 info tol 14080 kunciran 6 03 02 2426 19 05 02 02 01 02 ko seri 139540 210787 152349 asa 68,460.3977987849177,False,0.6815427530415652,105
c:\file akmal\Capstone - Ai Eng - Spendly_ Workspace\data\transport\valid\images\tol14_png.rf.34bc243d7ef13ff0460ed6f772fc3eb6.jpg,transport,pt. translingkar 2 01 2026 18 16 36 06 02 02 eri 646874 099902 088803 sa y: rp . 60765 gerbang,560.872546057552,False,0.7851094705369593,94
c:\file akmal\Capstone - Ai Eng - Spendly_ Workspace\data\transport\valid\images\tol20_png.rf.31f643739c051b51d0942f1285c9e009.jpg,transport,"pt, clmanggls clbitung tollways info tol - 021 hacrak close 17 12 2025 20 08 35 12 03 02 seri 928941 099903 055502 asa gerbang ch: sisa saldo rp 114193",752.7737768201295,False,0.6565206963338626,151
c:\file akmal\Capstone - Ai Eng - Spendly_ Workspace\data\transport\valid\images\tol25_png.rf.eab50cc15ceec6d512889302449818aa.jpg,transport,jasamarga info tol 07 03 03,559.6297336213529,False,0.9126667414807573,27
c:\file akmal\Capstone - Ai Eng - Spendly_ Workspace\data\transport\valid\images\tol27_png.rf.ad91b7d2804c640b3e1cf613857d87ad.jpg,transport,jasamarga inro tol 14080 cengkareng 19 12 2025 04 46 51 02 01 01 no seri 265538 180676 152641 cn: rp. 522198,413.5443963430822,False,0.8452940115713574,108
c:\file akmal\Capstone - Ai Eng - Spendly_ Workspace\data\transport\valid\images\tol2_png.rf.89613bf492f0b46e741eee7270f74bef.jpg,transport,"info tol info tol kunciran 7 17 12 2025 11 17 49 mo seri 426897 rp 60,.500 s7n: saldo: tlon 14080 14080 01 01 01 250219 151746 858",261.8909814291954,False,0.6573950139008792,130
c:\file akmal\Capstone - Ai Eng - Spendly_ Workspace\data\transport\valid\images\tol34_png.rf.91dfe1a32eb8e538203d7a1529e04e35.jpg,transport,g 20 12 2025 17 09 06 07 02 02 no seri :116395 d99902 088804 ck: rp 88101,348.9537084550322,False,0.6396704010731701,73
c:\file akmal\Capstone - Ai Eng - Spendly_ Workspace\data\transport\valid\images\tol42_png.rf.8ba750f815fbd4a9bf61e2072c635111.jpg,transport,mtn) pt. marga trans nusantara info tol : 14080 info to 14080 parigi 22/ 72025 11 50 21 01 06 01 j0 i 823541 380511 152318 saldo; rp. 65 765,515.8258447259665,False,0.6811990128010117,140
c:\file akmal\Capstone - Ai Eng - Spendly_ Workspace\data\transport\valid\images\tol49_png.rf.d2cff626ed03b2376239f6401d6edcc4.jpg,transport,jasamarca inla tol 14000,540.0256200284721,False,0.6610629906020146,24
c:\file akmal\Capstone - Ai Eng - Spendly_ Workspace\data\transport\valid\images\tol51_png.rf.5fbbb6249b0aba9f14d2b4ea81b25e1b.jpg,transport,12/ 3 02,237.34827148244378,False,0.6033741092708933,8
c:\file akmal\Capstone - Ai Eng - Spendly_ Workspace\data\transport\valid\images\tol66_png.rf.bf8f58ad76af47e568d2924a09c92c85.jpg,transport,inlo tol : (c) 14080 info to 14080 20 12 2025 13 20 23 02 02 02 mo seri 876625 71002 150097 mf,228.80183348178264,False,0.7026084495555038,94
c:\file akmal\Capstone - Ai Eng - Spendly_ Workspace\data\transport\valid\images\tol70_png.rf.1ad9078ab61a0f8147591518d2e5aadc.jpg,transport,csj info tol 14080 info tol 14080 serpohg 7 16 12 2025 19 06 09 02 05 02 no seri 282105 394222 151491 asa gb s n: saldo: rp 27 124,115.69156249597076,False,0.7940559545180378,130
c:\file akmal\Capstone - Ai Eng - Spendly_ Workspace\data\transport\valid\images\tol74_png.rf.ddb3f282013e49a31c3be46e747e196a.jpg,transport,jasamarga info tol : (c 14080 12 02 2026 12 25 25 14 012701 io ser: 846976 152396 660241,519.2774315810203,False,0.5464396792878986,88
c:\file akmal\Capstone - Ai Eng - Spendly_ Workspace\data\transport\valid\images\tol79_png.rf.2fc1e41d08e28456e08e218b19ba5965.jpg,transport,jasamarga,263.3000756425322,False,0.9597185825593932,9
c:\file akmal\Capstone - Ai Eng - Spendly_ Workspace\data\transport\valid\images\tol81_png.rf.a5190bce8700399ef8a658be6301c635.jpg,transport,jasamarga info tol 4qe 01 02 02 no seri; 402416,412.42758535003054,False,0.6817836345178478,47
