image_path,label,confidence,source,category
c:\file akmal\Capstone - Ai Eng - Spendly_ Workspace\data\_ocr_real_crops\real_0046_line14.png,LESs 20 5580,0.7159238261812204,c:\file akmal\Capstone - Ai Eng - Spendly_ Workspace\data\Beauty\train\images\watsons7_png.rf.963105a64840e4874024ebfbf023a4d7.jpg,Beauty
c:\file akmal\Capstone - Ai Eng - Spendly_ Workspace\data\_ocr_real_crops\real_0014_line14.png,Purchae 68 720,0.7791904811959909,c:\file akmal\Capstone - Ai Eng - Spendly_ Workspace\data\Beauty\train\images\guardian3_png.rf.4403712ceb52869722d0f40217f14887.jpg,Beauty
c:\file akmal\Capstone - Ai Eng - Spendly_ Workspace\data\_ocr_real_crops\real_0003_line24.png,sociolla,0.9995068314960592,c:\file akmal\Capstone - Ai Eng - Spendly_ Workspace\data\Beauty\test\images\sociolla4_png.rf.5bb881823b37dffcefab7770dde4533f.jpg,Beauty
c:\file akmal\Capstone - Ai Eng - Spendly_ Workspace\data\_ocr_real_crops\real_0054_line18.png,closing bolance 130,0.7713615784549939,c:\file akmal\Capstone - Ai Eng - Spendly_ Workspace\data\Beauty\valid\images\watsons20_png.rf.37dfc4b031bf5688bbb740863ce13a58.jpg,Beauty
c:\file akmal\Capstone - Ai Eng - Spendly_ Workspace\data\_ocr_real_crops\real_0043_line16.png,CHANGE CASH 1680,0.8581025706336832,c:\file akmal\Capstone - Ai Eng - Spendly_ Workspace\data\Beauty\train\images\watsons4_png.rf.ff22e5b2067f8a0429fd6a9325a94606.jpg,Beauty
c:\file akmal\Capstone - Ai Eng - Spendly_ Workspace\data\_ocr_real_crops\real_0042_line05.png,Telp: (031) 7392186,0.7443313113986474,c:\file akmal\Capstone - Ai Eng - Spendly_ Workspace\data\Beauty\train\images\watsons3_png.rf.f204639ca66c15a4bb53400f85d1b559.jpg,Beauty
c:\file akmal\Capstone - Ai Eng - Spendly_ Workspace\data\_ocr_real_crops\real_0024_line23.png,sociolla,0.9997025513650788,c:\file akmal\Capstone - Ai Eng - Spendly_ Workspace\data\Beauty\train\images\sociolla17_png.rf.d089362a57f6091f2870e121e5b76898.jpg,Beauty
c:\file akmal\Capstone - Ai Eng - Spendly_ Workspace\data\_ocr_real_crops\real_0029_line01.png,sociolla,0.9998511327411372,c:\file akmal\Capstone - Ai Eng - Spendly_ Workspace\data\Beauty\train\images\sociolla3_png.rf.bd03a7fb8e4918513b7cb130da770cc3.jpg,Beauty
c:\file akmal\Capstone - Ai Eng - Spendly_ Workspace\data\_ocr_real_crops\real_0051_line12.png,"saving 14,850",0.7931963619347697,c:\file akmal\Capstone - Ai Eng - Spendly_ Workspace\data\Beauty\valid\images\sociolla19_png.rf.a02b59e7a59e78bafc90df3db70c7d58.jpg,Beauty
c:\file akmal\Capstone - Ai Eng - Spendly_ Workspace\data\_ocr_real_crops\real_0015_line17.png,DCA QRIS 56 520,0.7158789120425987,c:\file akmal\Capstone - Ai Eng - Spendly_ Workspace\data\Beauty\train\images\guardian4_png.rf.958b8599be940cadea71e751911c8e30.jpg,Beauty
c:\file akmal\Capstone - Ai Eng - Spendly_ Workspace\data\_ocr_real_crops\real_0046_line22.png,closing balanee 82,0.8526790911311942,c:\file akmal\Capstone - Ai Eng - Spendly_ Workspace\data\Beauty\train\images\watsons7_png.rf.963105a64840e4874024ebfbf023a4d7.jpg,Beauty
c:\file akmal\Capstone - Ai Eng - Spendly_ Workspace\data\_ocr_real_crops\real_0029_line15.png,Total 134 Doo,0.8128059790568254,c:\file akmal\Capstone - Ai Eng - Spendly_ Workspace\data\Beauty\train\images\sociolla3_png.rf.bd03a7fb8e4918513b7cb130da770cc3.jpg,Beauty
c:\file akmal\Capstone - Ai Eng - Spendly_ Workspace\data\_ocr_real_crops\real_0000_line18.png,Acoroval Cade 909771,0.7833813754812294,c:\file akmal\Capstone - Ai Eng - Spendly_ Workspace\data\Beauty\test\images\guardian10_png.rf.3ef684fec3bc3393d8a1d5c232a344e4.jpg,Beauty
c:\file akmal\Capstone - Ai Eng - Spendly_ Workspace\data\_ocr_real_crops\real_0047_line01.png,watsons,0.8628784625498652,c:\file akmal\Capstone - Ai Eng - Spendly_ Workspace\data\Beauty\train\images\watsons8_png.rf.00ef5ad450493077bdfcf2eea4c1b32c.jpg,Beauty
c:\file akmal\Capstone - Ai Eng - Spendly_ Workspace\data\_ocr_real_crops\real_0020_line14.png,Total 10.000,0.8025002811098437,c:\file akmal\Capstone - Ai Eng - Spendly_ Workspace\data\Beauty\train\images\sociolla11_png.rf.0283463bba6bce3e9a71e60471c6aa49.jpg,Beauty
c:\file akmal\Capstone - Ai Eng - Spendly_ Workspace\data\_ocr_real_crops\real_0055_line19.png,Ocening balanee 47,0.7372744540679617,c:\file akmal\Capstone - Ai Eng - Spendly_ Workspace\data\Beauty\valid\images\watsons2_png.rf.6c545d2f06befb38ac89e8a4e285584c.jpg,Beauty
c:\file akmal\Capstone - Ai Eng - Spendly_ Workspace\data\_ocr_real_crops\real_0033_line01.png,sociolla,0.9993315427216458,c:\file akmal\Capstone - Ai Eng - Spendly_ Workspace\data\Beauty\train\images\sociolla9_png.rf.fb09ff2ab59f5e60d2dbc063ab1defcf.jpg,Beauty
c:\file akmal\Capstone - Ai Eng - Spendly_ Workspace\data\_ocr_real_crops\real_0046_line17.png,ChanGE CASH 7550,0.725984780327773,c:\file akmal\Capstone - Ai Eng - Spendly_ Workspace\data\Beauty\train\images\watsons7_png.rf.963105a64840e4874024ebfbf023a4d7.jpg,Beauty
c:\file akmal\Capstone - Ai Eng - Spendly_ Workspace\data\_ocr_real_crops\real_0041_line20.png,Ocenino balance 42,0.7509941780587824,c:\file akmal\Capstone - Ai Eng - Spendly_ Workspace\data\Beauty\train\images\watsons1_png.rf.e0d1718fb31c398907b1263db2f4e2c7.jpg,Beauty
c:\file akmal\Capstone - Ai Eng - Spendly_ Workspace\data\_ocr_real_crops\real_0028_line01.png,sociolla,0.9999297401811477,c:\file akmal\Capstone - Ai Eng - Spendly_ Workspace\data\Beauty\train\images\sociolla2_png.rf.981a0e250ea84ae2cd44e004c8074ad9.jpg,Beauty
c:\file akmal\Capstone - Ai Eng - Spendly_ Workspace\data\_ocr_real_crops\real_0016_line12.png,"1,tal (Rp) 112 400",0.7051536414320515,c:\file akmal\Capstone - Ai Eng - Spendly_ Workspace\data\Beauty\train\images\guardian5_png.rf.9de2a4aa07f6376df70315cabbe65de1.jpg,Beauty
c:\file akmal\Capstone - Ai Eng - Spendly_ Workspace\data\_ocr_real_crops\real_0026_line06.png,GBPDEANPE caca Sts,0.84604589086593,c:\file akmal\Capstone - Ai Eng - Spendly_ Workspace\data\Beauty\train\images\sociolla1_png.rf.ab072d28f8e091b33549535e4e10eee8.jpg,Beauty
c:\file akmal\Capstone - Ai Eng - Spendly_ Workspace\data\_ocr_real_crops\real_0042_line18.png,STATEHENT,0.8379976293657433,c:\file akmal\Capstone - Ai Eng - Spendly_ Workspace\data\Beauty\train\images\watsons3_png.rf.f204639ca66c15a4bb53400f85d1b559.jpg,Beauty
c:\file akmal\Capstone - Ai Eng - Spendly_ Workspace\data\_ocr_real_crops\real_0023_line23.png,sociolla,0.9997504777614399,c:\file akmal\Capstone - Ai Eng - Spendly_ Workspace\data\Beauty\train\images\sociolla16_png.rf.8c95b43fbc050497f3f4e8530da9cf2a.jpg,Beauty
c:\file akmal\Capstone - Ai Eng - Spendly_ Workspace\data\_ocr_real_crops\real_0021_line23.png,sociolla,0.9996861120125544,c:\file akmal\Capstone - Ai Eng - Spendly_ Workspace\data\Beauty\train\images\sociolla13_png.rf.f178cb9fa4590b6327d5a84e51c48df6.jpg,Beauty
c:\file akmal\Capstone - Ai Eng - Spendly_ Workspace\data\_ocr_real_crops\real_0025_line01.png,sociolla,0.9992562885829398,c:\file akmal\Capstone - Ai Eng - Spendly_ Workspace\data\Beauty\train\images\sociolla18_png.rf.ab28d3bf3d7caacd07ed7211225e9b0e.jpg,Beauty
c:\file akmal\Capstone - Ai Eng - Spendly_ Workspace\data\_ocr_real_crops\real_0033_line08.png,Debra Destya,0.7026463230318281,c:\file akmal\Capstone - Ai Eng - Spendly_ Workspace\data\Beauty\train\images\sociolla9_png.rf.fb09ff2ab59f5e60d2dbc063ab1defcf.jpg,Beauty
c:\file akmal\Capstone - Ai Eng - Spendly_ Workspace\data\_ocr_real_crops\real_0051_line22.png,sociolla,0.999569853087512,c:\file akmal\Capstone - Ai Eng - Spendly_ Workspace\data\Beauty\valid\images\sociolla19_png.rf.a02b59e7a59e78bafc90df3db70c7d58.jpg,Beauty
c:\file akmal\Capstone - Ai Eng - Spendly_ Workspace\data\_ocr_real_crops\real_0019_line13.png,Toral (RP) 45 360,0.7489944640411859,c:\file akmal\Capstone - Ai Eng - Spendly_ Workspace\data\Beauty\train\images\guardian9_png.rf.31a25e08161a15476d6ed46b74e8af16.jpg,Beauty
c:\file akmal\Capstone - Ai Eng - Spendly_ Workspace\data\_ocr_real_crops\real_0028_line15.png,"Total 119,0oo",0.7597261787747311,c:\file akmal\Capstone - Ai Eng - Spendly_ Workspace\data\Beauty\train\images\sociolla2_png.rf.981a0e250ea84ae2cd44e004c8074ad9.jpg,Beauty
c:\file akmal\Capstone - Ai Eng - Spendly_ Workspace\data\_ocr_real_crops\real_0049_line23.png,sociolla,0.9990543766643883,c:\file akmal\Capstone - Ai Eng - Spendly_ Workspace\data\Beauty\valid\images\sociolla12_png.rf.39b58f72be3283b48b0c8f936074ab2b.jpg,Beauty
c:\file akmal\Capstone - Ai Eng - Spendly_ Workspace\data\_ocr_real_crops\real_0049_line14.png,"Total 135,150",0.7027160083202524,c:\file akmal\Capstone - Ai Eng - Spendly_ Workspace\data\Beauty\valid\images\sociolla12_png.rf.39b58f72be3283b48b0c8f936074ab2b.jpg,Beauty
c:\file akmal\Capstone - Ai Eng - Spendly_ Workspace\data\_ocr_real_crops\real_0012_line23.png,10:55 30/05/2026,0.7017889272312448,c:\file akmal\Capstone - Ai Eng - Spendly_ Workspace\data\Beauty\train\images\guardian20_png.rf.90d35b6eea269769030d928be784d606.jpg,Beauty
c:\file akmal\Capstone - Ai Eng - Spendly_ Workspace\data\_ocr_real_crops\real_0025_line21.png,Jakarta 4470,0.8769974614676224,c:\file akmal\Capstone - Ai Eng - Spendly_ Workspace\data\Beauty\train\images\sociolla18_png.rf.ab28d3bf3d7caacd07ed7211225e9b0e.jpg,Beauty
c:\file akmal\Capstone - Ai Eng - Spendly_ Workspace\data\_ocr_real_crops\real_0043_line01.png,watsons,0.829535697176898,c:\file akmal\Capstone - Ai Eng - Spendly_ Workspace\data\Beauty\train\images\watsons4_png.rf.ff22e5b2067f8a0429fd6a9325a94606.jpg,Beauty
c:\file akmal\Capstone - Ai Eng - Spendly_ Workspace\data\_ocr_real_crops\real_0055_line04.png,Nex PAKUWON SURABAYA,0.7736251322047233,c:\file akmal\Capstone - Ai Eng - Spendly_ Workspace\data\Beauty\valid\images\watsons2_png.rf.6c545d2f06befb38ac89e8a4e285584c.jpg,Beauty
c:\file akmal\Capstone - Ai Eng - Spendly_ Workspace\data\_ocr_real_crops\real_0024_line14.png,Total 101 150,0.8513435325392932,c:\file akmal\Capstone - Ai Eng - Spendly_ Workspace\data\Beauty\train\images\sociolla17_png.rf.d089362a57f6091f2870e121e5b76898.jpg,Beauty
c:\file akmal\Capstone - Ai Eng - Spendly_ Workspace\data\_ocr_real_crops\real_0027_line13.png,"Total 41,650",0.7544596159505121,c:\file akmal\Capstone - Ai Eng - Spendly_ Workspace\data\Beauty\train\images\sociolla20_png.rf.83d6c0516e75a547ea52605092318bb1.jpg,Beauty
c:\file akmal\Capstone - Ai Eng - Spendly_ Workspace\data\_ocr_real_crops\real_0005_line24.png,11 28 03/05/2026,0.8001639545958814,c:\file akmal\Capstone - Ai Eng - Spendly_ Workspace\data\Beauty\train\images\guardian11_png.rf.4624dbda39eceaaa6967bc81ee627987.jpg,Beauty
c:\file akmal\Capstone - Ai Eng - Spendly_ Workspace\data\_ocr_real_crops\real_0032_line08.png,Debra Destya,0.8325926330429518,c:\file akmal\Capstone - Ai Eng - Spendly_ Workspace\data\Beauty\train\images\sociolla8_png.rf.60e2d7d6a5442b2e5c9bb85efed7fbd4.jpg,Beauty
c:\file akmal\Capstone - Ai Eng - Spendly_ Workspace\data\_ocr_real_crops\real_0047_line10.png,Passcode NPs,0.7768992391517762,c:\file akmal\Capstone - Ai Eng - Spendly_ Workspace\data\Beauty\train\images\watsons8_png.rf.00ef5ad450493077bdfcf2eea4c1b32c.jpg,Beauty
c:\file akmal\Capstone - Ai Eng - Spendly_ Workspace\data\_ocr_real_crops\real_0026_line20.png,sociolla,0.9931439176259534,c:\file akmal\Capstone - Ai Eng - Spendly_ Workspace\data\Beauty\train\images\sociolla1_png.rf.ab072d28f8e091b33549535e4e10eee8.jpg,Beauty
c:\file akmal\Capstone - Ai Eng - Spendly_ Workspace\data\_ocr_real_crops\real_0026_line00.png,sociolla,0.9818865493062878,c:\file akmal\Capstone - Ai Eng - Spendly_ Workspace\data\Beauty\train\images\sociolla1_png.rf.ab072d28f8e091b33549535e4e10eee8.jpg,Beauty
c:\file akmal\Capstone - Ai Eng - Spendly_ Workspace\data\_ocr_real_crops\real_0019_line18.png,Approval Code 316505,0.7405897714867359,c:\file akmal\Capstone - Ai Eng - Spendly_ Workspace\data\Beauty\train\images\guardian9_png.rf.31a25e08161a15476d6ed46b74e8af16.jpg,Beauty
c:\file akmal\Capstone - Ai Eng - Spendly_ Workspace\data\_ocr_real_crops\real_0047_line04.png,NEW PAKUHON SURABAYA,0.7762242470208265,c:\file akmal\Capstone - Ai Eng - Spendly_ Workspace\data\Beauty\train\images\watsons8_png.rf.00ef5ad450493077bdfcf2eea4c1b32c.jpg,Beauty
c:\file akmal\Capstone - Ai Eng - Spendly_ Workspace\data\_ocr_real_crops\real_0025_line23.png,sociolla,0.9982552062568676,c:\file akmal\Capstone - Ai Eng - Spendly_ Workspace\data\Beauty\train\images\sociolla18_png.rf.ab28d3bf3d7caacd07ed7211225e9b0e.jpg,Beauty
c:\file akmal\Capstone - Ai Eng - Spendly_ Workspace\data\_ocr_real_crops\real_0007_line14.png,Purchasc 61 182,0.7694720609368346,c:\file akmal\Capstone - Ai Eng - Spendly_ Workspace\data\Beauty\train\images\guardian13_png.rf.6d5722e2dd5e5c5244dbb86fe6e3b1c3.jpg,Beauty
c:\file akmal\Capstone - Ai Eng - Spendly_ Workspace\data\_ocr_real_crops\real_0028_line07.png,Gbpdeanpe caca 55,0.7623007735963353,c:\file akmal\Capstone - Ai Eng - Spendly_ Workspace\data\Beauty\train\images\sociolla2_png.rf.981a0e250ea84ae2cd44e004c8074ad9.jpg,Beauty
c:\file akmal\Capstone - Ai Eng - Spendly_ Workspace\data\_ocr_real_crops\real_0041_line16.png,CASH 1coc0,0.7058104870411357,c:\file akmal\Capstone - Ai Eng - Spendly_ Workspace\data\Beauty\train\images\watsons1_png.rf.e0d1718fb31c398907b1263db2f4e2c7.jpg,Beauty
c:\file akmal\Capstone - Ai Eng - Spendly_ Workspace\data\_ocr_real_crops\real_0056_line01.png,watsons,0.7132425567786814,c:\file akmal\Capstone - Ai Eng - Spendly_ Workspace\data\Beauty\valid\images\watsons9_png.rf.b4e344849d25a3633333eb7b15ce15dd.jpg,Beauty
c:\file akmal\Capstone - Ai Eng - Spendly_ Workspace\data\_ocr_real_crops\real_0024_line01.png,sociolla,0.9997036894699552,c:\file akmal\Capstone - Ai Eng - Spendly_ Workspace\data\Beauty\train\images\sociolla17_png.rf.d089362a57f6091f2870e121e5b76898.jpg,Beauty
c:\file akmal\Capstone - Ai Eng - Spendly_ Workspace\data\_ocr_real_crops\real_0020_line23.png,sociolla,0.9991025689126232,c:\file akmal\Capstone - Ai Eng - Spendly_ Workspace\data\Beauty\train\images\sociolla11_png.rf.0283463bba6bce3e9a71e60471c6aa49.jpg,Beauty
c:\file akmal\Capstone - Ai Eng - Spendly_ Workspace\data\_ocr_real_crops\real_0052_line24.png,sociolla,0.9992902270145334,c:\file akmal\Capstone - Ai Eng - Spendly_ Workspace\data\Beauty\valid\images\sociolla6_png.rf.3d352a266bdfa61db77c927b3fa98bd7.jpg,Beauty
c:\file akmal\Capstone - Ai Eng - Spendly_ Workspace\data\_ocr_real_crops\real_0050_line21.png,akarta 14470,0.9239051716004896,c:\file akmal\Capstone - Ai Eng - Spendly_ Workspace\data\Beauty\valid\images\sociolla14_png.rf.dca01899f350433c181aa8a9804743f0.jpg,Beauty
c:\file akmal\Capstone - Ai Eng - Spendly_ Workspace\data\_ocr_real_crops\real_0023_line01.png,sociolla,0.8634952324507732,c:\file akmal\Capstone - Ai Eng - Spendly_ Workspace\data\Beauty\train\images\sociolla16_png.rf.8c95b43fbc050497f3f4e8530da9cf2a.jpg,Beauty
c:\file akmal\Capstone - Ai Eng - Spendly_ Workspace\data\_ocr_real_crops\real_0041_line05.png,Te P: (031 ) 7397186,0.8318270342781054,c:\file akmal\Capstone - Ai Eng - Spendly_ Workspace\data\Beauty\train\images\watsons1_png.rf.e0d1718fb31c398907b1263db2f4e2c7.jpg,Beauty
c:\file akmal\Capstone - Ai Eng - Spendly_ Workspace\data\_ocr_real_crops\real_0030_line01.png,sociolla,0.7130735881194915,c:\file akmal\Capstone - Ai Eng - Spendly_ Workspace\data\Beauty\train\images\sociolla5_png.rf.89bc2469e2b2e9a561ac9eff31b502a7.jpg,Beauty
c:\file akmal\Capstone - Ai Eng - Spendly_ Workspace\data\_ocr_real_crops\real_0016_line16.png,BCa ORIS 112 400,0.7700870708837486,c:\file akmal\Capstone - Ai Eng - Spendly_ Workspace\data\Beauty\train\images\guardian5_png.rf.9de2a4aa07f6376df70315cabbe65de1.jpg,Beauty
c:\file akmal\Capstone - Ai Eng - Spendly_ Workspace\data\_ocr_real_crops\real_0022_line15.png,"ORis 96,900",0.7516390304857206,c:\file akmal\Capstone - Ai Eng - Spendly_ Workspace\data\Beauty\train\images\sociolla15_png.rf.b9eac8c28502b2cfa9b41a84b2223b93.jpg,Beauty
c:\file akmal\Capstone - Ai Eng - Spendly_ Workspace\data\_ocr_real_crops\real_0003_line15.png,"Total 79,0oo",0.8584958993077701,c:\file akmal\Capstone - Ai Eng - Spendly_ Workspace\data\Beauty\test\images\sociolla4_png.rf.5bb881823b37dffcefab7770dde4533f.jpg,Beauty
c:\file akmal\Capstone - Ai Eng - Spendly_ Workspace\data\_ocr_real_crops\real_0020_line01.png,sociolla,0.9998371812336373,c:\file akmal\Capstone - Ai Eng - Spendly_ Workspace\data\Beauty\train\images\sociolla11_png.rf.0283463bba6bce3e9a71e60471c6aa49.jpg,Beauty
c:\file akmal\Capstone - Ai Eng - Spendly_ Workspace\data\_ocr_real_crops\real_0026_line18.png,Jakarta 4470,0.9995216100548301,c:\file akmal\Capstone - Ai Eng - Spendly_ Workspace\data\Beauty\train\images\sociolla1_png.rf.ab072d28f8e091b33549535e4e10eee8.jpg,Beauty
c:\file akmal\Capstone - Ai Eng - Spendly_ Workspace\data\_ocr_real_crops\real_0008_line23.png,16:21 18/05/2026,0.917780343091676,c:\file akmal\Capstone - Ai Eng - Spendly_ Workspace\data\Beauty\train\images\guardian16_png.rf.324a1ea5f1a7d25b57e51aca7a8c0295.jpg,Beauty
c:\file akmal\Capstone - Ai Eng - Spendly_ Workspace\data\_ocr_real_crops\real_0047_line17.png,CHANGE CASH 3400,0.8281447646270067,c:\file akmal\Capstone - Ai Eng - Spendly_ Workspace\data\Beauty\train\images\watsons8_png.rf.00ef5ad450493077bdfcf2eea4c1b32c.jpg,Beauty
c:\file akmal\Capstone - Ai Eng - Spendly_ Workspace\data\_ocr_real_crops\real_0006_line23.png,0s 06/05/2026,0.7400583551646084,c:\file akmal\Capstone - Ai Eng - Spendly_ Workspace\data\Beauty\train\images\guardian12_png.rf.abf7e098a5607fb50395f24478f62cc3.jpg,Beauty
c:\file akmal\Capstone - Ai Eng - Spendly_ Workspace\data\_ocr_real_crops\real_0043_line05.png,Telp:(031) 7392186,0.8734351168013494,c:\file akmal\Capstone - Ai Eng - Spendly_ Workspace\data\Beauty\train\images\watsons4_png.rf.ff22e5b2067f8a0429fd6a9325a94606.jpg,Beauty
c:\file akmal\Capstone - Ai Eng - Spendly_ Workspace\data\_ocr_real_crops\real_0051_line00.png,sociolla,0.9954141939898711,c:\file akmal\Capstone - Ai Eng - Spendly_ Workspace\data\Beauty\valid\images\sociolla19_png.rf.a02b59e7a59e78bafc90df3db70c7d58.jpg,Beauty
c:\file akmal\Capstone - Ai Eng - Spendly_ Workspace\data\_ocr_real_crops\real_0048_line14.png,"Total 43,0oo",0.8780069270312776,c:\file akmal\Capstone - Ai Eng - Spendly_ Workspace\data\Beauty\valid\images\sociolla10_png.rf.a5d6d8fb6654874ebc2b9fc66f0e1312.jpg,Beauty
c:\file akmal\Capstone - Ai Eng - Spendly_ Workspace\data\_ocr_real_crops\real_0032_line24.png,sociolla,0.9994585208539684,c:\file akmal\Capstone - Ai Eng - Spendly_ Workspace\data\Beauty\train\images\sociolla8_png.rf.60e2d7d6a5442b2e5c9bb85efed7fbd4.jpg,Beauty
c:\file akmal\Capstone - Ai Eng - Spendly_ Workspace\data\_ocr_real_crops\real_0030_line24.png,sociolla,0.9968704521203946,c:\file akmal\Capstone - Ai Eng - Spendly_ Workspace\data\Beauty\train\images\sociolla5_png.rf.89bc2469e2b2e9a561ac9eff31b502a7.jpg,Beauty
c:\file akmal\Capstone - Ai Eng - Spendly_ Workspace\data\_ocr_real_crops\real_0044_line05.png,Te Ip (031 ) 7392186,0.8723517585265009,c:\file akmal\Capstone - Ai Eng - Spendly_ Workspace\data\Beauty\train\images\watsons5_png.rf.5d8e12d4fadc5600f60daa9852c99d5e.jpg,Beauty
c:\file akmal\Capstone - Ai Eng - Spendly_ Workspace\data\_ocr_real_crops\real_0029_line14.png,saving 25 vo0,0.7474825963850321,c:\file akmal\Capstone - Ai Eng - Spendly_ Workspace\data\Beauty\train\images\sociolla3_png.rf.bd03a7fb8e4918513b7cb130da770cc3.jpg,Beauty
c:\file akmal\Capstone - Ai Eng - Spendly_ Workspace\data\_ocr_real_crops\real_0045_line01.png,watsons,0.9123130179458789,c:\file akmal\Capstone - Ai Eng - Spendly_ Workspace\data\Beauty\train\images\watsons6_png.rf.75f894247de9028f30d7efaf727d7c8d.jpg,Beauty
c:\file akmal\Capstone - Ai Eng - Spendly_ Workspace\data\_ocr_real_crops\real_0041_line01.png,watsons,0.9100361052737572,c:\file akmal\Capstone - Ai Eng - Spendly_ Workspace\data\Beauty\train\images\watsons1_png.rf.e0d1718fb31c398907b1263db2f4e2c7.jpg,Beauty
c:\file akmal\Capstone - Ai Eng - Spendly_ Workspace\data\_ocr_real_crops\real_0055_line15.png,CASH 12000o,0.9080906906969761,c:\file akmal\Capstone - Ai Eng - Spendly_ Workspace\data\Beauty\valid\images\watsons2_png.rf.6c545d2f06befb38ac89e8a4e285584c.jpg,Beauty
c:\file akmal\Capstone - Ai Eng - Spendly_ Workspace\data\_ocr_real_crops\real_0047_line22.png,Closing balance 87,0.8137847343199954,c:\file akmal\Capstone - Ai Eng - Spendly_ Workspace\data\Beauty\train\images\watsons8_png.rf.00ef5ad450493077bdfcf2eea4c1b32c.jpg,Beauty
c:\file akmal\Capstone - Ai Eng - Spendly_ Workspace\data\_ocr_real_crops\real_0027_line22.png,sociolla,0.9998652949140124,c:\file akmal\Capstone - Ai Eng - Spendly_ Workspace\data\Beauty\train\images\sociolla20_png.rf.83d6c0516e75a547ea52605092318bb1.jpg,Beauty
c:\file akmal\Capstone - Ai Eng - Spendly_ Workspace\data\_ocr_real_crops\real_0033_line24.png,sociolla,0.9979178482267064,c:\file akmal\Capstone - Ai Eng - Spendly_ Workspace\data\Beauty\train\images\sociolla9_png.rf.fb09ff2ab59f5e60d2dbc063ab1defcf.jpg,Beauty
c:\file akmal\Capstone - Ai Eng - Spendly_ Workspace\data\_ocr_real_crops\real_0029_line24.png,sociolla,0.9200420883312325,c:\file akmal\Capstone - Ai Eng - Spendly_ Workspace\data\Beauty\train\images\sociolla3_png.rf.bd03a7fb8e4918513b7cb130da770cc3.jpg,Beauty
c:\file akmal\Capstone - Ai Eng - Spendly_ Workspace\data\_ocr_real_crops\real_0055_line16.png,CHANGE CASH 5900,0.7713008013091905,c:\file akmal\Capstone - Ai Eng - Spendly_ Workspace\data\Beauty\valid\images\watsons2_png.rf.6c545d2f06befb38ac89e8a4e285584c.jpg,Beauty
c:\file akmal\Capstone - Ai Eng - Spendly_ Workspace\data\_ocr_real_crops\real_0033_line15.png,Total 108 000,0.828760346046154,c:\file akmal\Capstone - Ai Eng - Spendly_ Workspace\data\Beauty\train\images\sociolla9_png.rf.fb09ff2ab59f5e60d2dbc063ab1defcf.jpg,Beauty
c:\file akmal\Capstone - Ai Eng - Spendly_ Workspace\data\_ocr_real_crops\real_0046_line01.png,watsons,0.963166950697643,c:\file akmal\Capstone - Ai Eng - Spendly_ Workspace\data\Beauty\train\images\watsons7_png.rf.963105a64840e4874024ebfbf023a4d7.jpg,Beauty
c:\file akmal\Capstone - Ai Eng - Spendly_ Workspace\data\_ocr_real_crops\real_0025_line13.png,"saving 19,950",0.7577298131904353,c:\file akmal\Capstone - Ai Eng - Spendly_ Workspace\data\Beauty\train\images\sociolla18_png.rf.ab28d3bf3d7caacd07ed7211225e9b0e.jpg,Beauty
c:\file akmal\Capstone - Ai Eng - Spendly_ Workspace\data\_ocr_real_crops\real_0055_line01.png,watsons,0.9271665483373105,c:\file akmal\Capstone - Ai Eng - Spendly_ Workspace\data\Beauty\valid\images\watsons2_png.rf.6c545d2f06befb38ac89e8a4e285584c.jpg,Beauty
c:\file akmal\Capstone - Ai Eng - Spendly_ Workspace\data\_ocr_real_crops\real_0034_line01.png,watsons,0.7534264110432496,c:\file akmal\Capstone - Ai Eng - Spendly_ Workspace\data\Beauty\train\images\watsons10_png.rf.4e815669898a0023387b2aa39ea2be6f.jpg,Beauty
c:\file akmal\Capstone - Ai Eng - Spendly_ Workspace\data\_ocr_real_crops\real_0041_line12.png,LESS 20 17800,0.7440923887426348,c:\file akmal\Capstone - Ai Eng - Spendly_ Workspace\data\Beauty\train\images\watsons1_png.rf.e0d1718fb31c398907b1263db2f4e2c7.jpg,Beauty
c:\file akmal\Capstone - Ai Eng - Spendly_ Workspace\data\_ocr_real_crops\real_0050_line01.png,sociolla,0.9995267287916878,c:\file akmal\Capstone - Ai Eng - Spendly_ Workspace\data\Beauty\valid\images\sociolla14_png.rf.dca01899f350433c181aa8a9804743f0.jpg,Beauty
c:\file akmal\Capstone - Ai Eng - Spendly_ Workspace\data\_ocr_real_crops\real_0026_line07.png,Debra Destya,0.982815839573481,c:\file akmal\Capstone - Ai Eng - Spendly_ Workspace\data\Beauty\train\images\sociolla1_png.rf.ab072d28f8e091b33549535e4e10eee8.jpg,Beauty
c:\file akmal\Capstone - Ai Eng - Spendly_ Workspace\data\_ocr_real_crops\real_0024_line15.png,ORis 101 150,0.7835782952996061,c:\file akmal\Capstone - Ai Eng - Spendly_ Workspace\data\Beauty\train\images\sociolla17_png.rf.d089362a57f6091f2870e121e5b76898.jpg,Beauty
c:\file akmal\Capstone - Ai Eng - Spendly_ Workspace\data\_ocr_real_crops\real_0051_line13.png,"Total 84,150",0.9544510856494732,c:\file akmal\Capstone - Ai Eng - Spendly_ Workspace\data\Beauty\valid\images\sociolla19_png.rf.a02b59e7a59e78bafc90df3db70c7d58.jpg,Beauty
c:\file akmal\Capstone - Ai Eng - Spendly_ Workspace\data\_ocr_real_crops\real_0001_line12.png,To1a (Rp) 105 a00,0.718852646231442,c:\file akmal\Capstone - Ai Eng - Spendly_ Workspace\data\Beauty\test\images\guardian1_png.rf.501b4c49a925f135473609b35f92070d.jpg,Beauty
c:\file akmal\Capstone - Ai Eng - Spendly_ Workspace\data\_ocr_real_crops\real_0032_line01.png,sociolla,0.9989142215567108,c:\file akmal\Capstone - Ai Eng - Spendly_ Workspace\data\Beauty\train\images\sociolla8_png.rf.60e2d7d6a5442b2e5c9bb85efed7fbd4.jpg,Beauty
c:\file akmal\Capstone - Ai Eng - Spendly_ Workspace\data\_ocr_real_crops\real_0021_line14.png,Total 169 150,0.82614999229926,c:\file akmal\Capstone - Ai Eng - Spendly_ Workspace\data\Beauty\train\images\sociolla13_png.rf.f178cb9fa4590b6327d5a84e51c48df6.jpg,Beauty
c:\file akmal\Capstone - Ai Eng - Spendly_ Workspace\data\_ocr_real_crops\real_0003_line01.png,sociolla,0.9798880646259467,c:\file akmal\Capstone - Ai Eng - Spendly_ Workspace\data\Beauty\test\images\sociolla4_png.rf.5bb881823b37dffcefab7770dde4533f.jpg,Beauty
c:\file akmal\Capstone - Ai Eng - Spendly_ Workspace\data\_ocr_real_crops\real_0022_line01.png,sociolla,0.8422992495240081,c:\file akmal\Capstone - Ai Eng - Spendly_ Workspace\data\Beauty\train\images\sociolla15_png.rf.b9eac8c28502b2cfa9b41a84b2223b93.jpg,Beauty
c:\file akmal\Capstone - Ai Eng - Spendly_ Workspace\data\_ocr_real_crops\real_0049_line01.png,sociolla,0.7615700068944095,c:\file akmal\Capstone - Ai Eng - Spendly_ Workspace\data\Beauty\valid\images\sociolla12_png.rf.39b58f72be3283b48b0c8f936074ab2b.jpg,Beauty
c:\file akmal\Capstone - Ai Eng - Spendly_ Workspace\data\_ocr_real_crops\real_0052_line01.png,sociolla,0.999500423857457,c:\file akmal\Capstone - Ai Eng - Spendly_ Workspace\data\Beauty\valid\images\sociolla6_png.rf.3d352a266bdfa61db77c927b3fa98bd7.jpg,Beauty
c:\file akmal\Capstone - Ai Eng - Spendly_ Workspace\data\_ocr_real_crops\real_0045_line05.png,Telp (031 7392186,0.9005384086484544,c:\file akmal\Capstone - Ai Eng - Spendly_ Workspace\data\Beauty\train\images\watsons6_png.rf.75f894247de9028f30d7efaf727d7c8d.jpg,Beauty
c:\file akmal\Capstone - Ai Eng - Spendly_ Workspace\data\_ocr_real_crops\real_0048_line23.png,sociolla,0.9990606168347885,c:\file akmal\Capstone - Ai Eng - Spendly_ Workspace\data\Beauty\valid\images\sociolla10_png.rf.a5d6d8fb6654874ebc2b9fc66f0e1312.jpg,Beauty
c:\file akmal\Capstone - Ai Eng - Spendly_ Workspace\data\_ocr_real_crops\real_0047_line12.png,LESS 20 4700,0.7965236774872962,c:\file akmal\Capstone - Ai Eng - Spendly_ Workspace\data\Beauty\train\images\watsons8_png.rf.00ef5ad450493077bdfcf2eea4c1b32c.jpg,Beauty
c:\file akmal\Capstone - Ai Eng - Spendly_ Workspace\data\_ocr_real_crops\real_0021_line01.png,sociolla,0.9996172220756102,c:\file akmal\Capstone - Ai Eng - Spendly_ Workspace\data\Beauty\train\images\sociolla13_png.rf.f178cb9fa4590b6327d5a84e51c48df6.jpg,Beauty
c:\file akmal\Capstone - Ai Eng - Spendly_ Workspace\data\_ocr_real_crops\real_0034_line05.png,Te 1p (031 7392186,0.8470699612513326,c:\file akmal\Capstone - Ai Eng - Spendly_ Workspace\data\Beauty\train\images\watsons10_png.rf.4e815669898a0023387b2aa39ea2be6f.jpg,Beauty
c:\file akmal\Capstone - Ai Eng - Spendly_ Workspace\data\_ocr_real_crops\real_0043_line21.png,Closing balanec 6,0.7590852147358292,c:\file akmal\Capstone - Ai Eng - Spendly_ Workspace\data\Beauty\train\images\watsons4_png.rf.ff22e5b2067f8a0429fd6a9325a94606.jpg,Beauty
c:\file akmal\Capstone - Ai Eng - Spendly_ Workspace\data\_ocr_real_crops\real_0018_line24.png,09 82 23/04/2026,0.7928901952713615,c:\file akmal\Capstone - Ai Eng - Spendly_ Workspace\data\Beauty\train\images\guardian8_png.rf.eac63968da6be2f488cbaae8a44bee45.jpg,Beauty
c:\file akmal\Capstone - Ai Eng - Spendly_ Workspace\data\_ocr_real_crops\real_0050_line23.png,sociolla,0.9990067737520913,c:\file akmal\Capstone - Ai Eng - Spendly_ Workspace\data\Beauty\valid\images\sociolla14_png.rf.dca01899f350433c181aa8a9804743f0.jpg,Beauty
c:\file akmal\Capstone - Ai Eng - Spendly_ Workspace\data\_ocr_real_crops\real_0031_line23.png,sociolla,0.9988104492449497,c:\file akmal\Capstone - Ai Eng - Spendly_ Workspace\data\Beauty\train\images\sociolla7_png.rf.1653f2b8843e6c2b8d659b20d27969a3.jpg,Beauty
c:\file akmal\Capstone - Ai Eng - Spendly_ Workspace\data\_ocr_real_crops\real_0055_line05.png,Telp : (o31) 7392186,0.8088554666258417,c:\file akmal\Capstone - Ai Eng - Spendly_ Workspace\data\Beauty\valid\images\watsons2_png.rf.6c545d2f06befb38ac89e8a4e285584c.jpg,Beauty
c:\file akmal\Capstone - Ai Eng - Spendly_ Workspace\data\_ocr_real_crops\real_0148_line02.png,Restaurant,0.990064808402589,c:\file akmal\Capstone - Ai Eng - Spendly_ Workspace\data\F&B\train\images\solaria1_jpeg.rf.37da04e7560252bcc0b54055cb5c482c.jpg,F&B
c:\file akmal\Capstone - Ai Eng - Spendly_ Workspace\data\_ocr_real_crops\real_0096_line05.png,2210,0.9962007999420166,c:\file akmal\Capstone - Ai Eng - Spendly_ Workspace\data\F&B\train\images\fore5_png.rf.946055e46213c84fec49312754172b3f.jpg,F&B
c:\file akmal\Capstone - Ai Eng - Spendly_ Workspace\data\_ocr_real_crops\real_0059_line17.png,Terima Kasih,0.9988885030581933,c:\file akmal\Capstone - Ai Eng - Spendly_ Workspace\data\F&B\test\images\fore17_png.rf.0f1f8b58b7b9cf7cd1e36313bab53f6a.jpg,F&B
c:\file akmal\Capstone - Ai Eng - Spendly_ Workspace\data\_ocr_real_crops\real_0122_line06.png,HFY Side,0.9545325138935785,c:\file akmal\Capstone - Ai Eng - Spendly_ Workspace\data\F&B\train\images\mcd2_jpg.rf.0793dc489ad927161473e33c96cb7dfa.jpg,F&B
c:\file akmal\Capstone - Ai Eng - Spendly_ Workspace\data\_ocr_real_crops\real_0095_line18.png,Terima Kasih,0.9355933602724463,c:\file akmal\Capstone - Ai Eng - Spendly_ Workspace\data\F&B\train\images\fore4_png.rf.9c643a8e09f6fc9816d97e5547809580.jpg,F&B
c:\file akmal\Capstone - Ai Eng - Spendly_ Workspace\data\_ocr_real_crops\real_0197_line05.png,No 5G026202605030007,0.793966783279237,c:\file akmal\Capstone - Ai Eng - Spendly_ Workspace\data\F&B\valid\images\tongtji6_png.rf.bcf1a75fbf3e81656e85812b9d2dd223.jpg,F&B
c:\file akmal\Capstone - Ai Eng - Spendly_ Workspace\data\_ocr_real_crops\real_0161_line18.png,Grand Total 32 .000,0.8770133363660554,c:\file akmal\Capstone - Ai Eng - Spendly_ Workspace\data\F&B\train\images\tongtji1_jpeg.rf.bdd21bb1162439a1bc0da09ad061675a.jpg,F&B
c:\file akmal\Capstone - Ai Eng - Spendly_ Workspace\data\_ocr_real_crops\real_0134_line13.png,SANDWICH 52 o0o,0.7871264708259703,c:\file akmal\Capstone - Ai Eng - Spendly_ Workspace\data\F&B\train\images\sbux19_png.rf.3653ac28f03f3a8171ed072ef1d921cc.jpg,F&B
c:\file akmal\Capstone - Ai Eng - Spendly_ Workspace\data\_ocr_real_crops\real_0127_line16.png,Chonge,0.7415043171434923,c:\file akmal\Capstone - Ai Eng - Spendly_ Workspace\data\F&B\train\images\mcd8_png.rf.9d2713188728c716e96e98c48b75d7d9.jpg,F&B
c:\file akmal\Capstone - Ai Eng - Spendly_ Workspace\data\_ocr_real_crops\real_0191_line10.png,"E5 Jefuk 13,637",0.7287631115008242,c:\file akmal\Capstone - Ai Eng - Spendly_ Workspace\data\F&B\valid\images\solaria4_png.rf.57c8252be8949e82789f47d87fa92d20.jpg,F&B
c:\file akmal\Capstone - Ai Eng - Spendly_ Workspace\data\_ocr_real_crops\real_0133_line07.png,Purpose TIKTOK,0.9647869990632141,c:\file akmal\Capstone - Ai Eng - Spendly_ Workspace\data\F&B\train\images\sbux16_jpg.rf.6a300cd68ead4cc056015853010b25c7.jpg,F&B
c:\file akmal\Capstone - Ai Eng - Spendly_ Workspace\data\_ocr_real_crops\real_0125_line23.png,anda muncu harap,0.9996991348331745,c:\file akmal\Capstone - Ai Eng - Spendly_ Workspace\data\F&B\train\images\mcd5_png.rf.93aaaca69d5616b0be5c8f666570189b.jpg,F&B
c:\file akmal\Capstone - Ai Eng - Spendly_ Workspace\data\_ocr_real_crops\real_0156_line03.png,Custoser Carc,0.7883588151974165,c:\file akmal\Capstone - Ai Eng - Spendly_ Workspace\data\F&B\train\images\tongtji13_png.rf.8c55fc39971b975746b3bc3dbcbda1cd.jpg,F&B
c:\file akmal\Capstone - Ai Eng - Spendly_ Workspace\data\_ocr_real_crops\real_0196_line16.png,PB1 6 300,0.7103585198725678,c:\file akmal\Capstone - Ai Eng - Spendly_ Workspace\data\F&B\valid\images\tongtji17_png.rf.b7c723fa528d8ea8b2a8c2859036e604.jpg,F&B
c:\file akmal\Capstone - Ai Eng - Spendly_ Workspace\data\_ocr_real_crops\real_0061_line11.png,3102,0.8169406652450562,c:\file akmal\Capstone - Ai Eng - Spendly_ Workspace\data\F&B\test\images\mako1_png.rf.39156945b54de01632414f7715083d17.jpg,F&B
c:\file akmal\Capstone - Ai Eng - Spendly_ Workspace\data\_ocr_real_crops\real_0163_line19.png,ORIS Nobu 31 900,0.7902788803089127,c:\file akmal\Capstone - Ai Eng - Spendly_ Workspace\data\F&B\train\images\tongtji2_png.rf.56cb59370d5c149e40accad94d67b794.jpg,F&B
c:\file akmal\Capstone - Ai Eng - Spendly_ Workspace\data\_ocr_real_crops\real_0162_line18.png,CRIS Nobu 71 . 500,0.7661759218005085,c:\file akmal\Capstone - Ai Eng - Spendly_ Workspace\data\F&B\train\images\tongtji20_png.rf.cb375f3d0f509060c4b1e6a15609ef30.jpg,F&B
c:\file akmal\Capstone - Ai Eng - Spendly_ Workspace\data\_ocr_real_crops\real_0068_line06.png,Cashier Desya Hentar,0.8293792098126852,c:\file akmal\Capstone - Ai Eng - Spendly_ Workspace\data\F&B\test\images\sbux12_jpg.rf.3b748fe56b7a1af48e156df3d090dda1.jpg,F&B
c:\file akmal\Capstone - Ai Eng - Spendly_ Workspace\data\_ocr_real_crops\real_0194_line18.png,ORIS wobu 34 1oo,0.7006535424158334,c:\file akmal\Capstone - Ai Eng - Spendly_ Workspace\data\F&B\valid\images\tongtji10_png.rf.5b83e953fd9868e8fa92f6bc79781996.jpg,F&B
c:\file akmal\Capstone - Ai Eng - Spendly_ Workspace\data\_ocr_real_crops\real_0116_line00.png,9043,0.9465830883291354,c:\file akmal\Capstone - Ai Eng - Spendly_ Workspace\data\F&B\train\images\mcd15_png.rf.f7abc87bd55393aee246d76df0fe9657.jpg,F&B
c:\file akmal\Capstone - Ai Eng - Spendly_ Workspace\data\_ocr_real_crops\real_0119_line21.png,Saat nomor pesanan,0.9966025318558254,c:\file akmal\Capstone - Ai Eng - Spendly_ Workspace\data\F&B\train\images\mcd19_png.rf.6140f226bed0cf7b55bd5a628dad26a3.jpg,F&B
c:\file akmal\Capstone - Ai Eng - Spendly_ Workspace\data\_ocr_real_crops\real_0093_line17.png,Terima Kasih,0.9409841641196924,c:\file akmal\Capstone - Ai Eng - Spendly_ Workspace\data\F&B\train\images\fore20_png.rf.df375ef2a8ec971bac59cc850438be2f.jpg,F&B
c:\file akmal\Capstone - Ai Eng - Spendly_ Workspace\data\_ocr_real_crops\real_0113_line00.png,7391,0.9999762773513794,c:\file akmal\Capstone - Ai Eng - Spendly_ Workspace\data\F&B\train\images\mcd10_png.rf.68ff97f01fa2fe77065f1e2c58ad01a4.jpg,F&B
c:\file akmal\Capstone - Ai Eng - Spendly_ Workspace\data\_ocr_real_crops\real_0123_line13.png,"Net Sales 51,819",0.8020997416736534,c:\file akmal\Capstone - Ai Eng - Spendly_ Workspace\data\F&B\train\images\mcd3_jpg.rf.6c580b7f5887fd7b03f5a22eb87345b9.jpg,F&B
c:\file akmal\Capstone - Ai Eng - Spendly_ Workspace\data\_ocr_real_crops\real_0158_line04.png,HA 085173271938,0.8793844238485803,c:\file akmal\Capstone - Ai Eng - Spendly_ Workspace\data\F&B\train\images\tongtji15_png.rf.75f0eae35d53cb3ed1f43c74ad84625a.jpg,F&B
c:\file akmal\Capstone - Ai Eng - Spendly_ Workspace\data\_ocr_real_crops\real_0158_line18.png,Grand Total 70 400,0.9328273490153074,c:\file akmal\Capstone - Ai Eng - Spendly_ Workspace\data\F&B\train\images\tongtji15_png.rf.75f0eae35d53cb3ed1f43c74ad84625a.jpg,F&B
c:\file akmal\Capstone - Ai Eng - Spendly_ Workspace\data\_ocr_real_crops\real_0092_line15.png,PB1109 Rp 2272.72,0.7522244850019747,c:\file akmal\Capstone - Ai Eng - Spendly_ Workspace\data\F&B\train\images\fore1_jpeg.rf.7e9eb12ed553a9f777d59744a2695e32.jpg,F&B
c:\file akmal\Capstone - Ai Eng - Spendly_ Workspace\data\_ocr_real_crops\real_0182_line04.png,store 20383,0.7424253487745767,c:\file akmal\Capstone - Ai Eng - Spendly_ Workspace\data\F&B\valid\images\mcd17_png.rf.11dc4e868d2e23033fd77a8ee5f08a2b.jpg,F&B
c:\file akmal\Capstone - Ai Eng - Spendly_ Workspace\data\_ocr_real_crops\real_0196_line09.png,Cashier Rina anelia,0.7768874008997729,c:\file akmal\Capstone - Ai Eng - Spendly_ Workspace\data\F&B\valid\images\tongtji17_png.rf.b7c723fa528d8ea8b2a8c2859036e604.jpg,F&B
c:\file akmal\Capstone - Ai Eng - Spendly_ Workspace\data\_ocr_real_crops\real_0139_line07.png,Purpose TIKTOK,0.8982629607354139,c:\file akmal\Capstone - Ai Eng - Spendly_ Workspace\data\F&B\train\images\sbux6_png.rf.aae9ea3b9eb745c59fa94be3de6158ec.jpg,F&B
c:\file akmal\Capstone - Ai Eng - Spendly_ Workspace\data\_ocr_real_crops\real_0138_line05.png,Name alya,0.8143529295921326,c:\file akmal\Capstone - Ai Eng - Spendly_ Workspace\data\F&B\train\images\sbux3_jpeg.rf.4028f7172a333be7f79c8a3f0c75fc38.jpg,F&B
c:\file akmal\Capstone - Ai Eng - Spendly_ Workspace\data\_ocr_real_crops\real_0159_line13.png,1x 18 00o 18 0oo,0.7652666469977809,c:\file akmal\Capstone - Ai Eng - Spendly_ Workspace\data\F&B\train\images\tongtji16_png.rf.e094678e0fbc2f53b0d4e87592ceaf03.jpg,F&B
c:\file akmal\Capstone - Ai Eng - Spendly_ Workspace\data\_ocr_real_crops\real_0159_line01.png,TOnG Tji,0.7445479890331836,c:\file akmal\Capstone - Ai Eng - Spendly_ Workspace\data\F&B\train\images\tongtji16_png.rf.e094678e0fbc2f53b0d4e87592ceaf03.jpg,F&B
c:\file akmal\Capstone - Ai Eng - Spendly_ Workspace\data\_ocr_real_crops\real_0060_line17.png,Terima Kasih,0.7671443827759221,c:\file akmal\Capstone - Ai Eng - Spendly_ Workspace\data\F&B\test\images\fore18_png.rf.46a2d607a7721df4e7522131a9871e6b.jpg,F&B
c:\file akmal\Capstone - Ai Eng - Spendly_ Workspace\data\_ocr_real_crops\real_0148_line13.png,"ITEMS: 120,913",0.9874413303777004,c:\file akmal\Capstone - Ai Eng - Spendly_ Workspace\data\F&B\train\images\solaria1_jpeg.rf.37da04e7560252bcc0b54055cb5c482c.jpg,F&B
c:\file akmal\Capstone - Ai Eng - Spendly_ Workspace\data\_ocr_real_crops\real_0091_line00.png,Fore Coffee,0.9978699787915276,c:\file akmal\Capstone - Ai Eng - Spendly_ Workspace\data\F&B\train\images\fore19_png.rf.2954267da762c9a34b7e8edd0aca2edd.jpg,F&B
c:\file akmal\Capstone - Ai Eng - Spendly_ Workspace\data\_ocr_real_crops\real_0167_line18.png,ORIS Nobu 35 200,0.9843729422856761,c:\file akmal\Capstone - Ai Eng - Spendly_ Workspace\data\F&B\train\images\tongtji7_png.rf.0f83cd1ffb6305f09ad246e8b30a9926.jpg,F&B
c:\file akmal\Capstone - Ai Eng - Spendly_ Workspace\data\_ocr_real_crops\real_0129_line11.png,iten,0.9908503293991089,c:\file akmal\Capstone - Ai Eng - Spendly_ Workspace\data\F&B\train\images\sbux11_jpg.rf.67ff38f6921335a8d044ab7bad9561d8.jpg,F&B
c:\file akmal\Capstone - Ai Eng - Spendly_ Workspace\data\_ocr_real_crops\real_0164_line14.png,1x 20,0.7879353220568219,c:\file akmal\Capstone - Ai Eng - Spendly_ Workspace\data\F&B\train\images\tongtji3_png.rf.117206963311615bebe6676e30799a79.jpg,F&B
c:\file akmal\Capstone - Ai Eng - Spendly_ Workspace\data\_ocr_real_crops\real_0155_line17.png,Grand Total 66 . 000,0.8802038777262978,c:\file akmal\Capstone - Ai Eng - Spendly_ Workspace\data\F&B\train\images\tongtji12_png.rf.35f66821321fbe23066ded225dc8301a.jpg,F&B
c:\file akmal\Capstone - Ai Eng - Spendly_ Workspace\data\_ocr_real_crops\real_0154_line15.png,"Total 104,000",0.7169872075196025,c:\file akmal\Capstone - Ai Eng - Spendly_ Workspace\data\F&B\train\images\solaria9_png.rf.f992a23ed257d0ec548f127f32b70567.jpg,F&B
c:\file akmal\Capstone - Ai Eng - Spendly_ Workspace\data\_ocr_real_crops\real_0160_line08.png,Purpose 2 Take Anay,0.7929468937375674,c:\file akmal\Capstone - Ai Eng - Spendly_ Workspace\data\F&B\train\images\tongtji18_png.rf.8c8dfe10c3d2cac9f220316fb979d712.jpg,F&B
c:\file akmal\Capstone - Ai Eng - Spendly_ Workspace\data\_ocr_real_crops\real_0086_line18.png,Terima Kasih,0.9396990947952841,c:\file akmal\Capstone - Ai Eng - Spendly_ Workspace\data\F&B\train\images\fore10_png.rf.1a5f6d4a9717c0fb81cb39c383d2e75f.jpg,F&B
c:\file akmal\Capstone - Ai Eng - Spendly_ Workspace\data\_ocr_real_crops\real_0197_line09.png,Hendoan Ala Tongtji,0.7491569463247375,c:\file akmal\Capstone - Ai Eng - Spendly_ Workspace\data\F&B\valid\images\tongtji6_png.rf.bcf1a75fbf3e81656e85812b9d2dd223.jpg,F&B
c:\file akmal\Capstone - Ai Eng - Spendly_ Workspace\data\_ocr_real_crops\real_0197_line18.png,ORIS Nobu 30 800,0.9645386521434466,c:\file akmal\Capstone - Ai Eng - Spendly_ Workspace\data\F&B\valid\images\tongtji6_png.rf.bcf1a75fbf3e81656e85812b9d2dd223.jpg,F&B
c:\file akmal\Capstone - Ai Eng - Spendly_ Workspace\data\_ocr_real_crops\real_0119_line24.png,untuk ambi1 pesanan,0.8191454867477566,c:\file akmal\Capstone - Ai Eng - Spendly_ Workspace\data\F&B\train\images\mcd19_png.rf.6140f226bed0cf7b55bd5a628dad26a3.jpg,F&B
c:\file akmal\Capstone - Ai Eng - Spendly_ Workspace\data\_ocr_real_crops\real_0133_line13.png,"TIKTOK 57 ,000",0.7581502894411967,c:\file akmal\Capstone - Ai Eng - Spendly_ Workspace\data\F&B\train\images\sbux16_jpg.rf.6a300cd68ead4cc056015853010b25c7.jpg,F&B
c:\file akmal\Capstone - Ai Eng - Spendly_ Workspace\data\_ocr_real_crops\real_0139_line11.png,1 iten,0.7236305800460179,c:\file akmal\Capstone - Ai Eng - Spendly_ Workspace\data\F&B\train\images\sbux6_png.rf.aae9ea3b9eb745c59fa94be3de6158ec.jpg,F&B
c:\file akmal\Capstone - Ai Eng - Spendly_ Workspace\data\_ocr_real_crops\real_0118_line23.png,untuk ambi1 pesanan,0.8712694192224637,c:\file akmal\Capstone - Ai Eng - Spendly_ Workspace\data\F&B\train\images\mcd18_png.rf.6d9fe30fc43d48e74b9870d1c800997a.jpg,F&B
c:\file akmal\Capstone - Ai Eng - Spendly_ Workspace\data\_ocr_real_crops\real_0124_line23.png,tunjukan struk ini,0.8704000435393816,c:\file akmal\Capstone - Ai Eng - Spendly_ Workspace\data\F&B\train\images\mcd4_png.rf.ef0a26f12ea646d62bf91fb17b88c10a.jpg,F&B
c:\file akmal\Capstone - Ai Eng - Spendly_ Workspace\data\_ocr_real_crops\real_0131_line08.png,Name ardi,0.8782132565975189,c:\file akmal\Capstone - Ai Eng - Spendly_ Workspace\data\F&B\train\images\sbux14_jpg.rf.a22f0f2776aef3d29284016613600508.jpg,F&B
c:\file akmal\Capstone - Ai Eng - Spendly_ Workspace\data\_ocr_real_crops\real_0151_line09.png,"Ayam Bakar 32,728",0.9036764418870711,c:\file akmal\Capstone - Ai Eng - Spendly_ Workspace\data\F&B\train\images\solaria3_png.rf.fd04e3dc499edc690832771c4e7d5531.jpg,F&B
c:\file akmal\Capstone - Ai Eng - Spendly_ Workspace\data\_ocr_real_crops\real_0092_line12.png,Sub Total Rp 25 ooo,0.716214977222492,c:\file akmal\Capstone - Ai Eng - Spendly_ Workspace\data\F&B\train\images\fore1_jpeg.rf.7e9eb12ed553a9f777d59744a2695e32.jpg,F&B
c:\file akmal\Capstone - Ai Eng - Spendly_ Workspace\data\_ocr_real_crops\real_0169_line05.png,No SG026202605010002,0.7057531938455996,c:\file akmal\Capstone - Ai Eng - Spendly_ Workspace\data\F&B\train\images\tongtji9_png.rf.8bc32cb2106b1351a6b5897ab148e88a.jpg,F&B
c:\file akmal\Capstone - Ai Eng - Spendly_ Workspace\data\_ocr_real_crops\real_0160_line10.png,Dolong Tea 41,0.8910849373946917,c:\file akmal\Capstone - Ai Eng - Spendly_ Workspace\data\F&B\train\images\tongtji18_png.rf.8c8dfe10c3d2cac9f220316fb979d712.jpg,F&B
c:\file akmal\Capstone - Ai Eng - Spendly_ Workspace\data\_ocr_real_crops\real_0118_line00.png,8842,0.9999890923500061,c:\file akmal\Capstone - Ai Eng - Spendly_ Workspace\data\F&B\train\images\mcd18_png.rf.6d9fe30fc43d48e74b9870d1c800997a.jpg,F&B
c:\file akmal\Capstone - Ai Eng - Spendly_ Workspace\data\_ocr_real_crops\real_0185_line11.png,"Grand Total 45,000",0.9937184135595309,c:\file akmal\Capstone - Ai Eng - Spendly_ Workspace\data\F&B\valid\images\sbux4_png.rf.9ecb6f0448c60028fe946af20928aa4e.jpg,F&B
c:\file akmal\Capstone - Ai Eng - Spendly_ Workspace\data\_ocr_real_crops\real_0092_line05.png,1285,0.9999785423278809,c:\file akmal\Capstone - Ai Eng - Spendly_ Workspace\data\F&B\train\images\fore1_jpeg.rf.7e9eb12ed553a9f777d59744a2695e32.jpg,F&B
c:\file akmal\Capstone - Ai Eng - Spendly_ Workspace\data\_ocr_real_crops\real_0058_line04.png,1187,0.8853870034217834,c:\file akmal\Capstone - Ai Eng - Spendly_ Workspace\data\F&B\test\images\fore11_png.rf.eac7281102ee00bf4c3e692a53eb3cc3.jpg,F&B
c:\file akmal\Capstone - Ai Eng - Spendly_ Workspace\data\_ocr_real_crops\real_0092_line13.png,SUBTOTAL Rp 25.000,0.9551780288331511,c:\file akmal\Capstone - Ai Eng - Spendly_ Workspace\data\F&B\train\images\fore1_jpeg.rf.7e9eb12ed553a9f777d59744a2695e32.jpg,F&B
c:\file akmal\Capstone - Ai Eng - Spendly_ Workspace\data\_ocr_real_crops\real_0165_line12.png,1x e2 000 2 . 000,0.7783594528145568,c:\file akmal\Capstone - Ai Eng - Spendly_ Workspace\data\F&B\train\images\tongtji4_png.rf.aebf9b7894862bbf726a1f249676d75c.jpg,F&B
c:\file akmal\Capstone - Ai Eng - Spendly_ Workspace\data\_ocr_real_crops\real_0197_line13.png,Sauce Cup 25 M1,0.7733868042465527,c:\file akmal\Capstone - Ai Eng - Spendly_ Workspace\data\F&B\valid\images\tongtji6_png.rf.bcf1a75fbf3e81656e85812b9d2dd223.jpg,F&B
c:\file akmal\Capstone - Ai Eng - Spendly_ Workspace\data\_ocr_real_crops\real_0193_line10.png,"Es Teh Hants 3,638",0.7320768793748242,c:\file akmal\Capstone - Ai Eng - Spendly_ Workspace\data\F&B\valid\images\solaria8_png.rf.924b94cd644793f6eb29e8999a572f21.jpg,F&B
c:\file akmal\Capstone - Ai Eng - Spendly_ Workspace\data\_ocr_real_crops\real_0154_line12.png,"Pb1 1096 9,454",0.7322457836601264,c:\file akmal\Capstone - Ai Eng - Spendly_ Workspace\data\F&B\train\images\solaria9_png.rf.f992a23ed257d0ec548f127f32b70567.jpg,F&B
c:\file akmal\Capstone - Ai Eng - Spendly_ Workspace\data\_ocr_real_crops\real_0089_line04.png,1644,0.9995906352996826,c:\file akmal\Capstone - Ai Eng - Spendly_ Workspace\data\F&B\train\images\fore15_png.rf.f5ee8f3b8d1972563cd849f3ad5ca272.jpg,F&B
c:\file akmal\Capstone - Ai Eng - Spendly_ Workspace\data\_ocr_real_crops\real_0186_line06.png,Cashier Datfa RIzky,0.8113008181507855,c:\file akmal\Capstone - Ai Eng - Spendly_ Workspace\data\F&B\valid\images\sbux5_png.rf.680d6161e9ef04155d85bf93ad3a25b5.jpg,F&B
c:\file akmal\Capstone - Ai Eng - Spendly_ Workspace\data\_ocr_real_crops\real_0148_line17.png,"Total 133,000",0.9020292138584253,c:\file akmal\Capstone - Ai Eng - Spendly_ Workspace\data\F&B\train\images\solaria1_jpeg.rf.37da04e7560252bcc0b54055cb5c482c.jpg,F&B
c:\file akmal\Capstone - Ai Eng - Spendly_ Workspace\data\_ocr_real_crops\real_0092_line00.png,E-Receipt,0.9865545858621972,c:\file akmal\Capstone - Ai Eng - Spendly_ Workspace\data\F&B\train\images\fore1_jpeg.rf.7e9eb12ed553a9f777d59744a2695e32.jpg,F&B
c:\file akmal\Capstone - Ai Eng - Spendly_ Workspace\data\_ocr_real_crops\real_0124_line00.png,3261,0.9823632049271938,c:\file akmal\Capstone - Ai Eng - Spendly_ Workspace\data\F&B\train\images\mcd4_png.rf.ef0a26f12ea646d62bf91fb17b88c10a.jpg,F&B
c:\file akmal\Capstone - Ai Eng - Spendly_ Workspace\data\_ocr_real_crops\real_0070_line03.png,Custoner Care,0.9534481112503699,c:\file akmal\Capstone - Ai Eng - Spendly_ Workspace\data\F&B\test\images\tongtji19_png.rf.5a21bdedc6a324aeaa8b685d2693f978.jpg,F&B
c:\file akmal\Capstone - Ai Eng - Spendly_ Workspace\data\_ocr_real_crops\real_0092_line02.png,Gayamsari Semarang,0.9136264331790755,c:\file akmal\Capstone - Ai Eng - Spendly_ Workspace\data\F&B\train\images\fore1_jpeg.rf.7e9eb12ed553a9f777d59744a2695e32.jpg,F&B
c:\file akmal\Capstone - Ai Eng - Spendly_ Workspace\data\_ocr_real_crops\real_0092_line14.png,Net sales RP 22.727,0.7732894024749228,c:\file akmal\Capstone - Ai Eng - Spendly_ Workspace\data\F&B\train\images\fore1_jpeg.rf.7e9eb12ed553a9f777d59744a2695e32.jpg,F&B
c:\file akmal\Capstone - Ai Eng - Spendly_ Workspace\data\_ocr_real_crops\real_0057_line22.png,Check Closcd,0.809060000890819,c:\file akmal\Capstone - Ai Eng - Spendly_ Workspace\data\F&B\test\images\bk6_png.rf.e34da0ca4e159ee4a8758c7d05821494.jpg,F&B
c:\file akmal\Capstone - Ai Eng - Spendly_ Workspace\data\_ocr_real_crops\real_0065_line00.png,2751,0.9666562202522844,c:\file akmal\Capstone - Ai Eng - Spendly_ Workspace\data\F&B\test\images\mcd13_png.rf.13e8a7990ec4540ea3d1a10d3ee373c7.jpg,F&B
c:\file akmal\Capstone - Ai Eng - Spendly_ Workspace\data\_ocr_real_crops\real_0159_line10.png,Brown Sugar Hilk H1,0.8238975468810154,c:\file akmal\Capstone - Ai Eng - Spendly_ Workspace\data\F&B\train\images\tongtji16_png.rf.e094678e0fbc2f53b0d4e87592ceaf03.jpg,F&B
c:\file akmal\Capstone - Ai Eng - Spendly_ Workspace\data\_ocr_real_crops\real_0066_line22.png,anda muncu harap,0.8098662160041613,c:\file akmal\Capstone - Ai Eng - Spendly_ Workspace\data\F&B\test\images\mcd6_png.rf.d9f278500aa90d8d718ffe069508979f.jpg,F&B
c:\file akmal\Capstone - Ai Eng - Spendly_ Workspace\data\_ocr_real_crops\real_0183_line12.png,"Grand Total 58,000",0.9845886027687306,c:\file akmal\Capstone - Ai Eng - Spendly_ Workspace\data\F&B\valid\images\sbux17_jpg.rf.dccf583976fd9b874853ca03200f65e5.jpg,F&B
c:\file akmal\Capstone - Ai Eng - Spendly_ Workspace\data\_ocr_real_crops\real_0196_line17.png,Grand Total 69 . 300,0.9108589364251608,c:\file akmal\Capstone - Ai Eng - Spendly_ Workspace\data\F&B\valid\images\tongtji17_png.rf.b7c723fa528d8ea8b2a8c2859036e604.jpg,F&B
c:\file akmal\Capstone - Ai Eng - Spendly_ Workspace\data\_ocr_real_crops\real_0100_line04.png,3127,0.9999880194664001,c:\file akmal\Capstone - Ai Eng - Spendly_ Workspace\data\F&B\train\images\fore9_png.rf.793d0d9ef8825fa9ede4cad4e0bca357.jpg,F&B
c:\file akmal\Capstone - Ai Eng - Spendly_ Workspace\data\_ocr_real_crops\real_0093_line04.png,2366,0.8331336763255424,c:\file akmal\Capstone - Ai Eng - Spendly_ Workspace\data\F&B\train\images\fore20_png.rf.df375ef2a8ec971bac59cc850438be2f.jpg,F&B
c:\file akmal\Capstone - Ai Eng - Spendly_ Workspace\data\_ocr_real_crops\real_0126_line22.png,Saat nomor pesanan,0.9797344844754904,c:\file akmal\Capstone - Ai Eng - Spendly_ Workspace\data\F&B\train\images\mcd7_png.rf.d85771000bef0fad3e40d4f986c0307b.jpg,F&B
c:\file akmal\Capstone - Ai Eng - Spendly_ Workspace\data\_ocr_real_crops\real_0116_line23.png,tunjukan struk ini,0.8795234335298581,c:\file akmal\Capstone - Ai Eng - Spendly_ Workspace\data\F&B\train\images\mcd15_png.rf.f7abc87bd55393aee246d76df0fe9657.jpg,F&B
c:\file akmal\Capstone - Ai Eng - Spendly_ Workspace\data\_ocr_real_crops\real_0065_line22.png,tunjukan struk ini,0.9976557876813753,c:\file akmal\Capstone - Ai Eng - Spendly_ Workspace\data\F&B\test\images\mcd13_png.rf.13e8a7990ec4540ea3d1a10d3ee373c7.jpg,F&B
c:\file akmal\Capstone - Ai Eng - Spendly_ Workspace\data\_ocr_real_crops\real_0161_line03.png,WA 0855173271938,0.9429695545852665,c:\file akmal\Capstone - Ai Eng - Spendly_ Workspace\data\F&B\train\images\tongtji1_jpeg.rf.bdd21bb1162439a1bc0da09ad061675a.jpg,F&B
c:\file akmal\Capstone - Ai Eng - Spendly_ Workspace\data\_ocr_real_crops\real_0115_line11.png,Kccicken 19 S00,0.7476418907781489,c:\file akmal\Capstone - Ai Eng - Spendly_ Workspace\data\F&B\train\images\mcd12_png.rf.4d5c9dca7be5c9f2432f3011a222f19c.jpg,F&B
c:\file akmal\Capstone - Ai Eng - Spendly_ Workspace\data\_ocr_real_crops\real_0114_line10.png,OTY ITk TOTAL,0.7103256154916116,c:\file akmal\Capstone - Ai Eng - Spendly_ Workspace\data\F&B\train\images\mcd11_png.rf.c950096c4831dd57d3be70e36fe2555a.jpg,F&B
c:\file akmal\Capstone - Ai Eng - Spendly_ Workspace\data\_ocr_real_crops\real_0099_line04.png,2893,0.9999915361404419,c:\file akmal\Capstone - Ai Eng - Spendly_ Workspace\data\F&B\train\images\fore8_png.rf.77c4758ce8a2c713f35c3a3b07126e48.jpg,F&B
c:\file akmal\Capstone - Ai Eng - Spendly_ Workspace\data\_ocr_real_crops\real_0070_line16.png,PBI 300,0.8138931955240312,c:\file akmal\Capstone - Ai Eng - Spendly_ Workspace\data\F&B\test\images\tongtji19_png.rf.5a21bdedc6a324aeaa8b685d2693f978.jpg,F&B
c:\file akmal\Capstone - Ai Eng - Spendly_ Workspace\data\_ocr_real_crops\real_0185_line06.png,Cashier Rara Aulia,0.9266025048244314,c:\file akmal\Capstone - Ai Eng - Spendly_ Workspace\data\F&B\valid\images\sbux4_png.rf.9ecb6f0448c60028fe946af20928aa4e.jpg,F&B
c:\file akmal\Capstone - Ai Eng - Spendly_ Workspace\data\_ocr_real_crops\real_0081_line01.png,ERecclpr 02/01/2023,0.7549610230303959,c:\file akmal\Capstone - Ai Eng - Spendly_ Workspace\data\F&B\train\images\bk3_png.rf.fddb62fd64e661937120be8d18f5df1f.jpg,F&B
c:\file akmal\Capstone - Ai Eng - Spendly_ Workspace\data\_ocr_real_crops\real_0156_line19.png,ORIS Nobu 58-300,0.7973269003159039,c:\file akmal\Capstone - Ai Eng - Spendly_ Workspace\data\F&B\train\images\tongtji13_png.rf.8c55fc39971b975746b3bc3dbcbda1cd.jpg,F&B
c:\file akmal\Capstone - Ai Eng - Spendly_ Workspace\data\_ocr_real_crops\real_0180_line14.png,Charge: Duc IDRO,0.7552253877447136,c:\file akmal\Capstone - Ai Eng - Spendly_ Workspace\data\F&B\valid\images\mako4_png.rf.8b8db698d22edde3e90bba6e884c9820.jpg,F&B
c:\file akmal\Capstone - Ai Eng - Spendly_ Workspace\data\_ocr_real_crops\real_0162_line03.png,Custoner Care,0.9340375400807137,c:\file akmal\Capstone - Ai Eng - Spendly_ Workspace\data\F&B\train\images\tongtji20_png.rf.cb375f3d0f509060c4b1e6a15609ef30.jpg,F&B
c:\file akmal\Capstone - Ai Eng - Spendly_ Workspace\data\_ocr_real_crops\real_0124_line24.png,untuk ambi1 pesanan,0.9034974152837997,c:\file akmal\Capstone - Ai Eng - Spendly_ Workspace\data\F&B\train\images\mcd4_png.rf.ef0a26f12ea646d62bf91fb17b88c10a.jpg,F&B
c:\file akmal\Capstone - Ai Eng - Spendly_ Workspace\data\_ocr_real_crops\real_0150_line10.png,"ITEMS: 89,456",0.931960347450403,c:\file akmal\Capstone - Ai Eng - Spendly_ Workspace\data\F&B\train\images\solaria2_png.rf.9b49ea7ca52fdefddad561000b9216ba.jpg,F&B
c:\file akmal\Capstone - Ai Eng - Spendly_ Workspace\data\_ocr_real_crops\real_0160_line03.png,Custorer Care,0.831877653755545,c:\file akmal\Capstone - Ai Eng - Spendly_ Workspace\data\F&B\train\images\tongtji18_png.rf.8c8dfe10c3d2cac9f220316fb979d712.jpg,F&B
c:\file akmal\Capstone - Ai Eng - Spendly_ Workspace\data\_ocr_real_crops\real_0115_line08.png,HFY side,0.7940021861352342,c:\file akmal\Capstone - Ai Eng - Spendly_ Workspace\data\F&B\train\images\mcd12_png.rf.4d5c9dca7be5c9f2432f3011a222f19c.jpg,F&B
c:\file akmal\Capstone - Ai Eng - Spendly_ Workspace\data\_ocr_real_crops\real_0174_line00.png,Fore Coffee,0.9661657123575499,c:\file akmal\Capstone - Ai Eng - Spendly_ Workspace\data\F&B\valid\images\fore12_png.rf.e413d771abdfbbe23e28e063a2978086.jpg,F&B
c:\file akmal\Capstone - Ai Eng - Spendly_ Workspace\data\_ocr_real_crops\real_0182_line18.png,Met sales 48 - 182,0.7186443086727551,c:\file akmal\Capstone - Ai Eng - Spendly_ Workspace\data\F&B\valid\images\mcd17_png.rf.11dc4e868d2e23033fd77a8ee5f08a2b.jpg,F&B
c:\file akmal\Capstone - Ai Eng - Spendly_ Workspace\data\_ocr_real_crops\real_0091_line04.png,2198,0.9999720454216003,c:\file akmal\Capstone - Ai Eng - Spendly_ Workspace\data\F&B\train\images\fore19_png.rf.2954267da762c9a34b7e8edd0aca2edd.jpg,F&B
c:\file akmal\Capstone - Ai Eng - Spendly_ Workspace\data\_ocr_real_crops\real_0161_line05.png,No sG026202605020179,0.7298086062363847,c:\file akmal\Capstone - Ai Eng - Spendly_ Workspace\data\F&B\train\images\tongtji1_jpeg.rf.bdd21bb1162439a1bc0da09ad061675a.jpg,F&B
c:\file akmal\Capstone - Ai Eng - Spendly_ Workspace\data\_ocr_real_crops\real_0168_line16.png,P81 2.900,0.7924125488007554,c:\file akmal\Capstone - Ai Eng - Spendly_ Workspace\data\F&B\train\images\tongtji8_png.rf.5ee97c26a454fee582ca03d2f3d3264c.jpg,F&B
c:\file akmal\Capstone - Ai Eng - Spendly_ Workspace\data\_ocr_real_crops\real_0159_line03.png,Custorer Care,0.9922224427100752,c:\file akmal\Capstone - Ai Eng - Spendly_ Workspace\data\F&B\train\images\tongtji16_png.rf.e094678e0fbc2f53b0d4e87592ceaf03.jpg,F&B
c:\file akmal\Capstone - Ai Eng - Spendly_ Workspace\data\_ocr_real_crops\real_0134_line12.png,CHICKEN TERIYAKI,0.859125894842324,c:\file akmal\Capstone - Ai Eng - Spendly_ Workspace\data\F&B\train\images\sbux19_png.rf.3653ac28f03f3a8171ed072ef1d921cc.jpg,F&B
c:\file akmal\Capstone - Ai Eng - Spendly_ Workspace\data\_ocr_real_crops\real_0174_line04.png,1276,0.9996423721313477,c:\file akmal\Capstone - Ai Eng - Spendly_ Workspace\data\F&B\valid\images\fore12_png.rf.e413d771abdfbbe23e28e063a2978086.jpg,F&B
c:\file akmal\Capstone - Ai Eng - Spendly_ Workspace\data\_ocr_real_crops\real_0197_line17.png,Grand Total 30 800,0.9668553270800714,c:\file akmal\Capstone - Ai Eng - Spendly_ Workspace\data\F&B\valid\images\tongtji6_png.rf.bcf1a75fbf3e81656e85812b9d2dd223.jpg,F&B
c:\file akmal\Capstone - Ai Eng - Spendly_ Workspace\data\_ocr_real_crops\real_0130_line12.png,"Grand  Total 63,000",0.7206330472542953,c:\file akmal\Capstone - Ai Eng - Spendly_ Workspace\data\F&B\train\images\sbux13_jpg.rf.53b3da2ae9d5fd56c02f38add66afd1c.jpg,F&B
c:\file akmal\Capstone - Ai Eng - Spendly_ Workspace\data\_ocr_real_crops\real_0158_line19.png,ORIS Nobu 70 400,0.9792446418275567,c:\file akmal\Capstone - Ai Eng - Spendly_ Workspace\data\F&B\train\images\tongtji15_png.rf.75f0eae35d53cb3ed1f43c74ad84625a.jpg,F&B
c:\file akmal\Capstone - Ai Eng - Spendly_ Workspace\data\_ocr_real_crops\real_0133_line11.png,Item,0.8614529371261597,c:\file akmal\Capstone - Ai Eng - Spendly_ Workspace\data\F&B\train\images\sbux16_jpg.rf.6a300cd68ead4cc056015853010b25c7.jpg,F&B
c:\file akmal\Capstone - Ai Eng - Spendly_ Workspace\data\_ocr_real_crops\real_0195_line17.png,Grand Total 31 90o,0.9081781978512865,c:\file akmal\Capstone - Ai Eng - Spendly_ Workspace\data\F&B\valid\images\tongtji11_png.rf.908147c8f74bfffa89ad9d0d51f462a1.jpg,F&B
c:\file akmal\Capstone - Ai Eng - Spendly_ Workspace\data\_ocr_real_crops\real_0158_line05.png,IG tongtjiteanouse,0.7110070795666417,c:\file akmal\Capstone - Ai Eng - Spendly_ Workspace\data\F&B\train\images\tongtji15_png.rf.75f0eae35d53cb3ed1f43c74ad84625a.jpg,F&B
c:\file akmal\Capstone - Ai Eng - Spendly_ Workspace\data\_ocr_real_crops\real_0126_line18.png,Change,0.7849206504596888,c:\file akmal\Capstone - Ai Eng - Spendly_ Workspace\data\F&B\train\images\mcd7_png.rf.d85771000bef0fad3e40d4f986c0307b.jpg,F&B
c:\file akmal\Capstone - Ai Eng - Spendly_ Workspace\data\_ocr_real_crops\real_0167_line09.png,Mendoan Ala Tongtji,0.956472033742712,c:\file akmal\Capstone - Ai Eng - Spendly_ Workspace\data\F&B\train\images\tongtji7_png.rf.0f83cd1ffb6305f09ad246e8b30a9926.jpg,F&B
c:\file akmal\Capstone - Ai Eng - Spendly_ Workspace\data\_ocr_real_crops\real_0161_line02.png,Customir Care,0.7774022812539638,c:\file akmal\Capstone - Ai Eng - Spendly_ Workspace\data\F&B\train\images\tongtji1_jpeg.rf.bdd21bb1162439a1bc0da09ad061675a.jpg,F&B
c:\file akmal\Capstone - Ai Eng - Spendly_ Workspace\data\_ocr_real_crops\real_0157_line10.png,Lecon Tea A1,0.7091237850171602,c:\file akmal\Capstone - Ai Eng - Spendly_ Workspace\data\F&B\train\images\tongtji14_png.rf.7321bba6ec8505b5cdf1ab4819a28692.jpg,F&B
c:\file akmal\Capstone - Ai Eng - Spendly_ Workspace\data\_ocr_real_crops\real_0127_line21.png,anda muncu harap,0.8712883811173752,c:\file akmal\Capstone - Ai Eng - Spendly_ Workspace\data\F&B\train\images\mcd8_png.rf.9d2713188728c716e96e98c48b75d7d9.jpg,F&B
c:\file akmal\Capstone - Ai Eng - Spendly_ Workspace\data\_ocr_real_crops\real_0159_line04.png,WA 085173271938,0.7810340667186599,c:\file akmal\Capstone - Ai Eng - Spendly_ Workspace\data\F&B\train\images\tongtji16_png.rf.e094678e0fbc2f53b0d4e87592ceaf03.jpg,F&B
c:\file akmal\Capstone - Ai Eng - Spendly_ Workspace\data\_ocr_real_crops\real_0195_line08.png,Cashier Bima Pratama,0.9141004963114896,c:\file akmal\Capstone - Ai Eng - Spendly_ Workspace\data\F&B\valid\images\tongtji11_png.rf.908147c8f74bfffa89ad9d0d51f462a1.jpg,F&B
c:\file akmal\Capstone - Ai Eng - Spendly_ Workspace\data\_ocr_real_crops\real_0181_line24.png,untuk ambi pesanan,0.8625169129610529,c:\file akmal\Capstone - Ai Eng - Spendly_ Workspace\data\F&B\valid\images\mcd14_png.rf.ec8fc91cbe49879524ca47a022f94df8.jpg,F&B
c:\file akmal\Capstone - Ai Eng - Spendly_ Workspace\data\_ocr_real_crops\real_0196_line12.png,Spaghett Bolognese,0.8794463225528154,c:\file akmal\Capstone - Ai Eng - Spendly_ Workspace\data\F&B\valid\images\tongtji17_png.rf.b7c723fa528d8ea8b2a8c2859036e604.jpg,F&B
c:\file akmal\Capstone - Ai Eng - Spendly_ Workspace\data\_ocr_real_crops\real_0094_line05.png,1123,0.989686906337738,c:\file akmal\Capstone - Ai Eng - Spendly_ Workspace\data\F&B\train\images\fore2_png.rf.e0b308bb22726cb880d91c578f36a47d.jpg,F&B
c:\file akmal\Capstone - Ai Eng - Spendly_ Workspace\data\_ocr_real_crops\real_0181_line11.png,819 Brcakfast 35 000,0.7575015405359875,c:\file akmal\Capstone - Ai Eng - Spendly_ Workspace\data\F&B\valid\images\mcd14_png.rf.ec8fc91cbe49879524ca47a022f94df8.jpg,F&B
c:\file akmal\Capstone - Ai Eng - Spendly_ Workspace\data\_ocr_real_crops\real_0092_line10.png,order Total Order: 1,0.9059887974852914,c:\file akmal\Capstone - Ai Eng - Spendly_ Workspace\data\F&B\train\images\fore1_jpeg.rf.7e9eb12ed553a9f777d59744a2695e32.jpg,F&B
c:\file akmal\Capstone - Ai Eng - Spendly_ Workspace\data\_ocr_real_crops\real_0182_line21.png,Saat nomor pesanan,0.9971035983709496,c:\file akmal\Capstone - Ai Eng - Spendly_ Workspace\data\F&B\valid\images\mcd17_png.rf.11dc4e868d2e23033fd77a8ee5f08a2b.jpg,F&B
c:\file akmal\Capstone - Ai Eng - Spendly_ Workspace\data\_ocr_real_crops\real_0065_line18.png,P81 103 818,0.7048989404908323,c:\file akmal\Capstone - Ai Eng - Spendly_ Workspace\data\F&B\test\images\mcd13_png.rf.13e8a7990ec4540ea3d1a10d3ee373c7.jpg,F&B
c:\file akmal\Capstone - Ai Eng - Spendly_ Workspace\data\_ocr_real_crops\real_0168_line09.png,Hendoan Ala TongTji,0.7695892935448261,c:\file akmal\Capstone - Ai Eng - Spendly_ Workspace\data\F&B\train\images\tongtji8_png.rf.5ee97c26a454fee582ca03d2f3d3264c.jpg,F&B
c:\file akmal\Capstone - Ai Eng - Spendly_ Workspace\data\_ocr_real_crops\real_0125_line25.png,untuk ambil pesanan,0.950736497414787,c:\file akmal\Capstone - Ai Eng - Spendly_ Workspace\data\F&B\train\images\mcd5_png.rf.93aaaca69d5616b0be5c8f666570189b.jpg,F&B
c:\file akmal\Capstone - Ai Eng - Spendly_ Workspace\data\_ocr_real_crops\real_0165_line13.png,Sauce Cup 25 41,0.7129100019448685,c:\file akmal\Capstone - Ai Eng - Spendly_ Workspace\data\F&B\train\images\tongtji4_png.rf.aebf9b7894862bbf726a1f249676d75c.jpg,F&B
c:\file akmal\Capstone - Ai Eng - Spendly_ Workspace\data\_ocr_real_crops\real_0065_line23.png,untuk ambi pesanan,0.8382467466511735,c:\file akmal\Capstone - Ai Eng - Spendly_ Workspace\data\F&B\test\images\mcd13_png.rf.13e8a7990ec4540ea3d1a10d3ee373c7.jpg,F&B
c:\file akmal\Capstone - Ai Eng - Spendly_ Workspace\data\_ocr_real_crops\real_0165_line02.png,Custorer Care,0.9185651211329915,c:\file akmal\Capstone - Ai Eng - Spendly_ Workspace\data\F&B\train\images\tongtji4_png.rf.aebf9b7894862bbf726a1f249676d75c.jpg,F&B
c:\file akmal\Capstone - Ai Eng - Spendly_ Workspace\data\_ocr_real_crops\real_0087_line00.png,Fore Coffee,0.853410451573319,c:\file akmal\Capstone - Ai Eng - Spendly_ Workspace\data\F&B\train\images\fore13_png.rf.614a3054bdaef1ba86de378e2807ef3d.jpg,F&B
c:\file akmal\Capstone - Ai Eng - Spendly_ Workspace\data\_ocr_real_crops\real_0195_line13.png,sauce Cup 25 M1,0.9089958449949217,c:\file akmal\Capstone - Ai Eng - Spendly_ Workspace\data\F&B\valid\images\tongtji11_png.rf.908147c8f74bfffa89ad9d0d51f462a1.jpg,F&B
c:\file akmal\Capstone - Ai Eng - Spendly_ Workspace\data\_ocr_real_crops\real_0159_line15.png,tens Subtotal 58 000,0.8665714513498983,c:\file akmal\Capstone - Ai Eng - Spendly_ Workspace\data\F&B\train\images\tongtji16_png.rf.e094678e0fbc2f53b0d4e87592ceaf03.jpg,F&B
c:\file akmal\Capstone - Ai Eng - Spendly_ Workspace\data\_ocr_real_crops\real_0179_line01.png,THE PARK SEMARANG,0.9838150378364683,c:\file akmal\Capstone - Ai Eng - Spendly_ Workspace\data\F&B\valid\images\mako20_jpeg.rf.99e5024e3bce5c481e7b494cad15323b.jpg,F&B
c:\file akmal\Capstone - Ai Eng - Spendly_ Workspace\data\_ocr_real_crops\real_0166_line08.png,Cashier Putri Aulia,0.8212063422894502,c:\file akmal\Capstone - Ai Eng - Spendly_ Workspace\data\F&B\train\images\tongtji5_png.rf.3e272128a3519d4a37a1c02877149984.jpg,F&B
c:\file akmal\Capstone - Ai Eng - Spendly_ Workspace\data\_ocr_real_crops\real_0067_line00.png,5609,0.9638806932980408,c:\file akmal\Capstone - Ai Eng - Spendly_ Workspace\data\F&B\test\images\mcd9_png.rf.3e3fe0f0fb655345247327f8b8d98aae.jpg,F&B
c:\file akmal\Capstone - Ai Eng - Spendly_ Workspace\data\_ocr_real_crops\real_0141_line00.png,STARBUCKS,0.8574651165662108,c:\file akmal\Capstone - Ai Eng - Spendly_ Workspace\data\F&B\train\images\sbux8_jpg.rf.6410fe78dd7dc52708e8d78b053f7a41.jpg,F&B
c:\file akmal\Capstone - Ai Eng - Spendly_ Workspace\data\_ocr_real_crops\real_0071_line12.png,SUBTOTAL 12727,0.7829137804486253,c:\file akmal\Capstone - Ai Eng - Spendly_ Workspace\data\F&B\train\images\bk10_png.rf.a09d4d3eba52075988f458187dde8042.jpg,F&B
c:\file akmal\Capstone - Ai Eng - Spendly_ Workspace\data\_ocr_real_crops\real_0182_line22.png,anda Muncu harap,0.9110293910491863,c:\file akmal\Capstone - Ai Eng - Spendly_ Workspace\data\F&B\valid\images\mcd17_png.rf.11dc4e868d2e23033fd77a8ee5f08a2b.jpg,F&B
c:\file akmal\Capstone - Ai Eng - Spendly_ Workspace\data\_ocr_real_crops\real_0143_line16.png,"BNI QRIS 132,Ood",0.7690925302115261,c:\file akmal\Capstone - Ai Eng - Spendly_ Workspace\data\F&B\train\images\solaria11_png.rf.3d87e3ebcaa3f13c242ec30658339803.jpg,F&B
c:\file akmal\Capstone - Ai Eng - Spendly_ Workspace\data\_ocr_real_crops\real_0131_line07.png,Purpose TIKTOK,0.7501984635745346,c:\file akmal\Capstone - Ai Eng - Spendly_ Workspace\data\F&B\train\images\sbux14_jpg.rf.a22f0f2776aef3d29284016613600508.jpg,F&B
c:\file akmal\Capstone - Ai Eng - Spendly_ Workspace\data\_ocr_real_crops\real_0150_line14.png,"Total 98,400",0.9686035722285319,c:\file akmal\Capstone - Ai Eng - Spendly_ Workspace\data\F&B\train\images\solaria2_png.rf.9b49ea7ca52fdefddad561000b9216ba.jpg,F&B
c:\file akmal\Capstone - Ai Eng - Spendly_ Workspace\data\_ocr_real_crops\real_0114_line21.png,Saat nomor pesanan,0.9899607756454936,c:\file akmal\Capstone - Ai Eng - Spendly_ Workspace\data\F&B\train\images\mcd11_png.rf.c950096c4831dd57d3be70e36fe2555a.jpg,F&B
c:\file akmal\Capstone - Ai Eng - Spendly_ Workspace\data\_ocr_real_crops\real_0195_line04.png,IG tongtjiteahousc,0.8094830147115502,c:\file akmal\Capstone - Ai Eng - Spendly_ Workspace\data\F&B\valid\images\tongtji11_png.rf.908147c8f74bfffa89ad9d0d51f462a1.jpg,F&B
c:\file akmal\Capstone - Ai Eng - Spendly_ Workspace\data\_ocr_real_crops\real_0068_line12.png,"Grand Total 60,000",0.7934102814231927,c:\file akmal\Capstone - Ai Eng - Spendly_ Workspace\data\F&B\test\images\sbux12_jpg.rf.3b748fe56b7a1af48e156df3d090dda1.jpg,F&B
c:\file akmal\Capstone - Ai Eng - Spendly_ Workspace\data\_ocr_real_crops\real_0110_line07.png,Take Away,0.7011561989784241,c:\file akmal\Capstone - Ai Eng - Spendly_ Workspace\data\F&B\train\images\mako5_png.rf.a552f1c2384341617bda78070b0a6e63.jpg,F&B
c:\file akmal\Capstone - Ai Eng - Spendly_ Workspace\data\_ocr_real_crops\real_0161_line16.png,"Subtotal 29,000",0.9060509219658435,c:\file akmal\Capstone - Ai Eng - Spendly_ Workspace\data\F&B\train\images\tongtji1_jpeg.rf.bdd21bb1162439a1bc0da09ad061675a.jpg,F&B
c:\file akmal\Capstone - Ai Eng - Spendly_ Workspace\data\_ocr_real_crops\real_0151_line10.png,"ITEMS: 4 84,550",0.7725749455553914,c:\file akmal\Capstone - Ai Eng - Spendly_ Workspace\data\F&B\train\images\solaria3_png.rf.fd04e3dc499edc690832771c4e7d5531.jpg,F&B
c:\file akmal\Capstone - Ai Eng - Spendly_ Workspace\data\_ocr_real_crops\real_0119_line00.png,6682,0.997434675693512,c:\file akmal\Capstone - Ai Eng - Spendly_ Workspace\data\F&B\train\images\mcd19_png.rf.6140f226bed0cf7b55bd5a628dad26a3.jpg,F&B
c:\file akmal\Capstone - Ai Eng - Spendly_ Workspace\data\_ocr_real_crops\real_0087_line04.png,1332,0.9999443292617798,c:\file akmal\Capstone - Ai Eng - Spendly_ Workspace\data\F&B\train\images\fore13_png.rf.614a3054bdaef1ba86de378e2807ef3d.jpg,F&B
c:\file akmal\Capstone - Ai Eng - Spendly_ Workspace\data\_ocr_real_crops\real_0131_line10.png,FRAPP BLENDEO TALL,0.9381528797428361,c:\file akmal\Capstone - Ai Eng - Spendly_ Workspace\data\F&B\train\images\sbux14_jpg.rf.a22f0f2776aef3d29284016613600508.jpg,F&B
c:\file akmal\Capstone - Ai Eng - Spendly_ Workspace\data\_ocr_real_crops\real_0066_line24.png,untuk ambi1 pesanan,0.7150089957267945,c:\file akmal\Capstone - Ai Eng - Spendly_ Workspace\data\F&B\test\images\mcd6_png.rf.d9f278500aa90d8d718ffe069508979f.jpg,F&B
c:\file akmal\Capstone - Ai Eng - Spendly_ Workspace\data\_ocr_real_crops\real_0065_line21.png,anda Muncu harap,0.9645268414903647,c:\file akmal\Capstone - Ai Eng - Spendly_ Workspace\data\F&B\test\images\mcd13_png.rf.13e8a7990ec4540ea3d1a10d3ee373c7.jpg,F&B
c:\file akmal\Capstone - Ai Eng - Spendly_ Workspace\data\_ocr_real_crops\real_0137_line12.png,HACCHIATO GHANDE,0.8598588117189878,c:\file akmal\Capstone - Ai Eng - Spendly_ Workspace\data\F&B\train\images\sbux2_jpeg.rf.ef4412e2eaa7cd0231873f038517751d.jpg,F&B
c:\file akmal\Capstone - Ai Eng - Spendly_ Workspace\data\_ocr_real_crops\real_0090_line04.png,1763,0.9955999851226807,c:\file akmal\Capstone - Ai Eng - Spendly_ Workspace\data\F&B\train\images\fore16_png.rf.3fce136042f4aad2a98c731af1fbdd74.jpg,F&B
c:\file akmal\Capstone - Ai Eng - Spendly_ Workspace\data\_ocr_real_crops\real_0134_line21.png,Total 264 ooo,0.8061261234572901,c:\file akmal\Capstone - Ai Eng - Spendly_ Workspace\data\F&B\train\images\sbux19_png.rf.3653ac28f03f3a8171ed072ef1d921cc.jpg,F&B
c:\file akmal\Capstone - Ai Eng - Spendly_ Workspace\data\_ocr_real_crops\real_0134_line07.png,Purpose DINE IN,0.9155029230839759,c:\file akmal\Capstone - Ai Eng - Spendly_ Workspace\data\F&B\train\images\sbux19_png.rf.3653ac28f03f3a8171ed072ef1d921cc.jpg,F&B
c:\file akmal\Capstone - Ai Eng - Spendly_ Workspace\data\_ocr_real_crops\real_0096_line18.png,Terima Kasih,0.8577494002477251,c:\file akmal\Capstone - Ai Eng - Spendly_ Workspace\data\F&B\train\images\fore5_png.rf.946055e46213c84fec49312754172b3f.jpg,F&B
c:\file akmal\Capstone - Ai Eng - Spendly_ Workspace\data\_ocr_real_crops\real_0183_line10.png,GRANDE,0.9276614289565925,c:\file akmal\Capstone - Ai Eng - Spendly_ Workspace\data\F&B\valid\images\sbux17_jpg.rf.dccf583976fd9b874853ca03200f65e5.jpg,F&B
c:\file akmal\Capstone - Ai Eng - Spendly_ Workspace\data\_ocr_real_crops\real_0148_line20.png,Atas Kunjungan Anda,0.9904826613459194,c:\file akmal\Capstone - Ai Eng - Spendly_ Workspace\data\F&B\train\images\solaria1_jpeg.rf.37da04e7560252bcc0b54055cb5c482c.jpg,F&B
c:\file akmal\Capstone - Ai Eng - Spendly_ Workspace\data\_ocr_real_crops\real_0066_line23.png,tunjukan struk ini,0.9752137639944048,c:\file akmal\Capstone - Ai Eng - Spendly_ Workspace\data\F&B\test\images\mcd6_png.rf.d9f278500aa90d8d718ffe069508979f.jpg,F&B
c:\file akmal\Capstone - Ai Eng - Spendly_ Workspace\data\_ocr_real_crops\real_0137_line11.png,ICED CARAMEL,0.9323593291697153,c:\file akmal\Capstone - Ai Eng - Spendly_ Workspace\data\F&B\train\images\sbux2_jpeg.rf.ef4412e2eaa7cd0231873f038517751d.jpg,F&B
c:\file akmal\Capstone - Ai Eng - Spendly_ Workspace\data\_ocr_real_crops\real_0168_line13.png,Sauce Cup 25 M1,0.8944960195755292,c:\file akmal\Capstone - Ai Eng - Spendly_ Workspace\data\F&B\train\images\tongtji8_png.rf.5ee97c26a454fee582ca03d2f3d3264c.jpg,F&B
c:\file akmal\Capstone - Ai Eng - Spendly_ Workspace\data\_ocr_real_crops\real_0163_line09.png,Cashier Rina Amella,0.94844605532306,c:\file akmal\Capstone - Ai Eng - Spendly_ Workspace\data\F&B\train\images\tongtji2_png.rf.56cb59370d5c149e40accad94d67b794.jpg,F&B
c:\file akmal\Capstone - Ai Eng - Spendly_ Workspace\data\_ocr_real_crops\real_0059_line04.png,1862,0.7838992949069316,c:\file akmal\Capstone - Ai Eng - Spendly_ Workspace\data\F&B\test\images\fore17_png.rf.0f1f8b58b7b9cf7cd1e36313bab53f6a.jpg,F&B
c:\file akmal\Capstone - Ai Eng - Spendly_ Workspace\data\_ocr_real_crops\real_0112_line07.png,Take Awaly,0.7501338569494268,c:\file akmal\Capstone - Ai Eng - Spendly_ Workspace\data\F&B\train\images\mako7_png.rf.74b21e23fc87b8dfb143f6c9d86c2b55.jpg,F&B
c:\file akmal\Capstone - Ai Eng - Spendly_ Workspace\data\_ocr_real_crops\real_0080_line04.png,CHECK  515019,0.7213493703920536,c:\file akmal\Capstone - Ai Eng - Spendly_ Workspace\data\F&B\train\images\bk2_png.rf.d6814253513553e4f6aed9ad9a4f7cbc.jpg,F&B
c:\file akmal\Capstone - Ai Eng - Spendly_ Workspace\data\_ocr_real_crops\real_0166_line13.png,Sauce Cup 25 H1,0.7298787300545063,c:\file akmal\Capstone - Ai Eng - Spendly_ Workspace\data\F&B\train\images\tongtji5_png.rf.3e272128a3519d4a37a1c02877149984.jpg,F&B
c:\file akmal\Capstone - Ai Eng - Spendly_ Workspace\data\_ocr_real_crops\real_0065_line20.png,Saat nomor pesanan,0.9902923731094774,c:\file akmal\Capstone - Ai Eng - Spendly_ Workspace\data\F&B\test\images\mcd13_png.rf.13e8a7990ec4540ea3d1a10d3ee373c7.jpg,F&B
c:\file akmal\Capstone - Ai Eng - Spendly_ Workspace\data\_ocr_real_crops\real_0192_line11.png,"Es Balu 2,728",0.8103956209885698,c:\file akmal\Capstone - Ai Eng - Spendly_ Workspace\data\F&B\valid\images\solaria7_png.rf.3678260af11664e36822ecce3f5764bd.jpg,F&B
c:\file akmal\Capstone - Ai Eng - Spendly_ Workspace\data\_ocr_real_crops\real_0162_line17.png,Grand Total 71 500,0.9149462116248515,c:\file akmal\Capstone - Ai Eng - Spendly_ Workspace\data\F&B\train\images\tongtji20_png.rf.cb375f3d0f509060c4b1e6a15609ef30.jpg,F&B
c:\file akmal\Capstone - Ai Eng - Spendly_ Workspace\data\_ocr_real_crops\real_0058_line17.png,Terima Kasih,0.8749297167188373,c:\file akmal\Capstone - Ai Eng - Spendly_ Workspace\data\F&B\test\images\fore11_png.rf.eac7281102ee00bf4c3e692a53eb3cc3.jpg,F&B
c:\file akmal\Capstone - Ai Eng - Spendly_ Workspace\data\_ocr_real_crops\real_0146_line09.png,"Es Batu 7,728",0.762005645737527,c:\file akmal\Capstone - Ai Eng - Spendly_ Workspace\data\F&B\train\images\solaria16_png.rf.e305fa6b0fb21290f5fc0fc55910aaf0.jpg,F&B
c:\file akmal\Capstone - Ai Eng - Spendly_ Workspace\data\_ocr_real_crops\real_0169_line02.png,Custoter Care,0.9871923910614323,c:\file akmal\Capstone - Ai Eng - Spendly_ Workspace\data\F&B\train\images\tongtji9_png.rf.8bc32cb2106b1351a6b5897ab148e88a.jpg,F&B
c:\file akmal\Capstone - Ai Eng - Spendly_ Workspace\data\_ocr_real_crops\real_0088_line04.png,1549,0.9999059438705444,c:\file akmal\Capstone - Ai Eng - Spendly_ Workspace\data\F&B\train\images\fore14_png.rf.5c25c5212ad104c85909207234a069c8.jpg,F&B
c:\file akmal\Capstone - Ai Eng - Spendly_ Workspace\data\_ocr_real_crops\real_0101_line10.png,Total 31.500,0.9660938231029093,c:\file akmal\Capstone - Ai Eng - Spendly_ Workspace\data\F&B\train\images\kopken1_png.rf.68d60d691e2c50c64bf78f5093669f0b.jpg,F&B
c:\file akmal\Capstone - Ai Eng - Spendly_ Workspace\data\_ocr_real_crops\real_0158_line14.png,Es cincau 12 00o,0.8092962626273745,c:\file akmal\Capstone - Ai Eng - Spendly_ Workspace\data\F&B\train\images\tongtji15_png.rf.75f0eae35d53cb3ed1f43c74ad84625a.jpg,F&B
c:\file akmal\Capstone - Ai Eng - Spendly_ Workspace\data\_ocr_real_crops\real_0144_line10.png,"ITEMs: 3 83,639",0.7141655319822575,c:\file akmal\Capstone - Ai Eng - Spendly_ Workspace\data\F&B\train\images\solaria13_png.rf.bcffb500279af1b050a7a1903673e533.jpg,F&B
c:\file akmal\Capstone - Ai Eng - Spendly_ Workspace\data\_ocr_real_crops\real_0067_line24.png,untuk ambil pesanan,0.8391846401810387,c:\file akmal\Capstone - Ai Eng - Spendly_ Workspace\data\F&B\test\images\mcd9_png.rf.3e3fe0f0fb655345247327f8b8d98aae.jpg,F&B
c:\file akmal\Capstone - Ai Eng - Spendly_ Workspace\data\_ocr_real_crops\real_0148_line16.png,Rounding,0.9999512356037753,c:\file akmal\Capstone - Ai Eng - Spendly_ Workspace\data\F&B\train\images\solaria1_jpeg.rf.37da04e7560252bcc0b54055cb5c482c.jpg,F&B
c:\file akmal\Capstone - Ai Eng - Spendly_ Workspace\data\_ocr_real_crops\real_0167_line05.png,No 5G026202605020006,0.7693734092940434,c:\file akmal\Capstone - Ai Eng - Spendly_ Workspace\data\F&B\train\images\tongtji7_png.rf.0f83cd1ffb6305f09ad246e8b30a9926.jpg,F&B
c:\file akmal\Capstone - Ai Eng - Spendly_ Workspace\data\_ocr_real_crops\real_0067_line21.png,Saat nomor pesanan,0.9138902557980226,c:\file akmal\Capstone - Ai Eng - Spendly_ Workspace\data\F&B\test\images\mcd9_png.rf.3e3fe0f0fb655345247327f8b8d98aae.jpg,F&B
c:\file akmal\Capstone - Ai Eng - Spendly_ Workspace\data\_ocr_real_crops\real_0060_line00.png,Fore Coffee,0.8973827635581626,c:\file akmal\Capstone - Ai Eng - Spendly_ Workspace\data\F&B\test\images\fore18_png.rf.46a2d607a7721df4e7522131a9871e6b.jpg,F&B
c:\file akmal\Capstone - Ai Eng - Spendly_ Workspace\data\_ocr_real_crops\real_0125_line24.png,tunjukan struk ini,0.9600289424410828,c:\file akmal\Capstone - Ai Eng - Spendly_ Workspace\data\F&B\train\images\mcd5_png.rf.93aaaca69d5616b0be5c8f666570189b.jpg,F&B
c:\file akmal\Capstone - Ai Eng - Spendly_ Workspace\data\_ocr_real_crops\real_0185_line08.png,Nane putri,0.8130736873794444,c:\file akmal\Capstone - Ai Eng - Spendly_ Workspace\data\F&B\valid\images\sbux4_png.rf.9ecb6f0448c60028fe946af20928aa4e.jpg,F&B
c:\file akmal\Capstone - Ai Eng - Spendly_ Workspace\data\_ocr_real_crops\real_0101_line08.png,Subtotoi 63000,0.7530051460390698,c:\file akmal\Capstone - Ai Eng - Spendly_ Workspace\data\F&B\train\images\kopken1_png.rf.68d60d691e2c50c64bf78f5093669f0b.jpg,F&B
c:\file akmal\Capstone - Ai Eng - Spendly_ Workspace\data\_ocr_real_crops\real_0070_line12.png,Hochi Isi Kacang,0.9552397927509966,c:\file akmal\Capstone - Ai Eng - Spendly_ Workspace\data\F&B\test\images\tongtji19_png.rf.5a21bdedc6a324aeaa8b685d2693f978.jpg,F&B
c:\file akmal\Capstone - Ai Eng - Spendly_ Workspace\data\_ocr_real_crops\real_0119_line23.png,tunjukan struk ini,0.9994727509116977,c:\file akmal\Capstone - Ai Eng - Spendly_ Workspace\data\F&B\train\images\mcd19_png.rf.6140f226bed0cf7b55bd5a628dad26a3.jpg,F&B
c:\file akmal\Capstone - Ai Eng - Spendly_ Workspace\data\_ocr_real_crops\real_0194_line02.png,Custoner Care,0.9927192260015206,c:\file akmal\Capstone - Ai Eng - Spendly_ Workspace\data\F&B\valid\images\tongtji10_png.rf.5b83e953fd9868e8fa92f6bc79781996.jpg,F&B
c:\file akmal\Capstone - Ai Eng - Spendly_ Workspace\data\_ocr_real_crops\real_0113_line20.png,saat nomor pesanan,0.8326443487921628,c:\file akmal\Capstone - Ai Eng - Spendly_ Workspace\data\F&B\train\images\mcd10_png.rf.68ff97f01fa2fe77065f1e2c58ad01a4.jpg,F&B
c:\file akmal\Capstone - Ai Eng - Spendly_ Workspace\data\_ocr_real_crops\real_0111_line07.png,Take Away,0.9717199954446857,c:\file akmal\Capstone - Ai Eng - Spendly_ Workspace\data\F&B\train\images\mako6_png.rf.876d59c9d073c92bd7e3088988f6f49d.jpg,F&B
c:\file akmal\Capstone - Ai Eng - Spendly_ Workspace\data\_ocr_real_crops\real_0168_line18.png,QRIS Nobu 31 900,0.8381223837422496,c:\file akmal\Capstone - Ai Eng - Spendly_ Workspace\data\F&B\train\images\tongtji8_png.rf.5ee97c26a454fee582ca03d2f3d3264c.jpg,F&B
c:\file akmal\Capstone - Ai Eng - Spendly_ Workspace\data\_ocr_real_crops\real_0124_line22.png,anda muncul harap,0.7232564819173759,c:\file akmal\Capstone - Ai Eng - Spendly_ Workspace\data\F&B\train\images\mcd4_png.rf.ef0a26f12ea646d62bf91fb17b88c10a.jpg,F&B
c:\file akmal\Capstone - Ai Eng - Spendly_ Workspace\data\_ocr_real_crops\real_0129_line12.png,"Grand Total 53,000",0.8232550502405512,c:\file akmal\Capstone - Ai Eng - Spendly_ Workspace\data\F&B\train\images\sbux11_jpg.rf.67ff38f6921335a8d044ab7bad9561d8.jpg,F&B
c:\file akmal\Capstone - Ai Eng - Spendly_ Workspace\data\_ocr_real_crops\real_0162_line16.png,P81 500,0.9066592974305288,c:\file akmal\Capstone - Ai Eng - Spendly_ Workspace\data\F&B\train\images\tongtji20_png.rf.cb375f3d0f509060c4b1e6a15609ef30.jpg,F&B
c:\file akmal\Capstone - Ai Eng - Spendly_ Workspace\data\_ocr_real_crops\real_0117_line20.png,Saat nomor pesanan,0.9930079503003107,c:\file akmal\Capstone - Ai Eng - Spendly_ Workspace\data\F&B\train\images\mcd16_png.rf.8c8656253b199ed6e07727782a5f6bc8.jpg,F&B
c:\file akmal\Capstone - Ai Eng - Spendly_ Workspace\data\_ocr_real_crops\real_0127_line20.png,Saat nomor pesanan,0.9184938400166609,c:\file akmal\Capstone - Ai Eng - Spendly_ Workspace\data\F&B\train\images\mcd8_png.rf.9d2713188728c716e96e98c48b75d7d9.jpg,F&B
c:\file akmal\Capstone - Ai Eng - Spendly_ Workspace\data\_ocr_real_crops\real_0164_line03.png,WA 085173271938,0.7411700587328596,c:\file akmal\Capstone - Ai Eng - Spendly_ Workspace\data\F&B\train\images\tongtji3_png.rf.117206963311615bebe6676e30799a79.jpg,F&B
c:\file akmal\Capstone - Ai Eng - Spendly_ Workspace\data\_ocr_real_crops\real_0164_line17.png,Grand Total 34 . 100,0.7049198763618296,c:\file akmal\Capstone - Ai Eng - Spendly_ Workspace\data\F&B\train\images\tongtji3_png.rf.117206963311615bebe6676e30799a79.jpg,F&B
c:\file akmal\Capstone - Ai Eng - Spendly_ Workspace\data\_ocr_real_crops\real_0163_line10.png,Hendoan Ala TongTJi,0.7958345561477881,c:\file akmal\Capstone - Ai Eng - Spendly_ Workspace\data\F&B\train\images\tongtji2_png.rf.56cb59370d5c149e40accad94d67b794.jpg,F&B
c:\file akmal\Capstone - Ai Eng - Spendly_ Workspace\data\_ocr_real_crops\real_0193_line08.png,"Sapo Tohu 27,273",0.9595511757978241,c:\file akmal\Capstone - Ai Eng - Spendly_ Workspace\data\F&B\valid\images\solaria8_png.rf.924b94cd644793f6eb29e8999a572f21.jpg,F&B
c:\file akmal\Capstone - Ai Eng - Spendly_ Workspace\data\_ocr_real_crops\real_0136_line16.png,WHIPPED CREAM,0.7888957380417272,c:\file akmal\Capstone - Ai Eng - Spendly_ Workspace\data\F&B\train\images\sbux20_png.rf.c171b5c40b220d75f4ee0015668a26fb.jpg,F&B
c:\file akmal\Capstone - Ai Eng - Spendly_ Workspace\data\_ocr_real_crops\real_0186_line13.png,"TKTOK 48 , 000",0.8597106041967287,c:\file akmal\Capstone - Ai Eng - Spendly_ Workspace\data\F&B\valid\images\sbux5_png.rf.680d6161e9ef04155d85bf93ad3a25b5.jpg,F&B
c:\file akmal\Capstone - Ai Eng - Spendly_ Workspace\data\_ocr_real_crops\real_0116_line24.png,untuk ambi1 pesanan,0.7986129418367275,c:\file akmal\Capstone - Ai Eng - Spendly_ Workspace\data\F&B\train\images\mcd15_png.rf.f7abc87bd55393aee246d76df0fe9657.jpg,F&B
c:\file akmal\Capstone - Ai Eng - Spendly_ Workspace\data\_ocr_real_crops\real_0166_line12.png,1x 02 0oo 2 o0o,0.7585958791377064,c:\file akmal\Capstone - Ai Eng - Spendly_ Workspace\data\F&B\train\images\tongtji5_png.rf.3e272128a3519d4a37a1c02877149984.jpg,F&B
c:\file akmal\Capstone - Ai Eng - Spendly_ Workspace\data\_ocr_real_crops\real_0090_line17.png,Terima Kasih,0.7536467708323902,c:\file akmal\Capstone - Ai Eng - Spendly_ Workspace\data\F&B\train\images\fore16_png.rf.3fce136042f4aad2a98c731af1fbdd74.jpg,F&B
c:\file akmal\Capstone - Ai Eng - Spendly_ Workspace\data\_ocr_real_crops\real_0135_line08.png,"Grand Total 70,000",0.8071731147153844,c:\file akmal\Capstone - Ai Eng - Spendly_ Workspace\data\F&B\train\images\sbux1_jpeg.rf.e42997938a47135985f09b51a0d2981d.jpg,F&B
c:\file akmal\Capstone - Ai Eng - Spendly_ Workspace\data\_ocr_real_crops\real_0122_line14.png,Cash Tendered occo:,0.8119274695355435,c:\file akmal\Capstone - Ai Eng - Spendly_ Workspace\data\F&B\train\images\mcd2_jpg.rf.0793dc489ad927161473e33c96cb7dfa.jpg,F&B
c:\file akmal\Capstone - Ai Eng - Spendly_ Workspace\data\_ocr_real_crops\real_0126_line25.png,untuk ambil pesanan,0.8636098528010411,c:\file akmal\Capstone - Ai Eng - Spendly_ Workspace\data\F&B\train\images\mcd7_png.rf.d85771000bef0fad3e40d4f986c0307b.jpg,F&B
c:\file akmal\Capstone - Ai Eng - Spendly_ Workspace\data\_ocr_real_crops\real_0136_line15.png,BLENDED,0.7619623834391697,c:\file akmal\Capstone - Ai Eng - Spendly_ Workspace\data\F&B\train\images\sbux20_png.rf.c171b5c40b220d75f4ee0015668a26fb.jpg,F&B
c:\file akmal\Capstone - Ai Eng - Spendly_ Workspace\data\_ocr_real_crops\real_0164_line11.png,clear Box 750 M1 oo0,0.8063328442750386,c:\file akmal\Capstone - Ai Eng - Spendly_ Workspace\data\F&B\train\images\tongtji3_png.rf.117206963311615bebe6676e30799a79.jpg,F&B
c:\file akmal\Capstone - Ai Eng - Spendly_ Workspace\data\_ocr_real_crops\real_0156_line14.png,Kentang Goreng,0.9957830049699082,c:\file akmal\Capstone - Ai Eng - Spendly_ Workspace\data\F&B\train\images\tongtji13_png.rf.8c55fc39971b975746b3bc3dbcbda1cd.jpg,F&B
c:\file akmal\Capstone - Ai Eng - Spendly_ Workspace\data\_ocr_real_crops\real_0127_line19.png,Ppu 1 557,0.7801515651213126,c:\file akmal\Capstone - Ai Eng - Spendly_ Workspace\data\F&B\train\images\mcd8_png.rf.9d2713188728c716e96e98c48b75d7d9.jpg,F&B
c:\file akmal\Capstone - Ai Eng - Spendly_ Workspace\data\_ocr_real_crops\real_0093_line00.png,Fore Coffee,0.9933157438678548,c:\file akmal\Capstone - Ai Eng - Spendly_ Workspace\data\F&B\train\images\fore20_png.rf.df375ef2a8ec971bac59cc850438be2f.jpg,F&B
c:\file akmal\Capstone - Ai Eng - Spendly_ Workspace\data\_ocr_real_crops\real_0101_line09.png,Promo 31500,0.942291070451448,c:\file akmal\Capstone - Ai Eng - Spendly_ Workspace\data\F&B\train\images\kopken1_png.rf.68d60d691e2c50c64bf78f5093669f0b.jpg,F&B
c:\file akmal\Capstone - Ai Eng - Spendly_ Workspace\data\_ocr_real_crops\real_0141_line07.png,Purpose TIKTOK,0.7591601972313584,c:\file akmal\Capstone - Ai Eng - Spendly_ Workspace\data\F&B\train\images\sbux8_jpg.rf.6410fe78dd7dc52708e8d78b053f7a41.jpg,F&B
c:\file akmal\Capstone - Ai Eng - Spendly_ Workspace\data\_ocr_real_crops\real_0117_line21.png,anda muncu harap,0.931896792203681,c:\file akmal\Capstone - Ai Eng - Spendly_ Workspace\data\F&B\train\images\mcd16_png.rf.8c8656253b199ed6e07727782a5f6bc8.jpg,F&B
c:\file akmal\Capstone - Ai Eng - Spendly_ Workspace\data\_ocr_real_crops\real_0096_line01.png,Fore Coffee,0.7896607551200414,c:\file akmal\Capstone - Ai Eng - Spendly_ Workspace\data\F&B\train\images\fore5_png.rf.946055e46213c84fec49312754172b3f.jpg,F&B
c:\file akmal\Capstone - Ai Eng - Spendly_ Workspace\data\_ocr_real_crops\real_0118_line22.png,tunjukan struk ini,0.9594950530408176,c:\file akmal\Capstone - Ai Eng - Spendly_ Workspace\data\F&B\train\images\mcd18_png.rf.6d9fe30fc43d48e74b9870d1c800997a.jpg,F&B
c:\file akmal\Capstone - Ai Eng - Spendly_ Workspace\data\_ocr_real_crops\real_0160_line16.png,PB1 5 600,0.844691092697481,c:\file akmal\Capstone - Ai Eng - Spendly_ Workspace\data\F&B\train\images\tongtji18_png.rf.8c8dfe10c3d2cac9f220316fb979d712.jpg,F&B
c:\file akmal\Capstone - Ai Eng - Spendly_ Workspace\data\_ocr_real_crops\real_0166_line17.png,Grand Total 33 00o,0.7975896788640457,c:\file akmal\Capstone - Ai Eng - Spendly_ Workspace\data\F&B\train\images\tongtji5_png.rf.3e272128a3519d4a37a1c02877149984.jpg,F&B
c:\file akmal\Capstone - Ai Eng - Spendly_ Workspace\data\_ocr_real_crops\real_0148_line12.png,"Es Batu 5,456",0.9781812146062886,c:\file akmal\Capstone - Ai Eng - Spendly_ Workspace\data\F&B\train\images\solaria1_jpeg.rf.37da04e7560252bcc0b54055cb5c482c.jpg,F&B
c:\file akmal\Capstone - Ai Eng - Spendly_ Workspace\data\_ocr_real_crops\real_0093_line12.png,SUBTOTAL Rp 31.000,0.721634047571745,c:\file akmal\Capstone - Ai Eng - Spendly_ Workspace\data\F&B\train\images\fore20_png.rf.df375ef2a8ec971bac59cc850438be2f.jpg,F&B
c:\file akmal\Capstone - Ai Eng - Spendly_ Workspace\data\_ocr_real_crops\real_0100_line00.png,Fore Coffee,0.9963240856246577,c:\file akmal\Capstone - Ai Eng - Spendly_ Workspace\data\F&B\train\images\fore9_png.rf.793d0d9ef8825fa9ede4cad4e0bca357.jpg,F&B
c:\file akmal\Capstone - Ai Eng - Spendly_ Workspace\data\_ocr_real_crops\real_0121_line23.png,tunjukan struk ini,0.9989195006587351,c:\file akmal\Capstone - Ai Eng - Spendly_ Workspace\data\F&B\train\images\mcd20_png.rf.e2a115d299db10e7ee01647ea707d83f.jpg,F&B
c:\file akmal\Capstone - Ai Eng - Spendly_ Workspace\data\_ocr_real_crops\real_0121_line21.png,Saat nomor pesanan,0.9146863727189037,c:\file akmal\Capstone - Ai Eng - Spendly_ Workspace\data\F&B\train\images\mcd20_png.rf.e2a115d299db10e7ee01647ea707d83f.jpg,F&B
c:\file akmal\Capstone - Ai Eng - Spendly_ Workspace\data\_ocr_real_crops\real_0128_line12.png,"Grand Total 61,000",0.9101091090485505,c:\file akmal\Capstone - Ai Eng - Spendly_ Workspace\data\F&B\train\images\sbux10_jpg.rf.555aa04bffedbb5553f50465ef6f4deb.jpg,F&B
c:\file akmal\Capstone - Ai Eng - Spendly_ Workspace\data\_ocr_real_crops\real_0138_line08.png,tem,0.7295848195782731,c:\file akmal\Capstone - Ai Eng - Spendly_ Workspace\data\F&B\train\images\sbux3_jpeg.rf.4028f7172a333be7f79c8a3f0c75fc38.jpg,F&B
c:\file akmal\Capstone - Ai Eng - Spendly_ Workspace\data\_ocr_real_crops\real_0092_line06.png,Pick up Order,0.7184234952199285,c:\file akmal\Capstone - Ai Eng - Spendly_ Workspace\data\F&B\train\images\fore1_jpeg.rf.7e9eb12ed553a9f777d59744a2695e32.jpg,F&B
c:\file akmal\Capstone - Ai Eng - Spendly_ Workspace\data\_ocr_real_crops\real_0184_line11.png,iten,0.7973425984382629,c:\file akmal\Capstone - Ai Eng - Spendly_ Workspace\data\F&B\valid\images\sbux18_jpg.rf.895a80603f455a441448b33cf2ef5cc0.jpg,F&B
c:\file akmal\Capstone - Ai Eng - Spendly_ Workspace\data\_ocr_real_crops\real_0136_line10.png,GRANDE 52 o00,0.7960298224428906,c:\file akmal\Capstone - Ai Eng - Spendly_ Workspace\data\F&B\train\images\sbux20_png.rf.c171b5c40b220d75f4ee0015668a26fb.jpg,F&B
c:\file akmal\Capstone - Ai Eng - Spendly_ Workspace\data\_ocr_real_crops\real_0194_line07.png,Purpose Take Away,0.9657639493761616,c:\file akmal\Capstone - Ai Eng - Spendly_ Workspace\data\F&B\valid\images\tongtji10_png.rf.5b83e953fd9868e8fa92f6bc79781996.jpg,F&B
c:\file akmal\Capstone - Ai Eng - Spendly_ Workspace\data\_ocr_real_crops\real_0113_line21.png,anda muncu harap,0.9230613845996225,c:\file akmal\Capstone - Ai Eng - Spendly_ Workspace\data\F&B\train\images\mcd10_png.rf.68ff97f01fa2fe77065f1e2c58ad01a4.jpg,F&B
c:\file akmal\Capstone - Ai Eng - Spendly_ Workspace\data\_ocr_real_crops\real_0151_line11.png,"Pbl 1096 8,455",0.9513014906094033,c:\file akmal\Capstone - Ai Eng - Spendly_ Workspace\data\F&B\train\images\solaria3_png.rf.fd04e3dc499edc690832771c4e7d5531.jpg,F&B
c:\file akmal\Capstone - Ai Eng - Spendly_ Workspace\data\_ocr_real_crops\real_0169_line17.png,Grand Total 30-800,0.8832616972610609,c:\file akmal\Capstone - Ai Eng - Spendly_ Workspace\data\F&B\train\images\tongtji9_png.rf.8bc32cb2106b1351a6b5897ab148e88a.jpg,F&B
c:\file akmal\Capstone - Ai Eng - Spendly_ Workspace\data\_ocr_real_crops\real_0182_line11.png,Hcchickon 22 000,0.9413425631686724,c:\file akmal\Capstone - Ai Eng - Spendly_ Workspace\data\F&B\valid\images\mcd17_png.rf.11dc4e868d2e23033fd77a8ee5f08a2b.jpg,F&B
c:\file akmal\Capstone - Ai Eng - Spendly_ Workspace\data\_ocr_real_crops\real_0162_line12.png,Chicken Katsu,0.996900842143406,c:\file akmal\Capstone - Ai Eng - Spendly_ Workspace\data\F&B\train\images\tongtji20_png.rf.cb375f3d0f509060c4b1e6a15609ef30.jpg,F&B
c:\file akmal\Capstone - Ai Eng - Spendly_ Workspace\data\_ocr_real_crops\real_0167_line17.png,Grand Total 35 200,0.9911420634922662,c:\file akmal\Capstone - Ai Eng - Spendly_ Workspace\data\F&B\train\images\tongtji7_png.rf.0f83cd1ffb6305f09ad246e8b30a9926.jpg,F&B
c:\file akmal\Capstone - Ai Eng - Spendly_ Workspace\data\_ocr_real_crops\real_0137_line17.png,"Grand Total 70,000",0.7269518882196618,c:\file akmal\Capstone - Ai Eng - Spendly_ Workspace\data\F&B\train\images\sbux2_jpeg.rf.ef4412e2eaa7cd0231873f038517751d.jpg,F&B
c:\file akmal\Capstone - Ai Eng - Spendly_ Workspace\data\_ocr_real_crops\real_0141_line13.png,"TIKTOK 65 , O00",0.768281702207295,c:\file akmal\Capstone - Ai Eng - Spendly_ Workspace\data\F&B\train\images\sbux8_jpg.rf.6410fe78dd7dc52708e8d78b053f7a41.jpg,F&B
c:\file akmal\Capstone - Ai Eng - Spendly_ Workspace\data\_ocr_real_crops\real_0142_line08.png,Name Lia,0.7874550256231901,c:\file akmal\Capstone - Ai Eng - Spendly_ Workspace\data\F&B\train\images\sbux9_jpg.rf.1888a22ab7a3a662796fd1a5c54d3251.jpg,F&B
c:\file akmal\Capstone - Ai Eng - Spendly_ Workspace\data\_ocr_real_crops\real_0156_line17.png,PB1 300,0.7263419327578324,c:\file akmal\Capstone - Ai Eng - Spendly_ Workspace\data\F&B\train\images\tongtji13_png.rf.8c55fc39971b975746b3bc3dbcbda1cd.jpg,F&B
c:\file akmal\Capstone - Ai Eng - Spendly_ Workspace\data\_ocr_real_crops\real_0165_line07.png,Purpose Take Away,0.9815186935711576,c:\file akmal\Capstone - Ai Eng - Spendly_ Workspace\data\F&B\train\images\tongtji4_png.rf.aebf9b7894862bbf726a1f249676d75c.jpg,F&B
c:\file akmal\Capstone - Ai Eng - Spendly_ Workspace\data\_ocr_real_crops\real_0196_line18.png,ORIS Nobu 69 300,0.8910846695804815,c:\file akmal\Capstone - Ai Eng - Spendly_ Workspace\data\F&B\valid\images\tongtji17_png.rf.b7c723fa528d8ea8b2a8c2859036e604.jpg,F&B
c:\file akmal\Capstone - Ai Eng - Spendly_ Workspace\data\_ocr_real_crops\real_0070_line10.png,Green Tea Latte H1,0.8483246311221906,c:\file akmal\Capstone - Ai Eng - Spendly_ Workspace\data\F&B\test\images\tongtji19_png.rf.5a21bdedc6a324aeaa8b685d2693f978.jpg,F&B
c:\file akmal\Capstone - Ai Eng - Spendly_ Workspace\data\_ocr_real_crops\real_0127_line22.png,tunjukan struk ini,0.9953238836206034,c:\file akmal\Capstone - Ai Eng - Spendly_ Workspace\data\F&B\train\images\mcd8_png.rf.9d2713188728c716e96e98c48b75d7d9.jpg,F&B
c:\file akmal\Capstone - Ai Eng - Spendly_ Workspace\data\_ocr_real_crops\real_0116_line22.png,anda muncu harap,0.8744287223413231,c:\file akmal\Capstone - Ai Eng - Spendly_ Workspace\data\F&B\train\images\mcd15_png.rf.f7abc87bd55393aee246d76df0fe9657.jpg,F&B
c:\file akmal\Capstone - Ai Eng - Spendly_ Workspace\data\_ocr_real_crops\real_0164_line08.png,Cashier Hega Puspita,0.9470599724787219,c:\file akmal\Capstone - Ai Eng - Spendly_ Workspace\data\F&B\train\images\tongtji3_png.rf.117206963311615bebe6676e30799a79.jpg,F&B
c:\file akmal\Capstone - Ai Eng - Spendly_ Workspace\data\_ocr_real_crops\real_0176_line06.png,Take Awuy,0.707738753011478,c:\file akmal\Capstone - Ai Eng - Spendly_ Workspace\data\F&B\valid\images\mako10_png.rf.71b04da7fe9bd165954c3c101db8c1f8.jpg,F&B
c:\file akmal\Capstone - Ai Eng - Spendly_ Workspace\data\_ocr_real_crops\real_0155_line04.png,HA 085173271938,0.9230524706212242,c:\file akmal\Capstone - Ai Eng - Spendly_ Workspace\data\F&B\train\images\tongtji12_png.rf.35f66821321fbe23066ded225dc8301a.jpg,F&B
c:\file akmal\Capstone - Ai Eng - Spendly_ Workspace\data\_ocr_real_crops\real_0168_line02.png,Customer Care,0.780743310370301,c:\file akmal\Capstone - Ai Eng - Spendly_ Workspace\data\F&B\train\images\tongtji8_png.rf.5ee97c26a454fee582ca03d2f3d3264c.jpg,F&B
c:\file akmal\Capstone - Ai Eng - Spendly_ Workspace\data\_ocr_real_crops\real_0088_line00.png,Fore Coffee,0.965318424537569,c:\file akmal\Capstone - Ai Eng - Spendly_ Workspace\data\F&B\train\images\fore14_png.rf.5c25c5212ad104c85909207234a069c8.jpg,F&B
c:\file akmal\Capstone - Ai Eng - Spendly_ Workspace\data\_ocr_real_crops\real_0184_line12.png,"Grand  Total 55,000",0.9406144640200779,c:\file akmal\Capstone - Ai Eng - Spendly_ Workspace\data\F&B\valid\images\sbux18_jpg.rf.895a80603f455a441448b33cf2ef5cc0.jpg,F&B
c:\file akmal\Capstone - Ai Eng - Spendly_ Workspace\data\_ocr_real_crops\real_0138_line04.png,Purpose TIKTOK,0.8971923237897944,c:\file akmal\Capstone - Ai Eng - Spendly_ Workspace\data\F&B\train\images\sbux3_jpeg.rf.4028f7172a333be7f79c8a3f0c75fc38.jpg,F&B
c:\file akmal\Capstone - Ai Eng - Spendly_ Workspace\data\_ocr_real_crops\real_0101_line14.png,Sukma 02 Mar 2026,0.8953087393914072,c:\file akmal\Capstone - Ai Eng - Spendly_ Workspace\data\F&B\train\images\kopken1_png.rf.68d60d691e2c50c64bf78f5093669f0b.jpg,F&B
c:\file akmal\Capstone - Ai Eng - Spendly_ Workspace\data\_ocr_real_crops\real_0095_line05.png,1769,0.9950603246688843,c:\file akmal\Capstone - Ai Eng - Spendly_ Workspace\data\F&B\train\images\fore4_png.rf.9c643a8e09f6fc9816d97e5547809580.jpg,F&B
c:\file akmal\Capstone - Ai Eng - Spendly_ Workspace\data\_ocr_real_crops\real_0183_line05.png,Date 07 05-2026 1256,0.7784470965876656,c:\file akmal\Capstone - Ai Eng - Spendly_ Workspace\data\F&B\valid\images\sbux17_jpg.rf.dccf583976fd9b874853ca03200f65e5.jpg,F&B
c:\file akmal\Capstone - Ai Eng - Spendly_ Workspace\data\_ocr_real_crops\real_0142_line00.png,STARBUCKS,0.9838866821521826,c:\file akmal\Capstone - Ai Eng - Spendly_ Workspace\data\F&B\train\images\sbux9_jpg.rf.1888a22ab7a3a662796fd1a5c54d3251.jpg,F&B
c:\file akmal\Capstone - Ai Eng - Spendly_ Workspace\data\_ocr_real_crops\real_0163_line08.png,Purpose 2 Take Anay,0.8394719163814264,c:\file akmal\Capstone - Ai Eng - Spendly_ Workspace\data\F&B\train\images\tongtji2_png.rf.56cb59370d5c149e40accad94d67b794.jpg,F&B
c:\file akmal\Capstone - Ai Eng - Spendly_ Workspace\data\_ocr_real_crops\real_0118_line20.png,Saat nomor pesanan,0.9975886160102748,c:\file akmal\Capstone - Ai Eng - Spendly_ Workspace\data\F&B\train\images\mcd18_png.rf.6d9fe30fc43d48e74b9870d1c800997a.jpg,F&B
c:\file akmal\Capstone - Ai Eng - Spendly_ Workspace\data\_ocr_real_crops\real_0164_line18.png,ORIS Nobu 34 1c0,0.7393482482383771,c:\file akmal\Capstone - Ai Eng - Spendly_ Workspace\data\F&B\train\images\tongtji3_png.rf.117206963311615bebe6676e30799a79.jpg,F&B
c:\file akmal\Capstone - Ai Eng - Spendly_ Workspace\data\_ocr_real_crops\real_0070_line13.png,1x 215 0o 15 0oo,0.7544567166136,c:\file akmal\Capstone - Ai Eng - Spendly_ Workspace\data\F&B\test\images\tongtji19_png.rf.5a21bdedc6a324aeaa8b685d2693f978.jpg,F&B
c:\file akmal\Capstone - Ai Eng - Spendly_ Workspace\data\_ocr_real_crops\real_0158_line08.png,Purpose 2 Take Away,0.9802862078793413,c:\file akmal\Capstone - Ai Eng - Spendly_ Workspace\data\F&B\train\images\tongtji15_png.rf.75f0eae35d53cb3ed1f43c74ad84625a.jpg,F&B
c:\file akmal\Capstone - Ai Eng - Spendly_ Workspace\data\_ocr_real_crops\real_0128_line07.png,Purpose TKTOK,0.8288870313392495,c:\file akmal\Capstone - Ai Eng - Spendly_ Workspace\data\F&B\train\images\sbux10_jpg.rf.555aa04bffedbb5553f50465ef6f4deb.jpg,F&B
c:\file akmal\Capstone - Ai Eng - Spendly_ Workspace\data\_ocr_real_crops\real_0155_line08.png,Purpose Take Away,0.8811187459169609,c:\file akmal\Capstone - Ai Eng - Spendly_ Workspace\data\F&B\train\images\tongtji12_png.rf.35f66821321fbe23066ded225dc8301a.jpg,F&B
c:\file akmal\Capstone - Ai Eng - Spendly_ Workspace\data\_ocr_real_crops\real_0117_line22.png,tunjukan struk ini,0.9935877929125297,c:\file akmal\Capstone - Ai Eng - Spendly_ Workspace\data\F&B\train\images\mcd16_png.rf.8c8656253b199ed6e07727782a5f6bc8.jpg,F&B
c:\file akmal\Capstone - Ai Eng - Spendly_ Workspace\data\_ocr_real_crops\real_0166_line16.png,PB1 3.00o,0.7858402769899332,c:\file akmal\Capstone - Ai Eng - Spendly_ Workspace\data\F&B\train\images\tongtji5_png.rf.3e272128a3519d4a37a1c02877149984.jpg,F&B
c:\file akmal\Capstone - Ai Eng - Spendly_ Workspace\data\_ocr_real_crops\real_0117_line23.png,untuk ambi1 pesanan,0.9767076298255777,c:\file akmal\Capstone - Ai Eng - Spendly_ Workspace\data\F&B\train\images\mcd16_png.rf.8c8656253b199ed6e07727782a5f6bc8.jpg,F&B
c:\file akmal\Capstone - Ai Eng - Spendly_ Workspace\data\_ocr_real_crops\real_0157_line05.png,IG tongt jiteahouse,0.7530862891884146,c:\file akmal\Capstone - Ai Eng - Spendly_ Workspace\data\F&B\train\images\tongtji14_png.rf.7321bba6ec8505b5cdf1ab4819a28692.jpg,F&B
c:\file akmal\Capstone - Ai Eng - Spendly_ Workspace\data\_ocr_real_crops\real_0153_line09.png,"Es Ten Hanis 7,276",0.8601981225291595,c:\file akmal\Capstone - Ai Eng - Spendly_ Workspace\data\F&B\train\images\solaria6_png.rf.7b0e93c8d4b5237145a1059cdc7f6733.jpg,F&B
c:\file akmal\Capstone - Ai Eng - Spendly_ Workspace\data\_ocr_real_crops\real_0114_line08.png,HFY side,0.9237675129044065,c:\file akmal\Capstone - Ai Eng - Spendly_ Workspace\data\F&B\train\images\mcd11_png.rf.c950096c4831dd57d3be70e36fe2555a.jpg,F&B
c:\file akmal\Capstone - Ai Eng - Spendly_ Workspace\data\_ocr_real_crops\real_0164_line02.png,Custoner Care,0.9864043412959734,c:\file akmal\Capstone - Ai Eng - Spendly_ Workspace\data\F&B\train\images\tongtji3_png.rf.117206963311615bebe6676e30799a79.jpg,F&B
c:\file akmal\Capstone - Ai Eng - Spendly_ Workspace\data\_ocr_real_crops\real_0097_line04.png,2415,0.7103685612365384,c:\file akmal\Capstone - Ai Eng - Spendly_ Workspace\data\F&B\train\images\fore6_png.rf.66eaee8a86ab8f5ba67049c3fe851559.jpg,F&B
c:\file akmal\Capstone - Ai Eng - Spendly_ Workspace\data\_ocr_real_crops\real_0117_line17.png,"Net Sales 69,091",0.804447982415193,c:\file akmal\Capstone - Ai Eng - Spendly_ Workspace\data\F&B\train\images\mcd16_png.rf.8c8656253b199ed6e07727782a5f6bc8.jpg,F&B
c:\file akmal\Capstone - Ai Eng - Spendly_ Workspace\data\_ocr_real_crops\real_0136_line23.png,CHUNK COOKIE 28 ooo,0.7112161938473583,c:\file akmal\Capstone - Ai Eng - Spendly_ Workspace\data\F&B\train\images\sbux20_png.rf.c171b5c40b220d75f4ee0015668a26fb.jpg,F&B
c:\file akmal\Capstone - Ai Eng - Spendly_ Workspace\data\_ocr_real_crops\real_0157_line15.png,Grand Total 39 600,0.8826387372730649,c:\file akmal\Capstone - Ai Eng - Spendly_ Workspace\data\F&B\train\images\tongtji14_png.rf.7321bba6ec8505b5cdf1ab4819a28692.jpg,F&B
c:\file akmal\Capstone - Ai Eng - Spendly_ Workspace\data\_ocr_real_crops\real_0097_line13.png,Nersales R 21818,0.7550587922453017,c:\file akmal\Capstone - Ai Eng - Spendly_ Workspace\data\F&B\train\images\fore6_png.rf.66eaee8a86ab8f5ba67049c3fe851559.jpg,F&B
c:\file akmal\Capstone - Ai Eng - Spendly_ Workspace\data\_ocr_real_crops\real_0185_line07.png,Purpose TIKTOK,0.8471063984296447,c:\file akmal\Capstone - Ai Eng - Spendly_ Workspace\data\F&B\valid\images\sbux4_png.rf.9ecb6f0448c60028fe946af20928aa4e.jpg,F&B
c:\file akmal\Capstone - Ai Eng - Spendly_ Workspace\data\_ocr_real_crops\real_0114_line00.png,6722,0.9999481439590454,c:\file akmal\Capstone - Ai Eng - Spendly_ Workspace\data\F&B\train\images\mcd11_png.rf.c950096c4831dd57d3be70e36fe2555a.jpg,F&B
c:\file akmal\Capstone - Ai Eng - Spendly_ Workspace\data\_ocr_real_crops\real_0126_line00.png,9127,0.9999908804893494,c:\file akmal\Capstone - Ai Eng - Spendly_ Workspace\data\F&B\train\images\mcd7_png.rf.d85771000bef0fad3e40d4f986c0307b.jpg,F&B
c:\file akmal\Capstone - Ai Eng - Spendly_ Workspace\data\_ocr_real_crops\real_0129_line10.png,HOT,0.7085496600875122,c:\file akmal\Capstone - Ai Eng - Spendly_ Workspace\data\F&B\train\images\sbux11_jpg.rf.67ff38f6921335a8d044ab7bad9561d8.jpg,F&B
c:\file akmal\Capstone - Ai Eng - Spendly_ Workspace\data\_ocr_real_crops\real_0137_line14.png,LEMONADE REFRESHERS,0.8414694833605452,c:\file akmal\Capstone - Ai Eng - Spendly_ Workspace\data\F&B\train\images\sbux2_jpeg.rf.ef4412e2eaa7cd0231873f038517751d.jpg,F&B
c:\file akmal\Capstone - Ai Eng - Spendly_ Workspace\data\_ocr_real_crops\real_0157_line04.png,Ka 085173271928,0.8280578367806211,c:\file akmal\Capstone - Ai Eng - Spendly_ Workspace\data\F&B\train\images\tongtji14_png.rf.7321bba6ec8505b5cdf1ab4819a28692.jpg,F&B
c:\file akmal\Capstone - Ai Eng - Spendly_ Workspace\data\_ocr_real_crops\real_0195_line14.png,1x e0,0.7385973978614094,c:\file akmal\Capstone - Ai Eng - Spendly_ Workspace\data\F&B\valid\images\tongtji11_png.rf.908147c8f74bfffa89ad9d0d51f462a1.jpg,F&B
c:\file akmal\Capstone - Ai Eng - Spendly_ Workspace\data\_ocr_real_crops\real_0162_line01.png,TongTji,0.7162873323363896,c:\file akmal\Capstone - Ai Eng - Spendly_ Workspace\data\F&B\train\images\tongtji20_png.rf.cb375f3d0f509060c4b1e6a15609ef30.jpg,F&B
c:\file akmal\Capstone - Ai Eng - Spendly_ Workspace\data\_ocr_real_crops\real_0156_line13.png,1x 816.00o 16 00o,0.7534697467555552,c:\file akmal\Capstone - Ai Eng - Spendly_ Workspace\data\F&B\train\images\tongtji13_png.rf.8c55fc39971b975746b3bc3dbcbda1cd.jpg,F&B
c:\file akmal\Capstone - Ai Eng - Spendly_ Workspace\data\_ocr_real_crops\real_0167_line07.png,Purpose Take Away,0.9426286440297061,c:\file akmal\Capstone - Ai Eng - Spendly_ Workspace\data\F&B\train\images\tongtji7_png.rf.0f83cd1ffb6305f09ad246e8b30a9926.jpg,F&B
c:\file akmal\Capstone - Ai Eng - Spendly_ Workspace\data\_ocr_real_crops\real_0195_line02.png,Custoner Care,0.999384817418626,c:\file akmal\Capstone - Ai Eng - Spendly_ Workspace\data\F&B\valid\images\tongtji11_png.rf.908147c8f74bfffa89ad9d0d51f462a1.jpg,F&B
c:\file akmal\Capstone - Ai Eng - Spendly_ Workspace\data\_ocr_real_crops\real_0114_line17.png,Change,0.775044436714366,c:\file akmal\Capstone - Ai Eng - Spendly_ Workspace\data\F&B\train\images\mcd11_png.rf.c950096c4831dd57d3be70e36fe2555a.jpg,F&B
c:\file akmal\Capstone - Ai Eng - Spendly_ Workspace\data\_ocr_real_crops\real_0194_line04.png,IG tongt jiteahouse,0.8886096270186017,c:\file akmal\Capstone - Ai Eng - Spendly_ Workspace\data\F&B\valid\images\tongtji10_png.rf.5b83e953fd9868e8fa92f6bc79781996.jpg,F&B
c:\file akmal\Capstone - Ai Eng - Spendly_ Workspace\data\_ocr_real_crops\real_0134_line00.png,STARBUCKS,0.8717523396808805,c:\file akmal\Capstone - Ai Eng - Spendly_ Workspace\data\F&B\train\images\sbux19_png.rf.3653ac28f03f3a8171ed072ef1d921cc.jpg,F&B
c:\file akmal\Capstone - Ai Eng - Spendly_ Workspace\data\_ocr_real_crops\real_0174_line17.png,Terima Kasih,0.9995080154414445,c:\file akmal\Capstone - Ai Eng - Spendly_ Workspace\data\F&B\valid\images\fore12_png.rf.e413d771abdfbbe23e28e063a2978086.jpg,F&B
c:\file akmal\Capstone - Ai Eng - Spendly_ Workspace\data\_ocr_real_crops\real_0133_line10.png,ICED,0.9868805913987869,c:\file akmal\Capstone - Ai Eng - Spendly_ Workspace\data\F&B\train\images\sbux16_jpg.rf.6a300cd68ead4cc056015853010b25c7.jpg,F&B
c:\file akmal\Capstone - Ai Eng - Spendly_ Workspace\data\_ocr_real_crops\real_0114_line24.png,untuk ambi pesanan,0.9152941182040258,c:\file akmal\Capstone - Ai Eng - Spendly_ Workspace\data\F&B\train\images\mcd11_png.rf.c950096c4831dd57d3be70e36fe2555a.jpg,F&B
c:\file akmal\Capstone - Ai Eng - Spendly_ Workspace\data\_ocr_real_crops\real_0175_line05.png,1458,0.9999756217002869,c:\file akmal\Capstone - Ai Eng - Spendly_ Workspace\data\F&B\valid\images\fore3_png.rf.097cd8946f2548ca52acfdda25962d20.jpg,F&B
c:\file akmal\Capstone - Ai Eng - Spendly_ Workspace\data\_ocr_real_crops\real_0154_line14.png,Rounding,0.9993885403725745,c:\file akmal\Capstone - Ai Eng - Spendly_ Workspace\data\F&B\train\images\solaria9_png.rf.f992a23ed257d0ec548f127f32b70567.jpg,F&B
c:\file akmal\Capstone - Ai Eng - Spendly_ Workspace\data\_ocr_real_crops\real_0182_line00.png,6309,0.999057948589325,c:\file akmal\Capstone - Ai Eng - Spendly_ Workspace\data\F&B\valid\images\mcd17_png.rf.11dc4e868d2e23033fd77a8ee5f08a2b.jpg,F&B
c:\file akmal\Capstone - Ai Eng - Spendly_ Workspace\data\_ocr_real_crops\real_0164_line13.png,Sauce Cup 25 H1,0.8007002316296503,c:\file akmal\Capstone - Ai Eng - Spendly_ Workspace\data\F&B\train\images\tongtji3_png.rf.117206963311615bebe6676e30799a79.jpg,F&B
c:\file akmal\Capstone - Ai Eng - Spendly_ Workspace\data\_ocr_real_crops\real_0169_line09.png,Mendoan Ala Tongtji,0.7351773381510992,c:\file akmal\Capstone - Ai Eng - Spendly_ Workspace\data\F&B\train\images\tongtji9_png.rf.8bc32cb2106b1351a6b5897ab148e88a.jpg,F&B
c:\file akmal\Capstone - Ai Eng - Spendly_ Workspace\data\_ocr_real_crops\real_0162_line13.png,Nugget,0.9359535712322012,c:\file akmal\Capstone - Ai Eng - Spendly_ Workspace\data\F&B\train\images\tongtji20_png.rf.cb375f3d0f509060c4b1e6a15609ef30.jpg,F&B
c:\file akmal\Capstone - Ai Eng - Spendly_ Workspace\data\_ocr_real_crops\real_0155_line12.png,Cireng Tong Tji,0.8856492160657138,c:\file akmal\Capstone - Ai Eng - Spendly_ Workspace\data\F&B\train\images\tongtji12_png.rf.35f66821321fbe23066ded225dc8301a.jpg,F&B
c:\file akmal\Capstone - Ai Eng - Spendly_ Workspace\data\_ocr_real_crops\real_0152_line11.png,"Pb: 1096 9,455",0.726309012003635,c:\file akmal\Capstone - Ai Eng - Spendly_ Workspace\data\F&B\train\images\solaria5_png.rf.c3caacf042b45836fffb7ab91a52bdcc.jpg,F&B
c:\file akmal\Capstone - Ai Eng - Spendly_ Workspace\data\_ocr_real_crops\real_0163_line18.png,Grand Total 31 900,0.9084626556821151,c:\file akmal\Capstone - Ai Eng - Spendly_ Workspace\data\F&B\train\images\tongtji2_png.rf.56cb59370d5c149e40accad94d67b794.jpg,F&B
c:\file akmal\Capstone - Ai Eng - Spendly_ Workspace\data\_ocr_real_crops\real_0160_line18.png,CRIS Nobu 61 600,0.9308821599128038,c:\file akmal\Capstone - Ai Eng - Spendly_ Workspace\data\F&B\train\images\tongtji18_png.rf.8c8dfe10c3d2cac9f220316fb979d712.jpg,F&B
c:\file akmal\Capstone - Ai Eng - Spendly_ Workspace\data\_ocr_real_crops\real_0103_line15.png,Chock Clocod,0.7177668881273261,c:\file akmal\Capstone - Ai Eng - Spendly_ Workspace\data\F&B\train\images\mako12_png.rf.429785457dbcd40e5c3b4b2c6c717643.jpg,F&B
c:\file akmal\Capstone - Ai Eng - Spendly_ Workspace\data\_ocr_real_crops\real_0125_line22.png,Saat nomor pesanan,0.8935671388361769,c:\file akmal\Capstone - Ai Eng - Spendly_ Workspace\data\F&B\train\images\mcd5_png.rf.93aaaca69d5616b0be5c8f666570189b.jpg,F&B
c:\file akmal\Capstone - Ai Eng - Spendly_ Workspace\data\_ocr_real_crops\real_0157_line08.png,Purpose 2 Take Away,0.9678606112236559,c:\file akmal\Capstone - Ai Eng - Spendly_ Workspace\data\F&B\train\images\tongtji14_png.rf.7321bba6ec8505b5cdf1ab4819a28692.jpg,F&B
c:\file akmal\Capstone - Ai Eng - Spendly_ Workspace\data\_ocr_real_crops\real_0168_line17.png,Grand Total 31 . 900,0.8908362551903392,c:\file akmal\Capstone - Ai Eng - Spendly_ Workspace\data\F&B\train\images\tongtji8_png.rf.5ee97c26a454fee582ca03d2f3d3264c.jpg,F&B
c:\file akmal\Capstone - Ai Eng - Spendly_ Workspace\data\_ocr_real_crops\real_0159_line14.png,Kentang Sois 17 0oO,0.8381173055924944,c:\file akmal\Capstone - Ai Eng - Spendly_ Workspace\data\F&B\train\images\tongtji16_png.rf.e094678e0fbc2f53b0d4e87592ceaf03.jpg,F&B
c:\file akmal\Capstone - Ai Eng - Spendly_ Workspace\data\_ocr_real_crops\real_0196_line03.png,Custorer Care,0.9865126982068289,c:\file akmal\Capstone - Ai Eng - Spendly_ Workspace\data\F&B\valid\images\tongtji17_png.rf.b7c723fa528d8ea8b2a8c2859036e604.jpg,F&B
c:\file akmal\Capstone - Ai Eng - Spendly_ Workspace\data\_ocr_real_crops\real_0163_line05.png,IG tcngtjiteahouse,0.8645606911943172,c:\file akmal\Capstone - Ai Eng - Spendly_ Workspace\data\F&B\train\images\tongtji2_png.rf.56cb59370d5c149e40accad94d67b794.jpg,F&B
c:\file akmal\Capstone - Ai Eng - Spendly_ Workspace\data\_ocr_real_crops\real_0136_line08.png,Nae,0.9736460090322449,c:\file akmal\Capstone - Ai Eng - Spendly_ Workspace\data\F&B\train\images\sbux20_png.rf.c171b5c40b220d75f4ee0015668a26fb.jpg,F&B
c:\file akmal\Capstone - Ai Eng - Spendly_ Workspace\data\_ocr_real_crops\real_0184_line08.png,Name dinda,0.9390609186840332,c:\file akmal\Capstone - Ai Eng - Spendly_ Workspace\data\F&B\valid\images\sbux18_jpg.rf.895a80603f455a441448b33cf2ef5cc0.jpg,F&B
c:\file akmal\Capstone - Ai Eng - Spendly_ Workspace\data\_ocr_real_crops\real_0157_line16.png,ORIS Nobu 39 600,0.9337765279004575,c:\file akmal\Capstone - Ai Eng - Spendly_ Workspace\data\F&B\train\images\tongtji14_png.rf.7321bba6ec8505b5cdf1ab4819a28692.jpg,F&B
c:\file akmal\Capstone - Ai Eng - Spendly_ Workspace\data\_ocr_real_crops\real_0121_line22.png,anda muncu harap,0.9482393198232115,c:\file akmal\Capstone - Ai Eng - Spendly_ Workspace\data\F&B\train\images\mcd20_png.rf.e2a115d299db10e7ee01647ea707d83f.jpg,F&B
c:\file akmal\Capstone - Ai Eng - Spendly_ Workspace\data\_ocr_real_crops\real_0115_line24.png,untuk ambi1 pesanan,0.8629498204217411,c:\file akmal\Capstone - Ai Eng - Spendly_ Workspace\data\F&B\train\images\mcd12_png.rf.4d5c9dca7be5c9f2432f3011a222f19c.jpg,F&B
c:\file akmal\Capstone - Ai Eng - Spendly_ Workspace\data\_ocr_real_crops\real_0127_line23.png,untuk ambi1 pesanan,0.918593400243957,c:\file akmal\Capstone - Ai Eng - Spendly_ Workspace\data\F&B\train\images\mcd8_png.rf.9d2713188728c716e96e98c48b75d7d9.jpg,F&B
c:\file akmal\Capstone - Ai Eng - Spendly_ Workspace\data\_ocr_real_crops\real_0140_line07.png,Purpose TIKTOK,0.703858763500778,c:\file akmal\Capstone - Ai Eng - Spendly_ Workspace\data\F&B\train\images\sbux7_jpg.rf.026b93dbbebb141d07bffe8dee823658.jpg,F&B
c:\file akmal\Capstone - Ai Eng - Spendly_ Workspace\data\_ocr_real_crops\real_0136_line07.png,Purdose DINE IN,0.7316510203560602,c:\file akmal\Capstone - Ai Eng - Spendly_ Workspace\data\F&B\train\images\sbux20_png.rf.c171b5c40b220d75f4ee0015668a26fb.jpg,F&B
c:\file akmal\Capstone - Ai Eng - Spendly_ Workspace\data\_ocr_real_crops\real_0112_line00.png,UG MAKO,0.7230664146902375,c:\file akmal\Capstone - Ai Eng - Spendly_ Workspace\data\F&B\train\images\mako7_png.rf.74b21e23fc87b8dfb143f6c9d86c2b55.jpg,F&B
c:\file akmal\Capstone - Ai Eng - Spendly_ Workspace\data\_ocr_real_crops\real_0113_line22.png,tunjukan struk ini,0.9465077056116632,c:\file akmal\Capstone - Ai Eng - Spendly_ Workspace\data\F&B\train\images\mcd10_png.rf.68ff97f01fa2fe77065f1e2c58ad01a4.jpg,F&B
c:\file akmal\Capstone - Ai Eng - Spendly_ Workspace\data\_ocr_real_crops\real_0161_line17.png,PB1 2 900,0.9571515061956363,c:\file akmal\Capstone - Ai Eng - Spendly_ Workspace\data\F&B\train\images\tongtji1_jpeg.rf.bdd21bb1162439a1bc0da09ad061675a.jpg,F&B
c:\file akmal\Capstone - Ai Eng - Spendly_ Workspace\data\_ocr_real_crops\real_0134_line01.png,THE PARK SEMARANG,0.9316180750774258,c:\file akmal\Capstone - Ai Eng - Spendly_ Workspace\data\F&B\train\images\sbux19_png.rf.3653ac28f03f3a8171ed072ef1d921cc.jpg,F&B
c:\file akmal\Capstone - Ai Eng - Spendly_ Workspace\data\_ocr_real_crops\real_0168_line03.png,WA 085173271938,0.8828198145473105,c:\file akmal\Capstone - Ai Eng - Spendly_ Workspace\data\F&B\train\images\tongtji8_png.rf.5ee97c26a454fee582ca03d2f3d3264c.jpg,F&B
c:\file akmal\Capstone - Ai Eng - Spendly_ Workspace\data\_ocr_real_crops\real_0160_line09.png,Cashier Dita Puspita,0.9007193696535927,c:\file akmal\Capstone - Ai Eng - Spendly_ Workspace\data\F&B\train\images\tongtji18_png.rf.8c8dfe10c3d2cac9f220316fb979d712.jpg,F&B
c:\file akmal\Capstone - Ai Eng - Spendly_ Workspace\data\_ocr_real_crops\real_0114_line22.png,anda Muncu harap,0.8450239609585783,c:\file akmal\Capstone - Ai Eng - Spendly_ Workspace\data\F&B\train\images\mcd11_png.rf.c950096c4831dd57d3be70e36fe2555a.jpg,F&B
c:\file akmal\Capstone - Ai Eng - Spendly_ Workspace\data\_ocr_real_crops\real_0150_line07.png,Jjo,0.9893969381624221,c:\file akmal\Capstone - Ai Eng - Spendly_ Workspace\data\F&B\train\images\solaria2_png.rf.9b49ea7ca52fdefddad561000b9216ba.jpg,F&B
c:\file akmal\Capstone - Ai Eng - Spendly_ Workspace\data\_ocr_real_crops\real_0181_line21.png,Saat nomor pesanan,0.988070490259117,c:\file akmal\Capstone - Ai Eng - Spendly_ Workspace\data\F&B\valid\images\mcd14_png.rf.ec8fc91cbe49879524ca47a022f94df8.jpg,F&B
c:\file akmal\Capstone - Ai Eng - Spendly_ Workspace\data\_ocr_real_crops\real_0101_line03.png,Anjasmoro Semarang,0.7873614965487722,c:\file akmal\Capstone - Ai Eng - Spendly_ Workspace\data\F&B\train\images\kopken1_png.rf.68d60d691e2c50c64bf78f5093669f0b.jpg,F&B
c:\file akmal\Capstone - Ai Eng - Spendly_ Workspace\data\_ocr_real_crops\real_0164_line04.png,IG tongtjiteahouse,0.8712922530300017,c:\file akmal\Capstone - Ai Eng - Spendly_ Workspace\data\F&B\train\images\tongtji3_png.rf.117206963311615bebe6676e30799a79.jpg,F&B
c:\file akmal\Capstone - Ai Eng - Spendly_ Workspace\data\_ocr_real_crops\real_0159_line05.png,IG torgtJteahouse,0.7636487930312537,c:\file akmal\Capstone - Ai Eng - Spendly_ Workspace\data\F&B\train\images\tongtji16_png.rf.e094678e0fbc2f53b0d4e87592ceaf03.jpg,F&B
c:\file akmal\Capstone - Ai Eng - Spendly_ Workspace\data\_ocr_real_crops\real_0115_line21.png,Saat nomor pesanan,0.8658466847272569,c:\file akmal\Capstone - Ai Eng - Spendly_ Workspace\data\F&B\train\images\mcd12_png.rf.4d5c9dca7be5c9f2432f3011a222f19c.jpg,F&B
c:\file akmal\Capstone - Ai Eng - Spendly_ Workspace\data\_ocr_real_crops\real_0163_line12.png,clear Box 750 41,0.8802812992970371,c:\file akmal\Capstone - Ai Eng - Spendly_ Workspace\data\F&B\train\images\tongtji2_png.rf.56cb59370d5c149e40accad94d67b794.jpg,F&B
c:\file akmal\Capstone - Ai Eng - Spendly_ Workspace\data\_ocr_real_crops\real_0077_line05.png,Check  155204,0.7203446844310373,c:\file akmal\Capstone - Ai Eng - Spendly_ Workspace\data\F&B\train\images\bk17_png.rf.f7d4219a5b83caf39219c1d4a40dda7b.jpg,F&B
c:\file akmal\Capstone - Ai Eng - Spendly_ Workspace\data\_ocr_real_crops\real_0191_line08.png,"Salc Ayam 36,164",0.725883417603497,c:\file akmal\Capstone - Ai Eng - Spendly_ Workspace\data\F&B\valid\images\solaria4_png.rf.57c8252be8949e82789f47d87fa92d20.jpg,F&B
c:\file akmal\Capstone - Ai Eng - Spendly_ Workspace\data\_ocr_real_crops\real_0090_line00.png,Fore Coffee,0.9654611657052302,c:\file akmal\Capstone - Ai Eng - Spendly_ Workspace\data\F&B\train\images\fore16_png.rf.3fce136042f4aad2a98c731af1fbdd74.jpg,F&B
c:\file akmal\Capstone - Ai Eng - Spendly_ Workspace\data\_ocr_real_crops\real_0148_line19.png,Terima Kasih,0.9998551168817997,c:\file akmal\Capstone - Ai Eng - Spendly_ Workspace\data\F&B\train\images\solaria1_jpeg.rf.37da04e7560252bcc0b54055cb5c482c.jpg,F&B
c:\file akmal\Capstone - Ai Eng - Spendly_ Workspace\data\_ocr_real_crops\real_0094_line01.png,Fore Coffee,0.7079131735809256,c:\file akmal\Capstone - Ai Eng - Spendly_ Workspace\data\F&B\train\images\fore2_png.rf.e0b308bb22726cb880d91c578f36a47d.jpg,F&B
c:\file akmal\Capstone - Ai Eng - Spendly_ Workspace\data\_ocr_real_crops\real_0137_line07.png,Purpose TIKTOK,0.9836186744662468,c:\file akmal\Capstone - Ai Eng - Spendly_ Workspace\data\F&B\train\images\sbux2_jpeg.rf.ef4412e2eaa7cd0231873f038517751d.jpg,F&B
c:\file akmal\Capstone - Ai Eng - Spendly_ Workspace\data\_ocr_real_crops\real_0126_line23.png,anda muncul harap,0.8841276073661821,c:\file akmal\Capstone - Ai Eng - Spendly_ Workspace\data\F&B\train\images\mcd7_png.rf.d85771000bef0fad3e40d4f986c0307b.jpg,F&B
c:\file akmal\Capstone - Ai Eng - Spendly_ Workspace\data\_ocr_real_crops\real_0165_line09.png,Hendoan Ala TongTJi,0.7434753784226281,c:\file akmal\Capstone - Ai Eng - Spendly_ Workspace\data\F&B\train\images\tongtji4_png.rf.aebf9b7894862bbf726a1f249676d75c.jpg,F&B
c:\file akmal\Capstone - Ai Eng - Spendly_ Workspace\data\_ocr_real_crops\real_0120_line00.png,3261,0.9986700415611267,c:\file akmal\Capstone - Ai Eng - Spendly_ Workspace\data\F&B\train\images\mcd1_jpg.rf.85b7ce9e33cebec9517fd71d487a1f8e.jpg,F&B
c:\file akmal\Capstone - Ai Eng - Spendly_ Workspace\data\_ocr_real_crops\real_0065_line06.png,TAX INVOICE,0.7507016768876194,c:\file akmal\Capstone - Ai Eng - Spendly_ Workspace\data\F&B\test\images\mcd13_png.rf.13e8a7990ec4540ea3d1a10d3ee373c7.jpg,F&B
c:\file akmal\Capstone - Ai Eng - Spendly_ Workspace\data\_ocr_real_crops\real_0070_line09.png,Cashier Alya Safitri,0.9622767174969842,c:\file akmal\Capstone - Ai Eng - Spendly_ Workspace\data\F&B\test\images\tongtji19_png.rf.5a21bdedc6a324aeaa8b685d2693f978.jpg,F&B
c:\file akmal\Capstone - Ai Eng - Spendly_ Workspace\data\_ocr_real_crops\real_0067_line23.png,tunjukan struk ini,0.9845468177759802,c:\file akmal\Capstone - Ai Eng - Spendly_ Workspace\data\F&B\test\images\mcd9_png.rf.3e3fe0f0fb655345247327f8b8d98aae.jpg,F&B
c:\file akmal\Capstone - Ai Eng - Spendly_ Workspace\data\_ocr_real_crops\real_0123_line09.png,"Chicken Burae 14,500",0.7449395548355482,c:\file akmal\Capstone - Ai Eng - Spendly_ Workspace\data\F&B\train\images\mcd3_jpg.rf.6c580b7f5887fd7b03f5a22eb87345b9.jpg,F&B
c:\file akmal\Capstone - Ai Eng - Spendly_ Workspace\data\_ocr_real_crops\real_0117_line00.png,7316,0.999973714351654,c:\file akmal\Capstone - Ai Eng - Spendly_ Workspace\data\F&B\train\images\mcd16_png.rf.8c8656253b199ed6e07727782a5f6bc8.jpg,F&B
c:\file akmal\Capstone - Ai Eng - Spendly_ Workspace\data\_ocr_real_crops\real_0167_line13.png,sauce Cup 25 M1,0.7186983275100233,c:\file akmal\Capstone - Ai Eng - Spendly_ Workspace\data\F&B\train\images\tongtji7_png.rf.0f83cd1ffb6305f09ad246e8b30a9926.jpg,F&B
c:\file akmal\Capstone - Ai Eng - Spendly_ Workspace\data\_ocr_real_crops\real_0160_line17.png,Grand Total 61 600,0.9104139436403728,c:\file akmal\Capstone - Ai Eng - Spendly_ Workspace\data\F&B\train\images\tongtji18_png.rf.8c8dfe10c3d2cac9f220316fb979d712.jpg,F&B
c:\file akmal\Capstone - Ai Eng - Spendly_ Workspace\data\_ocr_real_crops\real_0133_line12.png,"Grand Total 57,000",0.805085089874159,c:\file akmal\Capstone - Ai Eng - Spendly_ Workspace\data\F&B\train\images\sbux16_jpg.rf.6a300cd68ead4cc056015853010b25c7.jpg,F&B
c:\file akmal\Capstone - Ai Eng - Spendly_ Workspace\data\_ocr_real_crops\real_0097_line00.png,Fore Coffee,0.9661631013379397,c:\file akmal\Capstone - Ai Eng - Spendly_ Workspace\data\F&B\train\images\fore6_png.rf.66eaee8a86ab8f5ba67049c3fe851559.jpg,F&B
c:\file akmal\Capstone - Ai Eng - Spendly_ Workspace\data\_ocr_real_crops\real_0084_line22.png,Check Closed,0.8865428245581538,c:\file akmal\Capstone - Ai Eng - Spendly_ Workspace\data\F&B\train\images\bk7_png.rf.12b578f2ab11e7322c777e947be45b7f.jpg,F&B
c:\file akmal\Capstone - Ai Eng - Spendly_ Workspace\data\_ocr_real_crops\real_0136_line26.png,P81 3/ 100,0.7077931105521409,c:\file akmal\Capstone - Ai Eng - Spendly_ Workspace\data\F&B\train\images\sbux20_png.rf.c171b5c40b220d75f4ee0015668a26fb.jpg,F&B
c:\file akmal\Capstone - Ai Eng - Spendly_ Workspace\data\_ocr_real_crops\real_0164_line06.png,Date 03-052026 20:41,0.8141391469256166,c:\file akmal\Capstone - Ai Eng - Spendly_ Workspace\data\F&B\train\images\tongtji3_png.rf.117206963311615bebe6676e30799a79.jpg,F&B
c:\file akmal\Capstone - Ai Eng - Spendly_ Workspace\data\_ocr_real_crops\real_0160_line14.png,Pisang Cokelat ooo,0.7805955576915943,c:\file akmal\Capstone - Ai Eng - Spendly_ Workspace\data\F&B\train\images\tongtji18_png.rf.8c8dfe10c3d2cac9f220316fb979d712.jpg,F&B
c:\file akmal\Capstone - Ai Eng - Spendly_ Workspace\data\_ocr_real_crops\real_0164_line16.png,PB1 100,0.8381250501033581,c:\file akmal\Capstone - Ai Eng - Spendly_ Workspace\data\F&B\train\images\tongtji3_png.rf.117206963311615bebe6676e30799a79.jpg,F&B
c:\file akmal\Capstone - Ai Eng - Spendly_ Workspace\data\_ocr_real_crops\real_0125_line00.png,2473,0.9998828172683716,c:\file akmal\Capstone - Ai Eng - Spendly_ Workspace\data\F&B\train\images\mcd5_png.rf.93aaaca69d5616b0be5c8f666570189b.jpg,F&B
c:\file akmal\Capstone - Ai Eng - Spendly_ Workspace\data\_ocr_real_crops\real_0070_line18.png,ORIS Nobu 58 30o,0.939045761557297,c:\file akmal\Capstone - Ai Eng - Spendly_ Workspace\data\F&B\test\images\tongtji19_png.rf.5a21bdedc6a324aeaa8b685d2693f978.jpg,F&B
c:\file akmal\Capstone - Ai Eng - Spendly_ Workspace\data\_ocr_real_crops\real_0182_line07.png,TAX INVOICE,0.8692010153533195,c:\file akmal\Capstone - Ai Eng - Spendly_ Workspace\data\F&B\valid\images\mcd17_png.rf.11dc4e868d2e23033fd77a8ee5f08a2b.jpg,F&B
c:\file akmal\Capstone - Ai Eng - Spendly_ Workspace\data\_ocr_real_crops\real_0166_line04.png,IG etongtjiteahouse,0.7322974492346018,c:\file akmal\Capstone - Ai Eng - Spendly_ Workspace\data\F&B\train\images\tongtji5_png.rf.3e272128a3519d4a37a1c02877149984.jpg,F&B
c:\file akmal\Capstone - Ai Eng - Spendly_ Workspace\data\_ocr_real_crops\real_0130_line06.png,Cashier Rindu Sekar,0.9557004215378189,c:\file akmal\Capstone - Ai Eng - Spendly_ Workspace\data\F&B\train\images\sbux13_jpg.rf.53b3da2ae9d5fd56c02f38add66afd1c.jpg,F&B
c:\file akmal\Capstone - Ai Eng - Spendly_ Workspace\data\_ocr_real_crops\real_0148_line18.png,"BNI QRIS 133,000",0.8790716773152394,c:\file akmal\Capstone - Ai Eng - Spendly_ Workspace\data\F&B\train\images\solaria1_jpeg.rf.37da04e7560252bcc0b54055cb5c482c.jpg,F&B
c:\file akmal\Capstone - Ai Eng - Spendly_ Workspace\data\_ocr_real_crops\real_0161_line08.png,Cashier Alchea Ghena,0.8832137901324538,c:\file akmal\Capstone - Ai Eng - Spendly_ Workspace\data\F&B\train\images\tongtji1_jpeg.rf.bdd21bb1162439a1bc0da09ad061675a.jpg,F&B
c:\file akmal\Capstone - Ai Eng - Spendly_ Workspace\data\_ocr_real_crops\real_0139_line08.png,Name vina,0.8925654590129852,c:\file akmal\Capstone - Ai Eng - Spendly_ Workspace\data\F&B\train\images\sbux6_png.rf.aae9ea3b9eb745c59fa94be3de6158ec.jpg,F&B
c:\file akmal\Capstone - Ai Eng - Spendly_ Workspace\data\_ocr_real_crops\real_0169_line08.png,Cashler Laras Hati,0.8038400330924366,c:\file akmal\Capstone - Ai Eng - Spendly_ Workspace\data\F&B\train\images\tongtji9_png.rf.8bc32cb2106b1351a6b5897ab148e88a.jpg,F&B
c:\file akmal\Capstone - Ai Eng - Spendly_ Workspace\data\_ocr_real_crops\real_0059_line00.png,Fore Coffee,0.8777075229762915,c:\file akmal\Capstone - Ai Eng - Spendly_ Workspace\data\F&B\test\images\fore17_png.rf.0f1f8b58b7b9cf7cd1e36313bab53f6a.jpg,F&B
c:\file akmal\Capstone - Ai Eng - Spendly_ Workspace\data\_ocr_real_crops\real_0139_line12.png,"Grand  Total 42,000",0.7731182438461466,c:\file akmal\Capstone - Ai Eng - Spendly_ Workspace\data\F&B\train\images\sbux6_png.rf.aae9ea3b9eb745c59fa94be3de6158ec.jpg,F&B
c:\file akmal\Capstone - Ai Eng - Spendly_ Workspace\data\_ocr_real_crops\real_0197_line04.png,IG tcrgtJiteahcuse,0.7854188665581725,c:\file akmal\Capstone - Ai Eng - Spendly_ Workspace\data\F&B\valid\images\tongtji6_png.rf.bcf1a75fbf3e81656e85812b9d2dd223.jpg,F&B
c:\file akmal\Capstone - Ai Eng - Spendly_ Workspace\data\_ocr_real_crops\real_0099_line00.png,Fore Coffee,0.8229076022946603,c:\file akmal\Capstone - Ai Eng - Spendly_ Workspace\data\F&B\train\images\fore8_png.rf.77c4758ce8a2c713f35c3a3b07126e48.jpg,F&B
c:\file akmal\Capstone - Ai Eng - Spendly_ Workspace\data\_ocr_real_crops\real_0134_line11.png,ICED,0.8665106296539307,c:\file akmal\Capstone - Ai Eng - Spendly_ Workspace\data\F&B\train\images\sbux19_png.rf.3653ac28f03f3a8171ed072ef1d921cc.jpg,F&B
c:\file akmal\Capstone - Ai Eng - Spendly_ Workspace\data\_ocr_real_crops\real_0181_line22.png,anda muncu harap,0.8939849387367685,c:\file akmal\Capstone - Ai Eng - Spendly_ Workspace\data\F&B\valid\images\mcd14_png.rf.ec8fc91cbe49879524ca47a022f94df8.jpg,F&B
c:\file akmal\Capstone - Ai Eng - Spendly_ Workspace\data\_ocr_real_crops\real_0131_line12.png,"Grand Total 54,000",0.8158493193904295,c:\file akmal\Capstone - Ai Eng - Spendly_ Workspace\data\F&B\train\images\sbux14_jpg.rf.a22f0f2776aef3d29284016613600508.jpg,F&B
c:\file akmal\Capstone - Ai Eng - Spendly_ Workspace\data\_ocr_real_crops\real_0178_line06.png,Tuke Away,0.7367741167545319,c:\file akmal\Capstone - Ai Eng - Spendly_ Workspace\data\F&B\valid\images\mako19_png.rf.8bf9e658098776f6af5f90e0461110ac.jpg,F&B
c:\file akmal\Capstone - Ai Eng - Spendly_ Workspace\data\_ocr_real_crops\real_0123_line12.png,Change,0.8063311862238954,c:\file akmal\Capstone - Ai Eng - Spendly_ Workspace\data\F&B\train\images\mcd3_jpg.rf.6c580b7f5887fd7b03f5a22eb87345b9.jpg,F&B
c:\file akmal\Capstone - Ai Eng - Spendly_ Workspace\data\_ocr_real_crops\real_0098_line00.png,Fore Coffee,0.9426010381301164,c:\file akmal\Capstone - Ai Eng - Spendly_ Workspace\data\F&B\train\images\fore7_png.rf.1afb4996fa9c9b9669f7a4daf4aa5a0a.jpg,F&B
c:\file akmal\Capstone - Ai Eng - Spendly_ Workspace\data\_ocr_real_crops\real_0151_line13.png,Rounding 25,0.8610465111020005,c:\file akmal\Capstone - Ai Eng - Spendly_ Workspace\data\F&B\train\images\solaria3_png.rf.fd04e3dc499edc690832771c4e7d5531.jpg,F&B
c:\file akmal\Capstone - Ai Eng - Spendly_ Workspace\data\_ocr_real_crops\real_0132_line10.png,SINGLE,0.9964087262727663,c:\file akmal\Capstone - Ai Eng - Spendly_ Workspace\data\F&B\train\images\sbux15_jpg.rf.4d36925866b2d615afa73b92e62bba38.jpg,F&B
c:\file akmal\Capstone - Ai Eng - Spendly_ Workspace\data\_ocr_real_crops\real_0088_line17.png,Terima Kasih,0.9991786990987679,c:\file akmal\Capstone - Ai Eng - Spendly_ Workspace\data\F&B\train\images\fore14_png.rf.5c25c5212ad104c85909207234a069c8.jpg,F&B
c:\file akmal\Capstone - Ai Eng - Spendly_ Workspace\data\_ocr_real_crops\real_0081_line09.png,905652 31818 31818,0.705968380129317,c:\file akmal\Capstone - Ai Eng - Spendly_ Workspace\data\F&B\train\images\bk3_png.rf.fddb62fd64e661937120be8d18f5df1f.jpg,F&B
c:\file akmal\Capstone - Ai Eng - Spendly_ Workspace\data\_ocr_real_crops\real_0069_line11.png,"Pbl 1016 9,273",0.7094545220327734,c:\file akmal\Capstone - Ai Eng - Spendly_ Workspace\data\F&B\test\images\solaria14_png.rf.ac9331b45451bd4550b7d15093f67401.jpg,F&B
c:\file akmal\Capstone - Ai Eng - Spendly_ Workspace\data\_ocr_real_crops\real_0142_line07.png,Purpose TIKTOK,0.7903697957109128,c:\file akmal\Capstone - Ai Eng - Spendly_ Workspace\data\F&B\train\images\sbux9_jpg.rf.1888a22ab7a3a662796fd1a5c54d3251.jpg,F&B
c:\file akmal\Capstone - Ai Eng - Spendly_ Workspace\data\_ocr_real_crops\real_0158_line10.png,Hilk Tea H1,0.7988054070786185,c:\file akmal\Capstone - Ai Eng - Spendly_ Workspace\data\F&B\train\images\tongtji15_png.rf.75f0eae35d53cb3ed1f43c74ad84625a.jpg,F&B
c:\file akmal\Capstone - Ai Eng - Spendly_ Workspace\data\_ocr_real_crops\real_0129_line00.png,STARBUCKS,0.8476168462678408,c:\file akmal\Capstone - Ai Eng - Spendly_ Workspace\data\F&B\train\images\sbux11_jpg.rf.67ff38f6921335a8d044ab7bad9561d8.jpg,F&B
c:\file akmal\Capstone - Ai Eng - Spendly_ Workspace\data\_ocr_real_crops\real_0184_line07.png,Purpose TIKTOK,0.8155794690141926,c:\file akmal\Capstone - Ai Eng - Spendly_ Workspace\data\F&B\valid\images\sbux18_jpg.rf.895a80603f455a441448b33cf2ef5cc0.jpg,F&B
c:\file akmal\Capstone - Ai Eng - Spendly_ Workspace\data\_ocr_real_crops\real_0067_line22.png,anda muncul harap,0.8446957430488057,c:\file akmal\Capstone - Ai Eng - Spendly_ Workspace\data\F&B\test\images\mcd9_png.rf.3e3fe0f0fb655345247327f8b8d98aae.jpg,F&B
c:\file akmal\Capstone - Ai Eng - Spendly_ Workspace\data\_ocr_real_crops\real_0166_line09.png,Hendoan Ala Tongtji,0.8598889845305989,c:\file akmal\Capstone - Ai Eng - Spendly_ Workspace\data\F&B\train\images\tongtji5_png.rf.3e272128a3519d4a37a1c02877149984.jpg,F&B
c:\file akmal\Capstone - Ai Eng - Spendly_ Workspace\data\_ocr_real_crops\real_0134_line24.png,Price Inc udes Tax,0.9775246937184413,c:\file akmal\Capstone - Ai Eng - Spendly_ Workspace\data\F&B\train\images\sbux19_png.rf.3653ac28f03f3a8171ed072ef1d921cc.jpg,F&B
c:\file akmal\Capstone - Ai Eng - Spendly_ Workspace\data\_ocr_real_crops\real_0140_line12.png,"Grand Total 52,000",0.7237336601477156,c:\file akmal\Capstone - Ai Eng - Spendly_ Workspace\data\F&B\train\images\sbux7_jpg.rf.026b93dbbebb141d07bffe8dee823658.jpg,F&B
c:\file akmal\Capstone - Ai Eng - Spendly_ Workspace\data\_ocr_real_crops\real_0163_line14.png,Sauce Cup 25 H1,0.9083055362335726,c:\file akmal\Capstone - Ai Eng - Spendly_ Workspace\data\F&B\train\images\tongtji2_png.rf.56cb59370d5c149e40accad94d67b794.jpg,F&B
c:\file akmal\Capstone - Ai Eng - Spendly_ Workspace\data\_ocr_real_crops\real_0151_line08.png,"Es Tch Manis 7,276",0.8564201772960028,c:\file akmal\Capstone - Ai Eng - Spendly_ Workspace\data\F&B\train\images\solaria3_png.rf.fd04e3dc499edc690832771c4e7d5531.jpg,F&B
c:\file akmal\Capstone - Ai Eng - Spendly_ Workspace\data\_ocr_real_crops\real_0121_line05.png,Telp 08118233308,0.9033069995445212,c:\file akmal\Capstone - Ai Eng - Spendly_ Workspace\data\F&B\train\images\mcd20_png.rf.e2a115d299db10e7ee01647ea707d83f.jpg,F&B
c:\file akmal\Capstone - Ai Eng - Spendly_ Workspace\data\_ocr_real_crops\real_0180_line07.png,Take Away,0.9596518874168396,c:\file akmal\Capstone - Ai Eng - Spendly_ Workspace\data\F&B\valid\images\mako4_png.rf.8b8db698d22edde3e90bba6e884c9820.jpg,F&B
c:\file akmal\Capstone - Ai Eng - Spendly_ Workspace\data\_ocr_real_crops\real_0116_line21.png,Saat nomor pesanan,0.917014630069012,c:\file akmal\Capstone - Ai Eng - Spendly_ Workspace\data\F&B\train\images\mcd15_png.rf.f7abc87bd55393aee246d76df0fe9657.jpg,F&B
c:\file akmal\Capstone - Ai Eng - Spendly_ Workspace\data\_ocr_real_crops\real_0089_line00.png,Fore Coffee,0.7037576832988884,c:\file akmal\Capstone - Ai Eng - Spendly_ Workspace\data\F&B\train\images\fore15_png.rf.f5ee8f3b8d1972563cd849f3ad5ca272.jpg,F&B
c:\file akmal\Capstone - Ai Eng - Spendly_ Workspace\data\_ocr_real_crops\real_0115_line23.png,tunjukan struk ini,0.9983737968572622,c:\file akmal\Capstone - Ai Eng - Spendly_ Workspace\data\F&B\train\images\mcd12_png.rf.4d5c9dca7be5c9f2432f3011a222f19c.jpg,F&B
c:\file akmal\Capstone - Ai Eng - Spendly_ Workspace\data\_ocr_real_crops\real_0114_line23.png,tunjukan struk ini,0.9913891347657499,c:\file akmal\Capstone - Ai Eng - Spendly_ Workspace\data\F&B\train\images\mcd11_png.rf.c950096c4831dd57d3be70e36fe2555a.jpg,F&B
c:\file akmal\Capstone - Ai Eng - Spendly_ Workspace\data\_ocr_real_crops\real_0195_line09.png,Mendoan Ala Tongtji,0.7741348780016905,c:\file akmal\Capstone - Ai Eng - Spendly_ Workspace\data\F&B\valid\images\tongtji11_png.rf.908147c8f74bfffa89ad9d0d51f462a1.jpg,F&B
c:\file akmal\Capstone - Ai Eng - Spendly_ Workspace\data\_ocr_real_crops\real_0060_line04.png,2027,0.9999725222587585,c:\file akmal\Capstone - Ai Eng - Spendly_ Workspace\data\F&B\test\images\fore18_png.rf.46a2d607a7721df4e7522131a9871e6b.jpg,F&B
c:\file akmal\Capstone - Ai Eng - Spendly_ Workspace\data\_ocr_real_crops\real_0158_line09.png,Cashier Bima Pratana,0.971034784341557,c:\file akmal\Capstone - Ai Eng - Spendly_ Workspace\data\F&B\train\images\tongtji15_png.rf.75f0eae35d53cb3ed1f43c74ad84625a.jpg,F&B
c:\file akmal\Capstone - Ai Eng - Spendly_ Workspace\data\_ocr_real_crops\real_0192_line15.png,Rounding 22,0.7140341127810745,c:\file akmal\Capstone - Ai Eng - Spendly_ Workspace\data\F&B\valid\images\solaria7_png.rf.3678260af11664e36822ecce3f5764bd.jpg,F&B
c:\file akmal\Capstone - Ai Eng - Spendly_ Workspace\data\_ocr_real_crops\real_0089_line12.png,subtoial RP 28.000,0.7090515634681523,c:\file akmal\Capstone - Ai Eng - Spendly_ Workspace\data\F&B\train\images\fore15_png.rf.f5ee8f3b8d1972563cd849f3ad5ca272.jpg,F&B
c:\file akmal\Capstone - Ai Eng - Spendly_ Workspace\data\_ocr_real_crops\real_0155_line03.png,Custoner Core,0.8048292776157646,c:\file akmal\Capstone - Ai Eng - Spendly_ Workspace\data\F&B\train\images\tongtji12_png.rf.35f66821321fbe23066ded225dc8301a.jpg,F&B
c:\file akmal\Capstone - Ai Eng - Spendly_ Workspace\data\_ocr_real_crops\real_0065_line16.png,Change,0.8168432714462023,c:\file akmal\Capstone - Ai Eng - Spendly_ Workspace\data\F&B\test\images\mcd13_png.rf.13e8a7990ec4540ea3d1a10d3ee373c7.jpg,F&B
c:\file akmal\Capstone - Ai Eng - Spendly_ Workspace\data\_ocr_real_crops\real_0119_line22.png,anda muncu harap,0.8005820746737052,c:\file akmal\Capstone - Ai Eng - Spendly_ Workspace\data\F&B\train\images\mcd19_png.rf.6140f226bed0cf7b55bd5a628dad26a3.jpg,F&B
c:\file akmal\Capstone - Ai Eng - Spendly_ Workspace\data\_ocr_real_crops\real_0070_line17.png,Grand Total 58 300,0.8547938127394932,c:\file akmal\Capstone - Ai Eng - Spendly_ Workspace\data\F&B\test\images\tongtji19_png.rf.5a21bdedc6a324aeaa8b685d2693f978.jpg,F&B
c:\file akmal\Capstone - Ai Eng - Spendly_ Workspace\data\_ocr_real_crops\real_0163_line17.png,PB1 2.900,0.8526649666879582,c:\file akmal\Capstone - Ai Eng - Spendly_ Workspace\data\F&B\train\images\tongtji2_png.rf.56cb59370d5c149e40accad94d67b794.jpg,F&B
c:\file akmal\Capstone - Ai Eng - Spendly_ Workspace\data\_ocr_real_crops\real_0187_line13.png,"Total 104,000",0.7644521026536311,c:\file akmal\Capstone - Ai Eng - Spendly_ Workspace\data\F&B\valid\images\solaria10_png.rf.341a0c5de2069b704d55c83393dd3f58.jpg,F&B
c:\file akmal\Capstone - Ai Eng - Spendly_ Workspace\data\_ocr_real_crops\real_0179_line12.png,Inendapat struk,0.8180483277350213,c:\file akmal\Capstone - Ai Eng - Spendly_ Workspace\data\F&B\valid\images\mako20_jpeg.rf.99e5024e3bce5c481e7b494cad15323b.jpg,F&B
c:\file akmal\Capstone - Ai Eng - Spendly_ Workspace\data\_ocr_real_crops\real_0132_line12.png,"Grand Total 15,000",0.9392120920943281,c:\file akmal\Capstone - Ai Eng - Spendly_ Workspace\data\F&B\train\images\sbux15_jpg.rf.4d36925866b2d615afa73b92e62bba38.jpg,F&B
c:\file akmal\Capstone - Ai Eng - Spendly_ Workspace\data\_ocr_real_crops\real_0167_line02.png,Customer Care,0.8080986628959757,c:\file akmal\Capstone - Ai Eng - Spendly_ Workspace\data\F&B\train\images\tongtji7_png.rf.0f83cd1ffb6305f09ad246e8b30a9926.jpg,F&B
c:\file akmal\Capstone - Ai Eng - Spendly_ Workspace\data\_ocr_real_crops\real_0148_line14.png,"Pbl 109 12,091",0.7391630935466381,c:\file akmal\Capstone - Ai Eng - Spendly_ Workspace\data\F&B\train\images\solaria1_jpeg.rf.37da04e7560252bcc0b54055cb5c482c.jpg,F&B
c:\file akmal\Capstone - Ai Eng - Spendly_ Workspace\data\_ocr_real_crops\real_0182_line05.png,Ielp 08118233308,0.8748970057076769,c:\file akmal\Capstone - Ai Eng - Spendly_ Workspace\data\F&B\valid\images\mcd17_png.rf.11dc4e868d2e23033fd77a8ee5f08a2b.jpg,F&B
c:\file akmal\Capstone - Ai Eng - Spendly_ Workspace\data\_ocr_real_crops\real_0181_line23.png,tunjukan struk ini,0.9994608263863748,c:\file akmal\Capstone - Ai Eng - Spendly_ Workspace\data\F&B\valid\images\mcd14_png.rf.ec8fc91cbe49879524ca47a022f94df8.jpg,F&B
c:\file akmal\Capstone - Ai Eng - Spendly_ Workspace\data\_ocr_real_crops\real_0159_line08.png,Purpose 2 Take Away,0.9974988461302939,c:\file akmal\Capstone - Ai Eng - Spendly_ Workspace\data\F&B\train\images\tongtji16_png.rf.e094678e0fbc2f53b0d4e87592ceaf03.jpg,F&B
c:\file akmal\Capstone - Ai Eng - Spendly_ Workspace\data\_ocr_real_crops\real_0136_line14.png,GRANDE 61 000,0.8189694410350329,c:\file akmal\Capstone - Ai Eng - Spendly_ Workspace\data\F&B\train\images\sbux20_png.rf.c171b5c40b220d75f4ee0015668a26fb.jpg,F&B
c:\file akmal\Capstone - Ai Eng - Spendly_ Workspace\data\_ocr_real_crops\real_0130_line07.png,Purpase TIKTOX,0.7089793377800717,c:\file akmal\Capstone - Ai Eng - Spendly_ Workspace\data\F&B\train\images\sbux13_jpg.rf.53b3da2ae9d5fd56c02f38add66afd1c.jpg,F&B
c:\file akmal\Capstone - Ai Eng - Spendly_ Workspace\data\_ocr_real_crops\real_0131_line11.png,iten,0.9717123508453369,c:\file akmal\Capstone - Ai Eng - Spendly_ Workspace\data\F&B\train\images\sbux14_jpg.rf.a22f0f2776aef3d29284016613600508.jpg,F&B
c:\file akmal\Capstone - Ai Eng - Spendly_ Workspace\data\_ocr_real_crops\real_0152_line13.png,Rcurding,0.7269544976158465,c:\file akmal\Capstone - Ai Eng - Spendly_ Workspace\data\F&B\train\images\solaria5_png.rf.c3caacf042b45836fffb7ab91a52bdcc.jpg,F&B
c:\file akmal\Capstone - Ai Eng - Spendly_ Workspace\data\_ocr_real_crops\real_0190_line07.png,"Masi Purid 9,050",0.7151090788066868,c:\file akmal\Capstone - Ai Eng - Spendly_ Workspace\data\F&B\valid\images\solaria18_png.rf.d6bb7291cc1818ca4c58e7c93adc49b5.jpg,F&B
c:\file akmal\Capstone - Ai Eng - Spendly_ Workspace\data\_ocr_real_crops\real_0138_line09.png,"Grand Total 38,000",0.8537617436627418,c:\file akmal\Capstone - Ai Eng - Spendly_ Workspace\data\F&B\train\images\sbux3_jpeg.rf.4028f7172a333be7f79c8a3f0c75fc38.jpg,F&B
c:\file akmal\Capstone - Ai Eng - Spendly_ Workspace\data\_ocr_real_crops\real_0197_line03.png,WA 085173271938,0.9758679460384004,c:\file akmal\Capstone - Ai Eng - Spendly_ Workspace\data\F&B\valid\images\tongtji6_png.rf.bcf1a75fbf3e81656e85812b9d2dd223.jpg,F&B
c:\file akmal\Capstone - Ai Eng - Spendly_ Workspace\data\_ocr_real_crops\real_0186_line11.png,item,0.8171085119247437,c:\file akmal\Capstone - Ai Eng - Spendly_ Workspace\data\F&B\valid\images\sbux5_png.rf.680d6161e9ef04155d85bf93ad3a25b5.jpg,F&B
c:\file akmal\Capstone - Ai Eng - Spendly_ Workspace\data\_ocr_real_crops\real_0155_line10.png,Jasmine Green Tea H1,0.8470353440295386,c:\file akmal\Capstone - Ai Eng - Spendly_ Workspace\data\F&B\train\images\tongtji12_png.rf.35f66821321fbe23066ded225dc8301a.jpg,F&B
c:\file akmal\Capstone - Ai Eng - Spendly_ Workspace\data\_ocr_real_crops\real_0160_line11.png,1x 020.000 20 000,0.7297516615070553,c:\file akmal\Capstone - Ai Eng - Spendly_ Workspace\data\F&B\train\images\tongtji18_png.rf.8c8dfe10c3d2cac9f220316fb979d712.jpg,F&B
c:\file akmal\Capstone - Ai Eng - Spendly_ Workspace\data\_ocr_real_crops\real_0143_line09.png,"Sale Ayam 72,728",0.7651983201294149,c:\file akmal\Capstone - Ai Eng - Spendly_ Workspace\data\F&B\train\images\solaria11_png.rf.3d87e3ebcaa3f13c242ec30658339803.jpg,F&B
c:\file akmal\Capstone - Ai Eng - Spendly_ Workspace\data\_ocr_real_crops\real_0129_line07.png,Purpose TIKTOK,0.8337357999420777,c:\file akmal\Capstone - Ai Eng - Spendly_ Workspace\data\F&B\train\images\sbux11_jpg.rf.67ff38f6921335a8d044ab7bad9561d8.jpg,F&B
c:\file akmal\Capstone - Ai Eng - Spendly_ Workspace\data\_ocr_real_crops\real_0121_line00.png,3179,0.7139341168165805,c:\file akmal\Capstone - Ai Eng - Spendly_ Workspace\data\F&B\train\images\mcd20_png.rf.e2a115d299db10e7ee01647ea707d83f.jpg,F&B
c:\file akmal\Capstone - Ai Eng - Spendly_ Workspace\data\_ocr_real_crops\real_0072_line12.png,CoCAColA R 727 7273,0.7264550394092485,c:\file akmal\Capstone - Ai Eng - Spendly_ Workspace\data\F&B\train\images\bk11_png.rf.5e73331cbad284ac73af4c95f03e7b30.jpg,F&B
c:\file akmal\Capstone - Ai Eng - Spendly_ Workspace\data\_ocr_real_crops\real_0133_line00.png,STARBUCKS,0.8926795319752118,c:\file akmal\Capstone - Ai Eng - Spendly_ Workspace\data\F&B\train\images\sbux16_jpg.rf.6a300cd68ead4cc056015853010b25c7.jpg,F&B
c:\file akmal\Capstone - Ai Eng - Spendly_ Workspace\data\_ocr_real_crops\real_0165_line17.png,Grand Total 31 900,0.8831585507767108,c:\file akmal\Capstone - Ai Eng - Spendly_ Workspace\data\F&B\train\images\tongtji4_png.rf.aebf9b7894862bbf726a1f249676d75c.jpg,F&B
c:\file akmal\Capstone - Ai Eng - Spendly_ Workspace\data\_ocr_real_crops\real_0127_line04.png,Telp 08118233308,0.7556351828365063,c:\file akmal\Capstone - Ai Eng - Spendly_ Workspace\data\F&B\train\images\mcd8_png.rf.9d2713188728c716e96e98c48b75d7d9.jpg,F&B
c:\file akmal\Capstone - Ai Eng - Spendly_ Workspace\data\_ocr_real_crops\real_0156_line12.png,Roti Bakar Cokelat,0.9995079064493053,c:\file akmal\Capstone - Ai Eng - Spendly_ Workspace\data\F&B\train\images\tongtji13_png.rf.8c55fc39971b975746b3bc3dbcbda1cd.jpg,F&B
c:\file akmal\Capstone - Ai Eng - Spendly_ Workspace\data\_ocr_real_crops\real_0140_line08.png,Kane bayu,0.8382540072722295,c:\file akmal\Capstone - Ai Eng - Spendly_ Workspace\data\F&B\train\images\sbux7_jpg.rf.026b93dbbebb141d07bffe8dee823658.jpg,F&B
c:\file akmal\Capstone - Ai Eng - Spendly_ Workspace\data\_ocr_real_crops\real_0100_line17.png,Terima Kasih,0.8848483851268869,c:\file akmal\Capstone - Ai Eng - Spendly_ Workspace\data\F&B\train\images\fore9_png.rf.793d0d9ef8825fa9ede4cad4e0bca357.jpg,F&B
c:\file akmal\Capstone - Ai Eng - Spendly_ Workspace\data\_ocr_real_crops\real_0086_line01.png,Fore Coffee,0.767156462636346,c:\file akmal\Capstone - Ai Eng - Spendly_ Workspace\data\F&B\train\images\fore10_png.rf.1a5f6d4a9717c0fb81cb39c383d2e75f.jpg,F&B
c:\file akmal\Capstone - Ai Eng - Spendly_ Workspace\data\_ocr_real_crops\real_0164_line09.png,Mendoan Ala Tongtji,0.93571295229507,c:\file akmal\Capstone - Ai Eng - Spendly_ Workspace\data\F&B\train\images\tongtji3_png.rf.117206963311615bebe6676e30799a79.jpg,F&B
c:\file akmal\Capstone - Ai Eng - Spendly_ Workspace\data\_ocr_real_crops\real_0058_line00.png,Fore Coffee,0.9607065640905039,c:\file akmal\Capstone - Ai Eng - Spendly_ Workspace\data\F&B\test\images\fore11_png.rf.eac7281102ee00bf4c3e692a53eb3cc3.jpg,F&B
c:\file akmal\Capstone - Ai Eng - Spendly_ Workspace\data\_ocr_real_crops\real_0194_line05.png,No 5G026202605020004,0.8162068174710857,c:\file akmal\Capstone - Ai Eng - Spendly_ Workspace\data\F&B\valid\images\tongtji10_png.rf.5b83e953fd9868e8fa92f6bc79781996.jpg,F&B
c:\file akmal\Capstone - Ai Eng - Spendly_ Workspace\data\_ocr_real_crops\real_0196_line08.png,Purpose 2 Take Away,0.7722561590257246,c:\file akmal\Capstone - Ai Eng - Spendly_ Workspace\data\F&B\valid\images\tongtji17_png.rf.b7c723fa528d8ea8b2a8c2859036e604.jpg,F&B
c:\file akmal\Capstone - Ai Eng - Spendly_ Workspace\data\_ocr_real_crops\real_0082_line03.png,Host,0.846720278263092,c:\file akmal\Capstone - Ai Eng - Spendly_ Workspace\data\F&B\train\images\bk4_png.rf.17f1266878a8c9d37c9b0b792c7e778a.jpg,F&B
c:\file akmal\Capstone - Ai Eng - Spendly_ Workspace\data\_ocr_real_crops\real_0168_line08.png,Cashier Aldhea Ghena,0.9726768364355817,c:\file akmal\Capstone - Ai Eng - Spendly_ Workspace\data\F&B\train\images\tongtji8_png.rf.5ee97c26a454fee582ca03d2f3d3264c.jpg,F&B
c:\file akmal\Capstone - Ai Eng - Spendly_ Workspace\data\_ocr_real_crops\real_0092_line18.png,Terima Kasih,0.9983880425912969,c:\file akmal\Capstone - Ai Eng - Spendly_ Workspace\data\F&B\train\images\fore1_jpeg.rf.7e9eb12ed553a9f777d59744a2695e32.jpg,F&B
c:\file akmal\Capstone - Ai Eng - Spendly_ Workspace\data\_ocr_real_crops\real_0130_line00.png,STARBUCKS,0.9848113415694149,c:\file akmal\Capstone - Ai Eng - Spendly_ Workspace\data\F&B\train\images\sbux13_jpg.rf.53b3da2ae9d5fd56c02f38add66afd1c.jpg,F&B
c:\file akmal\Capstone - Ai Eng - Spendly_ Workspace\data\_ocr_real_crops\real_0070_line08.png,Purpose 2 Take Away,0.999099360088633,c:\file akmal\Capstone - Ai Eng - Spendly_ Workspace\data\F&B\test\images\tongtji19_png.rf.5a21bdedc6a324aeaa8b685d2693f978.jpg,F&B
c:\file akmal\Capstone - Ai Eng - Spendly_ Workspace\data\_ocr_real_crops\real_0169_line13.png,Sauce Cup 25 M1,0.7092106845591967,c:\file akmal\Capstone - Ai Eng - Spendly_ Workspace\data\F&B\train\images\tongtji9_png.rf.8bc32cb2106b1351a6b5897ab148e88a.jpg,F&B
c:\file akmal\Capstone - Ai Eng - Spendly_ Workspace\data\_ocr_real_crops\real_0141_line10.png,ICED,0.9382080435752869,c:\file akmal\Capstone - Ai Eng - Spendly_ Workspace\data\F&B\train\images\sbux8_jpg.rf.6410fe78dd7dc52708e8d78b053f7a41.jpg,F&B
c:\file akmal\Capstone - Ai Eng - Spendly_ Workspace\data\_ocr_real_crops\real_0169_line07.png,Pupose Take Away,0.7131481269899945,c:\file akmal\Capstone - Ai Eng - Spendly_ Workspace\data\F&B\train\images\tongtji9_png.rf.8bc32cb2106b1351a6b5897ab148e88a.jpg,F&B
c:\file akmal\Capstone - Ai Eng - Spendly_ Workspace\data\_ocr_real_crops\real_0194_line17.png,Grand Total 34 .100,0.8646726514995291,c:\file akmal\Capstone - Ai Eng - Spendly_ Workspace\data\F&B\valid\images\tongtji10_png.rf.5b83e953fd9868e8fa92f6bc79781996.jpg,F&B
c:\file akmal\Capstone - Ai Eng - Spendly_ Workspace\data\_ocr_real_crops\real_0162_line10.png,Ihai Tea K1,0.7563297392372047,c:\file akmal\Capstone - Ai Eng - Spendly_ Workspace\data\F&B\train\images\tongtji20_png.rf.cb375f3d0f509060c4b1e6a15609ef30.jpg,F&B
c:\file akmal\Capstone - Ai Eng - Spendly_ Workspace\data\_ocr_real_crops\real_0096_line00.png,E-Receipt,0.8030774273258001,c:\file akmal\Capstone - Ai Eng - Spendly_ Workspace\data\F&B\train\images\fore5_png.rf.946055e46213c84fec49312754172b3f.jpg,F&B
c:\file akmal\Capstone - Ai Eng - Spendly_ Workspace\data\_ocr_real_crops\real_0159_line12.png,Cireng Isi Ayam,0.9254974355095967,c:\file akmal\Capstone - Ai Eng - Spendly_ Workspace\data\F&B\train\images\tongtji16_png.rf.e094678e0fbc2f53b0d4e87592ceaf03.jpg,F&B
c:\file akmal\Capstone - Ai Eng - Spendly_ Workspace\data\_ocr_real_crops\real_0195_line00.png,TongTji,0.7149872963870014,c:\file akmal\Capstone - Ai Eng - Spendly_ Workspace\data\F&B\valid\images\tongtji11_png.rf.908147c8f74bfffa89ad9d0d51f462a1.jpg,F&B
c:\file akmal\Capstone - Ai Eng - Spendly_ Workspace\data\_ocr_real_crops\real_0085_line22.png,ChcckCloscd,0.7191686354307008,c:\file akmal\Capstone - Ai Eng - Spendly_ Workspace\data\F&B\train\images\bk8_png.rf.55d1bb430587a5380b59d8e4cedd9fae.jpg,F&B
c:\file akmal\Capstone - Ai Eng - Spendly_ Workspace\data\_ocr_real_crops\real_0159_line18.png,CRIS Nobu 63 800,0.9705917316107007,c:\file akmal\Capstone - Ai Eng - Spendly_ Workspace\data\F&B\train\images\tongtji16_png.rf.e094678e0fbc2f53b0d4e87592ceaf03.jpg,F&B
c:\file akmal\Capstone - Ai Eng - Spendly_ Workspace\data\_ocr_real_crops\real_0141_line11.png,item,0.9861230850219727,c:\file akmal\Capstone - Ai Eng - Spendly_ Workspace\data\F&B\train\images\sbux8_jpg.rf.6410fe78dd7dc52708e8d78b053f7a41.jpg,F&B
c:\file akmal\Capstone - Ai Eng - Spendly_ Workspace\data\_ocr_real_crops\real_0137_line00.png,SIARBUCKS,0.8731843756625767,c:\file akmal\Capstone - Ai Eng - Spendly_ Workspace\data\F&B\train\images\sbux2_jpeg.rf.ef4412e2eaa7cd0231873f038517751d.jpg,F&B
c:\file akmal\Capstone - Ai Eng - Spendly_ Workspace\data\_ocr_real_crops\real_0065_line11.png,"Hot Coffee 12,000",0.7675731112027836,c:\file akmal\Capstone - Ai Eng - Spendly_ Workspace\data\F&B\test\images\mcd13_png.rf.13e8a7990ec4540ea3d1a10d3ee373c7.jpg,F&B
c:\file akmal\Capstone - Ai Eng - Spendly_ Workspace\data\_ocr_real_crops\real_0157_line03.png,Custoner Care,0.9982765595316956,c:\file akmal\Capstone - Ai Eng - Spendly_ Workspace\data\F&B\train\images\tongtji14_png.rf.7321bba6ec8505b5cdf1ab4819a28692.jpg,F&B
c:\file akmal\Capstone - Ai Eng - Spendly_ Workspace\data\_ocr_real_crops\real_0095_line01.png,Fore Coffee,0.876752329834854,c:\file akmal\Capstone - Ai Eng - Spendly_ Workspace\data\F&B\train\images\fore4_png.rf.9c643a8e09f6fc9816d97e5547809580.jpg,F&B
c:\file akmal\Capstone - Ai Eng - Spendly_ Workspace\data\_ocr_real_crops\real_0164_line07.png,Purpase Take Away,0.8877097044806371,c:\file akmal\Capstone - Ai Eng - Spendly_ Workspace\data\F&B\train\images\tongtji3_png.rf.117206963311615bebe6676e30799a79.jpg,F&B
c:\file akmal\Capstone - Ai Eng - Spendly_ Workspace\data\_ocr_real_crops\real_0144_line13.png,Rounding,0.9828235900174292,c:\file akmal\Capstone - Ai Eng - Spendly_ Workspace\data\F&B\train\images\solaria13_png.rf.bcffb500279af1b050a7a1903673e533.jpg,F&B
c:\file akmal\Capstone - Ai Eng - Spendly_ Workspace\data\_ocr_real_crops\real_0121_line24.png,untuk ambi1 pesanan,0.8695494581225119,c:\file akmal\Capstone - Ai Eng - Spendly_ Workspace\data\F&B\train\images\mcd20_png.rf.e2a115d299db10e7ee01647ea707d83f.jpg,F&B
c:\file akmal\Capstone - Ai Eng - Spendly_ Workspace\data\_ocr_real_crops\real_0158_line13.png,French Fries 16 OCO,0.7950185055350152,c:\file akmal\Capstone - Ai Eng - Spendly_ Workspace\data\F&B\train\images\tongtji15_png.rf.75f0eae35d53cb3ed1f43c74ad84625a.jpg,F&B
c:\file akmal\Capstone - Ai Eng - Spendly_ Workspace\data\_ocr_real_crops\real_0197_line07.png,Purrosc Take Away,0.7532710903567019,c:\file akmal\Capstone - Ai Eng - Spendly_ Workspace\data\F&B\valid\images\tongtji6_png.rf.bcf1a75fbf3e81656e85812b9d2dd223.jpg,F&B
c:\file akmal\Capstone - Ai Eng - Spendly_ Workspace\data\_ocr_real_crops\real_0115_line22.png,anda muncu harap,0.8993656503187711,c:\file akmal\Capstone - Ai Eng - Spendly_ Workspace\data\F&B\train\images\mcd12_png.rf.4d5c9dca7be5c9f2432f3011a222f19c.jpg,F&B
c:\file akmal\Capstone - Ai Eng - Spendly_ Workspace\data\_ocr_real_crops\real_0155_line18.png,GRIS Nabu 66 600,0.7915902860558076,c:\file akmal\Capstone - Ai Eng - Spendly_ Workspace\data\F&B\train\images\tongtji12_png.rf.35f66821321fbe23066ded225dc8301a.jpg,F&B
c:\file akmal\Capstone - Ai Eng - Spendly_ Workspace\data\_ocr_real_crops\real_0195_line18.png,QRIS Nobu 31 900,0.890870456115453,c:\file akmal\Capstone - Ai Eng - Spendly_ Workspace\data\F&B\valid\images\tongtji11_png.rf.908147c8f74bfffa89ad9d0d51f462a1.jpg,F&B
c:\file akmal\Capstone - Ai Eng - Spendly_ Workspace\data\_ocr_real_crops\real_0157_line09.png,Cashier Raka widy,0.9002001821623885,c:\file akmal\Capstone - Ai Eng - Spendly_ Workspace\data\F&B\train\images\tongtji14_png.rf.7321bba6ec8505b5cdf1ab4819a28692.jpg,F&B
c:\file akmal\Capstone - Ai Eng - Spendly_ Workspace\data\_ocr_real_crops\real_0137_line10.png,SAR,0.7004336771077057,c:\file akmal\Capstone - Ai Eng - Spendly_ Workspace\data\F&B\train\images\sbux2_jpeg.rf.ef4412e2eaa7cd0231873f038517751d.jpg,F&B
c:\file akmal\Capstone - Ai Eng - Spendly_ Workspace\data\_ocr_real_crops\real_0086_line05.png,335,0.999294640629745,c:\file akmal\Capstone - Ai Eng - Spendly_ Workspace\data\F&B\train\images\fore10_png.rf.1a5f6d4a9717c0fb81cb39c383d2e75f.jpg,F&B
c:\file akmal\Capstone - Ai Eng - Spendly_ Workspace\data\_ocr_real_crops\real_0161_line19.png,ORIS Nobu 32 .000,0.8231381038673655,c:\file akmal\Capstone - Ai Eng - Spendly_ Workspace\data\F&B\train\images\tongtji1_jpeg.rf.bdd21bb1162439a1bc0da09ad061675a.jpg,F&B
c:\file akmal\Capstone - Ai Eng - Spendly_ Workspace\data\_ocr_real_crops\real_0084_line02.png,E-Recelpt 30/06/2023,0.7905604972398175,c:\file akmal\Capstone - Ai Eng - Spendly_ Workspace\data\F&B\train\images\bk7_png.rf.12b578f2ab11e7322c777e947be45b7f.jpg,F&B
c:\file akmal\Capstone - Ai Eng - Spendly_ Workspace\data\_ocr_real_crops\real_0191_line15.png,"Total 119,900",0.7938108568131423,c:\file akmal\Capstone - Ai Eng - Spendly_ Workspace\data\F&B\valid\images\solaria4_png.rf.57c8252be8949e82789f47d87fa92d20.jpg,F&B
c:\file akmal\Capstone - Ai Eng - Spendly_ Workspace\data\_ocr_real_crops\real_0124_line21.png,Saat nomor pesanan,0.9979092586631158,c:\file akmal\Capstone - Ai Eng - Spendly_ Workspace\data\F&B\train\images\mcd4_png.rf.ef0a26f12ea646d62bf91fb17b88c10a.jpg,F&B
c:\file akmal\Capstone - Ai Eng - Spendly_ Workspace\data\_ocr_real_crops\real_0181_line13.png,Kash Broun 10 000,0.7298215020275275,c:\file akmal\Capstone - Ai Eng - Spendly_ Workspace\data\F&B\valid\images\mcd14_png.rf.ec8fc91cbe49879524ca47a022f94df8.jpg,F&B
c:\file akmal\Capstone - Ai Eng - Spendly_ Workspace\data\_ocr_real_crops\real_0127_line00.png,2048,0.998600896030055,c:\file akmal\Capstone - Ai Eng - Spendly_ Workspace\data\F&B\train\images\mcd8_png.rf.9d2713188728c716e96e98c48b75d7d9.jpg,F&B
c:\file akmal\Capstone - Ai Eng - Spendly_ Workspace\data\_ocr_real_crops\real_0197_line16.png,PB1 800,0.8404426410975445,c:\file akmal\Capstone - Ai Eng - Spendly_ Workspace\data\F&B\valid\images\tongtji6_png.rf.bcf1a75fbf3e81656e85812b9d2dd223.jpg,F&B
c:\file akmal\Capstone - Ai Eng - Spendly_ Workspace\data\_ocr_real_crops\real_0184_line06.png,Cashier Bir Pratama,0.821231298979352,c:\file akmal\Capstone - Ai Eng - Spendly_ Workspace\data\F&B\valid\images\sbux18_jpg.rf.895a80603f455a441448b33cf2ef5cc0.jpg,F&B
c:\file akmal\Capstone - Ai Eng - Spendly_ Workspace\data\_ocr_real_crops\real_0126_line24.png,tunjukan struk ini,0.995545161908525,c:\file akmal\Capstone - Ai Eng - Spendly_ Workspace\data\F&B\train\images\mcd7_png.rf.d85771000bef0fad3e40d4f986c0307b.jpg,F&B
c:\file akmal\Capstone - Ai Eng - Spendly_ Workspace\data\_ocr_real_crops\real_0186_line10.png,HOT,0.8606568553782286,c:\file akmal\Capstone - Ai Eng - Spendly_ Workspace\data\F&B\valid\images\sbux5_png.rf.680d6161e9ef04155d85bf93ad3a25b5.jpg,F&B
c:\file akmal\Capstone - Ai Eng - Spendly_ Workspace\data\_ocr_real_crops\real_0123_line02.png,store 0165,0.7217634235323409,c:\file akmal\Capstone - Ai Eng - Spendly_ Workspace\data\F&B\train\images\mcd3_jpg.rf.6c580b7f5887fd7b03f5a22eb87345b9.jpg,F&B
c:\file akmal\Capstone - Ai Eng - Spendly_ Workspace\data\_ocr_real_crops\real_0087_line17.png,Terima Kasih,0.8450130538443956,c:\file akmal\Capstone - Ai Eng - Spendly_ Workspace\data\F&B\train\images\fore13_png.rf.614a3054bdaef1ba86de378e2807ef3d.jpg,F&B
c:\file akmal\Capstone - Ai Eng - Spendly_ Workspace\data\_ocr_real_crops\real_0186_line07.png,Purpose TIKTOK,0.8124126484823403,c:\file akmal\Capstone - Ai Eng - Spendly_ Workspace\data\F&B\valid\images\sbux5_png.rf.680d6161e9ef04155d85bf93ad3a25b5.jpg,F&B
c:\file akmal\Capstone - Ai Eng - Spendly_ Workspace\data\_ocr_real_crops\real_0081_line23.png,CheckClosed,0.738163481092468,c:\file akmal\Capstone - Ai Eng - Spendly_ Workspace\data\F&B\train\images\bk3_png.rf.fddb62fd64e661937120be8d18f5df1f.jpg,F&B
c:\file akmal\Capstone - Ai Eng - Spendly_ Workspace\data\_ocr_real_crops\real_0159_line17.png,Grand Total 63.800,0.9025996459781434,c:\file akmal\Capstone - Ai Eng - Spendly_ Workspace\data\F&B\train\images\tongtji16_png.rf.e094678e0fbc2f53b0d4e87592ceaf03.jpg,F&B
c:\file akmal\Capstone - Ai Eng - Spendly_ Workspace\data\_ocr_real_crops\real_0136_line11.png,ICED SHAKEN LEMON,0.7696581634065195,c:\file akmal\Capstone - Ai Eng - Spendly_ Workspace\data\F&B\train\images\sbux20_png.rf.c171b5c40b220d75f4ee0015668a26fb.jpg,F&B
c:\file akmal\Capstone - Ai Eng - Spendly_ Workspace\data\_ocr_real_crops\real_0139_line00.png,STARBUCKS,0.8647761081563841,c:\file akmal\Capstone - Ai Eng - Spendly_ Workspace\data\F&B\train\images\sbux6_png.rf.aae9ea3b9eb745c59fa94be3de6158ec.jpg,F&B
c:\file akmal\Capstone - Ai Eng - Spendly_ Workspace\data\_ocr_real_crops\real_0066_line21.png,Saat nomor pesanan,0.9164805705710067,c:\file akmal\Capstone - Ai Eng - Spendly_ Workspace\data\F&B\test\images\mcd6_png.rf.d9f278500aa90d8d718ffe069508979f.jpg,F&B
c:\file akmal\Capstone - Ai Eng - Spendly_ Workspace\data\_ocr_real_crops\real_0156_line18.png,Grand Total 58 300,0.9721431838876005,c:\file akmal\Capstone - Ai Eng - Spendly_ Workspace\data\F&B\train\images\tongtji13_png.rf.8c55fc39971b975746b3bc3dbcbda1cd.jpg,F&B
c:\file akmal\Capstone - Ai Eng - Spendly_ Workspace\data\_ocr_real_crops\real_0182_line24.png,untuk ambi1 pesanan,0.9050715362637121,c:\file akmal\Capstone - Ai Eng - Spendly_ Workspace\data\F&B\valid\images\mcd17_png.rf.11dc4e868d2e23033fd77a8ee5f08a2b.jpg,F&B
c:\file akmal\Capstone - Ai Eng - Spendly_ Workspace\data\_ocr_real_crops\real_0120_line09.png,anda muncu Rarap,0.7312186656011597,c:\file akmal\Capstone - Ai Eng - Spendly_ Workspace\data\F&B\train\images\mcd1_jpg.rf.85b7ce9e33cebec9517fd71d487a1f8e.jpg,F&B
c:\file akmal\Capstone - Ai Eng - Spendly_ Workspace\data\_ocr_real_crops\real_0148_line06.png,Cashier:Ika Cahyani,0.8490487469558914,c:\file akmal\Capstone - Ai Eng - Spendly_ Workspace\data\F&B\train\images\solaria1_jpeg.rf.37da04e7560252bcc0b54055cb5c482c.jpg,F&B
c:\file akmal\Capstone - Ai Eng - Spendly_ Workspace\data\_ocr_real_crops\real_0181_line00.png,8127,0.9999926090240479,c:\file akmal\Capstone - Ai Eng - Spendly_ Workspace\data\F&B\valid\images\mcd14_png.rf.ec8fc91cbe49879524ca47a022f94df8.jpg,F&B
c:\file akmal\Capstone - Ai Eng - Spendly_ Workspace\data\_ocr_real_crops\real_0127_line07.png,HFY side,0.941521773038287,c:\file akmal\Capstone - Ai Eng - Spendly_ Workspace\data\F&B\train\images\mcd8_png.rf.9d2713188728c716e96e98c48b75d7d9.jpg,F&B
c:\file akmal\Capstone - Ai Eng - Spendly_ Workspace\data\_ocr_real_crops\real_0164_line05.png,No 5G026202605030010,0.7830156292759518,c:\file akmal\Capstone - Ai Eng - Spendly_ Workspace\data\F&B\train\images\tongtji3_png.rf.117206963311615bebe6676e30799a79.jpg,F&B
c:\file akmal\Capstone - Ai Eng - Spendly_ Workspace\data\_ocr_real_crops\real_0152_line10.png,"ITEHS: 94,549",0.9286110106102884,c:\file akmal\Capstone - Ai Eng - Spendly_ Workspace\data\F&B\train\images\solaria5_png.rf.c3caacf042b45836fffb7ab91a52bdcc.jpg,F&B
c:\file akmal\Capstone - Ai Eng - Spendly_ Workspace\data\_ocr_real_crops\real_0167_line11.png,clear Box 750 M1 o0,0.7315962535103867,c:\file akmal\Capstone - Ai Eng - Spendly_ Workspace\data\F&B\train\images\tongtji7_png.rf.0f83cd1ffb6305f09ad246e8b30a9926.jpg,F&B
c:\file akmal\Capstone - Ai Eng - Spendly_ Workspace\data\_ocr_real_crops\real_0194_line08.png,Cashier Rina Adelia,0.7805764091177867,c:\file akmal\Capstone - Ai Eng - Spendly_ Workspace\data\F&B\valid\images\tongtji10_png.rf.5b83e953fd9868e8fa92f6bc79781996.jpg,F&B
c:\file akmal\Capstone - Ai Eng - Spendly_ Workspace\data\_ocr_real_crops\real_0159_line16.png,PB1 5 .800,0.8683072109081166,c:\file akmal\Capstone - Ai Eng - Spendly_ Workspace\data\F&B\train\images\tongtji16_png.rf.e094678e0fbc2f53b0d4e87592ceaf03.jpg,F&B
c:\file akmal\Capstone - Ai Eng - Spendly_ Workspace\data\_ocr_real_crops\real_0140_line06.png,Cashier Annlsa Putfi,0.738608650244813,c:\file akmal\Capstone - Ai Eng - Spendly_ Workspace\data\F&B\train\images\sbux7_jpg.rf.026b93dbbebb141d07bffe8dee823658.jpg,F&B
c:\file akmal\Capstone - Ai Eng - Spendly_ Workspace\data\_ocr_real_crops\real_0156_line09.png,Cashier Putri Aulia,0.8766203424296194,c:\file akmal\Capstone - Ai Eng - Spendly_ Workspace\data\F&B\train\images\tongtji13_png.rf.8c55fc39971b975746b3bc3dbcbda1cd.jpg,F&B
c:\file akmal\Capstone - Ai Eng - Spendly_ Workspace\data\_ocr_real_crops\real_0118_line18.png,P81 101 909,0.7613190980362895,c:\file akmal\Capstone - Ai Eng - Spendly_ Workspace\data\F&B\train\images\mcd18_png.rf.6d9fe30fc43d48e74b9870d1c800997a.jpg,F&B
c:\file akmal\Capstone - Ai Eng - Spendly_ Workspace\data\_ocr_real_crops\real_0115_line00.png,4510,0.9999873042106628,c:\file akmal\Capstone - Ai Eng - Spendly_ Workspace\data\F&B\train\images\mcd12_png.rf.4d5c9dca7be5c9f2432f3011a222f19c.jpg,F&B
c:\file akmal\Capstone - Ai Eng - Spendly_ Workspace\data\_ocr_real_crops\real_0118_line21.png,anda muncu harap,0.8329956990024346,c:\file akmal\Capstone - Ai Eng - Spendly_ Workspace\data\F&B\train\images\mcd18_png.rf.6d9fe30fc43d48e74b9870d1c800997a.jpg,F&B
c:\file akmal\Capstone - Ai Eng - Spendly_ Workspace\data\_ocr_real_crops\real_0161_line09.png,Mendoan Ala TongT ji,0.7606355137406076,c:\file akmal\Capstone - Ai Eng - Spendly_ Workspace\data\F&B\train\images\tongtji1_jpeg.rf.bdd21bb1162439a1bc0da09ad061675a.jpg,F&B
c:\file akmal\Capstone - Ai Eng - Spendly_ Workspace\data\_ocr_real_crops\real_0098_line17.png,Terima Kasih,0.9979174608046284,c:\file akmal\Capstone - Ai Eng - Spendly_ Workspace\data\F&B\train\images\fore7_png.rf.1afb4996fa9c9b9669f7a4daf4aa5a0a.jpg,F&B
c:\file akmal\Capstone - Ai Eng - Spendly_ Workspace\data\_ocr_real_crops\real_0163_line04.png,WA 085173271938,0.9936074137363962,c:\file akmal\Capstone - Ai Eng - Spendly_ Workspace\data\F&B\train\images\tongtji2_png.rf.56cb59370d5c149e40accad94d67b794.jpg,F&B
c:\file akmal\Capstone - Ai Eng - Spendly_ Workspace\data\_ocr_real_crops\real_0094_line18.png,Terima Kasih,0.9822996640026211,c:\file akmal\Capstone - Ai Eng - Spendly_ Workspace\data\F&B\train\images\fore2_png.rf.e0b308bb22726cb880d91c578f36a47d.jpg,F&B
c:\file akmal\Capstone - Ai Eng - Spendly_ Workspace\data\_ocr_real_crops\real_0182_line23.png,tunjukan struk ini,0.9131072156245672,c:\file akmal\Capstone - Ai Eng - Spendly_ Workspace\data\F&B\valid\images\mcd17_png.rf.11dc4e868d2e23033fd77a8ee5f08a2b.jpg,F&B
c:\file akmal\Capstone - Ai Eng - Spendly_ Workspace\data\_ocr_real_crops\real_0158_line17.png,PB1 6 400,0.8478508552119344,c:\file akmal\Capstone - Ai Eng - Spendly_ Workspace\data\F&B\train\images\tongtji15_png.rf.75f0eae35d53cb3ed1f43c74ad84625a.jpg,F&B
c:\file akmal\Capstone - Ai Eng - Spendly_ Workspace\data\_ocr_real_crops\real_0132_line07.png,Purpose TIKTOK,0.8392343845227928,c:\file akmal\Capstone - Ai Eng - Spendly_ Workspace\data\F&B\train\images\sbux15_jpg.rf.4d36925866b2d615afa73b92e62bba38.jpg,F&B
c:\file akmal\Capstone - Ai Eng - Spendly_ Workspace\data\_ocr_real_crops\real_0184_line10.png,ICED,0.9911688566207886,c:\file akmal\Capstone - Ai Eng - Spendly_ Workspace\data\F&B\valid\images\sbux18_jpg.rf.895a80603f455a441448b33cf2ef5cc0.jpg,F&B
c:\file akmal\Capstone - Ai Eng - Spendly_ Workspace\data\_ocr_real_crops\real_0113_line23.png,untuk ambi1 pesanan,0.9089044252208348,c:\file akmal\Capstone - Ai Eng - Spendly_ Workspace\data\F&B\train\images\mcd10_png.rf.68ff97f01fa2fe77065f1e2c58ad01a4.jpg,F&B
c:\file akmal\Capstone - Ai Eng - Spendly_ Workspace\data\_ocr_real_crops\real_0066_line00.png,1386,0.9999923706054688,c:\file akmal\Capstone - Ai Eng - Spendly_ Workspace\data\F&B\test\images\mcd6_png.rf.d9f278500aa90d8d718ffe069508979f.jpg,F&B
c:\file akmal\Capstone - Ai Eng - Spendly_ Workspace\data\_ocr_real_crops\real_0092_line01.png,Fore Coffee,0.9190645361687475,c:\file akmal\Capstone - Ai Eng - Spendly_ Workspace\data\F&B\train\images\fore1_jpeg.rf.7e9eb12ed553a9f777d59744a2695e32.jpg,F&B
c:\file akmal\Capstone - Ai Eng - Spendly_ Workspace\data\_ocr_real_crops\real_0101_line00.png,Receipt,0.9999900424143299,c:\file akmal\Capstone - Ai Eng - Spendly_ Workspace\data\F&B\train\images\kopken1_png.rf.68d60d691e2c50c64bf78f5093669f0b.jpg,F&B
c:\file akmal\Capstone - Ai Eng - Spendly_ Workspace\data\_ocr_real_crops\real_0143_line14.png,Rounding 2,0.9820235437175113,c:\file akmal\Capstone - Ai Eng - Spendly_ Workspace\data\F&B\train\images\solaria11_png.rf.3d87e3ebcaa3f13c242ec30658339803.jpg,F&B
c:\file akmal\Capstone - Ai Eng - Spendly_ Workspace\data\_ocr_real_crops\real_0175_line01.png,Fore Coffee,0.9133281815199245,c:\file akmal\Capstone - Ai Eng - Spendly_ Workspace\data\F&B\valid\images\fore3_png.rf.097cd8946f2548ca52acfdda25962d20.jpg,F&B
c:\file akmal\Capstone - Ai Eng - Spendly_ Workspace\data\_ocr_real_crops\real_0099_line12.png,"SUBTOIAL Rp 36,000",0.7481227388356058,c:\file akmal\Capstone - Ai Eng - Spendly_ Workspace\data\F&B\train\images\fore8_png.rf.77c4758ce8a2c713f35c3a3b07126e48.jpg,F&B
c:\file akmal\Capstone - Ai Eng - Spendly_ Workspace\data\_ocr_real_crops\real_0224_line04.png,PUHP ID 02-04,0.9328763235344445,c:\file akmal\Capstone - Ai Eng - Spendly_ Workspace\data\Gas\train\images\shell10_png.rf.94d182ea017b798d091c28c3cd03c454.jpg,Gas
c:\file akmal\Capstone - Ai Eng - Spendly_ Workspace\data\_ocr_real_crops\real_0248_line09.png,Jnit Price 12300,0.9333853467978407,c:\file akmal\Capstone - Ai Eng - Spendly_ Workspace\data\Gas\train\images\UC-KENDAL-26-MARET-2026-pdf_page_1_png.rf.6208c06b9ad9757522e10d189c6d2acd.jpg,Gas
c:\file akmal\Capstone - Ai Eng - Spendly_ Workspace\data\_ocr_real_crops\real_0227_line08.png,Pump No 02,0.9929007747299622,c:\file akmal\Capstone - Ai Eng - Spendly_ Workspace\data\Gas\train\images\shell13_png.rf.6a71fc3d92319f9eb6ec8558d77b117f.jpg,Gas
c:\file akmal\Capstone - Ai Eng - Spendly_ Workspace\data\_ocr_real_crops\real_0253_line12.png,Amount 41463,0.9417496502960152,c:\file akmal\Capstone - Ai Eng - Spendly_ Workspace\data\Gas\valid\images\shell15_png.rf.f4e42483508e4309ea290aa6ef71aa2a.jpg,Gas
c:\file akmal\Capstone - Ai Eng - Spendly_ Workspace\data\_ocr_real_crops\real_0259_line11.png,Operator NA TAN,0.98387653067739,c:\file akmal\Capstone - Ai Eng - Spendly_ Workspace\data\Gas\valid\images\UC-GUBUG-20-JAN-2026-pdf_page_1_png.rf.f5e52a54c1ed79010b2e9e1a627a9f54.jpg,Gas
c:\file akmal\Capstone - Ai Eng - Spendly_ Workspace\data\_ocr_real_crops\real_0212_line09.png,Volune (L) 2.880,0.7842237416768119,c:\file akmal\Capstone - Ai Eng - Spendly_ Workspace\data\Gas\train\images\camscaner-bensin-nofita2_png.rf.7bdfedd19895db8fd1552c4591678e43.jpg,Gas
c:\file akmal\Capstone - Ai Eng - Spendly_ Workspace\data\_ocr_real_crops\real_0219_line12.png,CASH,0.9988030195236206,c:\file akmal\Capstone - Ai Eng - Spendly_ Workspace\data\Gas\train\images\camscaner-bensin-rizky_png.rf.9e73297d6460ce21d1ea1de39ab338a1.jpg,Gas
c:\file akmal\Capstone - Ai Eng - Spendly_ Workspace\data\_ocr_real_crops\real_0220_line13.png,CASH,0.9885627031326294,c:\file akmal\Capstone - Ai Eng - Spendly_ Workspace\data\Gas\train\images\camscaner-bensin-yani2_png.rf.02ca267ad31dc31344f3af5f282a1d7b.jpg,Gas
c:\file akmal\Capstone - Ai Eng - Spendly_ Workspace\data\_ocr_real_crops\real_0203_line01.png,4459503,0.999992430435531,c:\file akmal\Capstone - Ai Eng - Spendly_ Workspace\data\Gas\test\images\UC-DEMAK-19-FEB-2026-pdf_page_1_png.rf.4f2eb2a7e4e3fd98bfcfc8ff579c354b.jpg,Gas
c:\file akmal\Capstone - Ai Eng - Spendly_ Workspace\data\_ocr_real_crops\real_0212_line02.png,SPBU DESA SuGIH,0.7148304894940897,c:\file akmal\Capstone - Ai Eng - Spendly_ Workspace\data\Gas\train\images\camscaner-bensin-nofita2_png.rf.7bdfedd19895db8fd1552c4591678e43.jpg,Gas
c:\file akmal\Capstone - Ai Eng - Spendly_ Workspace\data\_ocr_real_crops\real_0211_line13.png,Operator Danang,0.9938987971975748,c:\file akmal\Capstone - Ai Eng - Spendly_ Workspace\data\Gas\train\images\camscaner-bensin-nofita1_png.rf.b9066e43f4996c969ebebb95c4c49b3c.jpg,Gas
c:\file akmal\Capstone - Ai Eng - Spendly_ Workspace\data\_ocr_real_crops\real_0215_line04.png,Ielp . 08112584949,0.8068699892265796,c:\file akmal\Capstone - Ai Eng - Spendly_ Workspace\data\Gas\train\images\camscaner-bensin-nofita5_png.rf.93a6225963698ecbbacf3878de898066.jpg,Gas
c:\file akmal\Capstone - Ai Eng - Spendly_ Workspace\data\_ocr_real_crops\real_0253_line11.png,Unit Price 13300,0.969347691860842,c:\file akmal\Capstone - Ai Eng - Spendly_ Workspace\data\Gas\valid\images\shell15_png.rf.f4e42483508e4309ea290aa6ef71aa2a.jpg,Gas
c:\file akmal\Capstone - Ai Eng - Spendly_ Workspace\data\_ocr_real_crops\real_0214_line10.png,Liter 10,0.998509051665763,c:\file akmal\Capstone - Ai Eng - Spendly_ Workspace\data\Gas\train\images\camscaner-bensin-nofita4_png.rf.012ab14d39df8e97864d3b0958737e2a.jpg,Gas
c:\file akmal\Capstone - Ai Eng - Spendly_ Workspace\data\_ocr_real_crops\real_0248_line00.png,PERTAMINA PASTI PAS,0.9796267803820361,c:\file akmal\Capstone - Ai Eng - Spendly_ Workspace\data\Gas\train\images\UC-KENDAL-26-MARET-2026-pdf_page_1_png.rf.6208c06b9ad9757522e10d189c6d2acd.jpg,Gas
c:\file akmal\Capstone - Ai Eng - Spendly_ Workspace\data\_ocr_real_crops\real_0258_line15.png,CHANGE,0.9996427212907493,c:\file akmal\Capstone - Ai Eng - Spendly_ Workspace\data\Gas\valid\images\UC-DEMAK-24-JAN-2026-pdf_page_1_png.rf.bb07e29b16b5bd1947d5734bda7e2905.jpg,Gas
c:\file akmal\Capstone - Ai Eng - Spendly_ Workspace\data\_ocr_real_crops\real_0198_line14.png,TERIHA KASIH,0.9234042237244542,c:\file akmal\Capstone - Ai Eng - Spendly_ Workspace\data\Gas\test\images\bensin-affan1_jpeg.rf.59aa403b8196f7627ca9d7afcfb54dbb.jpg,Gas
c:\file akmal\Capstone - Ai Eng - Spendly_ Workspace\data\_ocr_real_crops\real_0236_line07.png,Pump No 03,0.8959424676076336,c:\file akmal\Capstone - Ai Eng - Spendly_ Workspace\data\Gas\train\images\shell8_png.rf.33d58b1c55eea381086e5a8681bbc235.jpg,Gas
c:\file akmal\Capstone - Ai Eng - Spendly_ Workspace\data\_ocr_real_crops\real_0229_line11.png,Unit Price 13300,0.997642460519426,c:\file akmal\Capstone - Ai Eng - Spendly_ Workspace\data\Gas\train\images\shell16_png.rf.2a74a817a64789ea4f9f64261c2af304.jpg,Gas
c:\file akmal\Capstone - Ai Eng - Spendly_ Workspace\data\_ocr_real_crops\real_0234_line06.png,Receidl No 102365,0.872955639394624,c:\file akmal\Capstone - Ai Eng - Spendly_ Workspace\data\Gas\train\images\shell6_png.rf.14600895553e9c4301c71b76205d1061.jpg,Gas
c:\file akmal\Capstone - Ai Eng - Spendly_ Workspace\data\_ocr_real_crops\real_0229_line07.png,Receipt No 128765,0.7839261243716321,c:\file akmal\Capstone - Ai Eng - Spendly_ Workspace\data\Gas\train\images\shell16_png.rf.2a74a817a64789ea4f9f64261c2af304.jpg,Gas
c:\file akmal\Capstone - Ai Eng - Spendly_ Workspace\data\_ocr_real_crops\real_0235_line06.png,Receipt No 194623,0.8501909550081527,c:\file akmal\Capstone - Ai Eng - Spendly_ Workspace\data\Gas\train\images\shell7_png.rf.c66e2625ca891200f6636daa569143ea.jpg,Gas
c:\file akmal\Capstone - Ai Eng - Spendly_ Workspace\data\_ocr_real_crops\real_0250_line12.png,Harga/Liter 12.300,0.9614935613101787,c:\file akmal\Capstone - Ai Eng - Spendly_ Workspace\data\Gas\train\images\UC-TEMANGGUNG-25-MARET-2026-pdf_page_1_png.rf.9ef0278c8721a4286ebdaee9f2db6c75.jpg,Gas
c:\file akmal\Capstone - Ai Eng - Spendly_ Workspace\data\_ocr_real_crops\real_0233_line11.png,Amount 28595,0.7545184901920313,c:\file akmal\Capstone - Ai Eng - Spendly_ Workspace\data\Gas\train\images\shell5_png.rf.ca3c0a6bdd2cd11daee5c3748c6f747f.jpg,Gas
c:\file akmal\Capstone - Ai Eng - Spendly_ Workspace\data\_ocr_real_crops\real_0206_line09.png,Jolumne 8 13,0.7816724934233054,c:\file akmal\Capstone - Ai Eng - Spendly_ Workspace\data\Gas\train\images\bensin-affan4_jpeg.rf.70575a8b4ef3f8e9f0f39d9ca640e56f.jpg,Gas
c:\file akmal\Capstone - Ai Eng - Spendly_ Workspace\data\_ocr_real_crops\real_0251_line08.png,Nama Produk PERTAMAX,0.999250850744707,c:\file akmal\Capstone - Ai Eng - Spendly_ Workspace\data\Gas\valid\images\bensin-affan5_jpeg.rf.e803af5b63d5d2a18a36124af60f254a.jpg,Gas
c:\file akmal\Capstone - Ai Eng - Spendly_ Workspace\data\_ocr_real_crops\real_0206_line10.png,Jnit Price 12300,0.886720283589613,c:\file akmal\Capstone - Ai Eng - Spendly_ Workspace\data\Gas\train\images\bensin-affan4_jpeg.rf.70575a8b4ef3f8e9f0f39d9ca640e56f.jpg,Gas
c:\file akmal\Capstone - Ai Eng - Spendly_ Workspace\data\_ocr_real_crops\real_0244_line16.png,Subsidi Pener intah,0.8375100727947702,c:\file akmal\Capstone - Ai Eng - Spendly_ Workspace\data\Gas\train\images\UC-GROBOGAN-24-FEB-26-pdf_page_1_png.rf.b1aa984cf636b94da997e1137ce0debc.jpg,Gas
c:\file akmal\Capstone - Ai Eng - Spendly_ Workspace\data\_ocr_real_crops\real_0240_line01.png,KLAKON,0.9987706966645337,c:\file akmal\Capstone - Ai Eng - Spendly_ Workspace\data\Gas\train\images\UC-BATANG-DINNER-18-MARET-2026-pdf_page_1_png.rf.8b2ee1a65efdaca9faa4c7716297f6b9.jpg,Gas
c:\file akmal\Capstone - Ai Eng - Spendly_ Workspace\data\_ocr_real_crops\real_0213_line07.png,Pulau/Pompa,0.9962272333547494,c:\file akmal\Capstone - Ai Eng - Spendly_ Workspace\data\Gas\train\images\camscaner-bensin-nofita3_png.rf.69c1dd416c65db4fd856425c5767dd0a.jpg,Gas
c:\file akmal\Capstone - Ai Eng - Spendly_ Workspace\data\_ocr_real_crops\real_0258_line10.png,Volume (L) 3.95,0.833718012086457,c:\file akmal\Capstone - Ai Eng - Spendly_ Workspace\data\Gas\valid\images\UC-DEMAK-24-JAN-2026-pdf_page_1_png.rf.bb07e29b16b5bd1947d5734bda7e2905.jpg,Gas
c:\file akmal\Capstone - Ai Eng - Spendly_ Workspace\data\_ocr_real_crops\real_0217_line07.png,eceipt No. 7403,0.9660759115097428,c:\file akmal\Capstone - Ai Eng - Spendly_ Workspace\data\Gas\train\images\camscaner-bensin-rizky3_png.rf.e54af9fd4a41a3c46e2f04927e7ad146.jpg,Gas
c:\file akmal\Capstone - Ai Eng - Spendly_ Workspace\data\_ocr_real_crops\real_0231_line04.png,PUMP ID 03-04,0.9462464424361703,c:\file akmal\Capstone - Ai Eng - Spendly_ Workspace\data\Gas\train\images\shell1_jpeg.rf.4696b6f3bd387b15cb48688a5e522a6e.jpg,Gas
c:\file akmal\Capstone - Ai Eng - Spendly_ Workspace\data\_ocr_real_crops\real_0229_line09.png,Grade SHELL V-POWER,0.9277243889920074,c:\file akmal\Capstone - Ai Eng - Spendly_ Workspace\data\Gas\train\images\shell16_png.rf.2a74a817a64789ea4f9f64261c2af304.jpg,Gas
c:\file akmal\Capstone - Ai Eng - Spendly_ Workspace\data\_ocr_real_crops\real_0253_line01.png,ID 12516702,0.8222366670468877,c:\file akmal\Capstone - Ai Eng - Spendly_ Workspace\data\Gas\valid\images\shell15_png.rf.f4e42483508e4309ea290aa6ef71aa2a.jpg,Gas
c:\file akmal\Capstone - Ai Eng - Spendly_ Workspace\data\_ocr_real_crops\real_0228_line10.png,"Volume 2,72",0.7952587996246889,c:\file akmal\Capstone - Ai Eng - Spendly_ Workspace\data\Gas\train\images\shell14_png.rf.4c97f0aabcd56fa9c2d4db28959afcbb.jpg,Gas
c:\file akmal\Capstone - Ai Eng - Spendly_ Workspace\data\_ocr_real_crops\real_0232_line08.png,Grade SHELL VPOwER,0.7257484023818107,c:\file akmal\Capstone - Ai Eng - Spendly_ Workspace\data\Gas\train\images\shell4_png.rf.c7886102937741d56d93571a04c94bc5.jpg,Gas
c:\file akmal\Capstone - Ai Eng - Spendly_ Workspace\data\_ocr_real_crops\real_0204_line09.png,VoIume (L) 16 .26,0.9008747045768773,c:\file akmal\Capstone - Ai Eng - Spendly_ Workspace\data\Gas\train\images\bensin-affan2_jpeg.rf.abf2927b78fad941aaf03ec0f16a20de.jpg,Gas
c:\file akmal\Capstone - Ai Eng - Spendly_ Workspace\data\_ocr_real_crops\real_0226_line11.png,Unit Price 13300,0.9884181843950374,c:\file akmal\Capstone - Ai Eng - Spendly_ Workspace\data\Gas\train\images\shell12_png.rf.5b0496fb57f26b62fa2aa9d646c1ffd0.jpg,Gas
c:\file akmal\Capstone - Ai Eng - Spendly_ Workspace\data\_ocr_real_crops\real_0238_line05.png,Tengah 51116,0.8341445324262375,c:\file akmal\Capstone - Ai Eng - Spendly_ Workspace\data\Gas\train\images\UC-BATANG-13-FEB-2026-pdf_page_2_png.rf.1ffd38d941efd36361cf112da67e0a69.jpg,Gas
c:\file akmal\Capstone - Ai Eng - Spendly_ Workspace\data\_ocr_real_crops\real_0212_line12.png,CASH,0.962247908115387,c:\file akmal\Capstone - Ai Eng - Spendly_ Workspace\data\Gas\train\images\camscaner-bensin-nofita2_png.rf.7bdfedd19895db8fd1552c4591678e43.jpg,Gas
c:\file akmal\Capstone - Ai Eng - Spendly_ Workspace\data\_ocr_real_crops\real_0212_line14.png,CHANGE,0.9928748881885421,c:\file akmal\Capstone - Ai Eng - Spendly_ Workspace\data\Gas\train\images\camscaner-bensin-nofita2_png.rf.7bdfedd19895db8fd1552c4591678e43.jpg,Gas
c:\file akmal\Capstone - Ai Eng - Spendly_ Workspace\data\_ocr_real_crops\real_0259_line02.png,SPBU 4458124,0.9361153561459148,c:\file akmal\Capstone - Ai Eng - Spendly_ Workspace\data\Gas\valid\images\UC-GUBUG-20-JAN-2026-pdf_page_1_png.rf.f5e52a54c1ed79010b2e9e1a627a9f54.jpg,Gas
c:\file akmal\Capstone - Ai Eng - Spendly_ Workspace\data\_ocr_real_crops\real_0203_line12.png,CASH,0.9888153672218323,c:\file akmal\Capstone - Ai Eng - Spendly_ Workspace\data\Gas\test\images\UC-DEMAK-19-FEB-2026-pdf_page_1_png.rf.4f2eb2a7e4e3fd98bfcfc8ff579c354b.jpg,Gas
c:\file akmal\Capstone - Ai Eng - Spendly_ Workspace\data\_ocr_real_crops\real_0217_line04.png,AB. GROBOGAN,0.8077346814645748,c:\file akmal\Capstone - Ai Eng - Spendly_ Workspace\data\Gas\train\images\camscaner-bensin-rizky3_png.rf.e54af9fd4a41a3c46e2f04927e7ad146.jpg,Gas
c:\file akmal\Capstone - Ai Eng - Spendly_ Workspace\data\_ocr_real_crops\real_0254_line08.png,Purp No 02,0.9231406460825163,c:\file akmal\Capstone - Ai Eng - Spendly_ Workspace\data\Gas\valid\images\shell17_png.rf.1c28d9d1b3400b437818277224876ef6.jpg,Gas
c:\file akmal\Capstone - Ai Eng - Spendly_ Workspace\data\_ocr_real_crops\real_0224_line07.png,Pump No 02,0.8767619188319228,c:\file akmal\Capstone - Ai Eng - Spendly_ Workspace\data\Gas\train\images\shell10_png.rf.94d182ea017b798d091c28c3cd03c454.jpg,Gas
c:\file akmal\Capstone - Ai Eng - Spendly_ Workspace\data\_ocr_real_crops\real_0244_line09.png,Volume 10.00 iter,0.9637071014096801,c:\file akmal\Capstone - Ai Eng - Spendly_ Workspace\data\Gas\train\images\UC-GROBOGAN-24-FEB-26-pdf_page_1_png.rf.b1aa984cf636b94da997e1137ce0debc.jpg,Gas
c:\file akmal\Capstone - Ai Eng - Spendly_ Workspace\data\_ocr_real_crops\real_0253_line10.png,Volume 3 11,0.9439680161199783,c:\file akmal\Capstone - Ai Eng - Spendly_ Workspace\data\Gas\valid\images\shell15_png.rf.f4e42483508e4309ea290aa6ef71aa2a.jpg,Gas
c:\file akmal\Capstone - Ai Eng - Spendly_ Workspace\data\_ocr_real_crops\real_0200_line06.png,Receipt No . 124578,0.861913194463705,c:\file akmal\Capstone - Ai Eng - Spendly_ Workspace\data\Gas\test\images\shell3_png.rf.62a8d63be42ebed0f8a4fa11f5715c46.jpg,Gas
c:\file akmal\Capstone - Ai Eng - Spendly_ Workspace\data\_ocr_real_crops\real_0213_line04.png,Telp 08112584949,0.7164254590352076,c:\file akmal\Capstone - Ai Eng - Spendly_ Workspace\data\Gas\train\images\camscaner-bensin-nofita3_png.rf.69c1dd416c65db4fd856425c5767dd0a.jpg,Gas
c:\file akmal\Capstone - Ai Eng - Spendly_ Workspace\data\_ocr_real_crops\real_0246_line13.png,CASH,0.9947091341018677,c:\file akmal\Capstone - Ai Eng - Spendly_ Workspace\data\Gas\train\images\UC-GUBUG-27-MARET-2026-pdf_page_1_png.rf.cc0bac9e8a36bf121084462bb76ec8d2.jpg,Gas
c:\file akmal\Capstone - Ai Eng - Spendly_ Workspace\data\_ocr_real_crops\real_0198_line00.png,SPBU-45 507 26,0.841031397247488,c:\file akmal\Capstone - Ai Eng - Spendly_ Workspace\data\Gas\test\images\bensin-affan1_jpeg.rf.59aa403b8196f7627ca9d7afcfb54dbb.jpg,Gas
c:\file akmal\Capstone - Ai Eng - Spendly_ Workspace\data\_ocr_real_crops\real_0200_line10.png,Unit Price 13300,0.9342945100772043,c:\file akmal\Capstone - Ai Eng - Spendly_ Workspace\data\Gas\test\images\shell3_png.rf.62a8d63be42ebed0f8a4fa11f5715c46.jpg,Gas
c:\file akmal\Capstone - Ai Eng - Spendly_ Workspace\data\_ocr_real_crops\real_0253_line07.png,Receipt No 197654,0.9892094856589355,c:\file akmal\Capstone - Ai Eng - Spendly_ Workspace\data\Gas\valid\images\shell15_png.rf.f4e42483508e4309ea290aa6ef71aa2a.jpg,Gas
c:\file akmal\Capstone - Ai Eng - Spendly_ Workspace\data\_ocr_real_crops\real_0240_line18.png,Notes,0.9061452115918086,c:\file akmal\Capstone - Ai Eng - Spendly_ Workspace\data\Gas\train\images\UC-BATANG-DINNER-18-MARET-2026-pdf_page_1_png.rf.8b2ee1a65efdaca9faa4c7716297f6b9.jpg,Gas
c:\file akmal\Capstone - Ai Eng - Spendly_ Workspace\data\_ocr_real_crops\real_0241_line06.png,Pulau/ Pompa,0.8809940805146923,c:\file akmal\Capstone - Ai Eng - Spendly_ Workspace\data\Gas\train\images\UC-DEMAK-3-MARET-2026-pdf_page_1_png.rf.de326daafa4f21bfa91c61c97a0f3895.jpg,Gas
c:\file akmal\Capstone - Ai Eng - Spendly_ Workspace\data\_ocr_real_crops\real_0240_line13.png,ICE,0.9987652347820353,c:\file akmal\Capstone - Ai Eng - Spendly_ Workspace\data\Gas\train\images\UC-BATANG-DINNER-18-MARET-2026-pdf_page_1_png.rf.8b2ee1a65efdaca9faa4c7716297f6b9.jpg,Gas
c:\file akmal\Capstone - Ai Eng - Spendly_ Workspace\data\_ocr_real_crops\real_0213_line01.png,4452108,0.9965472618705918,c:\file akmal\Capstone - Ai Eng - Spendly_ Workspace\data\Gas\train\images\camscaner-bensin-nofita3_png.rf.69c1dd416c65db4fd856425c5767dd0a.jpg,Gas
c:\file akmal\Capstone - Ai Eng - Spendly_ Workspace\data\_ocr_real_crops\real_0213_line14.png,Harga Jua 10 0oo,0.7156235649750581,c:\file akmal\Capstone - Ai Eng - Spendly_ Workspace\data\Gas\train\images\camscaner-bensin-nofita3_png.rf.69c1dd416c65db4fd856425c5767dd0a.jpg,Gas
c:\file akmal\Capstone - Ai Eng - Spendly_ Workspace\data\_ocr_real_crops\real_0251_line13.png,CASH,0.9991275668144226,c:\file akmal\Capstone - Ai Eng - Spendly_ Workspace\data\Gas\valid\images\bensin-affan5_jpeg.rf.e803af5b63d5d2a18a36124af60f254a.jpg,Gas
c:\file akmal\Capstone - Ai Eng - Spendly_ Workspace\data\_ocr_real_crops\real_0216_line06.png,Pulau/Pompa : 1,0.9908390592672421,c:\file akmal\Capstone - Ai Eng - Spendly_ Workspace\data\Gas\train\images\camscaner-bensin-rizky2_png.rf.182e6c63876ab99026d52c21b96b8391.jpg,Gas
c:\file akmal\Capstone - Ai Eng - Spendly_ Workspace\data\_ocr_real_crops\real_0201_line18.png,CASH,0.9705355763435364,c:\file akmal\Capstone - Ai Eng - Spendly_ Workspace\data\Gas\test\images\UC-BATANG-13-FEB-2026-pdf_page_1_png.rf.0a456166f24dae4655c4b07cb1604d4a.jpg,Gas
c:\file akmal\Capstone - Ai Eng - Spendly_ Workspace\data\_ocr_real_crops\real_0254_line12.png,Amount 46550,0.9864150751647011,c:\file akmal\Capstone - Ai Eng - Spendly_ Workspace\data\Gas\valid\images\shell17_png.rf.1c28d9d1b3400b437818277224876ef6.jpg,Gas
c:\file akmal\Capstone - Ai Eng - Spendly_ Workspace\data\_ocr_real_crops\real_0227_line03.png,TELP 02186909112,0.9160521856980695,c:\file akmal\Capstone - Ai Eng - Spendly_ Workspace\data\Gas\train\images\shell13_png.rf.6a71fc3d92319f9eb6ec8558d77b117f.jpg,Gas
c:\file akmal\Capstone - Ai Eng - Spendly_ Workspace\data\_ocr_real_crops\real_0253_line09.png,Grade SHELL V-PoweR,0.7744082060035554,c:\file akmal\Capstone - Ai Eng - Spendly_ Workspace\data\Gas\valid\images\shell15_png.rf.f4e42483508e4309ea290aa6ef71aa2a.jpg,Gas
c:\file akmal\Capstone - Ai Eng - Spendly_ Workspace\data\_ocr_real_crops\real_0238_line14.png,Basic,0.9991782087346142,c:\file akmal\Capstone - Ai Eng - Spendly_ Workspace\data\Gas\train\images\UC-BATANG-13-FEB-2026-pdf_page_2_png.rf.1ffd38d941efd36361cf112da67e0a69.jpg,Gas
c:\file akmal\Capstone - Ai Eng - Spendly_ Workspace\data\_ocr_real_crops\real_0205_line02.png,10/04/2026 14:19,0.9730888509775824,c:\file akmal\Capstone - Ai Eng - Spendly_ Workspace\data\Gas\train\images\bensin-affan3_jpeg.rf.c2ad8ec140607d0a34740b3df9555dfb.jpg,Gas
c:\file akmal\Capstone - Ai Eng - Spendly_ Workspace\data\_ocr_real_crops\real_0227_line05.png,Puhp ID 02 05,0.8404249773590582,c:\file akmal\Capstone - Ai Eng - Spendly_ Workspace\data\Gas\train\images\shell13_png.rf.6a71fc3d92319f9eb6ec8558d77b117f.jpg,Gas
c:\file akmal\Capstone - Ai Eng - Spendly_ Workspace\data\_ocr_real_crops\real_0258_line07.png,Pulau /Pompa,0.8560198347463531,c:\file akmal\Capstone - Ai Eng - Spendly_ Workspace\data\Gas\valid\images\UC-DEMAK-24-JAN-2026-pdf_page_1_png.rf.bb07e29b16b5bd1947d5734bda7e2905.jpg,Gas
c:\file akmal\Capstone - Ai Eng - Spendly_ Workspace\data\_ocr_real_crops\real_0218_line06.png,Fulau/Pompa :,0.9392741328311165,c:\file akmal\Capstone - Ai Eng - Spendly_ Workspace\data\Gas\train\images\camscaner-bensin-rizky5_png.rf.22478f17e14b6642034168636561166a.jpg,Gas
c:\file akmal\Capstone - Ai Eng - Spendly_ Workspace\data\_ocr_real_crops\real_0250_line02.png,SEMARANG,0.9836626684774676,c:\file akmal\Capstone - Ai Eng - Spendly_ Workspace\data\Gas\train\images\UC-TEMANGGUNG-25-MARET-2026-pdf_page_1_png.rf.9ef0278c8721a4286ebdaee9f2db6c75.jpg,Gas
c:\file akmal\Capstone - Ai Eng - Spendly_ Workspace\data\_ocr_real_crops\real_0244_line14.png,Tota Penjua lan (Rp),0.7932028100224824,c:\file akmal\Capstone - Ai Eng - Spendly_ Workspace\data\Gas\train\images\UC-GROBOGAN-24-FEB-26-pdf_page_1_png.rf.b1aa984cf636b94da997e1137ce0debc.jpg,Gas
c:\file akmal\Capstone - Ai Eng - Spendly_ Workspace\data\_ocr_real_crops\real_0240_line04.png,51173,0.9968220778440017,c:\file akmal\Capstone - Ai Eng - Spendly_ Workspace\data\Gas\train\images\UC-BATANG-DINNER-18-MARET-2026-pdf_page_1_png.rf.8b2ee1a65efdaca9faa4c7716297f6b9.jpg,Gas
c:\file akmal\Capstone - Ai Eng - Spendly_ Workspace\data\_ocr_real_crops\real_0201_line06.png,Pulau/Pompa 12,0.9998445629073285,c:\file akmal\Capstone - Ai Eng - Spendly_ Workspace\data\Gas\test\images\UC-BATANG-13-FEB-2026-pdf_page_1_png.rf.0a456166f24dae4655c4b07cb1604d4a.jpg,Gas
c:\file akmal\Capstone - Ai Eng - Spendly_ Workspace\data\_ocr_real_crops\real_0205_line09.png,Amount 100000,0.7899707149073785,c:\file akmal\Capstone - Ai Eng - Spendly_ Workspace\data\Gas\train\images\bensin-affan3_jpeg.rf.c2ad8ec140607d0a34740b3df9555dfb.jpg,Gas
c:\file akmal\Capstone - Ai Eng - Spendly_ Workspace\data\_ocr_real_crops\real_0241_line13.png,100 00o,0.9176356881740052,c:\file akmal\Capstone - Ai Eng - Spendly_ Workspace\data\Gas\train\images\UC-DEMAK-3-MARET-2026-pdf_page_1_png.rf.de326daafa4f21bfa91c61c97a0f3895.jpg,Gas
c:\file akmal\Capstone - Ai Eng - Spendly_ Workspace\data\_ocr_real_crops\real_0215_line01.png,4452108,0.9997218063509725,c:\file akmal\Capstone - Ai Eng - Spendly_ Workspace\data\Gas\train\images\camscaner-bensin-nofita5_png.rf.93a6225963698ecbbacf3878de898066.jpg,Gas
c:\file akmal\Capstone - Ai Eng - Spendly_ Workspace\data\_ocr_real_crops\real_0258_line04.png,TeIp . 0246773068,0.9753706299762477,c:\file akmal\Capstone - Ai Eng - Spendly_ Workspace\data\Gas\valid\images\UC-DEMAK-24-JAN-2026-pdf_page_1_png.rf.bb07e29b16b5bd1947d5734bda7e2905.jpg,Gas
c:\file akmal\Capstone - Ai Eng - Spendly_ Workspace\data\_ocr_real_crops\real_0258_line08.png,Nama Produk PERTAMAX,0.9897076889715267,c:\file akmal\Capstone - Ai Eng - Spendly_ Workspace\data\Gas\valid\images\UC-DEMAK-24-JAN-2026-pdf_page_1_png.rf.bb07e29b16b5bd1947d5734bda7e2905.jpg,Gas
c:\file akmal\Capstone - Ai Eng - Spendly_ Workspace\data\_ocr_real_crops\real_0207_line01.png,4a52713,0.7451319673785576,c:\file akmal\Capstone - Ai Eng - Spendly_ Workspace\data\Gas\train\images\camscaner-bensin-lana1_png.rf.870ae4c0b90c3948689c08648cd826d6.jpg,Gas
c:\file akmal\Capstone - Ai Eng - Spendly_ Workspace\data\_ocr_real_crops\real_0258_line14.png,"50 ,000",0.8950643694862891,c:\file akmal\Capstone - Ai Eng - Spendly_ Workspace\data\Gas\valid\images\UC-DEMAK-24-JAN-2026-pdf_page_1_png.rf.bb07e29b16b5bd1947d5734bda7e2905.jpg,Gas
c:\file akmal\Capstone - Ai Eng - Spendly_ Workspace\data\_ocr_real_crops\real_0201_line13.png,"Harga Jua 10 ,000",0.7726141215469715,c:\file akmal\Capstone - Ai Eng - Spendly_ Workspace\data\Gas\test\images\UC-BATANG-13-FEB-2026-pdf_page_1_png.rf.0a456166f24dae4655c4b07cb1604d4a.jpg,Gas
c:\file akmal\Capstone - Ai Eng - Spendly_ Workspace\data\_ocr_real_crops\real_0200_line08.png,Grade SHELL V-POWER,0.937312826900292,c:\file akmal\Capstone - Ai Eng - Spendly_ Workspace\data\Gas\test\images\shell3_png.rf.62a8d63be42ebed0f8a4fa11f5715c46.jpg,Gas
c:\file akmal\Capstone - Ai Eng - Spendly_ Workspace\data\_ocr_real_crops\real_0211_line08.png,Nomor Nota 127632,0.8975224804777809,c:\file akmal\Capstone - Ai Eng - Spendly_ Workspace\data\Gas\train\images\camscaner-bensin-nofita1_png.rf.b9066e43f4996c969ebebb95c4c49b3c.jpg,Gas
c:\file akmal\Capstone - Ai Eng - Spendly_ Workspace\data\_ocr_real_crops\real_0219_line11.png,Operator ALVIN,0.9993673961587273,c:\file akmal\Capstone - Ai Eng - Spendly_ Workspace\data\Gas\train\images\camscaner-bensin-rizky_png.rf.9e73297d6460ce21d1ea1de39ab338a1.jpg,Gas
c:\file akmal\Capstone - Ai Eng - Spendly_ Workspace\data\_ocr_real_crops\real_0203_line03.png,DS LOIRENG SA YING,0.9494695651238363,c:\file akmal\Capstone - Ai Eng - Spendly_ Workspace\data\Gas\test\images\UC-DEMAK-19-FEB-2026-pdf_page_1_png.rf.4f2eb2a7e4e3fd98bfcfc8ff579c354b.jpg,Gas
c:\file akmal\Capstone - Ai Eng - Spendly_ Workspace\data\_ocr_real_crops\real_0213_line25.png,Subs1d1 secara bijak,0.7134739583163116,c:\file akmal\Capstone - Ai Eng - Spendly_ Workspace\data\Gas\train\images\camscaner-bensin-nofita3_png.rf.69c1dd416c65db4fd856425c5767dd0a.jpg,Gas
c:\file akmal\Capstone - Ai Eng - Spendly_ Workspace\data\_ocr_real_crops\real_0243_line10.png,Volute (L) 8 13,0.8465780274182179,c:\file akmal\Capstone - Ai Eng - Spendly_ Workspace\data\Gas\train\images\UC-GROBOGAN-10-MARET-2026-pdf_page_1_png.rf.5e758a59d0923bfb592d97a00894aac4.jpg,Gas
c:\file akmal\Capstone - Ai Eng - Spendly_ Workspace\data\_ocr_real_crops\real_0254_line01.png,ID 12518877,0.9911911987464738,c:\file akmal\Capstone - Ai Eng - Spendly_ Workspace\data\Gas\valid\images\shell17_png.rf.1c28d9d1b3400b437818277224876ef6.jpg,Gas
c:\file akmal\Capstone - Ai Eng - Spendly_ Workspace\data\_ocr_real_crops\real_0248_line08.png,Vol ume 8 13,0.9525368781004384,c:\file akmal\Capstone - Ai Eng - Spendly_ Workspace\data\Gas\train\images\UC-KENDAL-26-MARET-2026-pdf_page_1_png.rf.6208c06b9ad9757522e10d189c6d2acd.jpg,Gas
c:\file akmal\Capstone - Ai Eng - Spendly_ Workspace\data\_ocr_real_crops\real_0225_line02.png,TELP 02186909112,0.9873455655009127,c:\file akmal\Capstone - Ai Eng - Spendly_ Workspace\data\Gas\train\images\shell11_png.rf.349eab2467a7b89c16c707feb08d2d1f.jpg,Gas
c:\file akmal\Capstone - Ai Eng - Spendly_ Workspace\data\_ocr_real_crops\real_0236_line06.png,Receiot No 136985,0.894874385374893,c:\file akmal\Capstone - Ai Eng - Spendly_ Workspace\data\Gas\train\images\shell8_png.rf.33d58b1c55eea381086e5a8681bbc235.jpg,Gas
c:\file akmal\Capstone - Ai Eng - Spendly_ Workspace\data\_ocr_real_crops\real_0230_line10.png,Volune 3 80,0.9422801364016596,c:\file akmal\Capstone - Ai Eng - Spendly_ Workspace\data\Gas\train\images\shell19_png.rf.1378746f6c4ebf71f6510c03d4b74b24.jpg,Gas
c:\file akmal\Capstone - Ai Eng - Spendly_ Workspace\data\_ocr_real_crops\real_0231_line07.png,Pump No 02,0.8490377073810872,c:\file akmal\Capstone - Ai Eng - Spendly_ Workspace\data\Gas\train\images\shell1_jpeg.rf.4696b6f3bd387b15cb48688a5e522a6e.jpg,Gas
c:\file akmal\Capstone - Ai Eng - Spendly_ Workspace\data\_ocr_real_crops\real_0198_line09.png,Plat Nomor,0.9986879449444699,c:\file akmal\Capstone - Ai Eng - Spendly_ Workspace\data\Gas\test\images\bensin-affan1_jpeg.rf.59aa403b8196f7627ca9d7afcfb54dbb.jpg,Gas
c:\file akmal\Capstone - Ai Eng - Spendly_ Workspace\data\_ocr_real_crops\real_0205_line08.png,Unit Price 12300,0.856076958868706,c:\file akmal\Capstone - Ai Eng - Spendly_ Workspace\data\Gas\train\images\bensin-affan3_jpeg.rf.c2ad8ec140607d0a34740b3df9555dfb.jpg,Gas
c:\file akmal\Capstone - Ai Eng - Spendly_ Workspace\data\_ocr_real_crops\real_0241_line09.png,Volume (L) 8 . 13,0.8736808075308139,c:\file akmal\Capstone - Ai Eng - Spendly_ Workspace\data\Gas\train\images\UC-DEMAK-3-MARET-2026-pdf_page_1_png.rf.de326daafa4f21bfa91c61c97a0f3895.jpg,Gas
c:\file akmal\Capstone - Ai Eng - Spendly_ Workspace\data\_ocr_real_crops\real_0257_line10.png,Vo lune 5 59,0.7752465580333768,c:\file akmal\Capstone - Ai Eng - Spendly_ Workspace\data\Gas\valid\images\shell2_jpeg.rf.78e0474920d53749de24686a4334fdd8.jpg,Gas
c:\file akmal\Capstone - Ai Eng - Spendly_ Workspace\data\_ocr_real_crops\real_0255_line01.png,ID 12520041,0.7945324707787489,c:\file akmal\Capstone - Ai Eng - Spendly_ Workspace\data\Gas\valid\images\shell18_png.rf.da4668a948f0a21f54ef0f9d823b684a.jpg,Gas
c:\file akmal\Capstone - Ai Eng - Spendly_ Workspace\data\_ocr_real_crops\real_0238_line13.png,Latte,0.9999354389038432,c:\file akmal\Capstone - Ai Eng - Spendly_ Workspace\data\Gas\train\images\UC-BATANG-13-FEB-2026-pdf_page_2_png.rf.1ffd38d941efd36361cf112da67e0a69.jpg,Gas
c:\file akmal\Capstone - Ai Eng - Spendly_ Workspace\data\_ocr_real_crops\real_0200_line07.png,Pump No 03,0.9969944831475145,c:\file akmal\Capstone - Ai Eng - Spendly_ Workspace\data\Gas\test\images\shell3_png.rf.62a8d63be42ebed0f8a4fa11f5715c46.jpg,Gas
c:\file akmal\Capstone - Ai Eng - Spendly_ Workspace\data\_ocr_real_crops\real_0256_line01.png,ID 12530077,0.9713788489538947,c:\file akmal\Capstone - Ai Eng - Spendly_ Workspace\data\Gas\valid\images\shell20_png.rf.eabe8fd3e9f3d9accc388613de52b907.jpg,Gas
c:\file akmal\Capstone - Ai Eng - Spendly_ Workspace\data\_ocr_real_crops\real_0236_line08.png,Grade SHELL V-POWER,0.8194744237614763,c:\file akmal\Capstone - Ai Eng - Spendly_ Workspace\data\Gas\train\images\shell8_png.rf.33d58b1c55eea381086e5a8681bbc235.jpg,Gas
c:\file akmal\Capstone - Ai Eng - Spendly_ Workspace\data\_ocr_real_crops\real_0245_line05.png,Pulau /Pompa,0.9263242713819553,c:\file akmal\Capstone - Ai Eng - Spendly_ Workspace\data\Gas\train\images\UC-GUBUG-07-FEB-2026-pdf_page_1_png.rf.7551d5e80428690f0fe5ef25a7d1e4fa.jpg,Gas
c:\file akmal\Capstone - Ai Eng - Spendly_ Workspace\data\_ocr_real_crops\real_0198_line06.png,Nomor Pompa,0.9991528104833387,c:\file akmal\Capstone - Ai Eng - Spendly_ Workspace\data\Gas\test\images\bensin-affan1_jpeg.rf.59aa403b8196f7627ca9d7afcfb54dbb.jpg,Gas
c:\file akmal\Capstone - Ai Eng - Spendly_ Workspace\data\_ocr_real_crops\real_0200_line09.png,"Volume 2,84",0.9347703917502503,c:\file akmal\Capstone - Ai Eng - Spendly_ Workspace\data\Gas\test\images\shell3_png.rf.62a8d63be42ebed0f8a4fa11f5715c46.jpg,Gas
c:\file akmal\Capstone - Ai Eng - Spendly_ Workspace\data\_ocr_real_crops\real_0256_line09.png,Grade SHELL VPOHER,0.7502120606939703,c:\file akmal\Capstone - Ai Eng - Spendly_ Workspace\data\Gas\valid\images\shell20_png.rf.eabe8fd3e9f3d9accc388613de52b907.jpg,Gas
c:\file akmal\Capstone - Ai Eng - Spendly_ Workspace\data\_ocr_real_crops\real_0208_line14.png,Tola Penjualan RP ),0.7626589089048957,c:\file akmal\Capstone - Ai Eng - Spendly_ Workspace\data\Gas\train\images\camscaner-bensin-lana2_png.rf.58c92beba62c063dac2de847d275c704.jpg,Gas
c:\file akmal\Capstone - Ai Eng - Spendly_ Workspace\data\_ocr_real_crops\real_0230_line09.png,Grade SHELL V-POWER,0.8686572238654309,c:\file akmal\Capstone - Ai Eng - Spendly_ Workspace\data\Gas\train\images\shell19_png.rf.1378746f6c4ebf71f6510c03d4b74b24.jpg,Gas
c:\file akmal\Capstone - Ai Eng - Spendly_ Workspace\data\_ocr_real_crops\real_0225_line04.png,PUMP ID 03-05,0.8506946588661887,c:\file akmal\Capstone - Ai Eng - Spendly_ Workspace\data\Gas\train\images\shell11_png.rf.349eab2467a7b89c16c707feb08d2d1f.jpg,Gas
c:\file akmal\Capstone - Ai Eng - Spendly_ Workspace\data\_ocr_real_crops\real_0211_line00.png,PERTAMINA,0.9913603454426585,c:\file akmal\Capstone - Ai Eng - Spendly_ Workspace\data\Gas\train\images\camscaner-bensin-nofita1_png.rf.b9066e43f4996c969ebebb95c4c49b3c.jpg,Gas
c:\file akmal\Capstone - Ai Eng - Spendly_ Workspace\data\_ocr_real_crops\real_0217_line00.png,PERTAMINA PASTI PAS,0.884600461255066,c:\file akmal\Capstone - Ai Eng - Spendly_ Workspace\data\Gas\train\images\camscaner-bensin-rizky3_png.rf.e54af9fd4a41a3c46e2f04927e7ad146.jpg,Gas
c:\file akmal\Capstone - Ai Eng - Spendly_ Workspace\data\_ocr_real_crops\real_0245_line17.png,Dex Series,0.9999431242313679,c:\file akmal\Capstone - Ai Eng - Spendly_ Workspace\data\Gas\train\images\UC-GUBUG-07-FEB-2026-pdf_page_1_png.rf.7551d5e80428690f0fe5ef25a7d1e4fa.jpg,Gas
c:\file akmal\Capstone - Ai Eng - Spendly_ Workspace\data\_ocr_real_crops\real_0246_line01.png,4458111,0.9998343214342992,c:\file akmal\Capstone - Ai Eng - Spendly_ Workspace\data\Gas\train\images\UC-GUBUG-27-MARET-2026-pdf_page_1_png.rf.cc0bac9e8a36bf121084462bb76ec8d2.jpg,Gas
c:\file akmal\Capstone - Ai Eng - Spendly_ Workspace\data\_ocr_real_crops\real_0219_line01.png,4458203,0.9479801962519693,c:\file akmal\Capstone - Ai Eng - Spendly_ Workspace\data\Gas\train\images\camscaner-bensin-rizky_png.rf.9e73297d6460ce21d1ea1de39ab338a1.jpg,Gas
c:\file akmal\Capstone - Ai Eng - Spendly_ Workspace\data\_ocr_real_crops\real_0247_line13.png,CASH,0.8870611190795898,c:\file akmal\Capstone - Ai Eng - Spendly_ Workspace\data\Gas\train\images\UC-KENDAL-07-JAN-2026-pdf_page_1_png.rf.d0ba670186ac1f43452faa25ecf9f08d.jpg,Gas
c:\file akmal\Capstone - Ai Eng - Spendly_ Workspace\data\_ocr_real_crops\real_0259_line13.png,61 750,0.9897618857255537,c:\file akmal\Capstone - Ai Eng - Spendly_ Workspace\data\Gas\valid\images\UC-GUBUG-20-JAN-2026-pdf_page_1_png.rf.f5e52a54c1ed79010b2e9e1a627a9f54.jpg,Gas
c:\file akmal\Capstone - Ai Eng - Spendly_ Workspace\data\_ocr_real_crops\real_0255_line06.png,21/04/2026 08: 17,0.8545593811127856,c:\file akmal\Capstone - Ai Eng - Spendly_ Workspace\data\Gas\valid\images\shell18_png.rf.da4668a948f0a21f54ef0f9d823b684a.jpg,Gas
c:\file akmal\Capstone - Ai Eng - Spendly_ Workspace\data\_ocr_real_crops\real_0201_line20.png,No . Plat B2639POK,0.9801586306549602,c:\file akmal\Capstone - Ai Eng - Spendly_ Workspace\data\Gas\test\images\UC-BATANG-13-FEB-2026-pdf_page_1_png.rf.0a456166f24dae4655c4b07cb1604d4a.jpg,Gas
c:\file akmal\Capstone - Ai Eng - Spendly_ Workspace\data\_ocr_real_crops\real_0198_line11.png,"Liter 8,13",0.9970632380295328,c:\file akmal\Capstone - Ai Eng - Spendly_ Workspace\data\Gas\test\images\bensin-affan1_jpeg.rf.59aa403b8196f7627ca9d7afcfb54dbb.jpg,Gas
c:\file akmal\Capstone - Ai Eng - Spendly_ Workspace\data\_ocr_real_crops\real_0230_line03.png,TELP 0319909112,0.9946611646206021,c:\file akmal\Capstone - Ai Eng - Spendly_ Workspace\data\Gas\train\images\shell19_png.rf.1378746f6c4ebf71f6510c03d4b74b24.jpg,Gas
c:\file akmal\Capstone - Ai Eng - Spendly_ Workspace\data\_ocr_real_crops\real_0256_line07.png,Receipt No 145673,0.955825499461994,c:\file akmal\Capstone - Ai Eng - Spendly_ Workspace\data\Gas\valid\images\shell20_png.rf.eabe8fd3e9f3d9accc388613de52b907.jpg,Gas
c:\file akmal\Capstone - Ai Eng - Spendly_ Workspace\data\_ocr_real_crops\real_0216_line12.png,CASH,0.9987601041793823,c:\file akmal\Capstone - Ai Eng - Spendly_ Workspace\data\Gas\train\images\camscaner-bensin-rizky2_png.rf.182e6c63876ab99026d52c21b96b8391.jpg,Gas
c:\file akmal\Capstone - Ai Eng - Spendly_ Workspace\data\_ocr_real_crops\real_0216_line01.png,4458203,0.9999738688125019,c:\file akmal\Capstone - Ai Eng - Spendly_ Workspace\data\Gas\train\images\camscaner-bensin-rizky2_png.rf.182e6c63876ab99026d52c21b96b8391.jpg,Gas
c:\file akmal\Capstone - Ai Eng - Spendly_ Workspace\data\_ocr_real_crops\real_0252_line06.png,Pulau/Pospa: 13,0.8716850658397239,c:\file akmal\Capstone - Ai Eng - Spendly_ Workspace\data\Gas\valid\images\camscaner-bensin-rizky4_png.rf.524bcca71c529cef19aeb3293ba62254.jpg,Gas
c:\file akmal\Capstone - Ai Eng - Spendly_ Workspace\data\_ocr_real_crops\real_0203_line00.png,PERTAMINA,0.8287942185792534,c:\file akmal\Capstone - Ai Eng - Spendly_ Workspace\data\Gas\test\images\UC-DEMAK-19-FEB-2026-pdf_page_1_png.rf.4f2eb2a7e4e3fd98bfcfc8ff579c354b.jpg,Gas
c:\file akmal\Capstone - Ai Eng - Spendly_ Workspace\data\_ocr_real_crops\real_0222_line10.png,Yulune (L) 15 00,0.7395135687065169,c:\file akmal\Capstone - Ai Eng - Spendly_ Workspace\data\Gas\train\images\camscaner-bensin-yani4_png.rf.04a3cb2bbba5dcdc664ecdb15fd76202.jpg,Gas
c:\file akmal\Capstone - Ai Eng - Spendly_ Workspace\data\_ocr_real_crops\real_0256_line08.png,Pump No 03,0.9111420069557016,c:\file akmal\Capstone - Ai Eng - Spendly_ Workspace\data\Gas\valid\images\shell20_png.rf.eabe8fd3e9f3d9accc388613de52b907.jpg,Gas
c:\file akmal\Capstone - Ai Eng - Spendly_ Workspace\data\_ocr_real_crops\real_0217_line09.png,Grade PERTAMAX,0.9597877210127973,c:\file akmal\Capstone - Ai Eng - Spendly_ Workspace\data\Gas\train\images\camscaner-bensin-rizky3_png.rf.e54af9fd4a41a3c46e2f04927e7ad146.jpg,Gas
c:\file akmal\Capstone - Ai Eng - Spendly_ Workspace\data\_ocr_real_crops\real_0217_line05.png,TELP . 0292 426317,0.9644386195070982,c:\file akmal\Capstone - Ai Eng - Spendly_ Workspace\data\Gas\train\images\camscaner-bensin-rizky3_png.rf.e54af9fd4a41a3c46e2f04927e7ad146.jpg,Gas
c:\file akmal\Capstone - Ai Eng - Spendly_ Workspace\data\_ocr_real_crops\real_0244_line19.png,"100 ,000",0.729286203356533,c:\file akmal\Capstone - Ai Eng - Spendly_ Workspace\data\Gas\train\images\UC-GROBOGAN-24-FEB-26-pdf_page_1_png.rf.b1aa984cf636b94da997e1137ce0debc.jpg,Gas
c:\file akmal\Capstone - Ai Eng - Spendly_ Workspace\data\_ocr_real_crops\real_0238_line18.png,Cheese Cake,0.8459260366749494,c:\file akmal\Capstone - Ai Eng - Spendly_ Workspace\data\Gas\train\images\UC-BATANG-13-FEB-2026-pdf_page_2_png.rf.1ffd38d941efd36361cf112da67e0a69.jpg,Gas
c:\file akmal\Capstone - Ai Eng - Spendly_ Workspace\data\_ocr_real_crops\real_0223_line01.png,4452213,0.936532242108617,c:\file akmal\Capstone - Ai Eng - Spendly_ Workspace\data\Gas\train\images\camscaner-bensin-yani5_png.rf.f6045aee05d92b93bc3a2105242776fb.jpg,Gas
c:\file akmal\Capstone - Ai Eng - Spendly_ Workspace\data\_ocr_real_crops\real_0225_line05.png,02/05/2026 08: 12,0.7879456448788258,c:\file akmal\Capstone - Ai Eng - Spendly_ Workspace\data\Gas\train\images\shell11_png.rf.349eab2467a7b89c16c707feb08d2d1f.jpg,Gas
c:\file akmal\Capstone - Ai Eng - Spendly_ Workspace\data\_ocr_real_crops\real_0254_line06.png,19/04/2026 17:58,0.7454042694712728,c:\file akmal\Capstone - Ai Eng - Spendly_ Workspace\data\Gas\valid\images\shell17_png.rf.1c28d9d1b3400b437818277224876ef6.jpg,Gas
c:\file akmal\Capstone - Ai Eng - Spendly_ Workspace\data\_ocr_real_crops\real_0245_line15.png,P.747/Liter,0.9973343954855677,c:\file akmal\Capstone - Ai Eng - Spendly_ Workspace\data\Gas\train\images\UC-GUBUG-07-FEB-2026-pdf_page_1_png.rf.7551d5e80428690f0fe5ef25a7d1e4fa.jpg,Gas
c:\file akmal\Capstone - Ai Eng - Spendly_ Workspace\data\_ocr_real_crops\real_0231_line08.png,Grade SHELL V-POWEF,0.9776699517970364,c:\file akmal\Capstone - Ai Eng - Spendly_ Workspace\data\Gas\train\images\shell1_jpeg.rf.4696b6f3bd387b15cb48688a5e522a6e.jpg,Gas
c:\file akmal\Capstone - Ai Eng - Spendly_ Workspace\data\_ocr_real_crops\real_0224_line11.png,Amount 40299,0.7903742926274131,c:\file akmal\Capstone - Ai Eng - Spendly_ Workspace\data\Gas\train\images\shell10_png.rf.94d182ea017b798d091c28c3cd03c454.jpg,Gas
c:\file akmal\Capstone - Ai Eng - Spendly_ Workspace\data\_ocr_real_crops\real_0244_line01.png,4450110,0.9983971372830911,c:\file akmal\Capstone - Ai Eng - Spendly_ Workspace\data\Gas\train\images\UC-GROBOGAN-24-FEB-26-pdf_page_1_png.rf.b1aa984cf636b94da997e1137ce0debc.jpg,Gas
c:\file akmal\Capstone - Ai Eng - Spendly_ Workspace\data\_ocr_real_crops\real_0216_line13.png,"35 ,000",0.7314779333786741,c:\file akmal\Capstone - Ai Eng - Spendly_ Workspace\data\Gas\train\images\camscaner-bensin-rizky2_png.rf.182e6c63876ab99026d52c21b96b8391.jpg,Gas
c:\file akmal\Capstone - Ai Eng - Spendly_ Workspace\data\_ocr_real_crops\real_0228_line03.png,TELP 02186909112,0.8946806002182828,c:\file akmal\Capstone - Ai Eng - Spendly_ Workspace\data\Gas\train\images\shell14_png.rf.4c97f0aabcd56fa9c2d4db28959afcbb.jpg,Gas
c:\file akmal\Capstone - Ai Eng - Spendly_ Workspace\data\_ocr_real_crops\real_0229_line08.png,Pump No 03,0.9821359025191594,c:\file akmal\Capstone - Ai Eng - Spendly_ Workspace\data\Gas\train\images\shell16_png.rf.2a74a817a64789ea4f9f64261c2af304.jpg,Gas
c:\file akmal\Capstone - Ai Eng - Spendly_ Workspace\data\_ocr_real_crops\real_0225_line07.png,Pump No 03,0.9983107960143404,c:\file akmal\Capstone - Ai Eng - Spendly_ Workspace\data\Gas\train\images\shell11_png.rf.349eab2467a7b89c16c707feb08d2d1f.jpg,Gas
c:\file akmal\Capstone - Ai Eng - Spendly_ Workspace\data\_ocr_real_crops\real_0228_line06.png,10/04/2026 11 : 53,0.7313078120389107,c:\file akmal\Capstone - Ai Eng - Spendly_ Workspace\data\Gas\train\images\shell14_png.rf.4c97f0aabcd56fa9c2d4db28959afcbb.jpg,Gas
c:\file akmal\Capstone - Ai Eng - Spendly_ Workspace\data\_ocr_real_crops\real_0213_line16.png,Tanpa Subsid 31 347,0.9977803406136844,c:\file akmal\Capstone - Ai Eng - Spendly_ Workspace\data\Gas\train\images\camscaner-bensin-nofita3_png.rf.69c1dd416c65db4fd856425c5767dd0a.jpg,Gas
c:\file akmal\Capstone - Ai Eng - Spendly_ Workspace\data\_ocr_real_crops\real_0227_line11.png,Unit Price 13300,0.7842413619662186,c:\file akmal\Capstone - Ai Eng - Spendly_ Workspace\data\Gas\train\images\shell13_png.rf.6a71fc3d92319f9eb6ec8558d77b117f.jpg,Gas
c:\file akmal\Capstone - Ai Eng - Spendly_ Workspace\data\_ocr_real_crops\real_0226_line07.png,Receipt No 105682,0.996617178913791,c:\file akmal\Capstone - Ai Eng - Spendly_ Workspace\data\Gas\train\images\shell12_png.rf.5b0496fb57f26b62fa2aa9d646c1ffd0.jpg,Gas
c:\file akmal\Capstone - Ai Eng - Spendly_ Workspace\data\_ocr_real_crops\real_0212_line11.png,Operator SAIF IRVAN,0.9564960377245507,c:\file akmal\Capstone - Ai Eng - Spendly_ Workspace\data\Gas\train\images\camscaner-bensin-nofita2_png.rf.7bdfedd19895db8fd1552c4591678e43.jpg,Gas
c:\file akmal\Capstone - Ai Eng - Spendly_ Workspace\data\_ocr_real_crops\real_0231_line06.png,Recei ot No :325744,0.81832327760466,c:\file akmal\Capstone - Ai Eng - Spendly_ Workspace\data\Gas\train\images\shell1_jpeg.rf.4696b6f3bd387b15cb48688a5e522a6e.jpg,Gas
c:\file akmal\Capstone - Ai Eng - Spendly_ Workspace\data\_ocr_real_crops\real_0217_line10.png,Voluine 2 92,0.876036637170475,c:\file akmal\Capstone - Ai Eng - Spendly_ Workspace\data\Gas\train\images\camscaner-bensin-rizky3_png.rf.e54af9fd4a41a3c46e2f04927e7ad146.jpg,Gas
c:\file akmal\Capstone - Ai Eng - Spendly_ Workspace\data\_ocr_real_crops\real_0233_line04.png,PUHP ID 02 02,0.8351211718929772,c:\file akmal\Capstone - Ai Eng - Spendly_ Workspace\data\Gas\train\images\shell5_png.rf.ca3c0a6bdd2cd11daee5c3748c6f747f.jpg,Gas
c:\file akmal\Capstone - Ai Eng - Spendly_ Workspace\data\_ocr_real_crops\real_0236_line09.png,"Volume 2, 60",0.7684268761956049,c:\file akmal\Capstone - Ai Eng - Spendly_ Workspace\data\Gas\train\images\shell8_png.rf.33d58b1c55eea381086e5a8681bbc235.jpg,Gas
c:\file akmal\Capstone - Ai Eng - Spendly_ Workspace\data\_ocr_real_crops\real_0235_line05.png,26/04/2026 17:55,0.7938958021178028,c:\file akmal\Capstone - Ai Eng - Spendly_ Workspace\data\Gas\train\images\shell7_png.rf.c66e2625ca891200f6636daa569143ea.jpg,Gas
c:\file akmal\Capstone - Ai Eng - Spendly_ Workspace\data\_ocr_real_crops\real_0248_line07.png,Grade PERTAMAX,0.9422108959534453,c:\file akmal\Capstone - Ai Eng - Spendly_ Workspace\data\Gas\train\images\UC-KENDAL-26-MARET-2026-pdf_page_1_png.rf.6208c06b9ad9757522e10d189c6d2acd.jpg,Gas
c:\file akmal\Capstone - Ai Eng - Spendly_ Workspace\data\_ocr_real_crops\real_0254_line10.png,Volume 3 50,0.9932295678500592,c:\file akmal\Capstone - Ai Eng - Spendly_ Workspace\data\Gas\valid\images\shell17_png.rf.1c28d9d1b3400b437818277224876ef6.jpg,Gas
c:\file akmal\Capstone - Ai Eng - Spendly_ Workspace\data\_ocr_real_crops\real_0251_line01.png,4458111,0.9773964848803535,c:\file akmal\Capstone - Ai Eng - Spendly_ Workspace\data\Gas\valid\images\bensin-affan5_jpeg.rf.e803af5b63d5d2a18a36124af60f254a.jpg,Gas
c:\file akmal\Capstone - Ai Eng - Spendly_ Workspace\data\_ocr_real_crops\real_0254_line11.png,Unit Price 13300,0.9292794655750258,c:\file akmal\Capstone - Ai Eng - Spendly_ Workspace\data\Gas\valid\images\shell17_png.rf.1c28d9d1b3400b437818277224876ef6.jpg,Gas
c:\file akmal\Capstone - Ai Eng - Spendly_ Workspace\data\_ocr_real_crops\real_0247_line15.png,CHAIIGE,0.8115364035195413,c:\file akmal\Capstone - Ai Eng - Spendly_ Workspace\data\Gas\train\images\UC-KENDAL-07-JAN-2026-pdf_page_1_png.rf.d0ba670186ac1f43452faa25ecf9f08d.jpg,Gas
c:\file akmal\Capstone - Ai Eng - Spendly_ Workspace\data\_ocr_real_crops\real_0250_line00.png,"SPBU-45 ,507 26",0.8756691890689392,c:\file akmal\Capstone - Ai Eng - Spendly_ Workspace\data\Gas\train\images\UC-TEMANGGUNG-25-MARET-2026-pdf_page_1_png.rf.9ef0278c8721a4286ebdaee9f2db6c75.jpg,Gas
c:\file akmal\Capstone - Ai Eng - Spendly_ Workspace\data\_ocr_real_crops\real_0204_line01.png,4351219,0.9999963954477983,c:\file akmal\Capstone - Ai Eng - Spendly_ Workspace\data\Gas\train\images\bensin-affan2_jpeg.rf.abf2927b78fad941aaf03ec0f16a20de.jpg,Gas
c:\file akmal\Capstone - Ai Eng - Spendly_ Workspace\data\_ocr_real_crops\real_0222_line06.png,17/09420z0 20 50,0.7562065655740479,c:\file akmal\Capstone - Ai Eng - Spendly_ Workspace\data\Gas\train\images\camscaner-bensin-yani4_png.rf.04a3cb2bbba5dcdc664ecdb15fd76202.jpg,Gas
c:\file akmal\Capstone - Ai Eng - Spendly_ Workspace\data\_ocr_real_crops\real_0251_line04.png,Telp (0292) 533451,0.9206043427926418,c:\file akmal\Capstone - Ai Eng - Spendly_ Workspace\data\Gas\valid\images\bensin-affan5_jpeg.rf.e803af5b63d5d2a18a36124af60f254a.jpg,Gas
c:\file akmal\Capstone - Ai Eng - Spendly_ Workspace\data\_ocr_real_crops\real_0227_line10.png,"Volume 3 , 25",0.723978372312075,c:\file akmal\Capstone - Ai Eng - Spendly_ Workspace\data\Gas\train\images\shell13_png.rf.6a71fc3d92319f9eb6ec8558d77b117f.jpg,Gas
c:\file akmal\Capstone - Ai Eng - Spendly_ Workspace\data\_ocr_real_crops\real_0233_line07.png,Pumo No 04,0.9468953021530174,c:\file akmal\Capstone - Ai Eng - Spendly_ Workspace\data\Gas\train\images\shell5_png.rf.ca3c0a6bdd2cd11daee5c3748c6f747f.jpg,Gas
c:\file akmal\Capstone - Ai Eng - Spendly_ Workspace\data\_ocr_real_crops\real_0245_line03.png,Shift No Trans 2394,0.9946580343101928,c:\file akmal\Capstone - Ai Eng - Spendly_ Workspace\data\Gas\train\images\UC-GUBUG-07-FEB-2026-pdf_page_1_png.rf.7551d5e80428690f0fe5ef25a7d1e4fa.jpg,Gas
c:\file akmal\Capstone - Ai Eng - Spendly_ Workspace\data\_ocr_real_crops\real_0208_line01.png,4451111,0.992964204370136,c:\file akmal\Capstone - Ai Eng - Spendly_ Workspace\data\Gas\train\images\camscaner-bensin-lana2_png.rf.58c92beba62c063dac2de847d275c704.jpg,Gas
c:\file akmal\Capstone - Ai Eng - Spendly_ Workspace\data\_ocr_real_crops\real_0217_line01.png,SPBU 44 581 07,0.9170378642572297,c:\file akmal\Capstone - Ai Eng - Spendly_ Workspace\data\Gas\train\images\camscaner-bensin-rizky3_png.rf.e54af9fd4a41a3c46e2f04927e7ad146.jpg,Gas
c:\file akmal\Capstone - Ai Eng - Spendly_ Workspace\data\_ocr_real_crops\real_0248_line06.png,Pump No. 06,0.8408602516509985,c:\file akmal\Capstone - Ai Eng - Spendly_ Workspace\data\Gas\train\images\UC-KENDAL-26-MARET-2026-pdf_page_1_png.rf.6208c06b9ad9757522e10d189c6d2acd.jpg,Gas
c:\file akmal\Capstone - Ai Eng - Spendly_ Workspace\data\_ocr_real_crops\real_0230_line01.png,ID 12521003,0.7239645326644812,c:\file akmal\Capstone - Ai Eng - Spendly_ Workspace\data\Gas\train\images\shell19_png.rf.1378746f6c4ebf71f6510c03d4b74b24.jpg,Gas
c:\file akmal\Capstone - Ai Eng - Spendly_ Workspace\data\_ocr_real_crops\real_0198_line10.png,Odometer,0.9957024144417338,c:\file akmal\Capstone - Ai Eng - Spendly_ Workspace\data\Gas\test\images\bensin-affan1_jpeg.rf.59aa403b8196f7627ca9d7afcfb54dbb.jpg,Gas
c:\file akmal\Capstone - Ai Eng - Spendly_ Workspace\data\_ocr_real_crops\real_0245_line08.png,Vo Iume (L) 5.17,0.7846637191927495,c:\file akmal\Capstone - Ai Eng - Spendly_ Workspace\data\Gas\train\images\UC-GUBUG-07-FEB-2026-pdf_page_1_png.rf.7551d5e80428690f0fe5ef25a7d1e4fa.jpg,Gas
c:\file akmal\Capstone - Ai Eng - Spendly_ Workspace\data\_ocr_real_crops\real_0244_line02.png,SPBU (ENDRAWASIH,0.8634697914654281,c:\file akmal\Capstone - Ai Eng - Spendly_ Workspace\data\Gas\train\images\UC-GROBOGAN-24-FEB-26-pdf_page_1_png.rf.b1aa984cf636b94da997e1137ce0debc.jpg,Gas
c:\file akmal\Capstone - Ai Eng - Spendly_ Workspace\data\_ocr_real_crops\real_0225_line08.png,Grade SHELL VPOKER,0.7234381859412627,c:\file akmal\Capstone - Ai Eng - Spendly_ Workspace\data\Gas\train\images\shell11_png.rf.349eab2467a7b89c16c707feb08d2d1f.jpg,Gas
c:\file akmal\Capstone - Ai Eng - Spendly_ Workspace\data\_ocr_real_crops\real_0224_line09.png,VolUMe 3 03,0.8208399963333696,c:\file akmal\Capstone - Ai Eng - Spendly_ Workspace\data\Gas\train\images\shell10_png.rf.94d182ea017b798d091c28c3cd03c454.jpg,Gas
c:\file akmal\Capstone - Ai Eng - Spendly_ Workspace\data\_ocr_real_crops\real_0198_line15.png,SELAHAT JALAN,0.8167307845815535,c:\file akmal\Capstone - Ai Eng - Spendly_ Workspace\data\Gas\test\images\bensin-affan1_jpeg.rf.59aa403b8196f7627ca9d7afcfb54dbb.jpg,Gas
c:\file akmal\Capstone - Ai Eng - Spendly_ Workspace\data\_ocr_real_crops\real_0232_line10.png,Unit Price 13300,0.7169576655216606,c:\file akmal\Capstone - Ai Eng - Spendly_ Workspace\data\Gas\train\images\shell4_png.rf.c7886102937741d56d93571a04c94bc5.jpg,Gas
c:\file akmal\Capstone - Ai Eng - Spendly_ Workspace\data\_ocr_real_crops\real_0216_line03.png,JL  JEND  A YANI,0.8537234615026026,c:\file akmal\Capstone - Ai Eng - Spendly_ Workspace\data\Gas\train\images\camscaner-bensin-rizky2_png.rf.182e6c63876ab99026d52c21b96b8391.jpg,Gas
c:\file akmal\Capstone - Ai Eng - Spendly_ Workspace\data\_ocr_real_crops\real_0213_line09.png,Jenis BBH PERTALITE,0.9794826125256678,c:\file akmal\Capstone - Ai Eng - Spendly_ Workspace\data\Gas\train\images\camscaner-bensin-nofita3_png.rf.69c1dd416c65db4fd856425c5767dd0a.jpg,Gas
c:\file akmal\Capstone - Ai Eng - Spendly_ Workspace\data\_ocr_real_crops\real_0256_line06.png,27/04/2026 20:29,0.9644266268063657,c:\file akmal\Capstone - Ai Eng - Spendly_ Workspace\data\Gas\valid\images\shell20_png.rf.eabe8fd3e9f3d9accc388613de52b907.jpg,Gas
c:\file akmal\Capstone - Ai Eng - Spendly_ Workspace\data\_ocr_real_crops\real_0253_line08.png,Putp No 02,0.7049320479417482,c:\file akmal\Capstone - Ai Eng - Spendly_ Workspace\data\Gas\valid\images\shell15_png.rf.f4e42483508e4309ea290aa6ef71aa2a.jpg,Gas
c:\file akmal\Capstone - Ai Eng - Spendly_ Workspace\data\_ocr_real_crops\real_0226_line10.png,"Volume 2,10",0.9494538670730026,c:\file akmal\Capstone - Ai Eng - Spendly_ Workspace\data\Gas\train\images\shell12_png.rf.5b0496fb57f26b62fa2aa9d646c1ffd0.jpg,Gas
c:\file akmal\Capstone - Ai Eng - Spendly_ Workspace\data\_ocr_real_crops\real_0256_line10.png,"Volune 2,89",0.823350309759187,c:\file akmal\Capstone - Ai Eng - Spendly_ Workspace\data\Gas\valid\images\shell20_png.rf.eabe8fd3e9f3d9accc388613de52b907.jpg,Gas
c:\file akmal\Capstone - Ai Eng - Spendly_ Workspace\data\_ocr_real_crops\real_0235_line04.png,PUHP ID 02-06,0.9680721146776611,c:\file akmal\Capstone - Ai Eng - Spendly_ Workspace\data\Gas\train\images\shell7_png.rf.c66e2625ca891200f6636daa569143ea.jpg,Gas
c:\file akmal\Capstone - Ai Eng - Spendly_ Workspace\data\_ocr_real_crops\real_0236_line02.png,TELP 02186909112,0.8376463885211193,c:\file akmal\Capstone - Ai Eng - Spendly_ Workspace\data\Gas\train\images\shell8_png.rf.33d58b1c55eea381086e5a8681bbc235.jpg,Gas
c:\file akmal\Capstone - Ai Eng - Spendly_ Workspace\data\_ocr_real_crops\real_0256_line12.png,Amount 38582,0.8567580849654952,c:\file akmal\Capstone - Ai Eng - Spendly_ Workspace\data\Gas\valid\images\shell20_png.rf.eabe8fd3e9f3d9accc388613de52b907.jpg,Gas
c:\file akmal\Capstone - Ai Eng - Spendly_ Workspace\data\_ocr_real_crops\real_0259_line01.png,4458124,0.9999868884212424,c:\file akmal\Capstone - Ai Eng - Spendly_ Workspace\data\Gas\valid\images\UC-GUBUG-20-JAN-2026-pdf_page_1_png.rf.f5e52a54c1ed79010b2e9e1a627a9f54.jpg,Gas
c:\file akmal\Capstone - Ai Eng - Spendly_ Workspace\data\_ocr_real_crops\real_0214_line09.png,Jenis BBH Pertalite,0.9616891516056442,c:\file akmal\Capstone - Ai Eng - Spendly_ Workspace\data\Gas\train\images\camscaner-bensin-nofita4_png.rf.012ab14d39df8e97864d3b0958737e2a.jpg,Gas
c:\file akmal\Capstone - Ai Eng - Spendly_ Workspace\data\_ocr_real_crops\real_0233_line05.png,22/04/2026 21: 06,0.7090530500584223,c:\file akmal\Capstone - Ai Eng - Spendly_ Workspace\data\Gas\train\images\shell5_png.rf.ca3c0a6bdd2cd11daee5c3748c6f747f.jpg,Gas
c:\file akmal\Capstone - Ai Eng - Spendly_ Workspace\data\_ocr_real_crops\real_0226_line03.png,TELP 02186909112,0.8570845911454912,c:\file akmal\Capstone - Ai Eng - Spendly_ Workspace\data\Gas\train\images\shell12_png.rf.5b0496fb57f26b62fa2aa9d646c1ffd0.jpg,Gas
c:\file akmal\Capstone - Ai Eng - Spendly_ Workspace\data\_ocr_real_crops\real_0229_line10.png,"Volume 2,45",0.8285044955411801,c:\file akmal\Capstone - Ai Eng - Spendly_ Workspace\data\Gas\train\images\shell16_png.rf.2a74a817a64789ea4f9f64261c2af304.jpg,Gas
c:\file akmal\Capstone - Ai Eng - Spendly_ Workspace\data\_ocr_real_crops\real_0224_line06.png,Receipt No 189542,0.9874850945019258,c:\file akmal\Capstone - Ai Eng - Spendly_ Workspace\data\Gas\train\images\shell10_png.rf.94d182ea017b798d091c28c3cd03c454.jpg,Gas
c:\file akmal\Capstone - Ai Eng - Spendly_ Workspace\data\_ocr_real_crops\real_0198_line05.png,Nomor Nota 49925,0.9993990596978546,c:\file akmal\Capstone - Ai Eng - Spendly_ Workspace\data\Gas\test\images\bensin-affan1_jpeg.rf.59aa403b8196f7627ca9d7afcfb54dbb.jpg,Gas
c:\file akmal\Capstone - Ai Eng - Spendly_ Workspace\data\_ocr_real_crops\real_0214_line14.png,Nonor Polisi,0.9129657739573259,c:\file akmal\Capstone - Ai Eng - Spendly_ Workspace\data\Gas\train\images\camscaner-bensin-nofita4_png.rf.012ab14d39df8e97864d3b0958737e2a.jpg,Gas
c:\file akmal\Capstone - Ai Eng - Spendly_ Workspace\data\_ocr_real_crops\real_0211_line12.png,"Total Rp 100,0on",0.7254068209614806,c:\file akmal\Capstone - Ai Eng - Spendly_ Workspace\data\Gas\train\images\camscaner-bensin-nofita1_png.rf.b9066e43f4996c969ebebb95c4c49b3c.jpg,Gas
c:\file akmal\Capstone - Ai Eng - Spendly_ Workspace\data\_ocr_real_crops\real_0233_line10.png,Unit Price 13300,0.8395055031449351,c:\file akmal\Capstone - Ai Eng - Spendly_ Workspace\data\Gas\train\images\shell5_png.rf.ca3c0a6bdd2cd11daee5c3748c6f747f.jpg,Gas
c:\file akmal\Capstone - Ai Eng - Spendly_ Workspace\data\_ocr_real_crops\real_0218_line03.png,JL JEND A YANi,0.7985974705065224,c:\file akmal\Capstone - Ai Eng - Spendly_ Workspace\data\Gas\train\images\camscaner-bensin-rizky5_png.rf.22478f17e14b6642034168636561166a.jpg,Gas
c:\file akmal\Capstone - Ai Eng - Spendly_ Workspace\data\_ocr_real_crops\real_0215_line09.png,Jenis BBH PERTALITE,0.8981087624189329,c:\file akmal\Capstone - Ai Eng - Spendly_ Workspace\data\Gas\train\images\camscaner-bensin-nofita5_png.rf.93a6225963698ecbbacf3878de898066.jpg,Gas
c:\file akmal\Capstone - Ai Eng - Spendly_ Workspace\data\_ocr_real_crops\real_0223_line18.png,CASH,0.9893720134193296,c:\file akmal\Capstone - Ai Eng - Spendly_ Workspace\data\Gas\train\images\camscaner-bensin-yani5_png.rf.f6045aee05d92b93bc3a2105242776fb.jpg,Gas
c:\file akmal\Capstone - Ai Eng - Spendly_ Workspace\data\_ocr_real_crops\real_0247_line11.png,Tola Harga Rp 59 160,0.8841168459222178,c:\file akmal\Capstone - Ai Eng - Spendly_ Workspace\data\Gas\train\images\UC-KENDAL-07-JAN-2026-pdf_page_1_png.rf.d0ba670186ac1f43452faa25ecf9f08d.jpg,Gas
c:\file akmal\Capstone - Ai Eng - Spendly_ Workspace\data\_ocr_real_crops\real_0250_line09.png,Plat Nomor,0.9242358911750218,c:\file akmal\Capstone - Ai Eng - Spendly_ Workspace\data\Gas\train\images\UC-TEMANGGUNG-25-MARET-2026-pdf_page_1_png.rf.9ef0278c8721a4286ebdaee9f2db6c75.jpg,Gas
c:\file akmal\Capstone - Ai Eng - Spendly_ Workspace\data\_ocr_real_crops\real_0215_line10.png,Volune 3.00 liter,0.7364142063122608,c:\file akmal\Capstone - Ai Eng - Spendly_ Workspace\data\Gas\train\images\camscaner-bensin-nofita5_png.rf.93a6225963698ecbbacf3878de898066.jpg,Gas
c:\file akmal\Capstone - Ai Eng - Spendly_ Workspace\data\_ocr_real_crops\real_0251_line07.png,Pulau /Pompa 2,0.9147647501377076,c:\file akmal\Capstone - Ai Eng - Spendly_ Workspace\data\Gas\valid\images\bensin-affan5_jpeg.rf.e803af5b63d5d2a18a36124af60f254a.jpg,Gas
c:\file akmal\Capstone - Ai Eng - Spendly_ Workspace\data\_ocr_real_crops\real_0211_line10.png,Liter 10,0.9984446056457901,c:\file akmal\Capstone - Ai Eng - Spendly_ Workspace\data\Gas\train\images\camscaner-bensin-nofita1_png.rf.b9066e43f4996c969ebebb95c4c49b3c.jpg,Gas
c:\file akmal\Capstone - Ai Eng - Spendly_ Workspace\data\_ocr_real_crops\real_0201_line08.png,Jenis BBM PERTALITE,0.9930885392876715,c:\file akmal\Capstone - Ai Eng - Spendly_ Workspace\data\Gas\test\images\UC-BATANG-13-FEB-2026-pdf_page_1_png.rf.0a456166f24dae4655c4b07cb1604d4a.jpg,Gas
c:\file akmal\Capstone - Ai Eng - Spendly_ Workspace\data\_ocr_real_crops\real_0204_line02.png,SPBU  4351219,0.9091975928598011,c:\file akmal\Capstone - Ai Eng - Spendly_ Workspace\data\Gas\train\images\bensin-affan2_jpeg.rf.abf2927b78fad941aaf03ec0f16a20de.jpg,Gas
c:\file akmal\Capstone - Ai Eng - Spendly_ Workspace\data\_ocr_real_crops\real_0224_line02.png,Telp 02186909112,0.9020586780710684,c:\file akmal\Capstone - Ai Eng - Spendly_ Workspace\data\Gas\train\images\shell10_png.rf.94d182ea017b798d091c28c3cd03c454.jpg,Gas
c:\file akmal\Capstone - Ai Eng - Spendly_ Workspace\data\_ocr_real_crops\real_0218_line02.png,SPBu JEND A YANI,0.7365776638368442,c:\file akmal\Capstone - Ai Eng - Spendly_ Workspace\data\Gas\train\images\camscaner-bensin-rizky5_png.rf.22478f17e14b6642034168636561166a.jpg,Gas
c:\file akmal\Capstone - Ai Eng - Spendly_ Workspace\data\_ocr_real_crops\real_0234_line02.png,TELP 02186909112,0.801825442791776,c:\file akmal\Capstone - Ai Eng - Spendly_ Workspace\data\Gas\train\images\shell6_png.rf.14600895553e9c4301c71b76205d1061.jpg,Gas
c:\file akmal\Capstone - Ai Eng - Spendly_ Workspace\data\_ocr_real_crops\real_0230_line08.png,Pump No 02,0.9941288321972479,c:\file akmal\Capstone - Ai Eng - Spendly_ Workspace\data\Gas\train\images\shell19_png.rf.1378746f6c4ebf71f6510c03d4b74b24.jpg,Gas
c:\file akmal\Capstone - Ai Eng - Spendly_ Workspace\data\_ocr_real_crops\real_0228_line07.png,Receipt No 165207,0.9980242985266096,c:\file akmal\Capstone - Ai Eng - Spendly_ Workspace\data\Gas\train\images\shell14_png.rf.4c97f0aabcd56fa9c2d4db28959afcbb.jpg,Gas
c:\file akmal\Capstone - Ai Eng - Spendly_ Workspace\data\_ocr_real_crops\real_0211_line09.png,Jenis BBH Pertalite,0.9882093806891793,c:\file akmal\Capstone - Ai Eng - Spendly_ Workspace\data\Gas\train\images\camscaner-bensin-nofita1_png.rf.b9066e43f4996c969ebebb95c4c49b3c.jpg,Gas
c:\file akmal\Capstone - Ai Eng - Spendly_ Workspace\data\_ocr_real_crops\real_0256_line05.png,PUHP ID 03-05,0.9345893445124033,c:\file akmal\Capstone - Ai Eng - Spendly_ Workspace\data\Gas\valid\images\shell20_png.rf.eabe8fd3e9f3d9accc388613de52b907.jpg,Gas
c:\file akmal\Capstone - Ai Eng - Spendly_ Workspace\data\_ocr_real_crops\real_0257_line08.png,Puhp No. 03,0.938572603244488,c:\file akmal\Capstone - Ai Eng - Spendly_ Workspace\data\Gas\valid\images\shell2_jpeg.rf.78e0474920d53749de24686a4334fdd8.jpg,Gas
c:\file akmal\Capstone - Ai Eng - Spendly_ Workspace\data\_ocr_real_crops\real_0236_line04.png,PUHP ID 0301,0.7612915762376481,c:\file akmal\Capstone - Ai Eng - Spendly_ Workspace\data\Gas\train\images\shell8_png.rf.33d58b1c55eea381086e5a8681bbc235.jpg,Gas
c:\file akmal\Capstone - Ai Eng - Spendly_ Workspace\data\_ocr_real_crops\real_0236_line10.png,Unit Price 13300,0.9001204981493921,c:\file akmal\Capstone - Ai Eng - Spendly_ Workspace\data\Gas\train\images\shell8_png.rf.33d58b1c55eea381086e5a8681bbc235.jpg,Gas
c:\file akmal\Capstone - Ai Eng - Spendly_ Workspace\data\_ocr_real_crops\real_0249_line08.png,Operator DHUHA,0.9572402717569228,c:\file akmal\Capstone - Ai Eng - Spendly_ Workspace\data\Gas\train\images\UC-TEMANGGUNG-23-FEB-26-pdf_page_1_png.rf.3b2ea458223238bf167d17e034e05a2c.jpg,Gas
c:\file akmal\Capstone - Ai Eng - Spendly_ Workspace\data\_ocr_real_crops\real_0237_line04.png,PUHP ID 01-02,0.8782540459360156,c:\file akmal\Capstone - Ai Eng - Spendly_ Workspace\data\Gas\train\images\shell9_png.rf.f421d5afc542a0e7efea861a8391b60e.jpg,Gas
c:\file akmal\Capstone - Ai Eng - Spendly_ Workspace\data\_ocr_real_crops\real_0218_line12.png,CASH,0.9705478473909067,c:\file akmal\Capstone - Ai Eng - Spendly_ Workspace\data\Gas\train\images\camscaner-bensin-rizky5_png.rf.22478f17e14b6642034168636561166a.jpg,Gas
c:\file akmal\Capstone - Ai Eng - Spendly_ Workspace\data\_ocr_real_crops\real_0224_line05.png,30/04/2026 16: 42,0.9521523888470623,c:\file akmal\Capstone - Ai Eng - Spendly_ Workspace\data\Gas\train\images\shell10_png.rf.94d182ea017b798d091c28c3cd03c454.jpg,Gas
c:\file akmal\Capstone - Ai Eng - Spendly_ Workspace\data\_ocr_real_crops\real_0247_line14.png,100 000,0.8884811932604885,c:\file akmal\Capstone - Ai Eng - Spendly_ Workspace\data\Gas\train\images\UC-KENDAL-07-JAN-2026-pdf_page_1_png.rf.d0ba670186ac1f43452faa25ecf9f08d.jpg,Gas
c:\file akmal\Capstone - Ai Eng - Spendly_ Workspace\data\_ocr_real_crops\real_0214_line01.png,"44,522,16",0.9593035096511775,c:\file akmal\Capstone - Ai Eng - Spendly_ Workspace\data\Gas\train\images\camscaner-bensin-nofita4_png.rf.012ab14d39df8e97864d3b0958737e2a.jpg,Gas
c:\file akmal\Capstone - Ai Eng - Spendly_ Workspace\data\_ocr_real_crops\real_0251_line10.png,Volume (L) 8 13,0.8965837655848115,c:\file akmal\Capstone - Ai Eng - Spendly_ Workspace\data\Gas\valid\images\bensin-affan5_jpeg.rf.e803af5b63d5d2a18a36124af60f254a.jpg,Gas
c:\file akmal\Capstone - Ai Eng - Spendly_ Workspace\data\_ocr_real_crops\real_0232_line09.png,"volume 3,21",0.7925221035719201,c:\file akmal\Capstone - Ai Eng - Spendly_ Workspace\data\Gas\train\images\shell4_png.rf.c7886102937741d56d93571a04c94bc5.jpg,Gas
c:\file akmal\Capstone - Ai Eng - Spendly_ Workspace\data\_ocr_real_crops\real_0234_line10.png,Unit Price 13300,0.8588064569367596,c:\file akmal\Capstone - Ai Eng - Spendly_ Workspace\data\Gas\train\images\shell6_png.rf.14600895553e9c4301c71b76205d1061.jpg,Gas
c:\file akmal\Capstone - Ai Eng - Spendly_ Workspace\data\_ocr_real_crops\real_0251_line12.png,Operator AIDEN,0.9993420939357534,c:\file akmal\Capstone - Ai Eng - Spendly_ Workspace\data\Gas\valid\images\bensin-affan5_jpeg.rf.e803af5b63d5d2a18a36124af60f254a.jpg,Gas
c:\file akmal\Capstone - Ai Eng - Spendly_ Workspace\data\_ocr_real_crops\real_0252_line11.png,Operaror ANDI 5,0.8680254054352821,c:\file akmal\Capstone - Ai Eng - Spendly_ Workspace\data\Gas\valid\images\camscaner-bensin-rizky4_png.rf.524bcca71c529cef19aeb3293ba62254.jpg,Gas
c:\file akmal\Capstone - Ai Eng - Spendly_ Workspace\data\_ocr_real_crops\real_0240_line09.png,Bill Name,0.7966999411582947,c:\file akmal\Capstone - Ai Eng - Spendly_ Workspace\data\Gas\train\images\UC-BATANG-DINNER-18-MARET-2026-pdf_page_1_png.rf.8b2ee1a65efdaca9faa4c7716297f6b9.jpg,Gas
c:\file akmal\Capstone - Ai Eng - Spendly_ Workspace\data\_ocr_real_crops\real_0247_line07.png,Pulau Pompa,0.8608390476644056,c:\file akmal\Capstone - Ai Eng - Spendly_ Workspace\data\Gas\train\images\UC-KENDAL-07-JAN-2026-pdf_page_1_png.rf.d0ba670186ac1f43452faa25ecf9f08d.jpg,Gas
c:\file akmal\Capstone - Ai Eng - Spendly_ Workspace\data\_ocr_real_crops\real_0228_line08.png,Pump No 03,0.7962268440945124,c:\file akmal\Capstone - Ai Eng - Spendly_ Workspace\data\Gas\train\images\shell14_png.rf.4c97f0aabcd56fa9c2d4db28959afcbb.jpg,Gas
c:\file akmal\Capstone - Ai Eng - Spendly_ Workspace\data\_ocr_real_crops\real_0240_line07.png,Mar 2026,0.9817725912759345,c:\file akmal\Capstone - Ai Eng - Spendly_ Workspace\data\Gas\train\images\UC-BATANG-DINNER-18-MARET-2026-pdf_page_1_png.rf.8b2ee1a65efdaca9faa4c7716297f6b9.jpg,Gas
c:\file akmal\Capstone - Ai Eng - Spendly_ Workspace\data\_ocr_real_crops\real_0254_line03.png,TELP 02186909112,0.8325561050909579,c:\file akmal\Capstone - Ai Eng - Spendly_ Workspace\data\Gas\valid\images\shell17_png.rf.1c28d9d1b3400b437818277224876ef6.jpg,Gas
c:\file akmal\Capstone - Ai Eng - Spendly_ Workspace\data\_ocr_real_crops\real_0243_line01.png,4459306,0.8732474378711916,c:\file akmal\Capstone - Ai Eng - Spendly_ Workspace\data\Gas\train\images\UC-GROBOGAN-10-MARET-2026-pdf_page_1_png.rf.5e758a59d0923bfb592d97a00894aac4.jpg,Gas
c:\file akmal\Capstone - Ai Eng - Spendly_ Workspace\data\_ocr_real_crops\real_0244_line20.png,Ho . Plat B2659BYB,0.734512574058377,c:\file akmal\Capstone - Ai Eng - Spendly_ Workspace\data\Gas\train\images\UC-GROBOGAN-24-FEB-26-pdf_page_1_png.rf.b1aa984cf636b94da997e1137ce0debc.jpg,Gas
c:\file akmal\Capstone - Ai Eng - Spendly_ Workspace\data\_ocr_real_crops\real_0219_line06.png,Pulau/Pompa : 1,0.9077123524293712,c:\file akmal\Capstone - Ai Eng - Spendly_ Workspace\data\Gas\train\images\camscaner-bensin-rizky_png.rf.9e73297d6460ce21d1ea1de39ab338a1.jpg,Gas
c:\file akmal\Capstone - Ai Eng - Spendly_ Workspace\data\_ocr_real_crops\real_0204_line06.png,Pulau/Pompa : 3,0.8874513804213775,c:\file akmal\Capstone - Ai Eng - Spendly_ Workspace\data\Gas\train\images\bensin-affan2_jpeg.rf.abf2927b78fad941aaf03ec0f16a20de.jpg,Gas
c:\file akmal\Capstone - Ai Eng - Spendly_ Workspace\data\_ocr_real_crops\real_0198_line16.png,SEHOGA ANDA PUAS,0.8806218661402837,c:\file akmal\Capstone - Ai Eng - Spendly_ Workspace\data\Gas\test\images\bensin-affan1_jpeg.rf.59aa403b8196f7627ca9d7afcfb54dbb.jpg,Gas
c:\file akmal\Capstone - Ai Eng - Spendly_ Workspace\data\_ocr_real_crops\real_0242_line13.png,CSh,0.8205637941287337,c:\file akmal\Capstone - Ai Eng - Spendly_ Workspace\data\Gas\train\images\UC-GROBOGAN-02-JAN-2026-pdf_page_1_png.rf.a1877efaa37cbc3be316939bd14010a6.jpg,Gas
c:\file akmal\Capstone - Ai Eng - Spendly_ Workspace\data\_ocr_real_crops\real_0228_line11.png,Unit Price 13300,0.8606578676075952,c:\file akmal\Capstone - Ai Eng - Spendly_ Workspace\data\Gas\train\images\shell14_png.rf.4c97f0aabcd56fa9c2d4db28959afcbb.jpg,Gas
c:\file akmal\Capstone - Ai Eng - Spendly_ Workspace\data\_ocr_real_crops\real_0237_line06.png,Receipt No 176325,0.9206153804257923,c:\file akmal\Capstone - Ai Eng - Spendly_ Workspace\data\Gas\train\images\shell9_png.rf.f421d5afc542a0e7efea861a8391b60e.jpg,Gas
c:\file akmal\Capstone - Ai Eng - Spendly_ Workspace\data\_ocr_real_crops\real_0217_line02.png,JL GAJAH MADA,0.8697717764394006,c:\file akmal\Capstone - Ai Eng - Spendly_ Workspace\data\Gas\train\images\camscaner-bensin-rizky3_png.rf.e54af9fd4a41a3c46e2f04927e7ad146.jpg,Gas
c:\file akmal\Capstone - Ai Eng - Spendly_ Workspace\data\_ocr_real_crops\real_0228_line01.png,ID 12507123,0.801340693962479,c:\file akmal\Capstone - Ai Eng - Spendly_ Workspace\data\Gas\train\images\shell14_png.rf.4c97f0aabcd56fa9c2d4db28959afcbb.jpg,Gas
c:\file akmal\Capstone - Ai Eng - Spendly_ Workspace\data\_ocr_real_crops\real_0237_line09.png,"Volume 3,18",0.9313070873439264,c:\file akmal\Capstone - Ai Eng - Spendly_ Workspace\data\Gas\train\images\shell9_png.rf.f421d5afc542a0e7efea861a8391b60e.jpg,Gas
c:\file akmal\Capstone - Ai Eng - Spendly_ Workspace\data\_ocr_real_crops\real_0245_line10.png,Operator OPERATOR,0.9994087952382227,c:\file akmal\Capstone - Ai Eng - Spendly_ Workspace\data\Gas\train\images\UC-GUBUG-07-FEB-2026-pdf_page_1_png.rf.7551d5e80428690f0fe5ef25a7d1e4fa.jpg,Gas
c:\file akmal\Capstone - Ai Eng - Spendly_ Workspace\data\_ocr_real_crops\real_0242_line01.png,4459306,0.9987618147536038,c:\file akmal\Capstone - Ai Eng - Spendly_ Workspace\data\Gas\train\images\UC-GROBOGAN-02-JAN-2026-pdf_page_1_png.rf.a1877efaa37cbc3be316939bd14010a6.jpg,Gas
c:\file akmal\Capstone - Ai Eng - Spendly_ Workspace\data\_ocr_real_crops\real_0256_line11.png,Unit Price 13350,0.8668360567522247,c:\file akmal\Capstone - Ai Eng - Spendly_ Workspace\data\Gas\valid\images\shell20_png.rf.eabe8fd3e9f3d9accc388613de52b907.jpg,Gas
c:\file akmal\Capstone - Ai Eng - Spendly_ Workspace\data\_ocr_real_crops\real_0217_line08.png,ump No 03,0.7386519865608223,c:\file akmal\Capstone - Ai Eng - Spendly_ Workspace\data\Gas\train\images\camscaner-bensin-rizky3_png.rf.e54af9fd4a41a3c46e2f04927e7ad146.jpg,Gas
c:\file akmal\Capstone - Ai Eng - Spendly_ Workspace\data\_ocr_real_crops\real_0256_line00.png,SHELL MEDAN KATAHSO,0.9778059323974574,c:\file akmal\Capstone - Ai Eng - Spendly_ Workspace\data\Gas\valid\images\shell20_png.rf.eabe8fd3e9f3d9accc388613de52b907.jpg,Gas
c:\file akmal\Capstone - Ai Eng - Spendly_ Workspace\data\_ocr_real_crops\real_0257_line06.png,31/07/2025 13:23,0.9920927052441177,c:\file akmal\Capstone - Ai Eng - Spendly_ Workspace\data\Gas\valid\images\shell2_jpeg.rf.78e0474920d53749de24686a4334fdd8.jpg,Gas
c:\file akmal\Capstone - Ai Eng - Spendly_ Workspace\data\_ocr_real_crops\real_0257_line12.png,Amount 73682,0.8135914922066758,c:\file akmal\Capstone - Ai Eng - Spendly_ Workspace\data\Gas\valid\images\shell2_jpeg.rf.78e0474920d53749de24686a4334fdd8.jpg,Gas
c:\file akmal\Capstone - Ai Eng - Spendly_ Workspace\data\_ocr_real_crops\real_0245_line07.png,Harga/Liter Rpl1 800,0.8715411174114047,c:\file akmal\Capstone - Ai Eng - Spendly_ Workspace\data\Gas\train\images\UC-GUBUG-07-FEB-2026-pdf_page_1_png.rf.7551d5e80428690f0fe5ef25a7d1e4fa.jpg,Gas
c:\file akmal\Capstone - Ai Eng - Spendly_ Workspace\data\_ocr_real_crops\real_0234_line09.png,Volune 3 75,0.936783182106045,c:\file akmal\Capstone - Ai Eng - Spendly_ Workspace\data\Gas\train\images\shell6_png.rf.14600895553e9c4301c71b76205d1061.jpg,Gas
c:\file akmal\Capstone - Ai Eng - Spendly_ Workspace\data\_ocr_real_crops\real_0255_line05.png,PUHP ID 01-01,0.9197471323473335,c:\file akmal\Capstone - Ai Eng - Spendly_ Workspace\data\Gas\valid\images\shell18_png.rf.da4668a948f0a21f54ef0f9d823b684a.jpg,Gas
c:\file akmal\Capstone - Ai Eng - Spendly_ Workspace\data\_ocr_real_crops\real_0238_line00.png,Terra,0.9906819990904547,c:\file akmal\Capstone - Ai Eng - Spendly_ Workspace\data\Gas\train\images\UC-BATANG-13-FEB-2026-pdf_page_2_png.rf.1ffd38d941efd36361cf112da67e0a69.jpg,Gas
c:\file akmal\Capstone - Ai Eng - Spendly_ Workspace\data\_ocr_real_crops\real_0226_line05.png,PUhp ID 02 02,0.7048585858858885,c:\file akmal\Capstone - Ai Eng - Spendly_ Workspace\data\Gas\train\images\shell12_png.rf.5b0496fb57f26b62fa2aa9d646c1ffd0.jpg,Gas
c:\file akmal\Capstone - Ai Eng - Spendly_ Workspace\data\_ocr_real_crops\real_0250_line10.png,Odometer,0.9889241824782119,c:\file akmal\Capstone - Ai Eng - Spendly_ Workspace\data\Gas\train\images\UC-TEMANGGUNG-25-MARET-2026-pdf_page_1_png.rf.9ef0278c8721a4286ebdaee9f2db6c75.jpg,Gas
c:\file akmal\Capstone - Ai Eng - Spendly_ Workspace\data\_ocr_real_crops\real_0220_line07.png,PulauPonpa : 6,0.8228984526357181,c:\file akmal\Capstone - Ai Eng - Spendly_ Workspace\data\Gas\train\images\camscaner-bensin-yani2_png.rf.02ca267ad31dc31344f3af5f282a1d7b.jpg,Gas
c:\file akmal\Capstone - Ai Eng - Spendly_ Workspace\data\_ocr_real_crops\real_0229_line12.png,Amount 32585,0.9974941869989198,c:\file akmal\Capstone - Ai Eng - Spendly_ Workspace\data\Gas\train\images\shell16_png.rf.2a74a817a64789ea4f9f64261c2af304.jpg,Gas
c:\file akmal\Capstone - Ai Eng - Spendly_ Workspace\data\_ocr_real_crops\real_0234_line07.png,Pump No 01,0.9625093627582529,c:\file akmal\Capstone - Ai Eng - Spendly_ Workspace\data\Gas\train\images\shell6_png.rf.14600895553e9c4301c71b76205d1061.jpg,Gas
c:\file akmal\Capstone - Ai Eng - Spendly_ Workspace\data\_ocr_real_crops\real_0217_line06.png,25/02/2026 15:55,0.995599808695923,c:\file akmal\Capstone - Ai Eng - Spendly_ Workspace\data\Gas\train\images\camscaner-bensin-rizky3_png.rf.e54af9fd4a41a3c46e2f04927e7ad146.jpg,Gas
c:\file akmal\Capstone - Ai Eng - Spendly_ Workspace\data\_ocr_real_crops\real_0217_line11.png,Unit Price 11800,0.9958426040843692,c:\file akmal\Capstone - Ai Eng - Spendly_ Workspace\data\Gas\train\images\camscaner-bensin-rizky3_png.rf.e54af9fd4a41a3c46e2f04927e7ad146.jpg,Gas
c:\file akmal\Capstone - Ai Eng - Spendly_ Workspace\data\_ocr_real_crops\real_0233_line06.png,Receidt No 214875,0.8293555887474476,c:\file akmal\Capstone - Ai Eng - Spendly_ Workspace\data\Gas\train\images\shell5_png.rf.ca3c0a6bdd2cd11daee5c3748c6f747f.jpg,Gas
c:\file akmal\Capstone - Ai Eng - Spendly_ Workspace\data\_ocr_real_crops\real_0250_line03.png,TIP. 081235518886,0.8423180914745592,c:\file akmal\Capstone - Ai Eng - Spendly_ Workspace\data\Gas\train\images\UC-TEMANGGUNG-25-MARET-2026-pdf_page_1_png.rf.9ef0278c8721a4286ebdaee9f2db6c75.jpg,Gas
c:\file akmal\Capstone - Ai Eng - Spendly_ Workspace\data\_ocr_real_crops\real_0241_line12.png,CASH,0.988232433795929,c:\file akmal\Capstone - Ai Eng - Spendly_ Workspace\data\Gas\train\images\UC-DEMAK-3-MARET-2026-pdf_page_1_png.rf.de326daafa4f21bfa91c61c97a0f3895.jpg,Gas
c:\file akmal\Capstone - Ai Eng - Spendly_ Workspace\data\_ocr_real_crops\real_0219_line02.png,SPBU JEND A YANI,0.8859110258015631,c:\file akmal\Capstone - Ai Eng - Spendly_ Workspace\data\Gas\train\images\camscaner-bensin-rizky_png.rf.9e73297d6460ce21d1ea1de39ab338a1.jpg,Gas
c:\file akmal\Capstone - Ai Eng - Spendly_ Workspace\data\_ocr_real_crops\real_0250_line14.png,TERIMA KASIH,0.8664688603918584,c:\file akmal\Capstone - Ai Eng - Spendly_ Workspace\data\Gas\train\images\UC-TEMANGGUNG-25-MARET-2026-pdf_page_1_png.rf.9ef0278c8721a4286ebdaee9f2db6c75.jpg,Gas
c:\file akmal\Capstone - Ai Eng - Spendly_ Workspace\data\_ocr_real_crops\real_0216_line11.png,Operator SUPARNO,0.8302456367373963,c:\file akmal\Capstone - Ai Eng - Spendly_ Workspace\data\Gas\train\images\camscaner-bensin-rizky2_png.rf.182e6c63876ab99026d52c21b96b8391.jpg,Gas
c:\file akmal\Capstone - Ai Eng - Spendly_ Workspace\data\_ocr_real_crops\real_0246_line07.png,Pulau/Pompa : 2,0.9579042567460618,c:\file akmal\Capstone - Ai Eng - Spendly_ Workspace\data\Gas\train\images\UC-GUBUG-27-MARET-2026-pdf_page_1_png.rf.cc0bac9e8a36bf121084462bb76ec8d2.jpg,Gas
c:\file akmal\Capstone - Ai Eng - Spendly_ Workspace\data\_ocr_real_crops\real_0219_line13.png,"35 ,000",0.9562078951782771,c:\file akmal\Capstone - Ai Eng - Spendly_ Workspace\data\Gas\train\images\camscaner-bensin-rizky_png.rf.9e73297d6460ce21d1ea1de39ab338a1.jpg,Gas
c:\file akmal\Capstone - Ai Eng - Spendly_ Workspace\data\_ocr_real_crops\real_0257_line09.png,Grade SHELL V-POWER,0.9785552097123412,c:\file akmal\Capstone - Ai Eng - Spendly_ Workspace\data\Gas\valid\images\shell2_jpeg.rf.78e0474920d53749de24686a4334fdd8.jpg,Gas
c:\file akmal\Capstone - Ai Eng - Spendly_ Workspace\data\_ocr_real_crops\real_0205_line06.png,Grade PERTAMAX,0.9949635786685427,c:\file akmal\Capstone - Ai Eng - Spendly_ Workspace\data\Gas\train\images\bensin-affan3_jpeg.rf.c2ad8ec140607d0a34740b3df9555dfb.jpg,Gas
c:\file akmal\Capstone - Ai Eng - Spendly_ Workspace\data\_ocr_real_crops\real_0255_line12.png,Amount 31186,0.7906215056348018,c:\file akmal\Capstone - Ai Eng - Spendly_ Workspace\data\Gas\valid\images\shell18_png.rf.da4668a948f0a21f54ef0f9d823b684a.jpg,Gas
c:\file akmal\Capstone - Ai Eng - Spendly_ Workspace\data\_ocr_real_crops\real_0211_line07.png,Nomor Selang,0.9861692090365897,c:\file akmal\Capstone - Ai Eng - Spendly_ Workspace\data\Gas\train\images\camscaner-bensin-nofita1_png.rf.b9066e43f4996c969ebebb95c4c49b3c.jpg,Gas
c:\file akmal\Capstone - Ai Eng - Spendly_ Workspace\data\_ocr_real_crops\real_0214_line00.png,PERTAMINA,0.9997482768000907,c:\file akmal\Capstone - Ai Eng - Spendly_ Workspace\data\Gas\train\images\camscaner-bensin-nofita4_png.rf.012ab14d39df8e97864d3b0958737e2a.jpg,Gas
c:\file akmal\Capstone - Ai Eng - Spendly_ Workspace\data\_ocr_real_crops\real_0235_line10.png,Unit Price 13300,0.9994664343687276,c:\file akmal\Capstone - Ai Eng - Spendly_ Workspace\data\Gas\train\images\shell7_png.rf.c66e2625ca891200f6636daa569143ea.jpg,Gas
c:\file akmal\Capstone - Ai Eng - Spendly_ Workspace\data\_ocr_real_crops\real_0228_line12.png,Amount 36276,0.9477148802968993,c:\file akmal\Capstone - Ai Eng - Spendly_ Workspace\data\Gas\train\images\shell14_png.rf.4c97f0aabcd56fa9c2d4db28959afcbb.jpg,Gas
c:\file akmal\Capstone - Ai Eng - Spendly_ Workspace\data\_ocr_real_crops\real_0225_line09.png,"Volume 2,79",0.9580964853738623,c:\file akmal\Capstone - Ai Eng - Spendly_ Workspace\data\Gas\train\images\shell11_png.rf.349eab2467a7b89c16c707feb08d2d1f.jpg,Gas
c:\file akmal\Capstone - Ai Eng - Spendly_ Workspace\data\_ocr_real_crops\real_0200_line02.png,TELP 02186909112,0.8323452287196462,c:\file akmal\Capstone - Ai Eng - Spendly_ Workspace\data\Gas\test\images\shell3_png.rf.62a8d63be42ebed0f8a4fa11f5715c46.jpg,Gas
c:\file akmal\Capstone - Ai Eng - Spendly_ Workspace\data\_ocr_real_crops\real_0204_line00.png,Pertamina,0.7313761489095538,c:\file akmal\Capstone - Ai Eng - Spendly_ Workspace\data\Gas\train\images\bensin-affan2_jpeg.rf.abf2927b78fad941aaf03ec0f16a20de.jpg,Gas
c:\file akmal\Capstone - Ai Eng - Spendly_ Workspace\data\_ocr_real_crops\real_0202_line03.png,Tanda terima,0.9980177976644555,c:\file akmal\Capstone - Ai Eng - Spendly_ Workspace\data\Gas\test\images\UC-BATANG-13-FEB-2026-pdf_page_3_png.rf.eee5983b606cec2d9f904ea9b5fca55c.jpg,Gas
c:\file akmal\Capstone - Ai Eng - Spendly_ Workspace\data\_ocr_real_crops\real_0227_line00.png,SHELL CIKARANG UTAMA,0.898966951089224,c:\file akmal\Capstone - Ai Eng - Spendly_ Workspace\data\Gas\train\images\shell13_png.rf.6a71fc3d92319f9eb6ec8558d77b117f.jpg,Gas
c:\file akmal\Capstone - Ai Eng - Spendly_ Workspace\data\_ocr_real_crops\real_0223_line13.png,Harca Jua 10 oo,0.7201742947972127,c:\file akmal\Capstone - Ai Eng - Spendly_ Workspace\data\Gas\train\images\camscaner-bensin-yani5_png.rf.f6045aee05d92b93bc3a2105242776fb.jpg,Gas
c:\file akmal\Capstone - Ai Eng - Spendly_ Workspace\data\_ocr_real_crops\real_0249_line11.png,Change,0.8562435322689516,c:\file akmal\Capstone - Ai Eng - Spendly_ Workspace\data\Gas\train\images\UC-TEMANGGUNG-23-FEB-26-pdf_page_1_png.rf.3b2ea458223238bf167d17e034e05a2c.jpg,Gas
c:\file akmal\Capstone - Ai Eng - Spendly_ Workspace\data\_ocr_real_crops\real_0247_line01.png,4450213,0.9591812721702884,c:\file akmal\Capstone - Ai Eng - Spendly_ Workspace\data\Gas\train\images\UC-KENDAL-07-JAN-2026-pdf_page_1_png.rf.d0ba670186ac1f43452faa25ecf9f08d.jpg,Gas
c:\file akmal\Capstone - Ai Eng - Spendly_ Workspace\data\_ocr_real_crops\real_0232_line11.png,Amount 42693,0.9947299977753181,c:\file akmal\Capstone - Ai Eng - Spendly_ Workspace\data\Gas\train\images\shell4_png.rf.c7886102937741d56d93571a04c94bc5.jpg,Gas
c:\file akmal\Capstone - Ai Eng - Spendly_ Workspace\data\_ocr_real_crops\real_0215_line08.png,Operator RIO,0.9967465845697367,c:\file akmal\Capstone - Ai Eng - Spendly_ Workspace\data\Gas\train\images\camscaner-bensin-nofita5_png.rf.93a6225963698ecbbacf3878de898066.jpg,Gas
c:\file akmal\Capstone - Ai Eng - Spendly_ Workspace\data\_ocr_real_crops\real_0206_line05.png,07 /04/2026 14 :57,0.7788795457800182,c:\file akmal\Capstone - Ai Eng - Spendly_ Workspace\data\Gas\train\images\bensin-affan4_jpeg.rf.70575a8b4ef3f8e9f0f39d9ca640e56f.jpg,Gas
c:\file akmal\Capstone - Ai Eng - Spendly_ Workspace\data\_ocr_real_crops\real_0235_line07.png,Pump No 02,0.940679567630621,c:\file akmal\Capstone - Ai Eng - Spendly_ Workspace\data\Gas\train\images\shell7_png.rf.c66e2625ca891200f6636daa569143ea.jpg,Gas
c:\file akmal\Capstone - Ai Eng - Spendly_ Workspace\data\_ocr_real_crops\real_0246_line12.png,Operator HENDRA,0.9995764745519392,c:\file akmal\Capstone - Ai Eng - Spendly_ Workspace\data\Gas\train\images\UC-GUBUG-27-MARET-2026-pdf_page_1_png.rf.cc0bac9e8a36bf121084462bb76ec8d2.jpg,Gas
c:\file akmal\Capstone - Ai Eng - Spendly_ Workspace\data\_ocr_real_crops\real_0247_line12.png,operalor BASKORO,0.7929702831641008,c:\file akmal\Capstone - Ai Eng - Spendly_ Workspace\data\Gas\train\images\UC-KENDAL-07-JAN-2026-pdf_page_1_png.rf.d0ba670186ac1f43452faa25ecf9f08d.jpg,Gas
c:\file akmal\Capstone - Ai Eng - Spendly_ Workspace\data\_ocr_real_crops\real_0227_line12.png,Amount 43225,0.9744830196181506,c:\file akmal\Capstone - Ai Eng - Spendly_ Workspace\data\Gas\train\images\shell13_png.rf.6a71fc3d92319f9eb6ec8558d77b117f.jpg,Gas
c:\file akmal\Capstone - Ai Eng - Spendly_ Workspace\data\_ocr_real_crops\real_0204_line14.png,No Plat B2381PIR,0.8828571585231058,c:\file akmal\Capstone - Ai Eng - Spendly_ Workspace\data\Gas\train\images\bensin-affan2_jpeg.rf.abf2927b78fad941aaf03ec0f16a20de.jpg,Gas
c:\file akmal\Capstone - Ai Eng - Spendly_ Workspace\data\_ocr_real_crops\real_0248_line03.png,SEMARANG,0.9994736970761016,c:\file akmal\Capstone - Ai Eng - Spendly_ Workspace\data\Gas\train\images\UC-KENDAL-26-MARET-2026-pdf_page_1_png.rf.6208c06b9ad9757522e10d189c6d2acd.jpg,Gas
c:\file akmal\Capstone - Ai Eng - Spendly_ Workspace\data\_ocr_real_crops\real_0230_line12.png,Amount 50730,0.9986520873038567,c:\file akmal\Capstone - Ai Eng - Spendly_ Workspace\data\Gas\train\images\shell19_png.rf.1378746f6c4ebf71f6510c03d4b74b24.jpg,Gas
c:\file akmal\Capstone - Ai Eng - Spendly_ Workspace\data\_ocr_real_crops\real_0241_line11.png,operator OPERATOR,0.8148812970323701,c:\file akmal\Capstone - Ai Eng - Spendly_ Workspace\data\Gas\train\images\UC-DEMAK-3-MARET-2026-pdf_page_1_png.rf.de326daafa4f21bfa91c61c97a0f3895.jpg,Gas
c:\file akmal\Capstone - Ai Eng - Spendly_ Workspace\data\_ocr_real_crops\real_0237_line05.png,28/04/2026 19:04,0.8814127703969387,c:\file akmal\Capstone - Ai Eng - Spendly_ Workspace\data\Gas\train\images\shell9_png.rf.f421d5afc542a0e7efea861a8391b60e.jpg,Gas
c:\file akmal\Capstone - Ai Eng - Spendly_ Workspace\data\_ocr_real_crops\real_0250_line15.png,SELAHAT JALAN,0.7863061342817311,c:\file akmal\Capstone - Ai Eng - Spendly_ Workspace\data\Gas\train\images\UC-TEMANGGUNG-25-MARET-2026-pdf_page_1_png.rf.9ef0278c8721a4286ebdaee9f2db6c75.jpg,Gas
c:\file akmal\Capstone - Ai Eng - Spendly_ Workspace\data\_ocr_real_crops\real_0198_line07.png,Nomor Selang,0.931390025214302,c:\file akmal\Capstone - Ai Eng - Spendly_ Workspace\data\Gas\test\images\bensin-affan1_jpeg.rf.59aa403b8196f7627ca9d7afcfb54dbb.jpg,Gas
c:\file akmal\Capstone - Ai Eng - Spendly_ Workspace\data\_ocr_real_crops\real_0237_line07.png,Pump No 01,0.9984526859328849,c:\file akmal\Capstone - Ai Eng - Spendly_ Workspace\data\Gas\train\images\shell9_png.rf.f421d5afc542a0e7efea861a8391b60e.jpg,Gas
c:\file akmal\Capstone - Ai Eng - Spendly_ Workspace\data\_ocr_real_crops\real_0254_line09.png,Grade SHELL V-POWER,0.888118869436027,c:\file akmal\Capstone - Ai Eng - Spendly_ Workspace\data\Gas\valid\images\shell17_png.rf.1c28d9d1b3400b437818277224876ef6.jpg,Gas
c:\file akmal\Capstone - Ai Eng - Spendly_ Workspace\data\_ocr_real_crops\real_0215_line25.png,Subsidi secara bijak,0.9431058659442522,c:\file akmal\Capstone - Ai Eng - Spendly_ Workspace\data\Gas\train\images\camscaner-bensin-nofita5_png.rf.93a6225963698ecbbacf3878de898066.jpg,Gas
c:\file akmal\Capstone - Ai Eng - Spendly_ Workspace\data\_ocr_real_crops\real_0233_line09.png,"Volume 2,15",0.9136455695636874,c:\file akmal\Capstone - Ai Eng - Spendly_ Workspace\data\Gas\train\images\shell5_png.rf.ca3c0a6bdd2cd11daee5c3748c6f747f.jpg,Gas
c:\file akmal\Capstone - Ai Eng - Spendly_ Workspace\data\_ocr_real_crops\real_0252_line09.png,Volune (L) 5.67,0.9761433331115046,c:\file akmal\Capstone - Ai Eng - Spendly_ Workspace\data\Gas\valid\images\camscaner-bensin-rizky4_png.rf.524bcca71c529cef19aeb3293ba62254.jpg,Gas
c:\file akmal\Capstone - Ai Eng - Spendly_ Workspace\data\_ocr_real_crops\real_0231_line10.png,Unit Price 1330c,0.8009308297192789,c:\file akmal\Capstone - Ai Eng - Spendly_ Workspace\data\Gas\train\images\shell1_jpeg.rf.4696b6f3bd387b15cb48688a5e522a6e.jpg,Gas
c:\file akmal\Capstone - Ai Eng - Spendly_ Workspace\data\_ocr_real_crops\real_0227_line01.png,ID 12504511,0.9941261722132877,c:\file akmal\Capstone - Ai Eng - Spendly_ Workspace\data\Gas\train\images\shell13_png.rf.6a71fc3d92319f9eb6ec8558d77b117f.jpg,Gas
c:\file akmal\Capstone - Ai Eng - Spendly_ Workspace\data\_ocr_real_crops\real_0215_line14.png,"Harga Jua 10 ,OO0",0.7450850877339873,c:\file akmal\Capstone - Ai Eng - Spendly_ Workspace\data\Gas\train\images\camscaner-bensin-nofita5_png.rf.93a6225963698ecbbacf3878de898066.jpg,Gas
c:\file akmal\Capstone - Ai Eng - Spendly_ Workspace\data\_ocr_real_crops\real_0244_line07.png,(Jperator OPERATOR,0.9657578191285832,c:\file akmal\Capstone - Ai Eng - Spendly_ Workspace\data\Gas\train\images\UC-GROBOGAN-24-FEB-26-pdf_page_1_png.rf.b1aa984cf636b94da997e1137ce0debc.jpg,Gas
c:\file akmal\Capstone - Ai Eng - Spendly_ Workspace\data\_ocr_real_crops\real_0232_line05.png,20/04/2026 18: 19,0.8420679606464243,c:\file akmal\Capstone - Ai Eng - Spendly_ Workspace\data\Gas\train\images\shell4_png.rf.c7886102937741d56d93571a04c94bc5.jpg,Gas
c:\file akmal\Capstone - Ai Eng - Spendly_ Workspace\data\_ocr_real_crops\real_0208_line18.png,CASH,0.7552815675735474,c:\file akmal\Capstone - Ai Eng - Spendly_ Workspace\data\Gas\train\images\camscaner-bensin-lana2_png.rf.58c92beba62c063dac2de847d275c704.jpg,Gas
c:\file akmal\Capstone - Ai Eng - Spendly_ Workspace\data\_ocr_real_crops\real_0206_line00.png,PERTAMINA PASTI PAS,0.9944901760807012,c:\file akmal\Capstone - Ai Eng - Spendly_ Workspace\data\Gas\train\images\bensin-affan4_jpeg.rf.70575a8b4ef3f8e9f0f39d9ca640e56f.jpg,Gas
c:\file akmal\Capstone - Ai Eng - Spendly_ Workspace\data\_ocr_real_crops\real_0203_line09.png,Vo une (L) 4 .82,0.825089015742275,c:\file akmal\Capstone - Ai Eng - Spendly_ Workspace\data\Gas\test\images\UC-DEMAK-19-FEB-2026-pdf_page_1_png.rf.4f2eb2a7e4e3fd98bfcfc8ff579c354b.jpg,Gas
c:\file akmal\Capstone - Ai Eng - Spendly_ Workspace\data\_ocr_real_crops\real_0238_line16.png,Sunny Pass ion,0.8868655112728743,c:\file akmal\Capstone - Ai Eng - Spendly_ Workspace\data\Gas\train\images\UC-BATANG-13-FEB-2026-pdf_page_2_png.rf.1ffd38d941efd36361cf112da67e0a69.jpg,Gas
c:\file akmal\Capstone - Ai Eng - Spendly_ Workspace\data\_ocr_real_crops\real_0230_line05.png,PUHP ID 02-03,0.7749777652564173,c:\file akmal\Capstone - Ai Eng - Spendly_ Workspace\data\Gas\train\images\shell19_png.rf.1378746f6c4ebf71f6510c03d4b74b24.jpg,Gas
c:\file akmal\Capstone - Ai Eng - Spendly_ Workspace\data\_ocr_real_crops\real_0254_line07.png,Receipt No 156843,0.9739898868976923,c:\file akmal\Capstone - Ai Eng - Spendly_ Workspace\data\Gas\valid\images\shell17_png.rf.1c28d9d1b3400b437818277224876ef6.jpg,Gas
c:\file akmal\Capstone - Ai Eng - Spendly_ Workspace\data\_ocr_real_crops\real_0202_line00.png,agoda,0.9567839853942972,c:\file akmal\Capstone - Ai Eng - Spendly_ Workspace\data\Gas\test\images\UC-BATANG-13-FEB-2026-pdf_page_3_png.rf.eee5983b606cec2d9f904ea9b5fca55c.jpg,Gas
c:\file akmal\Capstone - Ai Eng - Spendly_ Workspace\data\_ocr_real_crops\real_0248_line05.png,Recelpt No. 082546,0.9766035345353051,c:\file akmal\Capstone - Ai Eng - Spendly_ Workspace\data\Gas\train\images\UC-KENDAL-26-MARET-2026-pdf_page_1_png.rf.6208c06b9ad9757522e10d189c6d2acd.jpg,Gas
c:\file akmal\Capstone - Ai Eng - Spendly_ Workspace\data\_ocr_real_crops\real_0234_line05.png,24/04/2026 09:33,0.9230902247584996,c:\file akmal\Capstone - Ai Eng - Spendly_ Workspace\data\Gas\train\images\shell6_png.rf.14600895553e9c4301c71b76205d1061.jpg,Gas
c:\file akmal\Capstone - Ai Eng - Spendly_ Workspace\data\_ocr_real_crops\real_0237_line11.png,Amount 42394,0.9347845745802008,c:\file akmal\Capstone - Ai Eng - Spendly_ Workspace\data\Gas\train\images\shell9_png.rf.f421d5afc542a0e7efea861a8391b60e.jpg,Gas
c:\file akmal\Capstone - Ai Eng - Spendly_ Workspace\data\_ocr_real_crops\real_0243_line04.png,"P 02,157537747 1",0.8264269849712137,c:\file akmal\Capstone - Ai Eng - Spendly_ Workspace\data\Gas\train\images\UC-GROBOGAN-10-MARET-2026-pdf_page_1_png.rf.5e758a59d0923bfb592d97a00894aac4.jpg,Gas
c:\file akmal\Capstone - Ai Eng - Spendly_ Workspace\data\_ocr_real_crops\real_0226_line01.png,ID 12509384,0.9944955683203178,c:\file akmal\Capstone - Ai Eng - Spendly_ Workspace\data\Gas\train\images\shell12_png.rf.5b0496fb57f26b62fa2aa9d646c1ffd0.jpg,Gas
c:\file akmal\Capstone - Ai Eng - Spendly_ Workspace\data\_ocr_real_crops\real_0258_line01.png,4459518,0.9999978372691823,c:\file akmal\Capstone - Ai Eng - Spendly_ Workspace\data\Gas\valid\images\UC-DEMAK-24-JAN-2026-pdf_page_1_png.rf.bb07e29b16b5bd1947d5734bda7e2905.jpg,Gas
c:\file akmal\Capstone - Ai Eng - Spendly_ Workspace\data\_ocr_real_crops\real_0222_line05.png,Shifi No Trans 4781,0.7874480525877823,c:\file akmal\Capstone - Ai Eng - Spendly_ Workspace\data\Gas\train\images\camscaner-bensin-yani4_png.rf.04a3cb2bbba5dcdc664ecdb15fd76202.jpg,Gas
c:\file akmal\Capstone - Ai Eng - Spendly_ Workspace\data\_ocr_real_crops\real_0210_line06.png,Pulau Pompa : 15,0.7779491285179365,c:\file akmal\Capstone - Ai Eng - Spendly_ Workspace\data\Gas\train\images\camscaner-bensin-lana4_png.rf.57623b5f7c55ef56b7cae43769fe47df.jpg,Gas
c:\file akmal\Capstone - Ai Eng - Spendly_ Workspace\data\_ocr_real_crops\real_0220_line04.png,Telp. 0281-6445615,0.9889863629017115,c:\file akmal\Capstone - Ai Eng - Spendly_ Workspace\data\Gas\train\images\camscaner-bensin-yani2_png.rf.02ca267ad31dc31344f3af5f282a1d7b.jpg,Gas
c:\file akmal\Capstone - Ai Eng - Spendly_ Workspace\data\_ocr_real_crops\real_0219_line03.png,JL JEND A YANI,0.982949518481129,c:\file akmal\Capstone - Ai Eng - Spendly_ Workspace\data\Gas\train\images\camscaner-bensin-rizky_png.rf.9e73297d6460ce21d1ea1de39ab338a1.jpg,Gas
c:\file akmal\Capstone - Ai Eng - Spendly_ Workspace\data\_ocr_real_crops\real_0198_line12.png,Harga/Liter 12.300,0.9838920621761208,c:\file akmal\Capstone - Ai Eng - Spendly_ Workspace\data\Gas\test\images\bensin-affan1_jpeg.rf.59aa403b8196f7627ca9d7afcfb54dbb.jpg,Gas
c:\file akmal\Capstone - Ai Eng - Spendly_ Workspace\data\_ocr_real_crops\real_0247_line16.png,40 840,0.9999035036296713,c:\file akmal\Capstone - Ai Eng - Spendly_ Workspace\data\Gas\train\images\UC-KENDAL-07-JAN-2026-pdf_page_1_png.rf.d0ba670186ac1f43452faa25ecf9f08d.jpg,Gas
c:\file akmal\Capstone - Ai Eng - Spendly_ Workspace\data\_ocr_real_crops\real_0211_line06.png,Nomor Poapa,0.7994114909130434,c:\file akmal\Capstone - Ai Eng - Spendly_ Workspace\data\Gas\train\images\camscaner-bensin-nofita1_png.rf.b9066e43f4996c969ebebb95c4c49b3c.jpg,Gas
c:\file akmal\Capstone - Ai Eng - Spendly_ Workspace\data\_ocr_real_crops\real_0245_line01.png,J1 Raya Karangawen,0.7804579111644272,c:\file akmal\Capstone - Ai Eng - Spendly_ Workspace\data\Gas\train\images\UC-GUBUG-07-FEB-2026-pdf_page_1_png.rf.7551d5e80428690f0fe5ef25a7d1e4fa.jpg,Gas
c:\file akmal\Capstone - Ai Eng - Spendly_ Workspace\data\_ocr_real_crops\real_0200_line05.png,15/04/2026 07 : 42,0.7465100316310638,c:\file akmal\Capstone - Ai Eng - Spendly_ Workspace\data\Gas\test\images\shell3_png.rf.62a8d63be42ebed0f8a4fa11f5715c46.jpg,Gas
c:\file akmal\Capstone - Ai Eng - Spendly_ Workspace\data\_ocr_real_crops\real_0225_line06.png,Recei pt No 111236,0.8405280517525141,c:\file akmal\Capstone - Ai Eng - Spendly_ Workspace\data\Gas\train\images\shell11_png.rf.349eab2467a7b89c16c707feb08d2d1f.jpg,Gas
c:\file akmal\Capstone - Ai Eng - Spendly_ Workspace\data\_ocr_real_crops\real_0204_line11.png,Operator TIARA F,0.998751611366139,c:\file akmal\Capstone - Ai Eng - Spendly_ Workspace\data\Gas\train\images\bensin-affan2_jpeg.rf.abf2927b78fad941aaf03ec0f16a20de.jpg,Gas
c:\file akmal\Capstone - Ai Eng - Spendly_ Workspace\data\_ocr_real_crops\real_0255_line11.png,Unit Price 13350,0.999305295686037,c:\file akmal\Capstone - Ai Eng - Spendly_ Workspace\data\Gas\valid\images\shell18_png.rf.da4668a948f0a21f54ef0f9d823b684a.jpg,Gas
c:\file akmal\Capstone - Ai Eng - Spendly_ Workspace\data\_ocr_real_crops\real_0257_line07.png,Receipt No. 063132,0.9250582805855689,c:\file akmal\Capstone - Ai Eng - Spendly_ Workspace\data\Gas\valid\images\shell2_jpeg.rf.78e0474920d53749de24686a4334fdd8.jpg,Gas
c:\file akmal\Capstone - Ai Eng - Spendly_ Workspace\data\_ocr_real_crops\real_0232_line06.png,Receidt No 158972,0.7790052178376161,c:\file akmal\Capstone - Ai Eng - Spendly_ Workspace\data\Gas\train\images\shell4_png.rf.c7886102937741d56d93571a04c94bc5.jpg,Gas
c:\file akmal\Capstone - Ai Eng - Spendly_ Workspace\data\_ocr_real_crops\real_0241_line01.png,4459521,0.9972566227547538,c:\file akmal\Capstone - Ai Eng - Spendly_ Workspace\data\Gas\train\images\UC-DEMAK-3-MARET-2026-pdf_page_1_png.rf.de326daafa4f21bfa91c61c97a0f3895.jpg,Gas
c:\file akmal\Capstone - Ai Eng - Spendly_ Workspace\data\_ocr_real_crops\real_0253_line06.png,15/04/2025 14:07,0.8375676573301452,c:\file akmal\Capstone - Ai Eng - Spendly_ Workspace\data\Gas\valid\images\shell15_png.rf.f4e42483508e4309ea290aa6ef71aa2a.jpg,Gas
c:\file akmal\Capstone - Ai Eng - Spendly_ Workspace\data\_ocr_real_crops\real_0249_line10.png,"82,600",0.7756502131840907,c:\file akmal\Capstone - Ai Eng - Spendly_ Workspace\data\Gas\train\images\UC-TEMANGGUNG-23-FEB-26-pdf_page_1_png.rf.3b2ea458223238bf167d17e034e05a2c.jpg,Gas
c:\file akmal\Capstone - Ai Eng - Spendly_ Workspace\data\_ocr_real_crops\real_0235_line02.png,TELP 02186909112,0.9730070908839168,c:\file akmal\Capstone - Ai Eng - Spendly_ Workspace\data\Gas\train\images\shell7_png.rf.c66e2625ca891200f6636daa569143ea.jpg,Gas
c:\file akmal\Capstone - Ai Eng - Spendly_ Workspace\data\_ocr_real_crops\real_0231_line02.png,TELP 02186909112,0.9555982965347718,c:\file akmal\Capstone - Ai Eng - Spendly_ Workspace\data\Gas\train\images\shell1_jpeg.rf.4696b6f3bd387b15cb48688a5e522a6e.jpg,Gas
c:\file akmal\Capstone - Ai Eng - Spendly_ Workspace\data\_ocr_real_crops\real_0231_line09.png,Vol ume 2 61,0.9715773265185862,c:\file akmal\Capstone - Ai Eng - Spendly_ Workspace\data\Gas\train\images\shell1_jpeg.rf.4696b6f3bd387b15cb48688a5e522a6e.jpg,Gas
c:\file akmal\Capstone - Ai Eng - Spendly_ Workspace\data\_ocr_real_crops\real_0244_line12.png,Subsidi Penierintah,0.8472331717602565,c:\file akmal\Capstone - Ai Eng - Spendly_ Workspace\data\Gas\train\images\UC-GROBOGAN-24-FEB-26-pdf_page_1_png.rf.b1aa984cf636b94da997e1137ce0debc.jpg,Gas
c:\file akmal\Capstone - Ai Eng - Spendly_ Workspace\data\_ocr_real_crops\real_0257_line05.png,PUMP ID 3-4,0.876944815472804,c:\file akmal\Capstone - Ai Eng - Spendly_ Workspace\data\Gas\valid\images\shell2_jpeg.rf.78e0474920d53749de24686a4334fdd8.jpg,Gas
c:\file akmal\Capstone - Ai Eng - Spendly_ Workspace\data\_ocr_real_crops\real_0236_line11.png,Amount 34580,0.8698824388536431,c:\file akmal\Capstone - Ai Eng - Spendly_ Workspace\data\Gas\train\images\shell8_png.rf.33d58b1c55eea381086e5a8681bbc235.jpg,Gas
c:\file akmal\Capstone - Ai Eng - Spendly_ Workspace\data\_ocr_real_crops\real_0258_line12.png,Operator SYIFA,0.9997107689364544,c:\file akmal\Capstone - Ai Eng - Spendly_ Workspace\data\Gas\valid\images\UC-DEMAK-24-JAN-2026-pdf_page_1_png.rf.bb07e29b16b5bd1947d5734bda7e2905.jpg,Gas
c:\file akmal\Capstone - Ai Eng - Spendly_ Workspace\data\_ocr_real_crops\real_0255_line08.png,Pump No 01,0.9162888002907819,c:\file akmal\Capstone - Ai Eng - Spendly_ Workspace\data\Gas\valid\images\shell18_png.rf.da4668a948f0a21f54ef0f9d823b684a.jpg,Gas
c:\file akmal\Capstone - Ai Eng - Spendly_ Workspace\data\_ocr_real_crops\real_0245_line06.png,Jenis BBH PERTAHAX,0.8651193998509029,c:\file akmal\Capstone - Ai Eng - Spendly_ Workspace\data\Gas\train\images\UC-GUBUG-07-FEB-2026-pdf_page_1_png.rf.7551d5e80428690f0fe5ef25a7d1e4fa.jpg,Gas
c:\file akmal\Capstone - Ai Eng - Spendly_ Workspace\data\_ocr_real_crops\real_0238_line19.png,Lotus Basque,0.7939150060336815,c:\file akmal\Capstone - Ai Eng - Spendly_ Workspace\data\Gas\train\images\UC-BATANG-13-FEB-2026-pdf_page_2_png.rf.1ffd38d941efd36361cf112da67e0a69.jpg,Gas
c:\file akmal\Capstone - Ai Eng - Spendly_ Workspace\data\_ocr_real_crops\real_0230_line07.png,Recei pt No 176298,0.9317678912753146,c:\file akmal\Capstone - Ai Eng - Spendly_ Workspace\data\Gas\train\images\shell19_png.rf.1378746f6c4ebf71f6510c03d4b74b24.jpg,Gas
c:\file akmal\Capstone - Ai Eng - Spendly_ Workspace\data\_ocr_real_crops\real_0225_line11.png,Amount 37107,0.9984219573999796,c:\file akmal\Capstone - Ai Eng - Spendly_ Workspace\data\Gas\train\images\shell11_png.rf.349eab2467a7b89c16c707feb08d2d1f.jpg,Gas
c:\file akmal\Capstone - Ai Eng - Spendly_ Workspace\data\_ocr_real_crops\real_0205_line03.png,"Receipt No, 023015",0.7763516178039915,c:\file akmal\Capstone - Ai Eng - Spendly_ Workspace\data\Gas\train\images\bensin-affan3_jpeg.rf.c2ad8ec140607d0a34740b3df9555dfb.jpg,Gas
c:\file akmal\Capstone - Ai Eng - Spendly_ Workspace\data\_ocr_real_crops\real_0232_line07.png,Pump No 02,0.9677209507372734,c:\file akmal\Capstone - Ai Eng - Spendly_ Workspace\data\Gas\train\images\shell4_png.rf.c7886102937741d56d93571a04c94bc5.jpg,Gas
c:\file akmal\Capstone - Ai Eng - Spendly_ Workspace\data\_ocr_real_crops\real_0229_line05.png,PUHP ID 03-01,0.8437667127228732,c:\file akmal\Capstone - Ai Eng - Spendly_ Workspace\data\Gas\train\images\shell16_png.rf.2a74a817a64789ea4f9f64261c2af304.jpg,Gas
c:\file akmal\Capstone - Ai Eng - Spendly_ Workspace\data\_ocr_real_crops\real_0245_line12.png,Plat Nomor H3415B0C,0.8485140274467097,c:\file akmal\Capstone - Ai Eng - Spendly_ Workspace\data\Gas\train\images\UC-GUBUG-07-FEB-2026-pdf_page_1_png.rf.7551d5e80428690f0fe5ef25a7d1e4fa.jpg,Gas
c:\file akmal\Capstone - Ai Eng - Spendly_ Workspace\data\_ocr_real_crops\real_0237_line10.png,Unit Price 13300,0.967224780508069,c:\file akmal\Capstone - Ai Eng - Spendly_ Workspace\data\Gas\train\images\shell9_png.rf.f421d5afc542a0e7efea861a8391b60e.jpg,Gas
c:\file akmal\Capstone - Ai Eng - Spendly_ Workspace\data\_ocr_real_crops\real_0216_line07.png,Nama Produk PERTAMAX,0.9831562387277271,c:\file akmal\Capstone - Ai Eng - Spendly_ Workspace\data\Gas\train\images\camscaner-bensin-rizky2_png.rf.182e6c63876ab99026d52c21b96b8391.jpg,Gas
c:\file akmal\Capstone - Ai Eng - Spendly_ Workspace\data\_ocr_real_crops\real_0206_line07.png,uinp No 02,0.7704336232668924,c:\file akmal\Capstone - Ai Eng - Spendly_ Workspace\data\Gas\train\images\bensin-affan4_jpeg.rf.70575a8b4ef3f8e9f0f39d9ca640e56f.jpg,Gas
c:\file akmal\Capstone - Ai Eng - Spendly_ Workspace\data\_ocr_real_crops\real_0198_line03.png,Tip. 081235518886,0.7316853921388912,c:\file akmal\Capstone - Ai Eng - Spendly_ Workspace\data\Gas\test\images\bensin-affan1_jpeg.rf.59aa403b8196f7627ca9d7afcfb54dbb.jpg,Gas
c:\file akmal\Capstone - Ai Eng - Spendly_ Workspace\data\_ocr_real_crops\real_0206_line02.png,DEMAK SEMARANG,0.9984739369659699,c:\file akmal\Capstone - Ai Eng - Spendly_ Workspace\data\Gas\train\images\bensin-affan4_jpeg.rf.70575a8b4ef3f8e9f0f39d9ca640e56f.jpg,Gas
c:\file akmal\Capstone - Ai Eng - Spendly_ Workspace\data\_ocr_real_crops\real_0213_line08.png,Operator RIO,0.981503132288765,c:\file akmal\Capstone - Ai Eng - Spendly_ Workspace\data\Gas\train\images\camscaner-bensin-nofita3_png.rf.69c1dd416c65db4fd856425c5767dd0a.jpg,Gas
c:\file akmal\Capstone - Ai Eng - Spendly_ Workspace\data\_ocr_real_crops\real_0230_line11.png,Unit Price 13350,0.9875202069597439,c:\file akmal\Capstone - Ai Eng - Spendly_ Workspace\data\Gas\train\images\shell19_png.rf.1378746f6c4ebf71f6510c03d4b74b24.jpg,Gas
c:\file akmal\Capstone - Ai Eng - Spendly_ Workspace\data\_ocr_real_crops\real_0203_line13.png,"56 ,876",0.9273722307685983,c:\file akmal\Capstone - Ai Eng - Spendly_ Workspace\data\Gas\test\images\UC-DEMAK-19-FEB-2026-pdf_page_1_png.rf.4f2eb2a7e4e3fd98bfcfc8ff579c354b.jpg,Gas
c:\file akmal\Capstone - Ai Eng - Spendly_ Workspace\data\_ocr_real_crops\real_0238_line07.png,Queue 100,0.9878973000759583,c:\file akmal\Capstone - Ai Eng - Spendly_ Workspace\data\Gas\train\images\UC-BATANG-13-FEB-2026-pdf_page_2_png.rf.1ffd38d941efd36361cf112da67e0a69.jpg,Gas
c:\file akmal\Capstone - Ai Eng - Spendly_ Workspace\data\_ocr_real_crops\real_0214_line13.png,Operator Ula,0.7912798072190044,c:\file akmal\Capstone - Ai Eng - Spendly_ Workspace\data\Gas\train\images\camscaner-bensin-nofita4_png.rf.012ab14d39df8e97864d3b0958737e2a.jpg,Gas
c:\file akmal\Capstone - Ai Eng - Spendly_ Workspace\data\_ocr_real_crops\real_0249_line12.png,"26,090",0.8366462781074977,c:\file akmal\Capstone - Ai Eng - Spendly_ Workspace\data\Gas\train\images\UC-TEMANGGUNG-23-FEB-26-pdf_page_1_png.rf.3b2ea458223238bf167d17e034e05a2c.jpg,Gas
c:\file akmal\Capstone - Ai Eng - Spendly_ Workspace\data\_ocr_real_crops\real_0206_line06.png,Receipt No 079821,0.9867430243287615,c:\file akmal\Capstone - Ai Eng - Spendly_ Workspace\data\Gas\train\images\bensin-affan4_jpeg.rf.70575a8b4ef3f8e9f0f39d9ca640e56f.jpg,Gas
c:\file akmal\Capstone - Ai Eng - Spendly_ Workspace\data\_ocr_real_crops\real_0250_line07.png,Nomor Selang,0.7315962972455539,c:\file akmal\Capstone - Ai Eng - Spendly_ Workspace\data\Gas\train\images\UC-TEMANGGUNG-25-MARET-2026-pdf_page_1_png.rf.9ef0278c8721a4286ebdaee9f2db6c75.jpg,Gas
c:\file akmal\Capstone - Ai Eng - Spendly_ Workspace\data\_ocr_real_crops\real_0238_line08.png,12 Feb 2026 21 :46,0.9095247008167406,c:\file akmal\Capstone - Ai Eng - Spendly_ Workspace\data\Gas\train\images\UC-BATANG-13-FEB-2026-pdf_page_2_png.rf.1ffd38d941efd36361cf112da67e0a69.jpg,Gas
c:\file akmal\Capstone - Ai Eng - Spendly_ Workspace\data\_ocr_real_crops\real_0235_line09.png,"Volume 4 , 12",0.7895406924844757,c:\file akmal\Capstone - Ai Eng - Spendly_ Workspace\data\Gas\train\images\shell7_png.rf.c66e2625ca891200f6636daa569143ea.jpg,Gas
c:\file akmal\Capstone - Ai Eng - Spendly_ Workspace\data\_ocr_real_crops\real_0200_line04.png,PUHP ID 03-04,0.9746185758522086,c:\file akmal\Capstone - Ai Eng - Spendly_ Workspace\data\Gas\test\images\shell3_png.rf.62a8d63be42ebed0f8a4fa11f5715c46.jpg,Gas
c:\file akmal\Capstone - Ai Eng - Spendly_ Workspace\data\_ocr_real_crops\real_0246_line10.png,Volume (L) 8.13,0.8672913595962555,c:\file akmal\Capstone - Ai Eng - Spendly_ Workspace\data\Gas\train\images\UC-GUBUG-27-MARET-2026-pdf_page_1_png.rf.cc0bac9e8a36bf121084462bb76ec8d2.jpg,Gas
c:\file akmal\Capstone - Ai Eng - Spendly_ Workspace\data\_ocr_real_crops\real_0214_line08.png,Nonor Nota 132548,0.8425082316765867,c:\file akmal\Capstone - Ai Eng - Spendly_ Workspace\data\Gas\train\images\camscaner-bensin-nofita4_png.rf.012ab14d39df8e97864d3b0958737e2a.jpg,Gas
c:\file akmal\Capstone - Ai Eng - Spendly_ Workspace\data\_ocr_real_crops\real_0240_line06.png,Queue No:52,0.8299390518626157,c:\file akmal\Capstone - Ai Eng - Spendly_ Workspace\data\Gas\train\images\UC-BATANG-DINNER-18-MARET-2026-pdf_page_1_png.rf.8b2ee1a65efdaca9faa4c7716297f6b9.jpg,Gas
c:\file akmal\Capstone - Ai Eng - Spendly_ Workspace\data\_ocr_real_crops\real_0226_line08.png,Pump No 01,0.9459815060258734,c:\file akmal\Capstone - Ai Eng - Spendly_ Workspace\data\Gas\train\images\shell12_png.rf.5b0496fb57f26b62fa2aa9d646c1ffd0.jpg,Gas
c:\file akmal\Capstone - Ai Eng - Spendly_ Workspace\data\_ocr_real_crops\real_0248_line01.png,SPBU 44 501. 13,0.721002576696996,c:\file akmal\Capstone - Ai Eng - Spendly_ Workspace\data\Gas\train\images\UC-KENDAL-26-MARET-2026-pdf_page_1_png.rf.6208c06b9ad9757522e10d189c6d2acd.jpg,Gas
c:\file akmal\Capstone - Ai Eng - Spendly_ Workspace\data\_ocr_real_crops\real_0258_line17.png,No Plat H341 5BOC,0.8399858456176116,c:\file akmal\Capstone - Ai Eng - Spendly_ Workspace\data\Gas\valid\images\UC-DEMAK-24-JAN-2026-pdf_page_1_png.rf.bb07e29b16b5bd1947d5734bda7e2905.jpg,Gas
c:\file akmal\Capstone - Ai Eng - Spendly_ Workspace\data\_ocr_real_crops\real_0220_line01.png,4453116,0.875141592185137,c:\file akmal\Capstone - Ai Eng - Spendly_ Workspace\data\Gas\train\images\camscaner-bensin-yani2_png.rf.02ca267ad31dc31344f3af5f282a1d7b.jpg,Gas
c:\file akmal\Capstone - Ai Eng - Spendly_ Workspace\data\_ocr_real_crops\real_0245_line09.png,Total Harga Rp61 00O,0.8019292599299426,c:\file akmal\Capstone - Ai Eng - Spendly_ Workspace\data\Gas\train\images\UC-GUBUG-07-FEB-2026-pdf_page_1_png.rf.7551d5e80428690f0fe5ef25a7d1e4fa.jpg,Gas
c:\file akmal\Capstone - Ai Eng - Spendly_ Workspace\data\_ocr_real_crops\real_0257_line11.png,Unit Price 13300,0.9998809573569732,c:\file akmal\Capstone - Ai Eng - Spendly_ Workspace\data\Gas\valid\images\shell2_jpeg.rf.78e0474920d53749de24686a4334fdd8.jpg,Gas
c:\file akmal\Capstone - Ai Eng - Spendly_ Workspace\data\_ocr_real_crops\real_0247_line04.png,Tclp . 024 69260 /9,0.7819277572986604,c:\file akmal\Capstone - Ai Eng - Spendly_ Workspace\data\Gas\train\images\UC-KENDAL-07-JAN-2026-pdf_page_1_png.rf.d0ba670186ac1f43452faa25ecf9f08d.jpg,Gas
c:\file akmal\Capstone - Ai Eng - Spendly_ Workspace\data\_ocr_real_crops\real_0235_line11.png,Amount 54896,0.9973215811147105,c:\file akmal\Capstone - Ai Eng - Spendly_ Workspace\data\Gas\train\images\shell7_png.rf.c66e2625ca891200f6636daa569143ea.jpg,Gas
c:\file akmal\Capstone - Ai Eng - Spendly_ Workspace\data\_ocr_real_crops\real_0206_line08.png,Srade PERTAMAX,0.9808673382566271,c:\file akmal\Capstone - Ai Eng - Spendly_ Workspace\data\Gas\train\images\bensin-affan4_jpeg.rf.70575a8b4ef3f8e9f0f39d9ca640e56f.jpg,Gas
c:\file akmal\Capstone - Ai Eng - Spendly_ Workspace\data\_ocr_real_crops\real_0253_line00.png,SHELL BEKASI BARAT,0.9954567042195447,c:\file akmal\Capstone - Ai Eng - Spendly_ Workspace\data\Gas\valid\images\shell15_png.rf.f4e42483508e4309ea290aa6ef71aa2a.jpg,Gas
c:\file akmal\Capstone - Ai Eng - Spendly_ Workspace\data\_ocr_real_crops\real_0206_line04.png,B DEMAK,0.9984163403324022,c:\file akmal\Capstone - Ai Eng - Spendly_ Workspace\data\Gas\train\images\bensin-affan4_jpeg.rf.70575a8b4ef3f8e9f0f39d9ca640e56f.jpg,Gas
c:\file akmal\Capstone - Ai Eng - Spendly_ Workspace\data\_ocr_real_crops\real_0227_line07.png,Receipt No 137923,0.8569532154828807,c:\file akmal\Capstone - Ai Eng - Spendly_ Workspace\data\Gas\train\images\shell13_png.rf.6a71fc3d92319f9eb6ec8558d77b117f.jpg,Gas
c:\file akmal\Capstone - Ai Eng - Spendly_ Workspace\data\_ocr_real_crops\real_0229_line03.png,TELP 02186909112,0.782408687428677,c:\file akmal\Capstone - Ai Eng - Spendly_ Workspace\data\Gas\train\images\shell16_png.rf.2a74a817a64789ea4f9f64261c2af304.jpg,Gas
c:\file akmal\Capstone - Ai Eng - Spendly_ Workspace\data\_ocr_real_crops\real_0259_line12.png,CASH,0.9856104254722595,c:\file akmal\Capstone - Ai Eng - Spendly_ Workspace\data\Gas\valid\images\UC-GUBUG-20-JAN-2026-pdf_page_1_png.rf.f5e52a54c1ed79010b2e9e1a627a9f54.jpg,Gas
c:\file akmal\Capstone - Ai Eng - Spendly_ Workspace\data\_ocr_real_crops\real_0229_line00.png,SHELL BOGOR RAYA,0.9611451499259364,c:\file akmal\Capstone - Ai Eng - Spendly_ Workspace\data\Gas\train\images\shell16_png.rf.2a74a817a64789ea4f9f64261c2af304.jpg,Gas
c:\file akmal\Capstone - Ai Eng - Spendly_ Workspace\data\_ocr_real_crops\real_0226_line12.png,Amount 27930,0.9879887429172656,c:\file akmal\Capstone - Ai Eng - Spendly_ Workspace\data\Gas\train\images\shell12_png.rf.5b0496fb57f26b62fa2aa9d646c1ffd0.jpg,Gas
c:\file akmal\Capstone - Ai Eng - Spendly_ Workspace\data\_ocr_real_crops\real_0207_line07.png,Jen BBvt PERTALITE,0.7028442571948585,c:\file akmal\Capstone - Ai Eng - Spendly_ Workspace\data\Gas\train\images\camscaner-bensin-lana1_png.rf.870ae4c0b90c3948689c08648cd826d6.jpg,Gas
c:\file akmal\Capstone - Ai Eng - Spendly_ Workspace\data\_ocr_real_crops\real_0206_line01.png,SPBU 44 595 23,0.9396268098766275,c:\file akmal\Capstone - Ai Eng - Spendly_ Workspace\data\Gas\train\images\bensin-affan4_jpeg.rf.70575a8b4ef3f8e9f0f39d9ca640e56f.jpg,Gas
c:\file akmal\Capstone - Ai Eng - Spendly_ Workspace\data\_ocr_real_crops\real_0250_line06.png,Nomor Pompa,0.7118083446592032,c:\file akmal\Capstone - Ai Eng - Spendly_ Workspace\data\Gas\train\images\UC-TEMANGGUNG-25-MARET-2026-pdf_page_1_png.rf.9ef0278c8721a4286ebdaee9f2db6c75.jpg,Gas
c:\file akmal\Capstone - Ai Eng - Spendly_ Workspace\data\_ocr_real_crops\real_0234_line11.png,Amount 49875,0.9180833233389041,c:\file akmal\Capstone - Ai Eng - Spendly_ Workspace\data\Gas\train\images\shell6_png.rf.14600895553e9c4301c71b76205d1061.jpg,Gas
c:\file akmal\Capstone - Ai Eng - Spendly_ Workspace\data\_ocr_real_crops\real_0237_line02.png,TELP 02186909112,0.8502313432822673,c:\file akmal\Capstone - Ai Eng - Spendly_ Workspace\data\Gas\train\images\shell9_png.rf.f421d5afc542a0e7efea861a8391b60e.jpg,Gas
c:\file akmal\Capstone - Ai Eng - Spendly_ Workspace\data\_ocr_real_crops\real_0201_line01.png,4451319,0.999971028293032,c:\file akmal\Capstone - Ai Eng - Spendly_ Workspace\data\Gas\test\images\UC-BATANG-13-FEB-2026-pdf_page_1_png.rf.0a456166f24dae4655c4b07cb1604d4a.jpg,Gas
c:\file akmal\Capstone - Ai Eng - Spendly_ Workspace\data\_ocr_real_crops\real_0246_line04.png,Telp (0292) 533451,0.9901644079600684,c:\file akmal\Capstone - Ai Eng - Spendly_ Workspace\data\Gas\train\images\UC-GUBUG-27-MARET-2026-pdf_page_1_png.rf.cc0bac9e8a36bf121084462bb76ec8d2.jpg,Gas
c:\file akmal\Capstone - Ai Eng - Spendly_ Workspace\data\_ocr_real_crops\real_0225_line10.png,Unit Price 13300,0.9842920711813191,c:\file akmal\Capstone - Ai Eng - Spendly_ Workspace\data\Gas\train\images\shell11_png.rf.349eab2467a7b89c16c707feb08d2d1f.jpg,Gas
c:\file akmal\Capstone - Ai Eng - Spendly_ Workspace\data\_ocr_real_crops\real_0240_line11.png,DIne,0.8653959035873413,c:\file akmal\Capstone - Ai Eng - Spendly_ Workspace\data\Gas\train\images\UC-BATANG-DINNER-18-MARET-2026-pdf_page_1_png.rf.8b2ee1a65efdaca9faa4c7716297f6b9.jpg,Gas
c:\file akmal\Capstone - Ai Eng - Spendly_ Workspace\data\_ocr_real_crops\real_0229_line06.png,17/04/2026 09: 22,0.8996616929147974,c:\file akmal\Capstone - Ai Eng - Spendly_ Workspace\data\Gas\train\images\shell16_png.rf.2a74a817a64789ea4f9f64261c2af304.jpg,Gas
c:\file akmal\Capstone - Ai Eng - Spendly_ Workspace\data\_ocr_real_crops\real_0255_line07.png,Receipt No 1 14932,0.8386670333344707,c:\file akmal\Capstone - Ai Eng - Spendly_ Workspace\data\Gas\valid\images\shell18_png.rf.da4668a948f0a21f54ef0f9d823b684a.jpg,Gas
c:\file akmal\Capstone - Ai Eng - Spendly_ Workspace\data\_ocr_real_crops\real_0244_line08.png,Jenis BBM PERTALITE,0.8541271607283423,c:\file akmal\Capstone - Ai Eng - Spendly_ Workspace\data\Gas\train\images\UC-GROBOGAN-24-FEB-26-pdf_page_1_png.rf.b1aa984cf636b94da997e1137ce0debc.jpg,Gas
c:\file akmal\Capstone - Ai Eng - Spendly_ Workspace\data\_ocr_real_crops\real_0250_line05.png,Nomor Nota 119037,0.9989858684147109,c:\file akmal\Capstone - Ai Eng - Spendly_ Workspace\data\Gas\train\images\UC-TEMANGGUNG-25-MARET-2026-pdf_page_1_png.rf.9ef0278c8721a4286ebdaee9f2db6c75.jpg,Gas
c:\file akmal\Capstone - Ai Eng - Spendly_ Workspace\data\_ocr_real_crops\real_0237_line08.png,Grade SHELL V-POWER,0.7849880816640961,c:\file akmal\Capstone - Ai Eng - Spendly_ Workspace\data\Gas\train\images\shell9_png.rf.f421d5afc542a0e7efea861a8391b60e.jpg,Gas
c:\file akmal\Capstone - Ai Eng - Spendly_ Workspace\data\_ocr_real_crops\real_0245_line11.png,CASH Rp61 0oo,0.7642580850356318,c:\file akmal\Capstone - Ai Eng - Spendly_ Workspace\data\Gas\train\images\UC-GUBUG-07-FEB-2026-pdf_page_1_png.rf.7551d5e80428690f0fe5ef25a7d1e4fa.jpg,Gas
c:\file akmal\Capstone - Ai Eng - Spendly_ Workspace\data\_ocr_real_crops\real_0224_line08.png,Grade SHELL VPOWER,0.7627555697047931,c:\file akmal\Capstone - Ai Eng - Spendly_ Workspace\data\Gas\train\images\shell10_png.rf.94d182ea017b798d091c28c3cd03c454.jpg,Gas
c:\file akmal\Capstone - Ai Eng - Spendly_ Workspace\data\_ocr_real_crops\real_0219_line09.png,Vo Iume (L) 2.83,0.8531412849381174,c:\file akmal\Capstone - Ai Eng - Spendly_ Workspace\data\Gas\train\images\camscaner-bensin-rizky_png.rf.9e73297d6460ce21d1ea1de39ab338a1.jpg,Gas
c:\file akmal\Capstone - Ai Eng - Spendly_ Workspace\data\_ocr_real_crops\real_0224_line10.png,Unil Price 13300,0.8999134002559673,c:\file akmal\Capstone - Ai Eng - Spendly_ Workspace\data\Gas\train\images\shell10_png.rf.94d182ea017b798d091c28c3cd03c454.jpg,Gas
c:\file akmal\Capstone - Ai Eng - Spendly_ Workspace\data\_ocr_real_crops\real_0252_line02.png,SPBU DS HARGASANA,0.798083374561362,c:\file akmal\Capstone - Ai Eng - Spendly_ Workspace\data\Gas\valid\images\camscaner-bensin-rizky4_png.rf.524bcca71c529cef19aeb3293ba62254.jpg,Gas
c:\file akmal\Capstone - Ai Eng - Spendly_ Workspace\data\_ocr_real_crops\real_0215_line16.png,Tanpa Subsid 31 347,0.9324290409209208,c:\file akmal\Capstone - Ai Eng - Spendly_ Workspace\data\Gas\train\images\camscaner-bensin-nofita5_png.rf.93a6225963698ecbbacf3878de898066.jpg,Gas
c:\file akmal\Capstone - Ai Eng - Spendly_ Workspace\data\_ocr_real_crops\real_0254_line00.png,SHELL JATIWARINGIN,0.9763122821852196,c:\file akmal\Capstone - Ai Eng - Spendly_ Workspace\data\Gas\valid\images\shell17_png.rf.1c28d9d1b3400b437818277224876ef6.jpg,Gas
c:\file akmal\Capstone - Ai Eng - Spendly_ Workspace\data\_ocr_real_crops\real_0214_line07.png,Noror Selang,0.939910592252835,c:\file akmal\Capstone - Ai Eng - Spendly_ Workspace\data\Gas\train\images\camscaner-bensin-nofita4_png.rf.012ab14d39df8e97864d3b0958737e2a.jpg,Gas
c:\file akmal\Capstone - Ai Eng - Spendly_ Workspace\data\_ocr_real_crops\real_0248_line04.png,26/03/2026 16 08,0.8812508231458346,c:\file akmal\Capstone - Ai Eng - Spendly_ Workspace\data\Gas\train\images\UC-KENDAL-26-MARET-2026-pdf_page_1_png.rf.6208c06b9ad9757522e10d189c6d2acd.jpg,Gas
c:\file akmal\Capstone - Ai Eng - Spendly_ Workspace\data\_ocr_real_crops\real_0232_line02.png,TELP 02186909112,0.9938650367212108,c:\file akmal\Capstone - Ai Eng - Spendly_ Workspace\data\Gas\train\images\shell4_png.rf.c7886102937741d56d93571a04c94bc5.jpg,Gas
c:\file akmal\Capstone - Ai Eng - Spendly_ Workspace\data\_ocr_real_crops\real_0218_line01.png,4458203,0.9999751285044163,c:\file akmal\Capstone - Ai Eng - Spendly_ Workspace\data\Gas\train\images\camscaner-bensin-rizky5_png.rf.22478f17e14b6642034168636561166a.jpg,Gas
c:\file akmal\Capstone - Ai Eng - Spendly_ Workspace\data\_ocr_real_crops\real_0259_line14.png,No Plar 134 15B0G,0.7470418472330538,c:\file akmal\Capstone - Ai Eng - Spendly_ Workspace\data\Gas\valid\images\UC-GUBUG-20-JAN-2026-pdf_page_1_png.rf.f5e52a54c1ed79010b2e9e1a627a9f54.jpg,Gas
c:\file akmal\Capstone - Ai Eng - Spendly_ Workspace\data\_ocr_real_crops\real_0200_line11.png,Amount 37772,0.9994576639518231,c:\file akmal\Capstone - Ai Eng - Spendly_ Workspace\data\Gas\test\images\shell3_png.rf.62a8d63be42ebed0f8a4fa11f5715c46.jpg,Gas
c:\file akmal\Capstone - Ai Eng - Spendly_ Workspace\data\_ocr_real_crops\real_0229_line01.png,ID 12506023,0.9893376919489019,c:\file akmal\Capstone - Ai Eng - Spendly_ Workspace\data\Gas\train\images\shell16_png.rf.2a74a817a64789ea4f9f64261c2af304.jpg,Gas
c:\file akmal\Capstone - Ai Eng - Spendly_ Workspace\data\_ocr_real_crops\real_0212_line01.png,4452305,0.8876203949403209,c:\file akmal\Capstone - Ai Eng - Spendly_ Workspace\data\Gas\train\images\camscaner-bensin-nofita2_png.rf.7bdfedd19895db8fd1552c4591678e43.jpg,Gas
c:\file akmal\Capstone - Ai Eng - Spendly_ Workspace\data\_ocr_real_crops\real_0216_line09.png,Yo Iume (L) 2.97,0.9256426776339892,c:\file akmal\Capstone - Ai Eng - Spendly_ Workspace\data\Gas\train\images\camscaner-bensin-rizky2_png.rf.182e6c63876ab99026d52c21b96b8391.jpg,Gas
c:\file akmal\Capstone - Ai Eng - Spendly_ Workspace\data\_ocr_real_crops\real_0238_line21.png,Chocoreo Fudoe,0.8743035674973711,c:\file akmal\Capstone - Ai Eng - Spendly_ Workspace\data\Gas\train\images\UC-BATANG-13-FEB-2026-pdf_page_2_png.rf.1ffd38d941efd36361cf112da67e0a69.jpg,Gas
c:\file akmal\Capstone - Ai Eng - Spendly_ Workspace\data\_ocr_real_crops\real_0250_line11.png,"Liter 8,13",0.9988433192601645,c:\file akmal\Capstone - Ai Eng - Spendly_ Workspace\data\Gas\train\images\UC-TEMANGGUNG-25-MARET-2026-pdf_page_1_png.rf.9ef0278c8721a4286ebdaee9f2db6c75.jpg,Gas
c:\file akmal\Capstone - Ai Eng - Spendly_ Workspace\data\_ocr_real_crops\real_0216_line02.png,SPBU JEND  A YANI,0.91045309110532,c:\file akmal\Capstone - Ai Eng - Spendly_ Workspace\data\Gas\train\images\camscaner-bensin-rizky2_png.rf.182e6c63876ab99026d52c21b96b8391.jpg,Gas
c:\file akmal\Capstone - Ai Eng - Spendly_ Workspace\data\_ocr_real_crops\real_0423_line16.png,LAYANAN KONSUMEN,0.9978043213610552,c:\file akmal\Capstone - Ai Eng - Spendly_ Workspace\data\Groceries\train\images\receipt-160_png_jpg.rf.22a756fbceec6f89024bc7f895381274.jpg,Groceries
c:\file akmal\Capstone - Ai Eng - Spendly_ Workspace\data\_ocr_real_crops\real_0283_line09.png,"HARGA   JUAL 22,000",0.9368031091214797,c:\file akmal\Capstone - Ai Eng - Spendly_ Workspace\data\Groceries\train\images\CamScanner-19-11-2024-16-49_13_jpg.rf.9d06cf649afd684329ccc8da9c4f0ed0.jpg,Groceries
c:\file akmal\Capstone - Ai Eng - Spendly_ Workspace\data\_ocr_real_crops\real_0361_line11.png,TUNAI 445 000,0.9996523121165554,c:\file akmal\Capstone - Ai Eng - Spendly_ Workspace\data\Groceries\train\images\receipt-075_png_jpg.rf.877e094bb61b43f1e26149bc1309b55e.jpg,Groceries
c:\file akmal\Capstone - Ai Eng - Spendly_ Workspace\data\_ocr_real_crops\real_0293_line09.png,"Tuna 32,900",0.9148461889718831,c:\file akmal\Capstone - Ai Eng - Spendly_ Workspace\data\Groceries\train\images\CamScanner-19-11-2024-16-49_5_jpg.rf.4526d8997abb115d96d0a29504954fae.jpg,Groceries
c:\file akmal\Capstone - Ai Eng - Spendly_ Workspace\data\_ocr_real_crops\real_0272_line07.png,"Disc -19,600",0.8153265808415864,c:\file akmal\Capstone - Ai Eng - Spendly_ Workspace\data\Groceries\train\images\CamScanner-18-11-2024-12-48_84_jpg.rf.d5c9f66f3a0e1070b85dcd6bf2a550ea.jpg,Groceries
c:\file akmal\Capstone - Ai Eng - Spendly_ Workspace\data\_ocr_real_crops\real_0465_line08.png,TOTAL 148 500,0.9962113911387744,c:\file akmal\Capstone - Ai Eng - Spendly_ Workspace\data\Groceries\train\images\receipt-439_png_jpg.rf.3d7d17123f2c1ad77f26c55402f088e0.jpg,Groceries
c:\file akmal\Capstone - Ai Eng - Spendly_ Workspace\data\_ocr_real_crops\real_0458_line01.png,Ks TUBUN 0293493733,0.8775807653437823,c:\file akmal\Capstone - Ai Eng - Spendly_ Workspace\data\Groceries\train\images\receipt-357_png_jpg.rf.7c3c0e02d93b7ece287e700815c6a737.jpg,Groceries
c:\file akmal\Capstone - Ai Eng - Spendly_ Workspace\data\_ocr_real_crops\real_0405_line17.png,LAYANAN KONSUMEN,0.9797335212084353,c:\file akmal\Capstone - Ai Eng - Spendly_ Workspace\data\Groceries\train\images\receipt-133_png_jpg.rf.5b60d631acf4364b324fe11daebfa964.jpg,Groceries
c:\file akmal\Capstone - Ai Eng - Spendly_ Workspace\data\_ocr_real_crops\real_0320_line08.png,TOTAL 554 000,0.9995167395976821,c:\file akmal\Capstone - Ai Eng - Spendly_ Workspace\data\Groceries\train\images\receipt-018_png_jpg.rf.1a518272a19041f4a1e80a7d09e0dc96.jpg,Groceries
c:\file akmal\Capstone - Ai Eng - Spendly_ Workspace\data\_ocr_real_crops\real_0329_line09.png,TUNAI 285 000,0.9991800448700028,c:\file akmal\Capstone - Ai Eng - Spendly_ Workspace\data\Groceries\train\images\receipt-031_png_jpg.rf.77113f34c6b72e5d1351c8fe869acc4b.jpg,Groceries
c:\file akmal\Capstone - Ai Eng - Spendly_ Workspace\data\_ocr_real_crops\real_0457_line12.png,TUNAI 440 000,0.9986702409691736,c:\file akmal\Capstone - Ai Eng - Spendly_ Workspace\data\Groceries\train\images\receipt-356_png_jpg.rf.3432c26b29da2f695c9803e736e99322.jpg,Groceries
c:\file akmal\Capstone - Ai Eng - Spendly_ Workspace\data\_ocr_real_crops\real_0350_line11.png,TUNAI 530 000,0.9996664212325296,c:\file akmal\Capstone - Ai Eng - Spendly_ Workspace\data\Groceries\train\images\receipt-058_png_jpg.rf.beb33c8e5e017af810ec436f1f15ac19.jpg,Groceries
c:\file akmal\Capstone - Ai Eng - Spendly_ Workspace\data\_ocr_real_crops\real_0366_line01.png,KS TUBUN 0293493733,0.7979685602495988,c:\file akmal\Capstone - Ai Eng - Spendly_ Workspace\data\Groceries\train\images\receipt-087_png_jpg.rf.1b12c64ed26afa6989e7d811378e50de.jpg,Groceries
c:\file akmal\Capstone - Ai Eng - Spendly_ Workspace\data\_ocr_real_crops\real_0269_line10.png,KEHBALI 200,0.9872648417815869,c:\file akmal\Capstone - Ai Eng - Spendly_ Workspace\data\Groceries\train\images\Benihbaikaba144e56a189a19d272718daf5838e3bfcb6c0e_png.rf.33aa3cc8e95770f52c2a4dd11ad69677.jpg,Groceries
c:\file akmal\Capstone - Ai Eng - Spendly_ Workspace\data\_ocr_real_crops\real_0274_line08.png,"HARGA   JUAL 155,000",0.800840696254614,c:\file akmal\Capstone - Ai Eng - Spendly_ Workspace\data\Groceries\train\images\CamScanner-18-11-2024-12-48_89_jpg.rf.aab33a773b65e418d2523772ab8b8944.jpg,Groceries
c:\file akmal\Capstone - Ai Eng - Spendly_ Workspace\data\_ocr_real_crops\real_0428_line01.png,KS TUBUN 0293493733,0.8117323601401263,c:\file akmal\Capstone - Ai Eng - Spendly_ Workspace\data\Groceries\train\images\receipt-171_png_jpg.rf.96e56ec037e765d339e1199faf6971f1.jpg,Groceries
c:\file akmal\Capstone - Ai Eng - Spendly_ Workspace\data\_ocr_real_crops\real_0304_line00.png,Shop,0.9542301297187805,c:\file akmal\Capstone - Ai Eng - Spendly_ Workspace\data\Groceries\train\images\id-11134207-7r98w-lzbsdcbkel0e03_jpg.rf.703d9bd5d99b009ad316b1cf8f50d67d.jpg,Groceries
c:\file akmal\Capstone - Ai Eng - Spendly_ Workspace\data\_ocr_real_crops\real_0419_line08.png,TUNAI 70 000,0.9997950060246256,c:\file akmal\Capstone - Ai Eng - Spendly_ Workspace\data\Groceries\train\images\receipt-154_png_jpg.rf.f1299a677f50507666ccbdd8ee83e28c.jpg,Groceries
c:\file akmal\Capstone - Ai Eng - Spendly_ Workspace\data\_ocr_real_crops\real_0409_line09.png,"TOTAL 760, 500",0.9682676896360194,c:\file akmal\Capstone - Ai Eng - Spendly_ Workspace\data\Groceries\train\images\receipt-142_png_jpg.rf.eda143c222d8966b683c40e354f0e36e.jpg,Groceries
c:\file akmal\Capstone - Ai Eng - Spendly_ Workspace\data\_ocr_real_crops\real_0316_line13.png,LAYANAN KONSUMEN,0.8535761291102495,c:\file akmal\Capstone - Ai Eng - Spendly_ Workspace\data\Groceries\train\images\receipt-012_png_jpg.rf.cb6f5976b385f567a9d8a4dd20f2fa05.jpg,Groceries
c:\file akmal\Capstone - Ai Eng - Spendly_ Workspace\data\_ocr_real_crops\real_0407_line12.png,TUNAI 540 000,0.9978096213107183,c:\file akmal\Capstone - Ai Eng - Spendly_ Workspace\data\Groceries\train\images\receipt-135_png_jpg.rf.b5f13c684068b2fca5a3157298f8146b.jpg,Groceries
c:\file akmal\Capstone - Ai Eng - Spendly_ Workspace\data\_ocr_real_crops\real_0390_line13.png,LAYANAN KONSUMEN,0.8535761291102495,c:\file akmal\Capstone - Ai Eng - Spendly_ Workspace\data\Groceries\train\images\receipt-115_png_jpg.rf.2f866bba7e1356197abd5328e63fda1f.jpg,Groceries
c:\file akmal\Capstone - Ai Eng - Spendly_ Workspace\data\_ocr_real_crops\real_0344_line09.png,KEMBALI 110,0.9668979168516398,c:\file akmal\Capstone - Ai Eng - Spendly_ Workspace\data\Groceries\train\images\receipt-049_png_jpg.rf.f6451ea42d6006e01b327a8fb0900ec5.jpg,Groceries
c:\file akmal\Capstone - Ai Eng - Spendly_ Workspace\data\_ocr_real_crops\real_0448_line10.png,KEMBALI 900,0.9988241476345743,c:\file akmal\Capstone - Ai Eng - Spendly_ Workspace\data\Groceries\train\images\receipt-205_png_jpg.rf.d29c84f3db768da7294eeedfd238913f.jpg,Groceries
c:\file akmal\Capstone - Ai Eng - Spendly_ Workspace\data\_ocr_real_crops\real_0400_line01.png,Ks TUBUN 0293493733,0.9180280919438758,c:\file akmal\Capstone - Ai Eng - Spendly_ Workspace\data\Groceries\train\images\receipt-128_png_jpg.rf.18644ad3bf886a84f0c6dc4870d65131.jpg,Groceries
c:\file akmal\Capstone - Ai Eng - Spendly_ Workspace\data\_ocr_real_crops\real_0412_line01.png,KS TUBUN 0293493733,0.81884010828596,c:\file akmal\Capstone - Ai Eng - Spendly_ Workspace\data\Groceries\train\images\receipt-147_png_jpg.rf.35822cbf9479fdc956a732dee10c5120.jpg,Groceries
c:\file akmal\Capstone - Ai Eng - Spendly_ Workspace\data\_ocr_real_crops\real_0362_line10.png,LAYANAN KONSUMEN,0.9907581232915044,c:\file akmal\Capstone - Ai Eng - Spendly_ Workspace\data\Groceries\train\images\receipt-076_png_jpg.rf.ec754fe1dcfc5d605314d2e9a2f5b7c8.jpg,Groceries
c:\file akmal\Capstone - Ai Eng - Spendly_ Workspace\data\_ocr_real_crops\real_0362_line08.png,TUNAI 320 000,0.9997886026193926,c:\file akmal\Capstone - Ai Eng - Spendly_ Workspace\data\Groceries\train\images\receipt-076_png_jpg.rf.ec754fe1dcfc5d605314d2e9a2f5b7c8.jpg,Groceries
c:\file akmal\Capstone - Ai Eng - Spendly_ Workspace\data\_ocr_real_crops\real_0365_line14.png,HARGA JUAL 227 600,0.8723261704303149,c:\file akmal\Capstone - Ai Eng - Spendly_ Workspace\data\Groceries\train\images\receipt-085_png_jpg.rf.49cc433a13828b2612becdefefff9687.jpg,Groceries
c:\file akmal\Capstone - Ai Eng - Spendly_ Workspace\data\_ocr_real_crops\real_0438_line10.png,HARGA JUAL 289 090,0.8919675878436711,c:\file akmal\Capstone - Ai Eng - Spendly_ Workspace\data\Groceries\train\images\receipt-182_png_jpg.rf.69ecde60f0be589526e2ccae510efd1b.jpg,Groceries
c:\file akmal\Capstone - Ai Eng - Spendly_ Workspace\data\_ocr_real_crops\real_0321_line10.png,TOTAL 331 300,0.8370200479692569,c:\file akmal\Capstone - Ai Eng - Spendly_ Workspace\data\Groceries\train\images\receipt-020_png_jpg.rf.6f4276bad8824942eff7222bdf5ef13e.jpg,Groceries
c:\file akmal\Capstone - Ai Eng - Spendly_ Workspace\data\_ocr_real_crops\real_0309_line13.png,TOTAL 392 800,0.9996437998415332,c:\file akmal\Capstone - Ai Eng - Spendly_ Workspace\data\Groceries\train\images\receipt-001_png_jpg.rf.f9536c7b542661cb4813857db359ca96.jpg,Groceries
c:\file akmal\Capstone - Ai Eng - Spendly_ Workspace\data\_ocr_real_crops\real_0449_line11.png,TUNAI 685 000,0.9997689184740303,c:\file akmal\Capstone - Ai Eng - Spendly_ Workspace\data\Groceries\train\images\receipt-232_png_jpg.rf.76acb97236530e3cdd3c3b5cab74eef6.jpg,Groceries
c:\file akmal\Capstone - Ai Eng - Spendly_ Workspace\data\_ocr_real_crops\real_0358_line01.png,KS TUBUN 0293493733,0.81884010828596,c:\file akmal\Capstone - Ai Eng - Spendly_ Workspace\data\Groceries\train\images\receipt-068_png_jpg.rf.74288950200395a72677ce5c8908a3e9.jpg,Groceries
c:\file akmal\Capstone - Ai Eng - Spendly_ Workspace\data\_ocr_real_crops\real_0339_line13.png,TUNAI 875 000,0.8539427190851736,c:\file akmal\Capstone - Ai Eng - Spendly_ Workspace\data\Groceries\train\images\receipt-044_png_jpg.rf.a8ef28ceac510aff1fcddabb2387a040.jpg,Groceries
c:\file akmal\Capstone - Ai Eng - Spendly_ Workspace\data\_ocr_real_crops\real_0391_line13.png,KEMBALI 000,0.9997395241529836,c:\file akmal\Capstone - Ai Eng - Spendly_ Workspace\data\Groceries\train\images\receipt-116_png_jpg.rf.655aceb4f5112367a35bacc3b21cff15.jpg,Groceries
c:\file akmal\Capstone - Ai Eng - Spendly_ Workspace\data\_ocr_real_crops\real_0422_line12.png,TUNAI 430 000,0.9992086320954311,c:\file akmal\Capstone - Ai Eng - Spendly_ Workspace\data\Groceries\train\images\receipt-158_png_jpg.rf.1bb3553685b256ff33648c58510ff829.jpg,Groceries
c:\file akmal\Capstone - Ai Eng - Spendly_ Workspace\data\_ocr_real_crops\real_0484_line18.png,"Card 42,300",0.9868864366171288,c:\file akmal\Capstone - Ai Eng - Spendly_ Workspace\data\Groceries\valid\images\CamScanner-18-11-2024-12-48_28_jpg.rf.1d141909da06115bf72d2505e4b3de83.jpg,Groceries
c:\file akmal\Capstone - Ai Eng - Spendly_ Workspace\data\_ocr_real_crops\real_0318_line08.png,TUNAI 190 000,0.9997865378816709,c:\file akmal\Capstone - Ai Eng - Spendly_ Workspace\data\Groceries\train\images\receipt-014_png_jpg.rf.4abd06733b996bc09afb0f8e3af4bc3c.jpg,Groceries
c:\file akmal\Capstone - Ai Eng - Spendly_ Workspace\data\_ocr_real_crops\real_0294_line14.png,PPN 773),0.9994929454282919,c:\file akmal\Capstone - Ai Eng - Spendly_ Workspace\data\Groceries\train\images\CamScanner-19-11-2024-16-49_6_jpg.rf.8262499ee56dffb75c0e5f0bfeaf1b8c.jpg,Groceries
c:\file akmal\Capstone - Ai Eng - Spendly_ Workspace\data\_ocr_real_crops\real_0423_line13.png,TOTAL 946 400,0.9996141826649468,c:\file akmal\Capstone - Ai Eng - Spendly_ Workspace\data\Groceries\train\images\receipt-160_png_jpg.rf.22a756fbceec6f89024bc7f895381274.jpg,Groceries
c:\file akmal\Capstone - Ai Eng - Spendly_ Workspace\data\_ocr_real_crops\real_0313_line13.png,KEMBALI 700,0.9998573152309704,c:\file akmal\Capstone - Ai Eng - Spendly_ Workspace\data\Groceries\train\images\receipt-005_png_jpg.rf.33dfc11c7402f4d4c023a7fc75e42d73.jpg,Groceries
c:\file akmal\Capstone - Ai Eng - Spendly_ Workspace\data\_ocr_real_crops\real_0274_line13.png,"TUNAI 150,000",0.7893971563419238,c:\file akmal\Capstone - Ai Eng - Spendly_ Workspace\data\Groceries\train\images\CamScanner-18-11-2024-12-48_89_jpg.rf.aab33a773b65e418d2523772ab8b8944.jpg,Groceries
c:\file akmal\Capstone - Ai Eng - Spendly_ Workspace\data\_ocr_real_crops\real_0269_line13.png,Total Item,0.9732132855760254,c:\file akmal\Capstone - Ai Eng - Spendly_ Workspace\data\Groceries\train\images\Benihbaikaba144e56a189a19d272718daf5838e3bfcb6c0e_png.rf.33aa3cc8e95770f52c2a4dd11ad69677.jpg,Groceries
c:\file akmal\Capstone - Ai Eng - Spendly_ Workspace\data\_ocr_real_crops\real_0432_line01.png,KS TUBUN 0293493733,0.7760493894665143,c:\file akmal\Capstone - Ai Eng - Spendly_ Workspace\data\Groceries\train\images\receipt-175_png_jpg.rf.cac804321ef8d6f443c1350cde5b46a9.jpg,Groceries
c:\file akmal\Capstone - Ai Eng - Spendly_ Workspace\data\_ocr_real_crops\real_0484_line23.png,KRITIKSSARAN:1500959,0.7235219012386617,c:\file akmal\Capstone - Ai Eng - Spendly_ Workspace\data\Groceries\valid\images\CamScanner-18-11-2024-12-48_28_jpg.rf.1d141909da06115bf72d2505e4b3de83.jpg,Groceries
c:\file akmal\Capstone - Ai Eng - Spendly_ Workspace\data\_ocr_real_crops\real_0368_line12.png,HARGA JUAL 065 100,0.9972573600298529,c:\file akmal\Capstone - Ai Eng - Spendly_ Workspace\data\Groceries\train\images\receipt-089_png_jpg.rf.f655245766de70ade64dca9c6116770e.jpg,Groceries
c:\file akmal\Capstone - Ai Eng - Spendly_ Workspace\data\_ocr_real_crops\real_0498_line18.png,Kerbalian 0,0.8959525480423804,c:\file akmal\Capstone - Ai Eng - Spendly_ Workspace\data\Groceries\valid\images\CamScanner-18-11-2024-12-48_69_jpg.rf.68f841f439917862b15e6e6fe0eb7806.jpg,Groceries
c:\file akmal\Capstone - Ai Eng - Spendly_ Workspace\data\_ocr_real_crops\real_0426_line09.png,HARGA JUAL 865 000,0.9985767878502507,c:\file akmal\Capstone - Ai Eng - Spendly_ Workspace\data\Groceries\train\images\receipt-167_png_jpg.rf.89be94ea26b0cf209a54cac39effe29a.jpg,Groceries
c:\file akmal\Capstone - Ai Eng - Spendly_ Workspace\data\_ocr_real_crops\real_0357_line13.png,TUNAI 855 000,0.889879869404591,c:\file akmal\Capstone - Ai Eng - Spendly_ Workspace\data\Groceries\train\images\receipt-066_png_jpg.rf.9ad168fa9b59c72058ce80d33ae971a7.jpg,Groceries
c:\file akmal\Capstone - Ai Eng - Spendly_ Workspace\data\_ocr_real_crops\real_0501_line21.png,KLIKINDOMARET,0.9949907761297693,c:\file akmal\Capstone - Ai Eng - Spendly_ Workspace\data\Groceries\valid\images\CamScanner-18-11-2024-12-48_87_jpg.rf.e871a804970c40bcd70ae94917aef81d.jpg,Groceries
c:\file akmal\Capstone - Ai Eng - Spendly_ Workspace\data\_ocr_real_crops\real_0354_line12.png,TUNAI 575 000,0.9994250101032772,c:\file akmal\Capstone - Ai Eng - Spendly_ Workspace\data\Groceries\train\images\receipt-062_png_jpg.rf.b3d4d48c07c7b554092d88d265a71560.jpg,Groceries
c:\file akmal\Capstone - Ai Eng - Spendly_ Workspace\data\_ocr_real_crops\real_0380_line07.png,TOTAL 10 500,0.999008808396988,c:\file akmal\Capstone - Ai Eng - Spendly_ Workspace\data\Groceries\train\images\receipt-102_png_jpg.rf.95bccfaaeef731d4cb439b4b4aa074ba.jpg,Groceries
c:\file akmal\Capstone - Ai Eng - Spendly_ Workspace\data\_ocr_real_crops\real_0437_line01.png,Ks TUBUN 0293493733,0.8775807653437823,c:\file akmal\Capstone - Ai Eng - Spendly_ Workspace\data\Groceries\train\images\receipt-181_png_jpg.rf.bbe18020aedbcb9c545675cb3e0f3046.jpg,Groceries
c:\file akmal\Capstone - Ai Eng - Spendly_ Workspace\data\_ocr_real_crops\real_0359_line06.png,HARGA JUAL 291 000,0.9311416723912961,c:\file akmal\Capstone - Ai Eng - Spendly_ Workspace\data\Groceries\train\images\receipt-069_png_jpg.rf.c1b580a8fee1104ee9e8b4455fef9f89.jpg,Groceries
c:\file akmal\Capstone - Ai Eng - Spendly_ Workspace\data\_ocr_real_crops\real_0386_line11.png,KEMBALI 100,0.9999575655057167,c:\file akmal\Capstone - Ai Eng - Spendly_ Workspace\data\Groceries\train\images\receipt-110_png_jpg.rf.5a1ea575fca52465f9fdc26f66aee92b.jpg,Groceries
c:\file akmal\Capstone - Ai Eng - Spendly_ Workspace\data\_ocr_real_crops\real_0425_line10.png,KEMBALI 200,0.99851828808043,c:\file akmal\Capstone - Ai Eng - Spendly_ Workspace\data\Groceries\train\images\receipt-165_png_jpg.rf.47a8373d35a33fd8527e7475caa8bfdb.jpg,Groceries
c:\file akmal\Capstone - Ai Eng - Spendly_ Workspace\data\_ocr_real_crops\real_0338_line12.png,HARGA JUAL 828 700,0.9750376229708025,c:\file akmal\Capstone - Ai Eng - Spendly_ Workspace\data\Groceries\train\images\receipt-043_png_jpg.rf.393f33489d828bab067cc83fe4854757.jpg,Groceries
c:\file akmal\Capstone - Ai Eng - Spendly_ Workspace\data\_ocr_real_crops\real_0267_line08.png,Nasi Ayam Kremes,0.9806835471175018,c:\file akmal\Capstone - Ai Eng - Spendly_ Workspace\data\Groceries\train\images\6-tampilan-dari-cetak-struk_jpg.rf.2093be40c40144b79cfcae59f747aba8.jpg,Groceries
c:\file akmal\Capstone - Ai Eng - Spendly_ Workspace\data\_ocr_real_crops\real_0344_line08.png,TUNAI 000,0.9997314944266392,c:\file akmal\Capstone - Ai Eng - Spendly_ Workspace\data\Groceries\train\images\receipt-049_png_jpg.rf.f6451ea42d6006e01b327a8fb0900ec5.jpg,Groceries
c:\file akmal\Capstone - Ai Eng - Spendly_ Workspace\data\_ocr_real_crops\real_0393_line10.png,HARGA JUAL 725 900,0.9993808272530245,c:\file akmal\Capstone - Ai Eng - Spendly_ Workspace\data\Groceries\train\images\receipt-118_png_jpg.rf.253e11b4558fbc6ef261930384b5ba93.jpg,Groceries
c:\file akmal\Capstone - Ai Eng - Spendly_ Workspace\data\_ocr_real_crops\real_0494_line15.png,TOTAL 46 700,0.8959975237539556,c:\file akmal\Capstone - Ai Eng - Spendly_ Workspace\data\Groceries\valid\images\CamScanner-18-11-2024-12-48_5_jpg.rf.cf51c7ff10700b0fc7013ff4b9a240bd.jpg,Groceries
c:\file akmal\Capstone - Ai Eng - Spendly_ Workspace\data\_ocr_real_crops\real_0403_line11.png,TUNAI 490 000,0.9995672715467001,c:\file akmal\Capstone - Ai Eng - Spendly_ Workspace\data\Groceries\train\images\receipt-131_png_jpg.rf.a06b0dc5055940ab8740e72c4d992726.jpg,Groceries
c:\file akmal\Capstone - Ai Eng - Spendly_ Workspace\data\_ocr_real_crops\real_0344_line10.png,LAYANAN KONSUMEN,0.9907581232915044,c:\file akmal\Capstone - Ai Eng - Spendly_ Workspace\data\Groceries\train\images\receipt-049_png_jpg.rf.f6451ea42d6006e01b327a8fb0900ec5.jpg,Groceries
c:\file akmal\Capstone - Ai Eng - Spendly_ Workspace\data\_ocr_real_crops\real_0495_line12.png,"Total Item 2 37, 40C",0.8899805361999888,c:\file akmal\Capstone - Ai Eng - Spendly_ Workspace\data\Groceries\valid\images\CamScanner-18-11-2024-12-48_64_jpg.rf.9a8adbb81af38893572262869193ce9c.jpg,Groceries
c:\file akmal\Capstone - Ai Eng - Spendly_ Workspace\data\_ocr_real_crops\real_0297_line10.png,Keinba ian,0.8235372477481376,c:\file akmal\Capstone - Ai Eng - Spendly_ Workspace\data\Groceries\train\images\CamScanner-19-11-2024-16-49_8_jpg.rf.7b8c23738fdfd3c5e407efc53489376f.jpg,Groceries
c:\file akmal\Capstone - Ai Eng - Spendly_ Workspace\data\_ocr_real_crops\real_0456_line11.png,HARGA JUAL 686 100,0.8383899340132788,c:\file akmal\Capstone - Ai Eng - Spendly_ Workspace\data\Groceries\train\images\receipt-341_png_jpg.rf.5733e00d8af1bfa9c174ff7f64d493c7.jpg,Groceries
c:\file akmal\Capstone - Ai Eng - Spendly_ Workspace\data\_ocr_real_crops\real_0482_line11.png,"TOTAL 14,200",0.7770211935061675,c:\file akmal\Capstone - Ai Eng - Spendly_ Workspace\data\Groceries\valid\images\CamScanner-18-11-2024-12-48_23_jpg.rf.7b7d429a9d11b216728e8464b4f1e26b.jpg,Groceries
c:\file akmal\Capstone - Ai Eng - Spendly_ Workspace\data\_ocr_real_crops\real_0423_line15.png,KEMBALI 600,0.9970347744033529,c:\file akmal\Capstone - Ai Eng - Spendly_ Workspace\data\Groceries\train\images\receipt-160_png_jpg.rf.22a756fbceec6f89024bc7f895381274.jpg,Groceries
c:\file akmal\Capstone - Ai Eng - Spendly_ Workspace\data\_ocr_real_crops\real_0381_line07.png,"TOTAL 32,200",0.9997178878153261,c:\file akmal\Capstone - Ai Eng - Spendly_ Workspace\data\Groceries\train\images\receipt-103_png_jpg.rf.45cedddca7039b64fbdb4c57d5d73a30.jpg,Groceries
c:\file akmal\Capstone - Ai Eng - Spendly_ Workspace\data\_ocr_real_crops\real_0353_line11.png,TOTAL 435 400,0.9995442530219533,c:\file akmal\Capstone - Ai Eng - Spendly_ Workspace\data\Groceries\train\images\receipt-061_png_jpg.rf.4e11d5ffab8a2be64d71aadfd3f3b4ff.jpg,Groceries
c:\file akmal\Capstone - Ai Eng - Spendly_ Workspace\data\_ocr_real_crops\real_0359_line07.png,TOTAL 291 000,0.9935056073441711,c:\file akmal\Capstone - Ai Eng - Spendly_ Workspace\data\Groceries\train\images\receipt-069_png_jpg.rf.c1b580a8fee1104ee9e8b4455fef9f89.jpg,Groceries
c:\file akmal\Capstone - Ai Eng - Spendly_ Workspace\data\_ocr_real_crops\real_0462_line07.png,HARGA JUAL 286 300,0.9989917296189615,c:\file akmal\Capstone - Ai Eng - Spendly_ Workspace\data\Groceries\train\images\receipt-396_png_jpg.rf.9a8f78cf56be2ae5367da93f5ba45640.jpg,Groceries
c:\file akmal\Capstone - Ai Eng - Spendly_ Workspace\data\_ocr_real_crops\real_0325_line12.png,KEMBALI 500,0.9995856216429716,c:\file akmal\Capstone - Ai Eng - Spendly_ Workspace\data\Groceries\train\images\receipt-025_png_jpg.rf.948f0b87f6e434be707145ac491807d9.jpg,Groceries
c:\file akmal\Capstone - Ai Eng - Spendly_ Workspace\data\_ocr_real_crops\real_0425_line01.png,Ks F UBUN 0293493/33,0.7689855088301818,c:\file akmal\Capstone - Ai Eng - Spendly_ Workspace\data\Groceries\train\images\receipt-165_png_jpg.rf.47a8373d35a33fd8527e7475caa8bfdb.jpg,Groceries
c:\file akmal\Capstone - Ai Eng - Spendly_ Workspace\data\_ocr_real_crops\real_0348_line14.png,TOTAL 572 900,0.8177709815148081,c:\file akmal\Capstone - Ai Eng - Spendly_ Workspace\data\Groceries\train\images\receipt-053_png_jpg.rf.44cffa0128661e2d5e2d569253d7ff83.jpg,Groceries
c:\file akmal\Capstone - Ai Eng - Spendly_ Workspace\data\_ocr_real_crops\real_0311_line01.png,Ks F UBUN 0293493/33,0.7689855088301818,c:\file akmal\Capstone - Ai Eng - Spendly_ Workspace\data\Groceries\train\images\receipt-003_png_jpg.rf.93c390eeb9892a626457fdc98c7d4c20.jpg,Groceries
c:\file akmal\Capstone - Ai Eng - Spendly_ Workspace\data\_ocr_real_crops\real_0382_line15.png,TUNAI 340 000,0.9689135863669129,c:\file akmal\Capstone - Ai Eng - Spendly_ Workspace\data\Groceries\train\images\receipt-104_png_jpg.rf.5674452a6bb0956e26482daaf18d14d0.jpg,Groceries
c:\file akmal\Capstone - Ai Eng - Spendly_ Workspace\data\_ocr_real_crops\real_0384_line11.png,LAYANAN KONSUMEN,0.9922261037115307,c:\file akmal\Capstone - Ai Eng - Spendly_ Workspace\data\Groceries\train\images\receipt-108_png_jpg.rf.c44b081e41096723e9f70259d555b4dd.jpg,Groceries
c:\file akmal\Capstone - Ai Eng - Spendly_ Workspace\data\_ocr_real_crops\real_0391_line14.png,LAYANAN KONSUMEN,0.9986369029399982,c:\file akmal\Capstone - Ai Eng - Spendly_ Workspace\data\Groceries\train\images\receipt-116_png_jpg.rf.655aceb4f5112367a35bacc3b21cff15.jpg,Groceries
c:\file akmal\Capstone - Ai Eng - Spendly_ Workspace\data\_ocr_real_crops\real_0342_line09.png,TOTAL 295 600,0.9996301238853542,c:\file akmal\Capstone - Ai Eng - Spendly_ Workspace\data\Groceries\train\images\receipt-047_png_jpg.rf.6e29a3cd6d1fb63c6a800cad82cea41d.jpg,Groceries
c:\file akmal\Capstone - Ai Eng - Spendly_ Workspace\data\_ocr_real_crops\real_0455_line09.png,TUNAI 235 000,0.9991499683134898,c:\file akmal\Capstone - Ai Eng - Spendly_ Workspace\data\Groceries\train\images\receipt-332_png_jpg.rf.ff0f78fcf1fd9280d61ea9777446c187.jpg,Groceries
c:\file akmal\Capstone - Ai Eng - Spendly_ Workspace\data\_ocr_real_crops\real_0506_line13.png,KEMBALI 700,0.9998360485561888,c:\file akmal\Capstone - Ai Eng - Spendly_ Workspace\data\Groceries\valid\images\receipt-215_png_jpg.rf.8d47b27f9e5c7ae48c09779b3e56ef52.jpg,Groceries
c:\file akmal\Capstone - Ai Eng - Spendly_ Workspace\data\_ocr_real_crops\real_0364_line12.png,HARGA JUAL 999 200,0.9975329080819101,c:\file akmal\Capstone - Ai Eng - Spendly_ Workspace\data\Groceries\train\images\receipt-083_png_jpg.rf.fdc2b9c7787a8b5041f016b101c0ac67.jpg,Groceries
c:\file akmal\Capstone - Ai Eng - Spendly_ Workspace\data\_ocr_real_crops\real_0322_line11.png,HARGA JUAL 483 200,0.8469540694887328,c:\file akmal\Capstone - Ai Eng - Spendly_ Workspace\data\Groceries\train\images\receipt-022_png_jpg.rf.4282bf15cecf871c0c79fcbae3474d29.jpg,Groceries
c:\file akmal\Capstone - Ai Eng - Spendly_ Workspace\data\_ocr_real_crops\real_0272_line10.png,"Total Belanja 12,900",0.8664027901274345,c:\file akmal\Capstone - Ai Eng - Spendly_ Workspace\data\Groceries\train\images\CamScanner-18-11-2024-12-48_84_jpg.rf.d5c9f66f3a0e1070b85dcd6bf2a550ea.jpg,Groceries
c:\file akmal\Capstone - Ai Eng - Spendly_ Workspace\data\_ocr_real_crops\real_0345_line13.png,KEMBALI 700,0.9998360485561888,c:\file akmal\Capstone - Ai Eng - Spendly_ Workspace\data\Groceries\train\images\receipt-050_png_jpg.rf.fd93609b1c0829f086e2cb60b4b201e8.jpg,Groceries
c:\file akmal\Capstone - Ai Eng - Spendly_ Workspace\data\_ocr_real_crops\real_0279_line20.png,NON PPN DPP  100,0.8512442678030295,c:\file akmal\Capstone - Ai Eng - Spendly_ Workspace\data\Groceries\train\images\CamScanner-18-11-2024-12-48_97_jpg.rf.8a0bb53ee7b930ef275af05cb777209b.jpg,Groceries
c:\file akmal\Capstone - Ai Eng - Spendly_ Workspace\data\_ocr_real_crops\real_0491_line07.png,"Total   Item 12,800",0.8231117184835767,c:\file akmal\Capstone - Ai Eng - Spendly_ Workspace\data\Groceries\valid\images\CamScanner-18-11-2024-12-48_42_jpg.rf.ede5f3fe74a04cb645fe36d731a8301e.jpg,Groceries
c:\file akmal\Capstone - Ai Eng - Spendly_ Workspace\data\_ocr_real_crops\real_0341_line09.png,KEMBALI 900,0.9996365726572276,c:\file akmal\Capstone - Ai Eng - Spendly_ Workspace\data\Groceries\train\images\receipt-046_png_jpg.rf.626455d859bb3608540e89bc4a0b1e4b.jpg,Groceries
c:\file akmal\Capstone - Ai Eng - Spendly_ Workspace\data\_ocr_real_crops\real_0493_line12.png,"Total Belanja 27,900",0.8237992164217273,c:\file akmal\Capstone - Ai Eng - Spendly_ Workspace\data\Groceries\valid\images\CamScanner-18-11-2024-12-48_56_jpg.rf.c0fcecc9313c8f6389071c1f747f3d74.jpg,Groceries
c:\file akmal\Capstone - Ai Eng - Spendly_ Workspace\data\_ocr_real_crops\real_0396_line01.png,Ks TUBUN 0293493733,0.876469809818975,c:\file akmal\Capstone - Ai Eng - Spendly_ Workspace\data\Groceries\train\images\receipt-123_png_jpg.rf.b7ef67b319e5779fac1d5fbc6cb00b3a.jpg,Groceries
c:\file akmal\Capstone - Ai Eng - Spendly_ Workspace\data\_ocr_real_crops\real_0271_line12.png,"tal Disc. 2,600",0.929590715367905,c:\file akmal\Capstone - Ai Eng - Spendly_ Workspace\data\Groceries\train\images\CamScanner-18-11-2024-12-48_82_jpg.rf.9665cc222bbfd2b8d04947b4ff798be1.jpg,Groceries
c:\file akmal\Capstone - Ai Eng - Spendly_ Workspace\data\_ocr_real_crops\real_0374_line16.png,TOTAL 297 800,0.9875257638264685,c:\file akmal\Capstone - Ai Eng - Spendly_ Workspace\data\Groceries\train\images\receipt-095_png_jpg.rf.d422b2e4cbb963393346f8fdbf10b72a.jpg,Groceries
c:\file akmal\Capstone - Ai Eng - Spendly_ Workspace\data\_ocr_real_crops\real_0466_line10.png,HARGA JUAL 349 500,0.9564963053874713,c:\file akmal\Capstone - Ai Eng - Spendly_ Workspace\data\Groceries\train\images\receipt-465_png_jpg.rf.5b9b2ccfe20ad312ee4470ba0f6b0330.jpg,Groceries
c:\file akmal\Capstone - Ai Eng - Spendly_ Workspace\data\_ocr_real_crops\real_0313_line10.png,HARGA JUAL 408 300,0.9992065124010758,c:\file akmal\Capstone - Ai Eng - Spendly_ Workspace\data\Groceries\train\images\receipt-005_png_jpg.rf.33dfc11c7402f4d4c023a7fc75e42d73.jpg,Groceries
c:\file akmal\Capstone - Ai Eng - Spendly_ Workspace\data\_ocr_real_crops\real_0264_line06.png,HARGA JUAL 360 400,0.9449482016031536,c:\file akmal\Capstone - Ai Eng - Spendly_ Workspace\data\Groceries\test\images\receipt-484_png_jpg.rf.7292d82ef8903bf1b90c84f5fb2c59fa.jpg,Groceries
c:\file akmal\Capstone - Ai Eng - Spendly_ Workspace\data\_ocr_real_crops\real_0394_line13.png,TOTAL 197 800,0.9990980836878133,c:\file akmal\Capstone - Ai Eng - Spendly_ Workspace\data\Groceries\train\images\receipt-120_png_jpg.rf.9749c28036e0b2386cc27882c5363e1f.jpg,Groceries
c:\file akmal\Capstone - Ai Eng - Spendly_ Workspace\data\_ocr_real_crops\real_0267_line06.png,Nasi Ayam Geprek,0.9996942757349582,c:\file akmal\Capstone - Ai Eng - Spendly_ Workspace\data\Groceries\train\images\6-tampilan-dari-cetak-struk_jpg.rf.2093be40c40144b79cfcae59f747aba8.jpg,Groceries
c:\file akmal\Capstone - Ai Eng - Spendly_ Workspace\data\_ocr_real_crops\real_0313_line01.png,KS TUBUN 0293493733,0.7979685602495988,c:\file akmal\Capstone - Ai Eng - Spendly_ Workspace\data\Groceries\train\images\receipt-005_png_jpg.rf.33dfc11c7402f4d4c023a7fc75e42d73.jpg,Groceries
c:\file akmal\Capstone - Ai Eng - Spendly_ Workspace\data\_ocr_real_crops\real_0372_line09.png,TUNAI 90 000,0.9987421144807924,c:\file akmal\Capstone - Ai Eng - Spendly_ Workspace\data\Groceries\train\images\receipt-093_png_jpg.rf.fafe39878cb60ba6cae20a7a9d2f104d.jpg,Groceries
c:\file akmal\Capstone - Ai Eng - Spendly_ Workspace\data\_ocr_real_crops\real_0402_line11.png,HARGA JUAL 019 800,0.815817187229672,c:\file akmal\Capstone - Ai Eng - Spendly_ Workspace\data\Groceries\train\images\receipt-130_png_jpg.rf.cc303731260222b16de636bf3400df8f.jpg,Groceries
c:\file akmal\Capstone - Ai Eng - Spendly_ Workspace\data\_ocr_real_crops\real_0386_line08.png,HARGA JUAL 166 900,0.9956578917814481,c:\file akmal\Capstone - Ai Eng - Spendly_ Workspace\data\Groceries\train\images\receipt-110_png_jpg.rf.5a1ea575fca52465f9fdc26f66aee92b.jpg,Groceries
c:\file akmal\Capstone - Ai Eng - Spendly_ Workspace\data\_ocr_real_crops\real_0401_line12.png,TOTAL 841 700,0.9990356350221385,c:\file akmal\Capstone - Ai Eng - Spendly_ Workspace\data\Groceries\train\images\receipt-129_png_jpg.rf.e62f4956db51996b1f5de06cfa44e8f2.jpg,Groceries
c:\file akmal\Capstone - Ai Eng - Spendly_ Workspace\data\_ocr_real_crops\real_0416_line08.png,HARGA JUAL 107 100,0.9943827844965629,c:\file akmal\Capstone - Ai Eng - Spendly_ Workspace\data\Groceries\train\images\receipt-151_png_jpg.rf.96069620e385acdbd015a11c9375dbf9.jpg,Groceries
c:\file akmal\Capstone - Ai Eng - Spendly_ Workspace\data\_ocr_real_crops\real_0361_line12.png,KEMBALI 200,0.9965840362486056,c:\file akmal\Capstone - Ai Eng - Spendly_ Workspace\data\Groceries\train\images\receipt-075_png_jpg.rf.877e094bb61b43f1e26149bc1309b55e.jpg,Groceries
c:\file akmal\Capstone - Ai Eng - Spendly_ Workspace\data\_ocr_real_crops\real_0398_line12.png,KEMBALI 700,0.9996025969697018,c:\file akmal\Capstone - Ai Eng - Spendly_ Workspace\data\Groceries\train\images\receipt-125_png_jpg.rf.5f434647f469b8bc739174902b9e9936.jpg,Groceries
c:\file akmal\Capstone - Ai Eng - Spendly_ Workspace\data\_ocr_real_crops\real_0387_line01.png,KS TUBUN 0293493733,0.81884010828596,c:\file akmal\Capstone - Ai Eng - Spendly_ Workspace\data\Groceries\train\images\receipt-112_png_jpg.rf.20b8c11352bf7d4eb53cca1094b3e73e.jpg,Groceries
c:\file akmal\Capstone - Ai Eng - Spendly_ Workspace\data\_ocr_real_crops\real_0449_line13.png,LAYANAN KONSUMEN,0.8535761291102495,c:\file akmal\Capstone - Ai Eng - Spendly_ Workspace\data\Groceries\train\images\receipt-232_png_jpg.rf.76acb97236530e3cdd3c3b5cab74eef6.jpg,Groceries
c:\file akmal\Capstone - Ai Eng - Spendly_ Workspace\data\_ocr_real_crops\real_0412_line07.png,TOTAL 180 000,0.9994408864915886,c:\file akmal\Capstone - Ai Eng - Spendly_ Workspace\data\Groceries\train\images\receipt-147_png_jpg.rf.35822cbf9479fdc956a732dee10c5120.jpg,Groceries
c:\file akmal\Capstone - Ai Eng - Spendly_ Workspace\data\_ocr_real_crops\real_0491_line09.png,Kembal ian,0.9609526106680484,c:\file akmal\Capstone - Ai Eng - Spendly_ Workspace\data\Groceries\valid\images\CamScanner-18-11-2024-12-48_42_jpg.rf.ede5f3fe74a04cb645fe36d731a8301e.jpg,Groceries
c:\file akmal\Capstone - Ai Eng - Spendly_ Workspace\data\_ocr_real_crops\real_0335_line14.png,TUNAI 255 000,0.9900445286083146,c:\file akmal\Capstone - Ai Eng - Spendly_ Workspace\data\Groceries\train\images\receipt-040_png_jpg.rf.559c9cca9ad1dc73080e9854010e1a1b.jpg,Groceries
c:\file akmal\Capstone - Ai Eng - Spendly_ Workspace\data\_ocr_real_crops\real_0453_line06.png,HARGA JUAL 247 500,0.92264787820356,c:\file akmal\Capstone - Ai Eng - Spendly_ Workspace\data\Groceries\train\images\receipt-309_png_jpg.rf.544234ac6ab60d43ed0bd2a3fa9d7690.jpg,Groceries
c:\file akmal\Capstone - Ai Eng - Spendly_ Workspace\data\_ocr_real_crops\real_0365_line15.png,TOTAL 227 600,0.9950118989802923,c:\file akmal\Capstone - Ai Eng - Spendly_ Workspace\data\Groceries\train\images\receipt-085_png_jpg.rf.49cc433a13828b2612becdefefff9687.jpg,Groceries
c:\file akmal\Capstone - Ai Eng - Spendly_ Workspace\data\_ocr_real_crops\real_0470_line08.png,"Total Item 20,500",0.9705949650240132,c:\file akmal\Capstone - Ai Eng - Spendly_ Workspace\data\Groceries\train\images\receipt-HD11-1223103W5W3_png.rf.61d3bbc9493bc38f171685f8eae2af40.jpg,Groceries
c:\file akmal\Capstone - Ai Eng - Spendly_ Workspace\data\_ocr_real_crops\real_0320_line11.png,LAYANAN KONSUMEN,0.9922261037115307,c:\file akmal\Capstone - Ai Eng - Spendly_ Workspace\data\Groceries\train\images\receipt-018_png_jpg.rf.1a518272a19041f4a1e80a7d09e0dc96.jpg,Groceries
c:\file akmal\Capstone - Ai Eng - Spendly_ Workspace\data\_ocr_real_crops\real_0309_line12.png,HARGA JUAL 392 800,0.9969929648507004,c:\file akmal\Capstone - Ai Eng - Spendly_ Workspace\data\Groceries\train\images\receipt-001_png_jpg.rf.f9536c7b542661cb4813857db359ca96.jpg,Groceries
c:\file akmal\Capstone - Ai Eng - Spendly_ Workspace\data\_ocr_real_crops\real_0463_line01.png,Ks TUBUN 0293493733,0.8775807653437823,c:\file akmal\Capstone - Ai Eng - Spendly_ Workspace\data\Groceries\train\images\receipt-412_png_jpg.rf.f8c006d7fd8b9fba216ddcc556f7d93e.jpg,Groceries
c:\file akmal\Capstone - Ai Eng - Spendly_ Workspace\data\_ocr_real_crops\real_0276_line16.png,"HARGA JUAL 71,800",0.9121247197197301,c:\file akmal\Capstone - Ai Eng - Spendly_ Workspace\data\Groceries\train\images\CamScanner-18-11-2024-12-48_93_jpg.rf.940f9b526acfdc0e9c37710dd915d0cc.jpg,Groceries
c:\file akmal\Capstone - Ai Eng - Spendly_ Workspace\data\_ocr_real_crops\real_0367_line14.png,HARGA JUAL 904 500,0.9989588447534199,c:\file akmal\Capstone - Ai Eng - Spendly_ Workspace\data\Groceries\train\images\receipt-088_png_jpg.rf.b58e4313cf8be6bf0a8935107d568b4b.jpg,Groceries
c:\file akmal\Capstone - Ai Eng - Spendly_ Workspace\data\_ocr_real_crops\real_0482_line04.png,NGASINAN,0.9643604295525456,c:\file akmal\Capstone - Ai Eng - Spendly_ Workspace\data\Groceries\valid\images\CamScanner-18-11-2024-12-48_23_jpg.rf.7b7d429a9d11b216728e8464b4f1e26b.jpg,Groceries
c:\file akmal\Capstone - Ai Eng - Spendly_ Workspace\data\_ocr_real_crops\real_0345_line11.png,TOTAL 242 300,0.8904461680792849,c:\file akmal\Capstone - Ai Eng - Spendly_ Workspace\data\Groceries\train\images\receipt-050_png_jpg.rf.fd93609b1c0829f086e2cb60b4b201e8.jpg,Groceries
c:\file akmal\Capstone - Ai Eng - Spendly_ Workspace\data\_ocr_real_crops\real_0328_line10.png,HARGA JUAL 418 100,0.9994509391385813,c:\file akmal\Capstone - Ai Eng - Spendly_ Workspace\data\Groceries\train\images\receipt-028_png_jpg.rf.e4841baa3321ee30f372a9774c76e255.jpg,Groceries
c:\file akmal\Capstone - Ai Eng - Spendly_ Workspace\data\_ocr_real_crops\real_0395_line14.png,TOTAL 005 200,0.9969181464773587,c:\file akmal\Capstone - Ai Eng - Spendly_ Workspace\data\Groceries\train\images\receipt-121_png_jpg.rf.342fd6b6fa269bd5ebc5ba5f4bd9db7c.jpg,Groceries
c:\file akmal\Capstone - Ai Eng - Spendly_ Workspace\data\_ocr_real_crops\real_0449_line10.png,TOTAL 684 800,0.9996754384584676,c:\file akmal\Capstone - Ai Eng - Spendly_ Workspace\data\Groceries\train\images\receipt-232_png_jpg.rf.76acb97236530e3cdd3c3b5cab74eef6.jpg,Groceries
c:\file akmal\Capstone - Ai Eng - Spendly_ Workspace\data\_ocr_real_crops\real_0508_line13.png,LAYANAN KONSUMEN,0.8535761291102495,c:\file akmal\Capstone - Ai Eng - Spendly_ Workspace\data\Groceries\valid\images\receipt-269_png_jpg.rf.e9a552172a4c04eb0f8e55489c1ed229.jpg,Groceries
c:\file akmal\Capstone - Ai Eng - Spendly_ Workspace\data\_ocr_real_crops\real_0345_line10.png,HARGA JUAL 242 300,0.9991200359656955,c:\file akmal\Capstone - Ai Eng - Spendly_ Workspace\data\Groceries\train\images\receipt-050_png_jpg.rf.fd93609b1c0829f086e2cb60b4b201e8.jpg,Groceries
c:\file akmal\Capstone - Ai Eng - Spendly_ Workspace\data\_ocr_real_crops\real_0265_line10.png,KEMBALI 500,0.9998433197983799,c:\file akmal\Capstone - Ai Eng - Spendly_ Workspace\data\Groceries\test\images\receipt-491_png_jpg.rf.12926ce9a821a4e50e5533d7617b9aa7.jpg,Groceries
c:\file akmal\Capstone - Ai Eng - Spendly_ Workspace\data\_ocr_real_crops\real_0422_line14.png,LAYANAN KONSUMEN,0.9986369029399982,c:\file akmal\Capstone - Ai Eng - Spendly_ Workspace\data\Groceries\train\images\receipt-158_png_jpg.rf.1bb3553685b256ff33648c58510ff829.jpg,Groceries
c:\file akmal\Capstone - Ai Eng - Spendly_ Workspace\data\_ocr_real_crops\real_0468_line07.png,HARGA JUAL 355 200,0.8903000197736779,c:\file akmal\Capstone - Ai Eng - Spendly_ Workspace\data\Groceries\train\images\receipt-476_png_jpg.rf.43ab549a19b58a84be07f52aa2c0c50e.jpg,Groceries
c:\file akmal\Capstone - Ai Eng - Spendly_ Workspace\data\_ocr_real_crops\real_0379_line12.png,HARGA JUAL 234 000,0.9811197105550851,c:\file akmal\Capstone - Ai Eng - Spendly_ Workspace\data\Groceries\train\images\receipt-101_png_jpg.rf.47b1c1fdfccd930fc512e8a6681192be.jpg,Groceries
c:\file akmal\Capstone - Ai Eng - Spendly_ Workspace\data\_ocr_real_crops\real_0499_line09.png,"PPN 1,809 )",0.8149399234150008,c:\file akmal\Capstone - Ai Eng - Spendly_ Workspace\data\Groceries\valid\images\CamScanner-18-11-2024-12-48_78_jpg.rf.a35130c40593c2aa64acfbfa21d72a9e.jpg,Groceries
c:\file akmal\Capstone - Ai Eng - Spendly_ Workspace\data\_ocr_real_crops\real_0463_line12.png,HARGA JUAL 296 300,0.920281001180177,c:\file akmal\Capstone - Ai Eng - Spendly_ Workspace\data\Groceries\train\images\receipt-412_png_jpg.rf.f8c006d7fd8b9fba216ddcc556f7d93e.jpg,Groceries
c:\file akmal\Capstone - Ai Eng - Spendly_ Workspace\data\_ocr_real_crops\real_0476_line19.png,Looo1 MARRA,0.7621327942066286,c:\file akmal\Capstone - Ai Eng - Spendly_ Workspace\data\Groceries\train\images\warung-pasta_jpg.rf.0d09feb3b6708579b614d5233c17f34c.jpg,Groceries
c:\file akmal\Capstone - Ai Eng - Spendly_ Workspace\data\_ocr_real_crops\real_0459_line08.png,TOTAL 113 300,0.9973273286249696,c:\file akmal\Capstone - Ai Eng - Spendly_ Workspace\data\Groceries\train\images\receipt-361_png_jpg.rf.9794906dc7455f158d2690389534b259.jpg,Groceries
c:\file akmal\Capstone - Ai Eng - Spendly_ Workspace\data\_ocr_real_crops\real_0400_line14.png,TOTAL 837 600,0.8621749675287789,c:\file akmal\Capstone - Ai Eng - Spendly_ Workspace\data\Groceries\train\images\receipt-128_png_jpg.rf.18644ad3bf886a84f0c6dc4870d65131.jpg,Groceries
c:\file akmal\Capstone - Ai Eng - Spendly_ Workspace\data\_ocr_real_crops\real_0487_line13.png,"Tuai 50, OCiO",0.7558814858864217,c:\file akmal\Capstone - Ai Eng - Spendly_ Workspace\data\Groceries\valid\images\CamScanner-18-11-2024-12-48_40_jpg.rf.3b2a38077663751c2922d6e9d5841efa.jpg,Groceries
c:\file akmal\Capstone - Ai Eng - Spendly_ Workspace\data\_ocr_real_crops\real_0499_line05.png,Iotal Disc 27 900,0.8909627496823311,c:\file akmal\Capstone - Ai Eng - Spendly_ Workspace\data\Groceries\valid\images\CamScanner-18-11-2024-12-48_78_jpg.rf.a35130c40593c2aa64acfbfa21d72a9e.jpg,Groceries
c:\file akmal\Capstone - Ai Eng - Spendly_ Workspace\data\_ocr_real_crops\real_0334_line12.png,HARGA JUAL 896 200,0.9985805142516425,c:\file akmal\Capstone - Ai Eng - Spendly_ Workspace\data\Groceries\train\images\receipt-038_png_jpg.rf.98c228cc30dadfd5bd23c8ad12a2dab4.jpg,Groceries
c:\file akmal\Capstone - Ai Eng - Spendly_ Workspace\data\_ocr_real_crops\real_0373_line10.png,LAYANAN KONSUMEN,0.9907581232915044,c:\file akmal\Capstone - Ai Eng - Spendly_ Workspace\data\Groceries\train\images\receipt-094_png_jpg.rf.440194047a84c51a5791a5c29bf068c7.jpg,Groceries
c:\file akmal\Capstone - Ai Eng - Spendly_ Workspace\data\_ocr_real_crops\real_0453_line10.png,LAYANAN KONSUMEN,0.9907581232915044,c:\file akmal\Capstone - Ai Eng - Spendly_ Workspace\data\Groceries\train\images\receipt-309_png_jpg.rf.544234ac6ab60d43ed0bd2a3fa9d7690.jpg,Groceries
c:\file akmal\Capstone - Ai Eng - Spendly_ Workspace\data\_ocr_real_crops\real_0424_line06.png,HARGA JUAL 228 000,0.9311431865520208,c:\file akmal\Capstone - Ai Eng - Spendly_ Workspace\data\Groceries\train\images\receipt-163_png_jpg.rf.5a2cf2404c27d376743691fa78a5a520.jpg,Groceries
c:\file akmal\Capstone - Ai Eng - Spendly_ Workspace\data\_ocr_real_crops\real_0510_line17.png,LAYANAN KONSUMEN,0.9797335212084353,c:\file akmal\Capstone - Ai Eng - Spendly_ Workspace\data\Groceries\valid\images\receipt-322_png_jpg.rf.1a6d001f3d7133247c5ab6c431441722.jpg,Groceries
c:\file akmal\Capstone - Ai Eng - Spendly_ Workspace\data\_ocr_real_crops\real_0473_line00.png,aamars,0.8343353269123768,c:\file akmal\Capstone - Ai Eng - Spendly_ Workspace\data\Groceries\train\images\receipt-O-260309-AGDMRVQ_png.rf.3fa10ef093400ab7243b3aed0dd9ea98.jpg,Groceries
c:\file akmal\Capstone - Ai Eng - Spendly_ Workspace\data\_ocr_real_crops\real_0417_line13.png,HARGA JUAL 686 700,0.9715161257278884,c:\file akmal\Capstone - Ai Eng - Spendly_ Workspace\data\Groceries\train\images\receipt-152_png_jpg.rf.426c213fdfdc908d4919a2b841826923.jpg,Groceries
c:\file akmal\Capstone - Ai Eng - Spendly_ Workspace\data\_ocr_real_crops\real_0459_line09.png,TUNAI 115 000,0.9977648912207734,c:\file akmal\Capstone - Ai Eng - Spendly_ Workspace\data\Groceries\train\images\receipt-361_png_jpg.rf.9794906dc7455f158d2690389534b259.jpg,Groceries
c:\file akmal\Capstone - Ai Eng - Spendly_ Workspace\data\_ocr_real_crops\real_0490_line10.png,"PPN 1,268)",0.9940975834332937,c:\file akmal\Capstone - Ai Eng - Spendly_ Workspace\data\Groceries\valid\images\CamScanner-18-11-2024-12-48_42_jpg.rf.b96a2b7e366ab5fd2958281200ab14ce.jpg,Groceries
c:\file akmal\Capstone - Ai Eng - Spendly_ Workspace\data\_ocr_real_crops\real_0312_line14.png,TOTAL 049 100,0.9959816977985394,c:\file akmal\Capstone - Ai Eng - Spendly_ Workspace\data\Groceries\train\images\receipt-004_png_jpg.rf.8732fa1d7540bdd8ca054bf5b6f4e31b.jpg,Groceries
c:\file akmal\Capstone - Ai Eng - Spendly_ Workspace\data\_ocr_real_crops\real_0502_line08.png,foko Tokopedia,0.8927467387911134,c:\file akmal\Capstone - Ai Eng - Spendly_ Workspace\data\Groceries\valid\images\CamScanner-18-11-2024-12-48_8_jpg.rf.035fba047eeb5c9770eba6ef119c9b21.jpg,Groceries
c:\file akmal\Capstone - Ai Eng - Spendly_ Workspace\data\_ocr_real_crops\real_0291_line15.png,"KEMBALI 25 ,700",0.888450953495507,c:\file akmal\Capstone - Ai Eng - Spendly_ Workspace\data\Groceries\train\images\CamScanner-19-11-2024-16-49_4_jpg.rf.7fd4cb0f49d79b64a643bf8ded94cb39.jpg,Groceries
c:\file akmal\Capstone - Ai Eng - Spendly_ Workspace\data\_ocr_real_crops\real_0479_line11.png,"TOTAL 5,900",0.8536334318252567,c:\file akmal\Capstone - Ai Eng - Spendly_ Workspace\data\Groceries\valid\images\CamScanner-18-11-2024-12-48_20_jpg.rf.a5dfa551cd448f35fb04f0aa9e651f13.jpg,Groceries
c:\file akmal\Capstone - Ai Eng - Spendly_ Workspace\data\_ocr_real_crops\real_0332_line01.png,KS TUBUN 0293493733,0.81884010828596,c:\file akmal\Capstone - Ai Eng - Spendly_ Workspace\data\Groceries\train\images\receipt-035_png_jpg.rf.3adb464d2625382270b9f756a10ab3f3.jpg,Groceries
c:\file akmal\Capstone - Ai Eng - Spendly_ Workspace\data\_ocr_real_crops\real_0322_line13.png,TUNAI 485 000,0.9990387765395164,c:\file akmal\Capstone - Ai Eng - Spendly_ Workspace\data\Groceries\train\images\receipt-022_png_jpg.rf.4282bf15cecf871c0c79fcbae3474d29.jpg,Groceries
c:\file akmal\Capstone - Ai Eng - Spendly_ Workspace\data\_ocr_real_crops\real_0350_line13.png,LAYANAN KONSUMEN,0.8535761291102495,c:\file akmal\Capstone - Ai Eng - Spendly_ Workspace\data\Groceries\train\images\receipt-058_png_jpg.rf.beb33c8e5e017af810ec436f1f15ac19.jpg,Groceries
c:\file akmal\Capstone - Ai Eng - Spendly_ Workspace\data\_ocr_real_crops\real_0278_line07.png,DISKON 800 ),0.9211893229740578,c:\file akmal\Capstone - Ai Eng - Spendly_ Workspace\data\Groceries\train\images\CamScanner-18-11-2024-12-48_97_jpg.rf.05c0004d175a196671ddc770e7eeedd0.jpg,Groceries
c:\file akmal\Capstone - Ai Eng - Spendly_ Workspace\data\_ocr_real_crops\real_0285_line10.png,"HARGA JUAL 14,300",0.831401923463911,c:\file akmal\Capstone - Ai Eng - Spendly_ Workspace\data\Groceries\train\images\CamScanner-19-11-2024-16-49_16_jpg.rf.42626a3fd6907f2ced16f7546e506931.jpg,Groceries
c:\file akmal\Capstone - Ai Eng - Spendly_ Workspace\data\_ocr_real_crops\real_0423_line12.png,HARGA JUAL 946 400,0.997404173447131,c:\file akmal\Capstone - Ai Eng - Spendly_ Workspace\data\Groceries\train\images\receipt-160_png_jpg.rf.22a756fbceec6f89024bc7f895381274.jpg,Groceries
c:\file akmal\Capstone - Ai Eng - Spendly_ Workspace\data\_ocr_real_crops\real_0323_line14.png,TOTAL 648 000,0.9940205686417111,c:\file akmal\Capstone - Ai Eng - Spendly_ Workspace\data\Groceries\train\images\receipt-023_png_jpg.rf.f9a53adf015cb69a12370dc7b7c654f6.jpg,Groceries
c:\file akmal\Capstone - Ai Eng - Spendly_ Workspace\data\_ocr_real_crops\real_0460_line15.png,LAYANAN KONSUMEN,0.9171502580912131,c:\file akmal\Capstone - Ai Eng - Spendly_ Workspace\data\Groceries\train\images\receipt-368_png_jpg.rf.9c34c11704d79a0d63056a6b64f4a6cf.jpg,Groceries
c:\file akmal\Capstone - Ai Eng - Spendly_ Workspace\data\_ocr_real_crops\real_0508_line11.png,TUNAI 345 000,0.9285191901206945,c:\file akmal\Capstone - Ai Eng - Spendly_ Workspace\data\Groceries\valid\images\receipt-269_png_jpg.rf.e9a552172a4c04eb0f8e55489c1ed229.jpg,Groceries
c:\file akmal\Capstone - Ai Eng - Spendly_ Workspace\data\_ocr_real_crops\real_0373_line01.png,KS TUBUN 0293493733,0.81884010828596,c:\file akmal\Capstone - Ai Eng - Spendly_ Workspace\data\Groceries\train\images\receipt-094_png_jpg.rf.440194047a84c51a5791a5c29bf068c7.jpg,Groceries
c:\file akmal\Capstone - Ai Eng - Spendly_ Workspace\data\_ocr_real_crops\real_0382_line14.png,TOTAL 335 100,0.9961837609841463,c:\file akmal\Capstone - Ai Eng - Spendly_ Workspace\data\Groceries\train\images\receipt-104_png_jpg.rf.5674452a6bb0956e26482daaf18d14d0.jpg,Groceries
c:\file akmal\Capstone - Ai Eng - Spendly_ Workspace\data\_ocr_real_crops\real_0331_line12.png,TOTAL 670 400,0.9991581940417135,c:\file akmal\Capstone - Ai Eng - Spendly_ Workspace\data\Groceries\train\images\receipt-033_png_jpg.rf.f02d1096e992f2a305d14dc0eca9e4f9.jpg,Groceries
c:\file akmal\Capstone - Ai Eng - Spendly_ Workspace\data\_ocr_real_crops\real_0362_line01.png,KS TUBUN 0293493733,0.81884010828596,c:\file akmal\Capstone - Ai Eng - Spendly_ Workspace\data\Groceries\train\images\receipt-076_png_jpg.rf.ec754fe1dcfc5d605314d2e9a2f5b7c8.jpg,Groceries
c:\file akmal\Capstone - Ai Eng - Spendly_ Workspace\data\_ocr_real_crops\real_0286_line10.png,"HARGA JUAL 14,300",0.8599658397057588,c:\file akmal\Capstone - Ai Eng - Spendly_ Workspace\data\Groceries\train\images\CamScanner-19-11-2024-16-49_16_jpg.rf.cf2c220123fe4e02523983bb09c99ddf.jpg,Groceries
c:\file akmal\Capstone - Ai Eng - Spendly_ Workspace\data\_ocr_real_crops\real_0508_line09.png,HARGA JUAL 341 700,0.8826252941026151,c:\file akmal\Capstone - Ai Eng - Spendly_ Workspace\data\Groceries\valid\images\receipt-269_png_jpg.rf.e9a552172a4c04eb0f8e55489c1ed229.jpg,Groceries
c:\file akmal\Capstone - Ai Eng - Spendly_ Workspace\data\_ocr_real_crops\real_0415_line01.png,Ks F UBUN 0293493/33,0.7689855088301818,c:\file akmal\Capstone - Ai Eng - Spendly_ Workspace\data\Groceries\train\images\receipt-150_png_jpg.rf.5272a64b60826b7f0f748448484b8b1a.jpg,Groceries
c:\file akmal\Capstone - Ai Eng - Spendly_ Workspace\data\_ocr_real_crops\real_0371_line16.png,TUNAI 925 000,0.9978374125411286,c:\file akmal\Capstone - Ai Eng - Spendly_ Workspace\data\Groceries\train\images\receipt-092_png_jpg.rf.690f3a9f6593946aea398df57b2fba03.jpg,Groceries
c:\file akmal\Capstone - Ai Eng - Spendly_ Workspace\data\_ocr_real_crops\real_0428_line14.png,KEMBALI 500,0.9998852967531783,c:\file akmal\Capstone - Ai Eng - Spendly_ Workspace\data\Groceries\train\images\receipt-171_png_jpg.rf.96e56ec037e765d339e1199faf6971f1.jpg,Groceries
c:\file akmal\Capstone - Ai Eng - Spendly_ Workspace\data\_ocr_real_crops\real_0461_line11.png,TUNAI 890 000,0.9996431140197214,c:\file akmal\Capstone - Ai Eng - Spendly_ Workspace\data\Groceries\train\images\receipt-394_png_jpg.rf.c248f526c1e08941355aa768d9901a4e.jpg,Groceries
c:\file akmal\Capstone - Ai Eng - Spendly_ Workspace\data\_ocr_real_crops\real_0394_line15.png,KEMBALI 200,0.9995497942703384,c:\file akmal\Capstone - Ai Eng - Spendly_ Workspace\data\Groceries\train\images\receipt-120_png_jpg.rf.9749c28036e0b2386cc27882c5363e1f.jpg,Groceries
c:\file akmal\Capstone - Ai Eng - Spendly_ Workspace\data\_ocr_real_crops\real_0441_line09.png,HARGA JUAL 370 500,0.9995868637054635,c:\file akmal\Capstone - Ai Eng - Spendly_ Workspace\data\Groceries\train\images\receipt-186_png_jpg.rf.7136376fdf6d2894a9cf6e8e580ddc4a.jpg,Groceries
c:\file akmal\Capstone - Ai Eng - Spendly_ Workspace\data\_ocr_real_crops\real_0296_line10.png,Kemnba ian,0.8239341697013114,c:\file akmal\Capstone - Ai Eng - Spendly_ Workspace\data\Groceries\train\images\CamScanner-19-11-2024-16-49_7_jpg.rf.e7f49d315833e0a4277c653aa52893e6.jpg,Groceries
c:\file akmal\Capstone - Ai Eng - Spendly_ Workspace\data\_ocr_real_crops\real_0451_line09.png,HARGA JUAL 599 600,0.9335995569998337,c:\file akmal\Capstone - Ai Eng - Spendly_ Workspace\data\Groceries\train\images\receipt-297_png_jpg.rf.b11c70329dafcc6067914bc6f3ae663d.jpg,Groceries
c:\file akmal\Capstone - Ai Eng - Spendly_ Workspace\data\_ocr_real_crops\real_0409_line11.png,KEMBALI 500,0.9999574684624432,c:\file akmal\Capstone - Ai Eng - Spendly_ Workspace\data\Groceries\train\images\receipt-142_png_jpg.rf.eda143c222d8966b683c40e354f0e36e.jpg,Groceries
c:\file akmal\Capstone - Ai Eng - Spendly_ Workspace\data\_ocr_real_crops\real_0371_line01.png,Ks TUBUN 0293493733,0.9501578329912465,c:\file akmal\Capstone - Ai Eng - Spendly_ Workspace\data\Groceries\train\images\receipt-092_png_jpg.rf.690f3a9f6593946aea398df57b2fba03.jpg,Groceries
c:\file akmal\Capstone - Ai Eng - Spendly_ Workspace\data\_ocr_real_crops\real_0405_line14.png,TOTAL 663 500,0.961273141661188,c:\file akmal\Capstone - Ai Eng - Spendly_ Workspace\data\Groceries\train\images\receipt-133_png_jpg.rf.5b60d631acf4364b324fe11daebfa964.jpg,Groceries
c:\file akmal\Capstone - Ai Eng - Spendly_ Workspace\data\_ocr_real_crops\real_0265_line07.png,HARGA JUAL 101 500,0.9158989972925674,c:\file akmal\Capstone - Ai Eng - Spendly_ Workspace\data\Groceries\test\images\receipt-491_png_jpg.rf.12926ce9a821a4e50e5533d7617b9aa7.jpg,Groceries
c:\file akmal\Capstone - Ai Eng - Spendly_ Workspace\data\_ocr_real_crops\real_0432_line12.png,TUNAI 340 000,0.999036636384749,c:\file akmal\Capstone - Ai Eng - Spendly_ Workspace\data\Groceries\train\images\receipt-175_png_jpg.rf.cac804321ef8d6f443c1350cde5b46a9.jpg,Groceries
c:\file akmal\Capstone - Ai Eng - Spendly_ Workspace\data\_ocr_real_crops\real_0392_line12.png,LAYANAN KONSUMEN,0.974376929653875,c:\file akmal\Capstone - Ai Eng - Spendly_ Workspace\data\Groceries\train\images\receipt-117_png_jpg.rf.bb05cab6185cb21cc89d49814e601e56.jpg,Groceries
c:\file akmal\Capstone - Ai Eng - Spendly_ Workspace\data\_ocr_real_crops\real_0303_line14.png,TOTAL HEMAT 84 865,0.9956779776230147,c:\file akmal\Capstone - Ai Eng - Spendly_ Workspace\data\Groceries\train\images\EV23suKU0AAqvRp_jpg.rf.de2a4384a036b81609eed25f9e32ab07.jpg,Groceries
c:\file akmal\Capstone - Ai Eng - Spendly_ Workspace\data\_ocr_real_crops\real_0454_line09.png,HARGA JUAL 241 400,0.9994476380475892,c:\file akmal\Capstone - Ai Eng - Spendly_ Workspace\data\Groceries\train\images\receipt-331_png_jpg.rf.b5de4e8ea054e83c7d71e616db0fa11b.jpg,Groceries
c:\file akmal\Capstone - Ai Eng - Spendly_ Workspace\data\_ocr_real_crops\real_0265_line09.png,TUNAI 105 000,0.9991472841533501,c:\file akmal\Capstone - Ai Eng - Spendly_ Workspace\data\Groceries\test\images\receipt-491_png_jpg.rf.12926ce9a821a4e50e5533d7617b9aa7.jpg,Groceries
c:\file akmal\Capstone - Ai Eng - Spendly_ Workspace\data\_ocr_real_crops\real_0330_line14.png,TOTAL 655 000,0.9661465580664207,c:\file akmal\Capstone - Ai Eng - Spendly_ Workspace\data\Groceries\train\images\receipt-032_png_jpg.rf.53787048fffd75b5f93b3352a143cc12.jpg,Groceries
c:\file akmal\Capstone - Ai Eng - Spendly_ Workspace\data\_ocr_real_crops\real_0330_line16.png,KEMBALI,0.9987946784986613,c:\file akmal\Capstone - Ai Eng - Spendly_ Workspace\data\Groceries\train\images\receipt-032_png_jpg.rf.53787048fffd75b5f93b3352a143cc12.jpg,Groceries
c:\file akmal\Capstone - Ai Eng - Spendly_ Workspace\data\_ocr_real_crops\real_0418_line13.png,LAYANAN KONSUMEN,0.8535761291102495,c:\file akmal\Capstone - Ai Eng - Spendly_ Workspace\data\Groceries\train\images\receipt-153_png_jpg.rf.e9dc45000d6ba24d6d3269ecb0aff16c.jpg,Groceries
c:\file akmal\Capstone - Ai Eng - Spendly_ Workspace\data\_ocr_real_crops\real_0379_line15.png,KEMBALI 000,0.9992646207326421,c:\file akmal\Capstone - Ai Eng - Spendly_ Workspace\data\Groceries\train\images\receipt-101_png_jpg.rf.47b1c1fdfccd930fc512e8a6681192be.jpg,Groceries
c:\file akmal\Capstone - Ai Eng - Spendly_ Workspace\data\_ocr_real_crops\real_0415_line07.png,HARGA JUAL 492 600,0.998118822694715,c:\file akmal\Capstone - Ai Eng - Spendly_ Workspace\data\Groceries\train\images\receipt-150_png_jpg.rf.5272a64b60826b7f0f748448484b8b1a.jpg,Groceries
c:\file akmal\Capstone - Ai Eng - Spendly_ Workspace\data\_ocr_real_crops\real_0411_line16.png,TOTAL 980 300,0.8142541113163352,c:\file akmal\Capstone - Ai Eng - Spendly_ Workspace\data\Groceries\train\images\receipt-146_png_jpg.rf.26c4a75ab0a123b619f7f957da1131ed.jpg,Groceries
c:\file akmal\Capstone - Ai Eng - Spendly_ Workspace\data\_ocr_real_crops\real_0273_line08.png,"HARGA   JUAL 155,000",0.9231357402462641,c:\file akmal\Capstone - Ai Eng - Spendly_ Workspace\data\Groceries\train\images\CamScanner-18-11-2024-12-48_89_jpg.rf.5c31ea9599c7f8e1007cffdce3e6b4ba.jpg,Groceries
c:\file akmal\Capstone - Ai Eng - Spendly_ Workspace\data\_ocr_real_crops\real_0463_line13.png,TOTAL 296 300,0.9992099008902727,c:\file akmal\Capstone - Ai Eng - Spendly_ Workspace\data\Groceries\train\images\receipt-412_png_jpg.rf.f8c006d7fd8b9fba216ddcc556f7d93e.jpg,Groceries
c:\file akmal\Capstone - Ai Eng - Spendly_ Workspace\data\_ocr_real_crops\real_0438_line12.png,TUNAI 290 000,0.9993612323560926,c:\file akmal\Capstone - Ai Eng - Spendly_ Workspace\data\Groceries\train\images\receipt-182_png_jpg.rf.69ecde60f0be589526e2ccae510efd1b.jpg,Groceries
c:\file akmal\Capstone - Ai Eng - Spendly_ Workspace\data\_ocr_real_crops\real_0432_line10.png,HARGA JUAL 336 900,0.9993849223623177,c:\file akmal\Capstone - Ai Eng - Spendly_ Workspace\data\Groceries\train\images\receipt-175_png_jpg.rf.cac804321ef8d6f443c1350cde5b46a9.jpg,Groceries
c:\file akmal\Capstone - Ai Eng - Spendly_ Workspace\data\_ocr_real_crops\real_0461_line12.png,KEMBALI 900,0.9993666923236184,c:\file akmal\Capstone - Ai Eng - Spendly_ Workspace\data\Groceries\train\images\receipt-394_png_jpg.rf.c248f526c1e08941355aa768d9901a4e.jpg,Groceries
c:\file akmal\Capstone - Ai Eng - Spendly_ Workspace\data\_ocr_real_crops\real_0472_line08.png,Ref 5260226 AGCADVN,0.8727950891156278,c:\file akmal\Capstone - Ai Eng - Spendly_ Workspace\data\Groceries\train\images\receipt-O-260226-AGVRBMP_png.rf.d6ef38f57e7d693a3282dcfb799a2a4d.jpg,Groceries
c:\file akmal\Capstone - Ai Eng - Spendly_ Workspace\data\_ocr_real_crops\real_0436_line13.png,HARGA JUAL 202 100,0.9863670966137765,c:\file akmal\Capstone - Ai Eng - Spendly_ Workspace\data\Groceries\train\images\receipt-179_png_jpg.rf.36cd22ebefc524d5bf9a56a599b91b0e.jpg,Groceries
c:\file akmal\Capstone - Ai Eng - Spendly_ Workspace\data\_ocr_real_crops\real_0433_line15.png,TOTAL 301 500,0.9964005956477968,c:\file akmal\Capstone - Ai Eng - Spendly_ Workspace\data\Groceries\train\images\receipt-176_png_jpg.rf.9c502549eec368ccf75b6e5161ef88fc.jpg,Groceries
c:\file akmal\Capstone - Ai Eng - Spendly_ Workspace\data\_ocr_real_crops\real_0322_line12.png,TOTAL 483 200,0.9993628278900847,c:\file akmal\Capstone - Ai Eng - Spendly_ Workspace\data\Groceries\train\images\receipt-022_png_jpg.rf.4282bf15cecf871c0c79fcbae3474d29.jpg,Groceries
c:\file akmal\Capstone - Ai Eng - Spendly_ Workspace\data\_ocr_real_crops\real_0380_line01.png,KS TUBUN 0293493733,0.81884010828596,c:\file akmal\Capstone - Ai Eng - Spendly_ Workspace\data\Groceries\train\images\receipt-102_png_jpg.rf.95bccfaaeef731d4cb439b4b4aa074ba.jpg,Groceries
c:\file akmal\Capstone - Ai Eng - Spendly_ Workspace\data\_ocr_real_crops\real_0336_line13.png,TUNAI 360 000,0.9989137698134876,c:\file akmal\Capstone - Ai Eng - Spendly_ Workspace\data\Groceries\train\images\receipt-041_png_jpg.rf.e3d13ed39f0089facf2ed4a3e01d32eb.jpg,Groceries
c:\file akmal\Capstone - Ai Eng - Spendly_ Workspace\data\_ocr_real_crops\real_0370_line09.png,TUNAI 385 000,0.9991735982243005,c:\file akmal\Capstone - Ai Eng - Spendly_ Workspace\data\Groceries\train\images\receipt-091_png_jpg.rf.910020c4517f93c521c0860db88dc866.jpg,Groceries
c:\file akmal\Capstone - Ai Eng - Spendly_ Workspace\data\_ocr_real_crops\real_0383_line01.png,Ks TUBUN 0293493733,0.8109447556667914,c:\file akmal\Capstone - Ai Eng - Spendly_ Workspace\data\Groceries\train\images\receipt-107_png_jpg.rf.ca41f95e66308e3b7a389dc1263e84eb.jpg,Groceries
c:\file akmal\Capstone - Ai Eng - Spendly_ Workspace\data\_ocr_real_crops\real_0269_line08.png,TOTAL 394 800,0.7240142072366047,c:\file akmal\Capstone - Ai Eng - Spendly_ Workspace\data\Groceries\train\images\Benihbaikaba144e56a189a19d272718daf5838e3bfcb6c0e_png.rf.33aa3cc8e95770f52c2a4dd11ad69677.jpg,Groceries
c:\file akmal\Capstone - Ai Eng - Spendly_ Workspace\data\_ocr_real_crops\real_0282_line13.png,LAYANAN KONSUMEN,0.9801061920850735,c:\file akmal\Capstone - Ai Eng - Spendly_ Workspace\data\Groceries\train\images\CamScanner-19-11-2024-16-49_13_jpg.rf.8f21a593c403b4406425e7e4d7ebec46.jpg,Groceries
c:\file akmal\Capstone - Ai Eng - Spendly_ Workspace\data\_ocr_real_crops\real_0290_line12.png,"HARGA JUAL 24 ,300",0.8306617493960048,c:\file akmal\Capstone - Ai Eng - Spendly_ Workspace\data\Groceries\train\images\CamScanner-19-11-2024-16-49_4_jpg.rf.4643739bbb9a85bf18e260675a819e01.jpg,Groceries
c:\file akmal\Capstone - Ai Eng - Spendly_ Workspace\data\_ocr_real_crops\real_0312_line01.png,Ks TUBUN 0293493733,0.871264034973329,c:\file akmal\Capstone - Ai Eng - Spendly_ Workspace\data\Groceries\train\images\receipt-004_png_jpg.rf.8732fa1d7540bdd8ca054bf5b6f4e31b.jpg,Groceries
c:\file akmal\Capstone - Ai Eng - Spendly_ Workspace\data\_ocr_real_crops\real_0408_line10.png,TOTAL 366 300,0.9881570465655886,c:\file akmal\Capstone - Ai Eng - Spendly_ Workspace\data\Groceries\train\images\receipt-139_png_jpg.rf.bc8fafc8bdf89556f53491969e9f4565.jpg,Groceries
c:\file akmal\Capstone - Ai Eng - Spendly_ Workspace\data\_ocr_real_crops\real_0402_line15.png,LAYANAN KONSUMEN,0.9171502580912131,c:\file akmal\Capstone - Ai Eng - Spendly_ Workspace\data\Groceries\train\images\receipt-130_png_jpg.rf.cc303731260222b16de636bf3400df8f.jpg,Groceries
c:\file akmal\Capstone - Ai Eng - Spendly_ Workspace\data\_ocr_real_crops\real_0316_line09.png,HARGA JUAL 498 500,0.9996577698414859,c:\file akmal\Capstone - Ai Eng - Spendly_ Workspace\data\Groceries\train\images\receipt-012_png_jpg.rf.cb6f5976b385f567a9d8a4dd20f2fa05.jpg,Groceries
c:\file akmal\Capstone - Ai Eng - Spendly_ Workspace\data\_ocr_real_crops\real_0486_line11.png,"Disc 49 ,000",0.7323487814600558,c:\file akmal\Capstone - Ai Eng - Spendly_ Workspace\data\Groceries\valid\images\CamScanner-18-11-2024-12-48_33_jpg.rf.a349e2ac43897488be2a63a6a6be2049.jpg,Groceries
c:\file akmal\Capstone - Ai Eng - Spendly_ Workspace\data\_ocr_real_crops\real_0398_line10.png,TOTAL 226 300,0.9557498275174542,c:\file akmal\Capstone - Ai Eng - Spendly_ Workspace\data\Groceries\train\images\receipt-125_png_jpg.rf.5f434647f469b8bc739174902b9e9936.jpg,Groceries
c:\file akmal\Capstone - Ai Eng - Spendly_ Workspace\data\_ocr_real_crops\real_0509_line09.png,"HARGA JUAL 374 ,300",0.8465245134061584,c:\file akmal\Capstone - Ai Eng - Spendly_ Workspace\data\Groceries\valid\images\receipt-302_png_jpg.rf.29095baae617a858d7792c400551daa6.jpg,Groceries
c:\file akmal\Capstone - Ai Eng - Spendly_ Workspace\data\_ocr_real_crops\real_0421_line13.png,LAYANAN KONSUMEN,0.8535761291102495,c:\file akmal\Capstone - Ai Eng - Spendly_ Workspace\data\Groceries\train\images\receipt-156_png_jpg.rf.5f7d6c1cef82c7c1f86c4dcc7b0aeb93.jpg,Groceries
c:\file akmal\Capstone - Ai Eng - Spendly_ Workspace\data\_ocr_real_crops\real_0312_line15.png,TUNAI 050 000,0.9410972137855197,c:\file akmal\Capstone - Ai Eng - Spendly_ Workspace\data\Groceries\train\images\receipt-004_png_jpg.rf.8732fa1d7540bdd8ca054bf5b6f4e31b.jpg,Groceries
c:\file akmal\Capstone - Ai Eng - Spendly_ Workspace\data\_ocr_real_crops\real_0298_line09.png,HEMAT 62 .400,0.7018533530171365,c:\file akmal\Capstone - Ai Eng - Spendly_ Workspace\data\Groceries\train\images\cherly-superindo_jpg.rf.8ec0bcdaa5a56b1196d35c16bf338e72.jpg,Groceries
c:\file akmal\Capstone - Ai Eng - Spendly_ Workspace\data\_ocr_real_crops\real_0311_line08.png,TOTAL 206 500,0.9961979515556703,c:\file akmal\Capstone - Ai Eng - Spendly_ Workspace\data\Groceries\train\images\receipt-003_png_jpg.rf.93c390eeb9892a626457fdc98c7d4c20.jpg,Groceries
c:\file akmal\Capstone - Ai Eng - Spendly_ Workspace\data\_ocr_real_crops\real_0466_line12.png,TUNAI 350 000,0.9993529511026874,c:\file akmal\Capstone - Ai Eng - Spendly_ Workspace\data\Groceries\train\images\receipt-465_png_jpg.rf.5b9b2ccfe20ad312ee4470ba0f6b0330.jpg,Groceries
c:\file akmal\Capstone - Ai Eng - Spendly_ Workspace\data\_ocr_real_crops\real_0397_line01.png,KS TUBUN 0293493733,0.7760493894665143,c:\file akmal\Capstone - Ai Eng - Spendly_ Workspace\data\Groceries\train\images\receipt-124_png_jpg.rf.959225faa4e0e4fabed738280087db17.jpg,Groceries
c:\file akmal\Capstone - Ai Eng - Spendly_ Workspace\data\_ocr_real_crops\real_0343_line09.png,TUNAI 90 000,0.9987421144807924,c:\file akmal\Capstone - Ai Eng - Spendly_ Workspace\data\Groceries\train\images\receipt-048_png_jpg.rf.134389abc8fea794f99b80bfee6db4cd.jpg,Groceries
c:\file akmal\Capstone - Ai Eng - Spendly_ Workspace\data\_ocr_real_crops\real_0281_line08.png,"Total tem 2 65, 60i",0.7321246840862947,c:\file akmal\Capstone - Ai Eng - Spendly_ Workspace\data\Groceries\train\images\CamScanner-19-11-2024-16-49_11_jpg.rf.5ad88829778504c6544aaa14709c7584.jpg,Groceries
c:\file akmal\Capstone - Ai Eng - Spendly_ Workspace\data\_ocr_real_crops\real_0466_line13.png,KEMBALI 500,0.9998631997206433,c:\file akmal\Capstone - Ai Eng - Spendly_ Workspace\data\Groceries\train\images\receipt-465_png_jpg.rf.5b9b2ccfe20ad312ee4470ba0f6b0330.jpg,Groceries
c:\file akmal\Capstone - Ai Eng - Spendly_ Workspace\data\_ocr_real_crops\real_0374_line19.png,LAYANAN KONSUMEN,0.9963435077210266,c:\file akmal\Capstone - Ai Eng - Spendly_ Workspace\data\Groceries\train\images\receipt-095_png_jpg.rf.d422b2e4cbb963393346f8fdbf10b72a.jpg,Groceries
c:\file akmal\Capstone - Ai Eng - Spendly_ Workspace\data\_ocr_real_crops\real_0477_line15.png,"PPN 1 , 109)",0.7782417746228327,c:\file akmal\Capstone - Ai Eng - Spendly_ Workspace\data\Groceries\valid\images\CamScanner-18-11-2024-12-48_102_jpg.rf.9800ae82943a50f49a53a3c1f42a7f54.jpg,Groceries
c:\file akmal\Capstone - Ai Eng - Spendly_ Workspace\data\_ocr_real_crops\real_0454_line10.png,TOTAL 241 400,0.9772406680215858,c:\file akmal\Capstone - Ai Eng - Spendly_ Workspace\data\Groceries\train\images\receipt-331_png_jpg.rf.b5de4e8ea054e83c7d71e616db0fa11b.jpg,Groceries
c:\file akmal\Capstone - Ai Eng - Spendly_ Workspace\data\_ocr_real_crops\real_0403_line09.png,HARGA JUAL 487 600,0.9335995053854288,c:\file akmal\Capstone - Ai Eng - Spendly_ Workspace\data\Groceries\train\images\receipt-131_png_jpg.rf.a06b0dc5055940ab8740e72c4d992726.jpg,Groceries
c:\file akmal\Capstone - Ai Eng - Spendly_ Workspace\data\_ocr_real_crops\real_0496_line14.png,"Total Di sc- 8,8J0",0.8478871165489145,c:\file akmal\Capstone - Ai Eng - Spendly_ Workspace\data\Groceries\valid\images\CamScanner-18-11-2024-12-48_66_jpg.rf.175d49ae70b2dcf2c2e96490452bff4a.jpg,Groceries
c:\file akmal\Capstone - Ai Eng - Spendly_ Workspace\data\_ocr_real_crops\real_0307_line10.png,Tarif R,0.8585738338638287,c:\file akmal\Capstone - Ai Eng - Spendly_ Workspace\data\Groceries\train\images\images-5-_jpg.rf.cc7a341dfa8bdda8e36e7773eb90d6ab.jpg,Groceries
c:\file akmal\Capstone - Ai Eng - Spendly_ Workspace\data\_ocr_real_crops\real_0317_line16.png,KEMBALI 100,0.9222793578094741,c:\file akmal\Capstone - Ai Eng - Spendly_ Workspace\data\Groceries\train\images\receipt-013_png_jpg.rf.a9feb613c6461c0ac990176408230994.jpg,Groceries
c:\file akmal\Capstone - Ai Eng - Spendly_ Workspace\data\_ocr_real_crops\real_0489_line09.png,Kembal ian,0.947764184184363,c:\file akmal\Capstone - Ai Eng - Spendly_ Workspace\data\Groceries\valid\images\CamScanner-18-11-2024-12-48_42_jpg.rf.49f74d915226d447d8cb0d90d3f2fd46.jpg,Groceries
c:\file akmal\Capstone - Ai Eng - Spendly_ Workspace\data\_ocr_real_crops\real_0425_line09.png,TUNAI 140 000,0.9990667606958965,c:\file akmal\Capstone - Ai Eng - Spendly_ Workspace\data\Groceries\train\images\receipt-165_png_jpg.rf.47a8373d35a33fd8527e7475caa8bfdb.jpg,Groceries
c:\file akmal\Capstone - Ai Eng - Spendly_ Workspace\data\_ocr_real_crops\real_0318_line10.png,LAYANAN KONSUMEN,0.9907581232915044,c:\file akmal\Capstone - Ai Eng - Spendly_ Workspace\data\Groceries\train\images\receipt-014_png_jpg.rf.4abd06733b996bc09afb0f8e3af4bc3c.jpg,Groceries
c:\file akmal\Capstone - Ai Eng - Spendly_ Workspace\data\_ocr_real_crops\real_0344_line07.png,"TOTAL 2 , 890",0.9963842001577006,c:\file akmal\Capstone - Ai Eng - Spendly_ Workspace\data\Groceries\train\images\receipt-049_png_jpg.rf.f6451ea42d6006e01b327a8fb0900ec5.jpg,Groceries
c:\file akmal\Capstone - Ai Eng - Spendly_ Workspace\data\_ocr_real_crops\real_0446_line11.png,LAYANAN KONSUMEN,0.9922261037115307,c:\file akmal\Capstone - Ai Eng - Spendly_ Workspace\data\Groceries\train\images\receipt-195_png_jpg.rf.6276e95018bedacfde3bdfb746785de0.jpg,Groceries
c:\file akmal\Capstone - Ai Eng - Spendly_ Workspace\data\_ocr_real_crops\real_0449_line12.png,KEMBALI 200,0.9965840362486056,c:\file akmal\Capstone - Ai Eng - Spendly_ Workspace\data\Groceries\train\images\receipt-232_png_jpg.rf.76acb97236530e3cdd3c3b5cab74eef6.jpg,Groceries
c:\file akmal\Capstone - Ai Eng - Spendly_ Workspace\data\_ocr_real_crops\real_0361_line13.png,LAYANAN KONSUMEN,0.8535761291102495,c:\file akmal\Capstone - Ai Eng - Spendly_ Workspace\data\Groceries\train\images\receipt-075_png_jpg.rf.877e094bb61b43f1e26149bc1309b55e.jpg,Groceries
c:\file akmal\Capstone - Ai Eng - Spendly_ Workspace\data\_ocr_real_crops\real_0333_line15.png,TUNAI 830 000,0.9582912147584782,c:\file akmal\Capstone - Ai Eng - Spendly_ Workspace\data\Groceries\train\images\receipt-036_png_jpg.rf.8d50075bc932fbbfe1e9f171afa378f3.jpg,Groceries
c:\file akmal\Capstone - Ai Eng - Spendly_ Workspace\data\_ocr_real_crops\real_0292_line09.png,"Tuna 32,.900",0.9788826950753464,c:\file akmal\Capstone - Ai Eng - Spendly_ Workspace\data\Groceries\train\images\CamScanner-19-11-2024-16-49_5_jpg.rf.2af061f407b2709dbc0c1d10a6470ba9.jpg,Groceries
c:\file akmal\Capstone - Ai Eng - Spendly_ Workspace\data\_ocr_real_crops\real_0375_line11.png,KEMBALI 200,0.8929942310341716,c:\file akmal\Capstone - Ai Eng - Spendly_ Workspace\data\Groceries\train\images\receipt-096_png_jpg.rf.fc5e9564f8a26bfa6bab6cdff02abcf1.jpg,Groceries
c:\file akmal\Capstone - Ai Eng - Spendly_ Workspace\data\_ocr_real_crops\real_0392_line08.png,HARGA JUAL 591 500,0.8831803374122165,c:\file akmal\Capstone - Ai Eng - Spendly_ Workspace\data\Groceries\train\images\receipt-117_png_jpg.rf.bb05cab6185cb21cc89d49814e601e56.jpg,Groceries
c:\file akmal\Capstone - Ai Eng - Spendly_ Workspace\data\_ocr_real_crops\real_0314_line11.png,LAYANAN KONSUMEN,0.9922261037115307,c:\file akmal\Capstone - Ai Eng - Spendly_ Workspace\data\Groceries\train\images\receipt-006_png_jpg.rf.f44980445e6dcb6320a99f668b619a5f.jpg,Groceries
c:\file akmal\Capstone - Ai Eng - Spendly_ Workspace\data\_ocr_real_crops\real_0351_line12.png,TOTAL 359 500,0.9994017362173936,c:\file akmal\Capstone - Ai Eng - Spendly_ Workspace\data\Groceries\train\images\receipt-059_png_jpg.rf.01a4a35e109b91be61a45201ad66f1ce.jpg,Groceries
c:\file akmal\Capstone - Ai Eng - Spendly_ Workspace\data\_ocr_real_crops\real_0485_line14.png,"Kerbalian 12,60",0.8460103819999202,c:\file akmal\Capstone - Ai Eng - Spendly_ Workspace\data\Groceries\valid\images\CamScanner-18-11-2024-12-48_2_jpg.rf.87f7a8b4cf41e3beb3cd2ac80501b153.jpg,Groceries
c:\file akmal\Capstone - Ai Eng - Spendly_ Workspace\data\_ocr_real_crops\real_0333_line17.png,LAYANAN KONSUMEN,0.9797335212084353,c:\file akmal\Capstone - Ai Eng - Spendly_ Workspace\data\Groceries\train\images\receipt-036_png_jpg.rf.8d50075bc932fbbfe1e9f171afa378f3.jpg,Groceries
c:\file akmal\Capstone - Ai Eng - Spendly_ Workspace\data\_ocr_real_crops\real_0368_line16.png,LAYANAN KONSUMEN,0.999502132649503,c:\file akmal\Capstone - Ai Eng - Spendly_ Workspace\data\Groceries\train\images\receipt-089_png_jpg.rf.f655245766de70ade64dca9c6116770e.jpg,Groceries
c:\file akmal\Capstone - Ai Eng - Spendly_ Workspace\data\_ocr_real_crops\real_0384_line07.png,HARGA JUAL 226 600,0.8947471131095251,c:\file akmal\Capstone - Ai Eng - Spendly_ Workspace\data\Groceries\train\images\receipt-108_png_jpg.rf.c44b081e41096723e9f70259d555b4dd.jpg,Groceries
c:\file akmal\Capstone - Ai Eng - Spendly_ Workspace\data\_ocr_real_crops\real_0293_line08.png,"Tota tem 32,900",0.9472113709591267,c:\file akmal\Capstone - Ai Eng - Spendly_ Workspace\data\Groceries\train\images\CamScanner-19-11-2024-16-49_5_jpg.rf.4526d8997abb115d96d0a29504954fae.jpg,Groceries
c:\file akmal\Capstone - Ai Eng - Spendly_ Workspace\data\_ocr_real_crops\real_0391_line01.png,KS TUBUN 0293493733,0.7979685602495988,c:\file akmal\Capstone - Ai Eng - Spendly_ Workspace\data\Groceries\train\images\receipt-116_png_jpg.rf.655aceb4f5112367a35bacc3b21cff15.jpg,Groceries
c:\file akmal\Capstone - Ai Eng - Spendly_ Workspace\data\_ocr_real_crops\real_0378_line11.png,TOTAL 721 300,0.9056106444350048,c:\file akmal\Capstone - Ai Eng - Spendly_ Workspace\data\Groceries\train\images\receipt-100_png_jpg.rf.a5ac42aa81e84a87e47c7a49a02e5fef.jpg,Groceries
c:\file akmal\Capstone - Ai Eng - Spendly_ Workspace\data\_ocr_real_crops\real_0336_line15.png,LAYANAN KONSUMEN,0.9171502580912131,c:\file akmal\Capstone - Ai Eng - Spendly_ Workspace\data\Groceries\train\images\receipt-041_png_jpg.rf.e3d13ed39f0089facf2ed4a3e01d32eb.jpg,Groceries
c:\file akmal\Capstone - Ai Eng - Spendly_ Workspace\data\_ocr_real_crops\real_0331_line13.png,TUNAI 675 000,0.999031428936525,c:\file akmal\Capstone - Ai Eng - Spendly_ Workspace\data\Groceries\train\images\receipt-033_png_jpg.rf.f02d1096e992f2a305d14dc0eca9e4f9.jpg,Groceries
c:\file akmal\Capstone - Ai Eng - Spendly_ Workspace\data\_ocr_real_crops\real_0270_line19.png,MARET,0.9995286553620384,c:\file akmal\Capstone - Ai Eng - Spendly_ Workspace\data\Groceries\train\images\CamScanner-18-11-2024-12-48_7_jpg.rf.58e75b260930768aab575ff1e003d9a1.jpg,Groceries
c:\file akmal\Capstone - Ai Eng - Spendly_ Workspace\data\_ocr_real_crops\real_0315_line16.png,KEMBALI 700,0.9992480596922806,c:\file akmal\Capstone - Ai Eng - Spendly_ Workspace\data\Groceries\train\images\receipt-011_png_jpg.rf.d441ddfc06d2878c01641f22b11d600b.jpg,Groceries
c:\file akmal\Capstone - Ai Eng - Spendly_ Workspace\data\_ocr_real_crops\real_0479_line10.png,"HARGA JUAL 5,900",0.9987106381996793,c:\file akmal\Capstone - Ai Eng - Spendly_ Workspace\data\Groceries\valid\images\CamScanner-18-11-2024-12-48_20_jpg.rf.a5dfa551cd448f35fb04f0aa9e651f13.jpg,Groceries
c:\file akmal\Capstone - Ai Eng - Spendly_ Workspace\data\_ocr_real_crops\real_0424_line01.png,KS TUBUN 0293493733,0.81884010828596,c:\file akmal\Capstone - Ai Eng - Spendly_ Workspace\data\Groceries\train\images\receipt-163_png_jpg.rf.5a2cf2404c27d376743691fa78a5a520.jpg,Groceries
c:\file akmal\Capstone - Ai Eng - Spendly_ Workspace\data\_ocr_real_crops\real_0271_line09.png,"Sc. 2,600",0.7334334288989004,c:\file akmal\Capstone - Ai Eng - Spendly_ Workspace\data\Groceries\train\images\CamScanner-18-11-2024-12-48_82_jpg.rf.9665cc222bbfd2b8d04947b4ff798be1.jpg,Groceries
c:\file akmal\Capstone - Ai Eng - Spendly_ Workspace\data\_ocr_real_crops\real_0440_line08.png,HARGA JUAL 149 600,0.8796769730475678,c:\file akmal\Capstone - Ai Eng - Spendly_ Workspace\data\Groceries\train\images\receipt-185_png_jpg.rf.d52ec4a99507c3003c9b1edb4f5bf118.jpg,Groceries
c:\file akmal\Capstone - Ai Eng - Spendly_ Workspace\data\_ocr_real_crops\real_0455_line01.png,Ks F UBUN 0293493/33,0.7689855088301818,c:\file akmal\Capstone - Ai Eng - Spendly_ Workspace\data\Groceries\train\images\receipt-332_png_jpg.rf.ff0f78fcf1fd9280d61ea9777446c187.jpg,Groceries
c:\file akmal\Capstone - Ai Eng - Spendly_ Workspace\data\_ocr_real_crops\real_0282_line09.png,"HARGA   JUAL 22,000",0.8636939845615841,c:\file akmal\Capstone - Ai Eng - Spendly_ Workspace\data\Groceries\train\images\CamScanner-19-11-2024-16-49_13_jpg.rf.8f21a593c403b4406425e7e4d7ebec46.jpg,Groceries
c:\file akmal\Capstone - Ai Eng - Spendly_ Workspace\data\_ocr_real_crops\real_0336_line01.png,KS TUBUN 0293493733,0.8117323601401263,c:\file akmal\Capstone - Ai Eng - Spendly_ Workspace\data\Groceries\train\images\receipt-041_png_jpg.rf.e3d13ed39f0089facf2ed4a3e01d32eb.jpg,Groceries
c:\file akmal\Capstone - Ai Eng - Spendly_ Workspace\data\_ocr_real_crops\real_0395_line17.png,LAYANAN KONSUMEN,0.9797335212084353,c:\file akmal\Capstone - Ai Eng - Spendly_ Workspace\data\Groceries\train\images\receipt-121_png_jpg.rf.342fd6b6fa269bd5ebc5ba5f4bd9db7c.jpg,Groceries
c:\file akmal\Capstone - Ai Eng - Spendly_ Workspace\data\_ocr_real_crops\real_0363_line15.png,TUNAI 130 000,0.9692452653418547,c:\file akmal\Capstone - Ai Eng - Spendly_ Workspace\data\Groceries\train\images\receipt-079_png_jpg.rf.7e2d492a606ca0fd5c1fa8098db22a12.jpg,Groceries
c:\file akmal\Capstone - Ai Eng - Spendly_ Workspace\data\_ocr_real_crops\real_0418_line10.png,TOTAL 396 300,0.8781965452116464,c:\file akmal\Capstone - Ai Eng - Spendly_ Workspace\data\Groceries\train\images\receipt-153_png_jpg.rf.e9dc45000d6ba24d6d3269ecb0aff16c.jpg,Groceries
c:\file akmal\Capstone - Ai Eng - Spendly_ Workspace\data\_ocr_real_crops\real_0366_line10.png,HARGA JUAL 551 900,0.9966730794451562,c:\file akmal\Capstone - Ai Eng - Spendly_ Workspace\data\Groceries\train\images\receipt-087_png_jpg.rf.1b12c64ed26afa6989e7d811378e50de.jpg,Groceries
c:\file akmal\Capstone - Ai Eng - Spendly_ Workspace\data\_ocr_real_crops\real_0446_line01.png,Ks F UBUN 0293493/33,0.7689855088301818,c:\file akmal\Capstone - Ai Eng - Spendly_ Workspace\data\Groceries\train\images\receipt-195_png_jpg.rf.6276e95018bedacfde3bdfb746785de0.jpg,Groceries
c:\file akmal\Capstone - Ai Eng - Spendly_ Workspace\data\_ocr_real_crops\real_0370_line11.png,LAYANAN KONSUMEN,0.9922261037115307,c:\file akmal\Capstone - Ai Eng - Spendly_ Workspace\data\Groceries\train\images\receipt-091_png_jpg.rf.910020c4517f93c521c0860db88dc866.jpg,Groceries
c:\file akmal\Capstone - Ai Eng - Spendly_ Workspace\data\_ocr_real_crops\real_0486_line15.png,Iota Disc 56 0oo,0.7663390619464503,c:\file akmal\Capstone - Ai Eng - Spendly_ Workspace\data\Groceries\valid\images\CamScanner-18-11-2024-12-48_33_jpg.rf.a349e2ac43897488be2a63a6a6be2049.jpg,Groceries
c:\file akmal\Capstone - Ai Eng - Spendly_ Workspace\data\_ocr_real_crops\real_0415_line08.png,TOTAL 492 600,0.9998620957943193,c:\file akmal\Capstone - Ai Eng - Spendly_ Workspace\data\Groceries\train\images\receipt-150_png_jpg.rf.5272a64b60826b7f0f748448484b8b1a.jpg,Groceries
c:\file akmal\Capstone - Ai Eng - Spendly_ Workspace\data\_ocr_real_crops\real_0292_line11.png,PPN 367),0.9966270417031465,c:\file akmal\Capstone - Ai Eng - Spendly_ Workspace\data\Groceries\train\images\CamScanner-19-11-2024-16-49_5_jpg.rf.2af061f407b2709dbc0c1d10a6470ba9.jpg,Groceries
c:\file akmal\Capstone - Ai Eng - Spendly_ Workspace\data\_ocr_real_crops\real_0432_line11.png,TOTAL 336 900,0.8400468104341807,c:\file akmal\Capstone - Ai Eng - Spendly_ Workspace\data\Groceries\train\images\receipt-175_png_jpg.rf.cac804321ef8d6f443c1350cde5b46a9.jpg,Groceries
c:\file akmal\Capstone - Ai Eng - Spendly_ Workspace\data\_ocr_real_crops\real_0350_line10.png,TOTAL 526 800,0.9997435502465962,c:\file akmal\Capstone - Ai Eng - Spendly_ Workspace\data\Groceries\train\images\receipt-058_png_jpg.rf.beb33c8e5e017af810ec436f1f15ac19.jpg,Groceries
c:\file akmal\Capstone - Ai Eng - Spendly_ Workspace\data\_ocr_real_crops\real_0303_line17.png,Total Item,0.8044852063605028,c:\file akmal\Capstone - Ai Eng - Spendly_ Workspace\data\Groceries\train\images\EV23suKU0AAqvRp_jpg.rf.de2a4384a036b81609eed25f9e32ab07.jpg,Groceries
c:\file akmal\Capstone - Ai Eng - Spendly_ Workspace\data\_ocr_real_crops\real_0326_line09.png,KEMBALI 600,0.9458245158773662,c:\file akmal\Capstone - Ai Eng - Spendly_ Workspace\data\Groceries\train\images\receipt-026_png_jpg.rf.8547198690d5f2448e751783fa1e4d35.jpg,Groceries
c:\file akmal\Capstone - Ai Eng - Spendly_ Workspace\data\_ocr_real_crops\real_0288_line10.png,"HARGA JUAL 9 ,000",0.860660588053488,c:\file akmal\Capstone - Ai Eng - Spendly_ Workspace\data\Groceries\train\images\CamScanner-19-11-2024-16-49_2_jpg.rf.be90ac8be48a868a29b15c0ecb06ccb4.jpg,Groceries
c:\file akmal\Capstone - Ai Eng - Spendly_ Workspace\data\_ocr_real_crops\real_0428_line12.png,TOTAL 621 500,0.9993689525667717,c:\file akmal\Capstone - Ai Eng - Spendly_ Workspace\data\Groceries\train\images\receipt-171_png_jpg.rf.96e56ec037e765d339e1199faf6971f1.jpg,Groceries
c:\file akmal\Capstone - Ai Eng - Spendly_ Workspace\data\_ocr_real_crops\real_0347_line16.png,KEMBALI 900,0.9694479754440859,c:\file akmal\Capstone - Ai Eng - Spendly_ Workspace\data\Groceries\train\images\receipt-052_png_jpg.rf.d9b0e664da1184733005ba210ac5f8bf.jpg,Groceries
c:\file akmal\Capstone - Ai Eng - Spendly_ Workspace\data\_ocr_real_crops\real_0298_line11.png,HEMAT -18 .240,0.702315724125297,c:\file akmal\Capstone - Ai Eng - Spendly_ Workspace\data\Groceries\train\images\cherly-superindo_jpg.rf.8ec0bcdaa5a56b1196d35c16bf338e72.jpg,Groceries
c:\file akmal\Capstone - Ai Eng - Spendly_ Workspace\data\_ocr_real_crops\real_0332_line09.png,KEMBALI,0.9999423266613486,c:\file akmal\Capstone - Ai Eng - Spendly_ Workspace\data\Groceries\train\images\receipt-035_png_jpg.rf.3adb464d2625382270b9f756a10ab3f3.jpg,Groceries
c:\file akmal\Capstone - Ai Eng - Spendly_ Workspace\data\_ocr_real_crops\real_0324_line11.png,TOTAL 329 700,0.9386806818214594,c:\file akmal\Capstone - Ai Eng - Spendly_ Workspace\data\Groceries\train\images\receipt-024_png_jpg.rf.8a4cd7ca1e6668c8055002a9ea3fb7e1.jpg,Groceries
c:\file akmal\Capstone - Ai Eng - Spendly_ Workspace\data\_ocr_real_crops\real_0323_line17.png,LAYANAN KONSUMEN,0.9797335212084353,c:\file akmal\Capstone - Ai Eng - Spendly_ Workspace\data\Groceries\train\images\receipt-023_png_jpg.rf.f9a53adf015cb69a12370dc7b7c654f6.jpg,Groceries
c:\file akmal\Capstone - Ai Eng - Spendly_ Workspace\data\_ocr_real_crops\real_0261_line11.png,LAYANAN KONSUMEN,0.9922261037115307,c:\file akmal\Capstone - Ai Eng - Spendly_ Workspace\data\Groceries\test\images\receipt-194_png_jpg.rf.fbbcb327197ccec715d944834b2ee1bc.jpg,Groceries
c:\file akmal\Capstone - Ai Eng - Spendly_ Workspace\data\_ocr_real_crops\real_0289_line04.png,KS TUBUN  0293493733,0.7843357933438295,c:\file akmal\Capstone - Ai Eng - Spendly_ Workspace\data\Groceries\train\images\CamScanner-19-11-2024-16-49_2_jpg.rf.e50f8b2a9f6bcb453c0ad04d96878ac2.jpg,Groceries
c:\file akmal\Capstone - Ai Eng - Spendly_ Workspace\data\_ocr_real_crops\real_0438_line11.png,TOTAL 289 090,0.980385646619399,c:\file akmal\Capstone - Ai Eng - Spendly_ Workspace\data\Groceries\train\images\receipt-182_png_jpg.rf.69ecde60f0be589526e2ccae510efd1b.jpg,Groceries
c:\file akmal\Capstone - Ai Eng - Spendly_ Workspace\data\_ocr_real_crops\real_0319_line15.png,KEMBALI 400,0.9992916915681272,c:\file akmal\Capstone - Ai Eng - Spendly_ Workspace\data\Groceries\train\images\receipt-016_png_jpg.rf.f9c4848cabdb2c23ed66c50cd845e80d.jpg,Groceries
c:\file akmal\Capstone - Ai Eng - Spendly_ Workspace\data\_ocr_real_crops\real_0509_line12.png,KEMBALI 700,0.9996233687656642,c:\file akmal\Capstone - Ai Eng - Spendly_ Workspace\data\Groceries\valid\images\receipt-302_png_jpg.rf.29095baae617a858d7792c400551daa6.jpg,Groceries
c:\file akmal\Capstone - Ai Eng - Spendly_ Workspace\data\_ocr_real_crops\real_0466_line14.png,LAYANAN KONSUMEN,0.9976565163177709,c:\file akmal\Capstone - Ai Eng - Spendly_ Workspace\data\Groceries\train\images\receipt-465_png_jpg.rf.5b9b2ccfe20ad312ee4470ba0f6b0330.jpg,Groceries
c:\file akmal\Capstone - Ai Eng - Spendly_ Workspace\data\_ocr_real_crops\real_0416_line11.png,KEMBALI 900,0.9999231875159755,c:\file akmal\Capstone - Ai Eng - Spendly_ Workspace\data\Groceries\train\images\receipt-151_png_jpg.rf.96069620e385acdbd015a11c9375dbf9.jpg,Groceries
c:\file akmal\Capstone - Ai Eng - Spendly_ Workspace\data\_ocr_real_crops\real_0334_line16.png,LAYANAN KONSUMEN,0.9797335212084353,c:\file akmal\Capstone - Ai Eng - Spendly_ Workspace\data\Groceries\train\images\receipt-038_png_jpg.rf.98c228cc30dadfd5bd23c8ad12a2dab4.jpg,Groceries
c:\file akmal\Capstone - Ai Eng - Spendly_ Workspace\data\_ocr_real_crops\real_0338_line16.png,LAYANAN KONSUMEN,0.9978043213610552,c:\file akmal\Capstone - Ai Eng - Spendly_ Workspace\data\Groceries\train\images\receipt-043_png_jpg.rf.393f33489d828bab067cc83fe4854757.jpg,Groceries
c:\file akmal\Capstone - Ai Eng - Spendly_ Workspace\data\_ocr_real_crops\real_0450_line08.png,TUNAI 740 000,0.9997814907522323,c:\file akmal\Capstone - Ai Eng - Spendly_ Workspace\data\Groceries\train\images\receipt-280_png_jpg.rf.d9a64fb60637bbda026d15d8f869103d.jpg,Groceries
c:\file akmal\Capstone - Ai Eng - Spendly_ Workspace\data\_ocr_real_crops\real_0442_line16.png,LAYANAN KONSUMEN,0.999502132649503,c:\file akmal\Capstone - Ai Eng - Spendly_ Workspace\data\Groceries\train\images\receipt-187_png_jpg.rf.0d3d943a675532b96c28da4974e6dc56.jpg,Groceries
c:\file akmal\Capstone - Ai Eng - Spendly_ Workspace\data\_ocr_real_crops\real_0342_line01.png,Ks TUBUN 0293493733,0.8109447556667914,c:\file akmal\Capstone - Ai Eng - Spendly_ Workspace\data\Groceries\train\images\receipt-047_png_jpg.rf.6e29a3cd6d1fb63c6a800cad82cea41d.jpg,Groceries
c:\file akmal\Capstone - Ai Eng - Spendly_ Workspace\data\_ocr_real_crops\real_0346_line14.png,HARGA JUAL 771 900,0.9328059522200126,c:\file akmal\Capstone - Ai Eng - Spendly_ Workspace\data\Groceries\train\images\receipt-051_png_jpg.rf.cb552c9a0227dfaca0653b20f4627387.jpg,Groceries
c:\file akmal\Capstone - Ai Eng - Spendly_ Workspace\data\_ocr_real_crops\real_0287_line12.png,"TUNAI 14,300",0.9989784345796573,c:\file akmal\Capstone - Ai Eng - Spendly_ Workspace\data\Groceries\train\images\CamScanner-19-11-2024-16-49_16_jpg.rf.deb2ec9ce63454dcd04e91b099114a9e.jpg,Groceries
c:\file akmal\Capstone - Ai Eng - Spendly_ Workspace\data\_ocr_real_crops\real_0424_line09.png,KEMBALI 000,0.9994908953848155,c:\file akmal\Capstone - Ai Eng - Spendly_ Workspace\data\Groceries\train\images\receipt-163_png_jpg.rf.5a2cf2404c27d376743691fa78a5a520.jpg,Groceries
c:\file akmal\Capstone - Ai Eng - Spendly_ Workspace\data\_ocr_real_crops\real_0331_line14.png,KEMBALI 600,0.9640444570142309,c:\file akmal\Capstone - Ai Eng - Spendly_ Workspace\data\Groceries\train\images\receipt-033_png_jpg.rf.f02d1096e992f2a305d14dc0eca9e4f9.jpg,Groceries
c:\file akmal\Capstone - Ai Eng - Spendly_ Workspace\data\_ocr_real_crops\real_0420_line12.png,TUNAI 745 000,0.9993674721417453,c:\file akmal\Capstone - Ai Eng - Spendly_ Workspace\data\Groceries\train\images\receipt-155_png_jpg.rf.997ceb1b392776fb4d7b2d2636bf74a6.jpg,Groceries
c:\file akmal\Capstone - Ai Eng - Spendly_ Workspace\data\_ocr_real_crops\real_0490_line07.png,"Total   Item 12,800",0.8226235509998334,c:\file akmal\Capstone - Ai Eng - Spendly_ Workspace\data\Groceries\valid\images\CamScanner-18-11-2024-12-48_42_jpg.rf.b96a2b7e366ab5fd2958281200ab14ce.jpg,Groceries
c:\file akmal\Capstone - Ai Eng - Spendly_ Workspace\data\_ocr_real_crops\real_0353_line14.png,LAYANAN KONSUMEN,0.9986369029399982,c:\file akmal\Capstone - Ai Eng - Spendly_ Workspace\data\Groceries\train\images\receipt-061_png_jpg.rf.4e11d5ffab8a2be64d71aadfd3f3b4ff.jpg,Groceries
c:\file akmal\Capstone - Ai Eng - Spendly_ Workspace\data\_ocr_real_crops\real_0290_line17.png,LAYANAN KONSUMEN,0.7678100841496426,c:\file akmal\Capstone - Ai Eng - Spendly_ Workspace\data\Groceries\train\images\CamScanner-19-11-2024-16-49_4_jpg.rf.4643739bbb9a85bf18e260675a819e01.jpg,Groceries
c:\file akmal\Capstone - Ai Eng - Spendly_ Workspace\data\_ocr_real_crops\real_0485_line15.png,"PPn 8,830)",0.7007962987786245,c:\file akmal\Capstone - Ai Eng - Spendly_ Workspace\data\Groceries\valid\images\CamScanner-18-11-2024-12-48_2_jpg.rf.87f7a8b4cf41e3beb3cd2ac80501b153.jpg,Groceries
c:\file akmal\Capstone - Ai Eng - Spendly_ Workspace\data\_ocr_real_crops\real_0341_line08.png,TUNAI 150 000,0.999811567206682,c:\file akmal\Capstone - Ai Eng - Spendly_ Workspace\data\Groceries\train\images\receipt-046_png_jpg.rf.626455d859bb3608540e89bc4a0b1e4b.jpg,Groceries
c:\file akmal\Capstone - Ai Eng - Spendly_ Workspace\data\_ocr_real_crops\real_0470_line09.png,"QRIS CPM BCA 20,500",0.8997623848977002,c:\file akmal\Capstone - Ai Eng - Spendly_ Workspace\data\Groceries\train\images\receipt-HD11-1223103W5W3_png.rf.61d3bbc9493bc38f171685f8eae2af40.jpg,Groceries
c:\file akmal\Capstone - Ai Eng - Spendly_ Workspace\data\_ocr_real_crops\real_0376_line09.png,TOTAL 571 400,0.9926398848455719,c:\file akmal\Capstone - Ai Eng - Spendly_ Workspace\data\Groceries\train\images\receipt-097_png_jpg.rf.1a8a0d6c8474eaf2e3adc5239692db58.jpg,Groceries
c:\file akmal\Capstone - Ai Eng - Spendly_ Workspace\data\_ocr_real_crops\real_0501_line16.png,"NON PPN DPP 4,000",0.8977369460912634,c:\file akmal\Capstone - Ai Eng - Spendly_ Workspace\data\Groceries\valid\images\CamScanner-18-11-2024-12-48_87_jpg.rf.e871a804970c40bcd70ae94917aef81d.jpg,Groceries
c:\file akmal\Capstone - Ai Eng - Spendly_ Workspace\data\_ocr_real_crops\real_0356_line08.png,TUNAI 445 000,0.99980806207651,c:\file akmal\Capstone - Ai Eng - Spendly_ Workspace\data\Groceries\train\images\receipt-064_png_jpg.rf.4a58dc028c255ce0e5151b6e30f7fdc5.jpg,Groceries
c:\file akmal\Capstone - Ai Eng - Spendly_ Workspace\data\_ocr_real_crops\real_0416_line09.png,TOTAL 107 100,0.9972123005066301,c:\file akmal\Capstone - Ai Eng - Spendly_ Workspace\data\Groceries\train\images\receipt-151_png_jpg.rf.96069620e385acdbd015a11c9375dbf9.jpg,Groceries
c:\file akmal\Capstone - Ai Eng - Spendly_ Workspace\data\_ocr_real_crops\real_0427_line07.png,HARGA JUAL 502 500,0.9159637092066818,c:\file akmal\Capstone - Ai Eng - Spendly_ Workspace\data\Groceries\train\images\receipt-170_png_jpg.rf.0df8bbfefa256e5e43371c9061b80659.jpg,Groceries
c:\file akmal\Capstone - Ai Eng - Spendly_ Workspace\data\_ocr_real_crops\real_0324_line14.png,LAYANAN KONSUMEN,0.9986369029399982,c:\file akmal\Capstone - Ai Eng - Spendly_ Workspace\data\Groceries\train\images\receipt-024_png_jpg.rf.8a4cd7ca1e6668c8055002a9ea3fb7e1.jpg,Groceries
c:\file akmal\Capstone - Ai Eng - Spendly_ Workspace\data\_ocr_real_crops\real_0279_line12.png,HARGA JUAL 91 200,0.9978253766697962,c:\file akmal\Capstone - Ai Eng - Spendly_ Workspace\data\Groceries\train\images\CamScanner-18-11-2024-12-48_97_jpg.rf.8a0bb53ee7b930ef275af05cb777209b.jpg,Groceries
c:\file akmal\Capstone - Ai Eng - Spendly_ Workspace\data\_ocr_real_crops\real_0431_line12.png,KEMBALI 700,0.9996025969697018,c:\file akmal\Capstone - Ai Eng - Spendly_ Workspace\data\Groceries\train\images\receipt-174_png_jpg.rf.aab96e7843478086611217fc8b1a0ee0.jpg,Groceries
c:\file akmal\Capstone - Ai Eng - Spendly_ Workspace\data\_ocr_real_crops\real_0443_line15.png,TUNAI 680 000,0.9669339347753407,c:\file akmal\Capstone - Ai Eng - Spendly_ Workspace\data\Groceries\train\images\receipt-188_png_jpg.rf.a99496aea4140dc8946b8333819d436b.jpg,Groceries
c:\file akmal\Capstone - Ai Eng - Spendly_ Workspace\data\_ocr_real_crops\real_0418_line11.png,TUNAI 400 000,0.9995602961082429,c:\file akmal\Capstone - Ai Eng - Spendly_ Workspace\data\Groceries\train\images\receipt-153_png_jpg.rf.e9dc45000d6ba24d6d3269ecb0aff16c.jpg,Groceries
c:\file akmal\Capstone - Ai Eng - Spendly_ Workspace\data\_ocr_real_crops\real_0377_line10.png,TUNAI 120 000,0.9998503691119881,c:\file akmal\Capstone - Ai Eng - Spendly_ Workspace\data\Groceries\train\images\receipt-099_png_jpg.rf.65553cb57d97daf6ccbaf072304ec509.jpg,Groceries
c:\file akmal\Capstone - Ai Eng - Spendly_ Workspace\data\_ocr_real_crops\real_0290_line13.png,"TOTAL 24,300",0.996147937331039,c:\file akmal\Capstone - Ai Eng - Spendly_ Workspace\data\Groceries\train\images\CamScanner-19-11-2024-16-49_4_jpg.rf.4643739bbb9a85bf18e260675a819e01.jpg,Groceries
c:\file akmal\Capstone - Ai Eng - Spendly_ Workspace\data\_ocr_real_crops\real_0353_line10.png,HARGA JUAL 435 400,0.9910578739830109,c:\file akmal\Capstone - Ai Eng - Spendly_ Workspace\data\Groceries\train\images\receipt-061_png_jpg.rf.4e11d5ffab8a2be64d71aadfd3f3b4ff.jpg,Groceries
c:\file akmal\Capstone - Ai Eng - Spendly_ Workspace\data\_ocr_real_crops\real_0500_line12.png,"tal Disc. 2,600",0.9624545587868637,c:\file akmal\Capstone - Ai Eng - Spendly_ Workspace\data\Groceries\valid\images\CamScanner-18-11-2024-12-48_82_jpg.rf.17b49fa3da248318fe95dca45ac0d7a1.jpg,Groceries
c:\file akmal\Capstone - Ai Eng - Spendly_ Workspace\data\_ocr_real_crops\real_0427_line11.png,LAYANAN KONSUMEN,0.9922261037115307,c:\file akmal\Capstone - Ai Eng - Spendly_ Workspace\data\Groceries\train\images\receipt-170_png_jpg.rf.0df8bbfefa256e5e43371c9061b80659.jpg,Groceries
c:\file akmal\Capstone - Ai Eng - Spendly_ Workspace\data\_ocr_real_crops\real_0420_line11.png,TOTAL 740 300,0.9292187856603675,c:\file akmal\Capstone - Ai Eng - Spendly_ Workspace\data\Groceries\train\images\receipt-155_png_jpg.rf.997ceb1b392776fb4d7b2d2636bf74a6.jpg,Groceries
c:\file akmal\Capstone - Ai Eng - Spendly_ Workspace\data\_ocr_real_crops\real_0354_line13.png,KEMBALI 500,0.9998631997206433,c:\file akmal\Capstone - Ai Eng - Spendly_ Workspace\data\Groceries\train\images\receipt-062_png_jpg.rf.b3d4d48c07c7b554092d88d265a71560.jpg,Groceries
c:\file akmal\Capstone - Ai Eng - Spendly_ Workspace\data\_ocr_real_crops\real_0387_line06.png,HARGA JUAL 96 000,0.9311429968912236,c:\file akmal\Capstone - Ai Eng - Spendly_ Workspace\data\Groceries\train\images\receipt-112_png_jpg.rf.20b8c11352bf7d4eb53cca1094b3e73e.jpg,Groceries
c:\file akmal\Capstone - Ai Eng - Spendly_ Workspace\data\_ocr_real_crops\real_0428_line15.png,LAYANAN KONSUMEN,0.9171502580912131,c:\file akmal\Capstone - Ai Eng - Spendly_ Workspace\data\Groceries\train\images\receipt-171_png_jpg.rf.96e56ec037e765d339e1199faf6971f1.jpg,Groceries
c:\file akmal\Capstone - Ai Eng - Spendly_ Workspace\data\_ocr_real_crops\real_0435_line09.png,KEMBALI 500,0.9292374969106914,c:\file akmal\Capstone - Ai Eng - Spendly_ Workspace\data\Groceries\train\images\receipt-178_png_jpg.rf.21fc3077ce76dad5193087da64aaf4a8.jpg,Groceries
c:\file akmal\Capstone - Ai Eng - Spendly_ Workspace\data\_ocr_real_crops\real_0476_line16.png,"Total 92,400",0.8036801565906582,c:\file akmal\Capstone - Ai Eng - Spendly_ Workspace\data\Groceries\train\images\warung-pasta_jpg.rf.0d09feb3b6708579b614d5233c17f34c.jpg,Groceries
c:\file akmal\Capstone - Ai Eng - Spendly_ Workspace\data\_ocr_real_crops\real_0484_line20.png,"PPN 4,192)",0.9981040371046235,c:\file akmal\Capstone - Ai Eng - Spendly_ Workspace\data\Groceries\valid\images\CamScanner-18-11-2024-12-48_28_jpg.rf.1d141909da06115bf72d2505e4b3de83.jpg,Groceries
c:\file akmal\Capstone - Ai Eng - Spendly_ Workspace\data\_ocr_real_crops\real_0324_line10.png,HARGA JUAL 329 700,0.9994625186105147,c:\file akmal\Capstone - Ai Eng - Spendly_ Workspace\data\Groceries\train\images\receipt-024_png_jpg.rf.8a4cd7ca1e6668c8055002a9ea3fb7e1.jpg,Groceries
c:\file akmal\Capstone - Ai Eng - Spendly_ Workspace\data\_ocr_real_crops\real_0340_line17.png,KEMBALI 900,0.9984531403992745,c:\file akmal\Capstone - Ai Eng - Spendly_ Workspace\data\Groceries\train\images\receipt-045_png_jpg.rf.f336737a07bb1c71d75cf398d9d0c4d9.jpg,Groceries
c:\file akmal\Capstone - Ai Eng - Spendly_ Workspace\data\_ocr_real_crops\real_0415_line10.png,KEMBALI 400,0.9996100843974165,c:\file akmal\Capstone - Ai Eng - Spendly_ Workspace\data\Groceries\train\images\receipt-150_png_jpg.rf.5272a64b60826b7f0f748448484b8b1a.jpg,Groceries
c:\file akmal\Capstone - Ai Eng - Spendly_ Workspace\data\_ocr_real_crops\real_0459_line11.png,LAYANAN KONSUMEN,0.9922261037115307,c:\file akmal\Capstone - Ai Eng - Spendly_ Workspace\data\Groceries\train\images\receipt-361_png_jpg.rf.9794906dc7455f158d2690389534b259.jpg,Groceries
c:\file akmal\Capstone - Ai Eng - Spendly_ Workspace\data\_ocr_real_crops\real_0510_line15.png,TUNAI 070 000,0.9235580685262984,c:\file akmal\Capstone - Ai Eng - Spendly_ Workspace\data\Groceries\valid\images\receipt-322_png_jpg.rf.1a6d001f3d7133247c5ab6c431441722.jpg,Groceries
c:\file akmal\Capstone - Ai Eng - Spendly_ Workspace\data\_ocr_real_crops\real_0503_line10.png,"DISKDN (7,000)",0.7496333068278107,c:\file akmal\Capstone - Ai Eng - Spendly_ Workspace\data\Groceries\valid\images\CamScanner-18-11-2024-12-48_90_jpg.rf.2f2c8e271b687c71f770ded7c02276e8.jpg,Groceries
c:\file akmal\Capstone - Ai Eng - Spendly_ Workspace\data\_ocr_real_crops\real_0378_line13.png,KEMBALI 700,0.9998360485561888,c:\file akmal\Capstone - Ai Eng - Spendly_ Workspace\data\Groceries\train\images\receipt-100_png_jpg.rf.a5ac42aa81e84a87e47c7a49a02e5fef.jpg,Groceries
c:\file akmal\Capstone - Ai Eng - Spendly_ Workspace\data\_ocr_real_crops\real_0443_line17.png,LAYANAN KONSUMEN,0.9797335212084353,c:\file akmal\Capstone - Ai Eng - Spendly_ Workspace\data\Groceries\train\images\receipt-188_png_jpg.rf.a99496aea4140dc8946b8333819d436b.jpg,Groceries
c:\file akmal\Capstone - Ai Eng - Spendly_ Workspace\data\_ocr_real_crops\real_0293_line14.png,A-Poin ANDA 2979,0.7804721358137022,c:\file akmal\Capstone - Ai Eng - Spendly_ Workspace\data\Groceries\train\images\CamScanner-19-11-2024-16-49_5_jpg.rf.4526d8997abb115d96d0a29504954fae.jpg,Groceries
c:\file akmal\Capstone - Ai Eng - Spendly_ Workspace\data\_ocr_real_crops\real_0320_line09.png,TUNAI 555 000,0.9991455405978881,c:\file akmal\Capstone - Ai Eng - Spendly_ Workspace\data\Groceries\train\images\receipt-018_png_jpg.rf.1a518272a19041f4a1e80a7d09e0dc96.jpg,Groceries
c:\file akmal\Capstone - Ai Eng - Spendly_ Workspace\data\_ocr_real_crops\real_0501_line12.png,"TOTAL 16 ,00O",0.7237266536757876,c:\file akmal\Capstone - Ai Eng - Spendly_ Workspace\data\Groceries\valid\images\CamScanner-18-11-2024-12-48_87_jpg.rf.e871a804970c40bcd70ae94917aef81d.jpg,Groceries
c:\file akmal\Capstone - Ai Eng - Spendly_ Workspace\data\_ocr_real_crops\real_0460_line13.png,TUNAI 405 000,0.9990106729935416,c:\file akmal\Capstone - Ai Eng - Spendly_ Workspace\data\Groceries\train\images\receipt-368_png_jpg.rf.9c34c11704d79a0d63056a6b64f4a6cf.jpg,Groceries
c:\file akmal\Capstone - Ai Eng - Spendly_ Workspace\data\_ocr_real_crops\real_0321_line13.png,LAYANAN KONSUMEN,0.8535761291102495,c:\file akmal\Capstone - Ai Eng - Spendly_ Workspace\data\Groceries\train\images\receipt-020_png_jpg.rf.6f4276bad8824942eff7222bdf5ef13e.jpg,Groceries
c:\file akmal\Capstone - Ai Eng - Spendly_ Workspace\data\_ocr_real_crops\real_0426_line13.png,LAYANAN KONSUMEN,0.8535761291102495,c:\file akmal\Capstone - Ai Eng - Spendly_ Workspace\data\Groceries\train\images\receipt-167_png_jpg.rf.89be94ea26b0cf209a54cac39effe29a.jpg,Groceries
c:\file akmal\Capstone - Ai Eng - Spendly_ Workspace\data\_ocr_real_crops\real_0333_line13.png,HARGA JUAL 827 600,0.999034885130849,c:\file akmal\Capstone - Ai Eng - Spendly_ Workspace\data\Groceries\train\images\receipt-036_png_jpg.rf.8d50075bc932fbbfe1e9f171afa378f3.jpg,Groceries
c:\file akmal\Capstone - Ai Eng - Spendly_ Workspace\data\_ocr_real_crops\real_0330_line01.png,Ks TUBUN 0293493733,0.9180280919438758,c:\file akmal\Capstone - Ai Eng - Spendly_ Workspace\data\Groceries\train\images\receipt-032_png_jpg.rf.53787048fffd75b5f93b3352a143cc12.jpg,Groceries
c:\file akmal\Capstone - Ai Eng - Spendly_ Workspace\data\_ocr_real_crops\real_0352_line09.png,"HARGA JUAL 972 , 000",0.7792335398802971,c:\file akmal\Capstone - Ai Eng - Spendly_ Workspace\data\Groceries\train\images\receipt-060_png_jpg.rf.c52a933de013d86ff6466321206e4cdb.jpg,Groceries
c:\file akmal\Capstone - Ai Eng - Spendly_ Workspace\data\_ocr_real_crops\real_0432_line14.png,LAYANAN KONSUMEN,0.9976565163177709,c:\file akmal\Capstone - Ai Eng - Spendly_ Workspace\data\Groceries\train\images\receipt-175_png_jpg.rf.cac804321ef8d6f443c1350cde5b46a9.jpg,Groceries
c:\file akmal\Capstone - Ai Eng - Spendly_ Workspace\data\_ocr_real_crops\real_0278_line12.png,DISKON,0.9950382327530156,c:\file akmal\Capstone - Ai Eng - Spendly_ Workspace\data\Groceries\train\images\CamScanner-18-11-2024-12-48_97_jpg.rf.05c0004d175a196671ddc770e7eeedd0.jpg,Groceries
c:\file akmal\Capstone - Ai Eng - Spendly_ Workspace\data\_ocr_real_crops\real_0397_line11.png,TOTAL 632 000,0.9992854957552101,c:\file akmal\Capstone - Ai Eng - Spendly_ Workspace\data\Groceries\train\images\receipt-124_png_jpg.rf.959225faa4e0e4fabed738280087db17.jpg,Groceries
c:\file akmal\Capstone - Ai Eng - Spendly_ Workspace\data\_ocr_real_crops\real_0343_line07.png,HARGA JUAL 86 700,0.9662245850502786,c:\file akmal\Capstone - Ai Eng - Spendly_ Workspace\data\Groceries\train\images\receipt-048_png_jpg.rf.134389abc8fea794f99b80bfee6db4cd.jpg,Groceries
c:\file akmal\Capstone - Ai Eng - Spendly_ Workspace\data\_ocr_real_crops\real_0360_line14.png,KEMBALI 500,0.9640581185656596,c:\file akmal\Capstone - Ai Eng - Spendly_ Workspace\data\Groceries\train\images\receipt-072_png_jpg.rf.73436ad376105b4f377bd7302e98b09c.jpg,Groceries
c:\file akmal\Capstone - Ai Eng - Spendly_ Workspace\data\_ocr_real_crops\real_0508_line10.png,TOTAL 341 700,0.8723158482495311,c:\file akmal\Capstone - Ai Eng - Spendly_ Workspace\data\Groceries\valid\images\receipt-269_png_jpg.rf.e9a552172a4c04eb0f8e55489c1ed229.jpg,Groceries
c:\file akmal\Capstone - Ai Eng - Spendly_ Workspace\data\_ocr_real_crops\real_0365_line18.png,LAYANAN KONSUMEN,0.9959732817457532,c:\file akmal\Capstone - Ai Eng - Spendly_ Workspace\data\Groceries\train\images\receipt-085_png_jpg.rf.49cc433a13828b2612becdefefff9687.jpg,Groceries
c:\file akmal\Capstone - Ai Eng - Spendly_ Workspace\data\_ocr_real_crops\real_0399_line13.png,KEMBALI 400,0.9996697390810834,c:\file akmal\Capstone - Ai Eng - Spendly_ Workspace\data\Groceries\train\images\receipt-126_png_jpg.rf.9f10cfbc9a6e757fba21a902e41d4da6.jpg,Groceries
c:\file akmal\Capstone - Ai Eng - Spendly_ Workspace\data\_ocr_real_crops\real_0452_line08.png,TOTAL 188 000,0.9994952890840386,c:\file akmal\Capstone - Ai Eng - Spendly_ Workspace\data\Groceries\train\images\receipt-307_png_jpg.rf.fb1abb63af9628207a682611e69d046d.jpg,Groceries
c:\file akmal\Capstone - Ai Eng - Spendly_ Workspace\data\_ocr_real_crops\real_0321_line09.png,HARGA JUAL 331 300,0.996275695297124,c:\file akmal\Capstone - Ai Eng - Spendly_ Workspace\data\Groceries\train\images\receipt-020_png_jpg.rf.6f4276bad8824942eff7222bdf5ef13e.jpg,Groceries
c:\file akmal\Capstone - Ai Eng - Spendly_ Workspace\data\_ocr_real_crops\real_0320_line07.png,HARGA JUAL 554 000,0.9989165941059153,c:\file akmal\Capstone - Ai Eng - Spendly_ Workspace\data\Groceries\train\images\receipt-018_png_jpg.rf.1a518272a19041f4a1e80a7d09e0dc96.jpg,Groceries
c:\file akmal\Capstone - Ai Eng - Spendly_ Workspace\data\_ocr_real_crops\real_0422_line01.png,KS TUBUN 0293493733,0.7760493894665143,c:\file akmal\Capstone - Ai Eng - Spendly_ Workspace\data\Groceries\train\images\receipt-158_png_jpg.rf.1bb3553685b256ff33648c58510ff829.jpg,Groceries
c:\file akmal\Capstone - Ai Eng - Spendly_ Workspace\data\_ocr_real_crops\real_0495_line17.png,"PPN 2,955)",0.9921793181487946,c:\file akmal\Capstone - Ai Eng - Spendly_ Workspace\data\Groceries\valid\images\CamScanner-18-11-2024-12-48_64_jpg.rf.9a8adbb81af38893572262869193ce9c.jpg,Groceries
c:\file akmal\Capstone - Ai Eng - Spendly_ Workspace\data\_ocr_real_crops\real_0372_line07.png,HARGA JUAL 87 500,0.9159680602863685,c:\file akmal\Capstone - Ai Eng - Spendly_ Workspace\data\Groceries\train\images\receipt-093_png_jpg.rf.fafe39878cb60ba6cae20a7a9d2f104d.jpg,Groceries
c:\file akmal\Capstone - Ai Eng - Spendly_ Workspace\data\_ocr_real_crops\real_0317_line01.png,Ks TUBUN 0293493733,0.8818269399598927,c:\file akmal\Capstone - Ai Eng - Spendly_ Workspace\data\Groceries\train\images\receipt-013_png_jpg.rf.a9feb613c6461c0ac990176408230994.jpg,Groceries
c:\file akmal\Capstone - Ai Eng - Spendly_ Workspace\data\_ocr_real_crops\real_0327_line09.png,TUNAI 165 000,0.9988887007005699,c:\file akmal\Capstone - Ai Eng - Spendly_ Workspace\data\Groceries\train\images\receipt-027_png_jpg.rf.aa73e4a03aee1162cf66ce3f617da541.jpg,Groceries
c:\file akmal\Capstone - Ai Eng - Spendly_ Workspace\data\_ocr_real_crops\real_0331_line01.png,KS TUBUN 0293493733,0.8117323601401263,c:\file akmal\Capstone - Ai Eng - Spendly_ Workspace\data\Groceries\train\images\receipt-033_png_jpg.rf.f02d1096e992f2a305d14dc0eca9e4f9.jpg,Groceries
c:\file akmal\Capstone - Ai Eng - Spendly_ Workspace\data\_ocr_real_crops\real_0393_line14.png,LAYANAN KONSUMEN,0.9986369029399982,c:\file akmal\Capstone - Ai Eng - Spendly_ Workspace\data\Groceries\train\images\receipt-118_png_jpg.rf.253e11b4558fbc6ef261930384b5ba93.jpg,Groceries
c:\file akmal\Capstone - Ai Eng - Spendly_ Workspace\data\_ocr_real_crops\real_0271_line13.png,"tal Bel anja 26,600",0.9139622083714686,c:\file akmal\Capstone - Ai Eng - Spendly_ Workspace\data\Groceries\train\images\CamScanner-18-11-2024-12-48_82_jpg.rf.9665cc222bbfd2b8d04947b4ff798be1.jpg,Groceries
c:\file akmal\Capstone - Ai Eng - Spendly_ Workspace\data\_ocr_real_crops\real_0404_line11.png,HARGA JUAL 396 300,0.9766097155474365,c:\file akmal\Capstone - Ai Eng - Spendly_ Workspace\data\Groceries\train\images\receipt-132_png_jpg.rf.37177efb9186862df0ed0eb4952c5dd6.jpg,Groceries
c:\file akmal\Capstone - Ai Eng - Spendly_ Workspace\data\_ocr_real_crops\real_0495_line13.png,"Total Disc. 12,1OC",0.7202090470250507,c:\file akmal\Capstone - Ai Eng - Spendly_ Workspace\data\Groceries\valid\images\CamScanner-18-11-2024-12-48_64_jpg.rf.9a8adbb81af38893572262869193ce9c.jpg,Groceries
c:\file akmal\Capstone - Ai Eng - Spendly_ Workspace\data\_ocr_real_crops\real_0369_line13.png,LAYANAN KONSUMEN,0.8535761291102495,c:\file akmal\Capstone - Ai Eng - Spendly_ Workspace\data\Groceries\train\images\receipt-090_png_jpg.rf.9bfba42f1b29d676581c17b7e4f203b1.jpg,Groceries
c:\file akmal\Capstone - Ai Eng - Spendly_ Workspace\data\_ocr_real_crops\real_0431_line10.png,TOTAL 482 300,0.9882240342055318,c:\file akmal\Capstone - Ai Eng - Spendly_ Workspace\data\Groceries\train\images\receipt-174_png_jpg.rf.aab96e7843478086611217fc8b1a0ee0.jpg,Groceries
c:\file akmal\Capstone - Ai Eng - Spendly_ Workspace\data\_ocr_real_crops\real_0487_line11.png,"Total Disc 2, OCio",0.7409537514776366,c:\file akmal\Capstone - Ai Eng - Spendly_ Workspace\data\Groceries\valid\images\CamScanner-18-11-2024-12-48_40_jpg.rf.3b2a38077663751c2922d6e9d5841efa.jpg,Groceries
c:\file akmal\Capstone - Ai Eng - Spendly_ Workspace\data\_ocr_real_crops\real_0417_line16.png,KEMBALI 300,0.9903065109322179,c:\file akmal\Capstone - Ai Eng - Spendly_ Workspace\data\Groceries\train\images\receipt-152_png_jpg.rf.426c213fdfdc908d4919a2b841826923.jpg,Groceries
c:\file akmal\Capstone - Ai Eng - Spendly_ Workspace\data\_ocr_real_crops\real_0328_line12.png,TUNAI 420 000,0.9991631210524062,c:\file akmal\Capstone - Ai Eng - Spendly_ Workspace\data\Groceries\train\images\receipt-028_png_jpg.rf.e4841baa3321ee30f372a9774c76e255.jpg,Groceries
c:\file akmal\Capstone - Ai Eng - Spendly_ Workspace\data\_ocr_real_crops\real_0423_line01.png,Ks TUBUN 0293493733,0.8775807653437823,c:\file akmal\Capstone - Ai Eng - Spendly_ Workspace\data\Groceries\train\images\receipt-160_png_jpg.rf.22a756fbceec6f89024bc7f895381274.jpg,Groceries
c:\file akmal\Capstone - Ai Eng - Spendly_ Workspace\data\_ocr_real_crops\real_0372_line01.png,Ks F UBUN 0293493/33,0.7689855088301818,c:\file akmal\Capstone - Ai Eng - Spendly_ Workspace\data\Groceries\train\images\receipt-093_png_jpg.rf.fafe39878cb60ba6cae20a7a9d2f104d.jpg,Groceries
c:\file akmal\Capstone - Ai Eng - Spendly_ Workspace\data\_ocr_real_crops\real_0369_line10.png,TOTAL 510 000,0.9996584554263584,c:\file akmal\Capstone - Ai Eng - Spendly_ Workspace\data\Groceries\train\images\receipt-090_png_jpg.rf.9bfba42f1b29d676581c17b7e4f203b1.jpg,Groceries
c:\file akmal\Capstone - Ai Eng - Spendly_ Workspace\data\_ocr_real_crops\real_0484_line14.png,Total Disc 2000,0.9873967327944717,c:\file akmal\Capstone - Ai Eng - Spendly_ Workspace\data\Groceries\valid\images\CamScanner-18-11-2024-12-48_28_jpg.rf.1d141909da06115bf72d2505e4b3de83.jpg,Groceries
c:\file akmal\Capstone - Ai Eng - Spendly_ Workspace\data\_ocr_real_crops\real_0442_line01.png,Ks TUBUN 0293493733,0.8775807653437823,c:\file akmal\Capstone - Ai Eng - Spendly_ Workspace\data\Groceries\train\images\receipt-187_png_jpg.rf.0d3d943a675532b96c28da4974e6dc56.jpg,Groceries
c:\file akmal\Capstone - Ai Eng - Spendly_ Workspace\data\_ocr_real_crops\real_0387_line07.png,TOTAL 96 000,0.9994575318981406,c:\file akmal\Capstone - Ai Eng - Spendly_ Workspace\data\Groceries\train\images\receipt-112_png_jpg.rf.20b8c11352bf7d4eb53cca1094b3e73e.jpg,Groceries
c:\file akmal\Capstone - Ai Eng - Spendly_ Workspace\data\_ocr_real_crops\real_0410_line01.png,KS TUBUN 0293493733,0.7760493894665143,c:\file akmal\Capstone - Ai Eng - Spendly_ Workspace\data\Groceries\train\images\receipt-143_png_jpg.rf.494706150d9e1baffdea9c1444d421da.jpg,Groceries
c:\file akmal\Capstone - Ai Eng - Spendly_ Workspace\data\_ocr_real_crops\real_0408_line11.png,TUNAI 370 000,0.9996212508600061,c:\file akmal\Capstone - Ai Eng - Spendly_ Workspace\data\Groceries\train\images\receipt-139_png_jpg.rf.bc8fafc8bdf89556f53491969e9f4565.jpg,Groceries
c:\file akmal\Capstone - Ai Eng - Spendly_ Workspace\data\_ocr_real_crops\real_0398_line11.png,TUNAI 230 000,0.9996473583953298,c:\file akmal\Capstone - Ai Eng - Spendly_ Workspace\data\Groceries\train\images\receipt-125_png_jpg.rf.5f434647f469b8bc739174902b9e9936.jpg,Groceries
c:\file akmal\Capstone - Ai Eng - Spendly_ Workspace\data\_ocr_real_crops\real_0327_line10.png,KEMBALI 800,0.9998989639773446,c:\file akmal\Capstone - Ai Eng - Spendly_ Workspace\data\Groceries\train\images\receipt-027_png_jpg.rf.aa73e4a03aee1162cf66ce3f617da541.jpg,Groceries
c:\file akmal\Capstone - Ai Eng - Spendly_ Workspace\data\_ocr_real_crops\real_0353_line12.png,TUNAI 440 000,0.9987154524934057,c:\file akmal\Capstone - Ai Eng - Spendly_ Workspace\data\Groceries\train\images\receipt-061_png_jpg.rf.4e11d5ffab8a2be64d71aadfd3f3b4ff.jpg,Groceries
c:\file akmal\Capstone - Ai Eng - Spendly_ Workspace\data\_ocr_real_crops\real_0326_line01.png,KS TUBUN 0293493733,0.81884010828596,c:\file akmal\Capstone - Ai Eng - Spendly_ Workspace\data\Groceries\train\images\receipt-026_png_jpg.rf.8547198690d5f2448e751783fa1e4d35.jpg,Groceries
c:\file akmal\Capstone - Ai Eng - Spendly_ Workspace\data\_ocr_real_crops\real_0447_line10.png,TOTAL 494 100,0.9995501437178714,c:\file akmal\Capstone - Ai Eng - Spendly_ Workspace\data\Groceries\train\images\receipt-200_png_jpg.rf.177c2bc8b7e62791a0b83677a4db46e0.jpg,Groceries
c:\file akmal\Capstone - Ai Eng - Spendly_ Workspace\data\_ocr_real_crops\real_0276_line18.png,"TUNAI 71,800",0.9986956008204708,c:\file akmal\Capstone - Ai Eng - Spendly_ Workspace\data\Groceries\train\images\CamScanner-18-11-2024-12-48_93_jpg.rf.940f9b526acfdc0e9c37710dd915d0cc.jpg,Groceries
c:\file akmal\Capstone - Ai Eng - Spendly_ Workspace\data\_ocr_real_crops\real_0286_line11.png,"TOTAL 14,300",0.9981363727484388,c:\file akmal\Capstone - Ai Eng - Spendly_ Workspace\data\Groceries\train\images\CamScanner-19-11-2024-16-49_16_jpg.rf.cf2c220123fe4e02523983bb09c99ddf.jpg,Groceries
c:\file akmal\Capstone - Ai Eng - Spendly_ Workspace\data\_ocr_real_crops\real_0400_line17.png,LAYANAN KONSUMEN,0.9797335212084353,c:\file akmal\Capstone - Ai Eng - Spendly_ Workspace\data\Groceries\train\images\receipt-128_png_jpg.rf.18644ad3bf886a84f0c6dc4870d65131.jpg,Groceries
c:\file akmal\Capstone - Ai Eng - Spendly_ Workspace\data\_ocr_real_crops\real_0401_line15.png,LAYANAN KONSUMEN,0.9171502580912131,c:\file akmal\Capstone - Ai Eng - Spendly_ Workspace\data\Groceries\train\images\receipt-129_png_jpg.rf.e62f4956db51996b1f5de06cfa44e8f2.jpg,Groceries
c:\file akmal\Capstone - Ai Eng - Spendly_ Workspace\data\_ocr_real_crops\real_0292_line14.png,Hember ABU t,0.7709702181896154,c:\file akmal\Capstone - Ai Eng - Spendly_ Workspace\data\Groceries\train\images\CamScanner-19-11-2024-16-49_5_jpg.rf.2af061f407b2709dbc0c1d10a6470ba9.jpg,Groceries
c:\file akmal\Capstone - Ai Eng - Spendly_ Workspace\data\_ocr_real_crops\real_0373_line08.png,TUNAI 30 000,0.9996812178222463,c:\file akmal\Capstone - Ai Eng - Spendly_ Workspace\data\Groceries\train\images\receipt-094_png_jpg.rf.440194047a84c51a5791a5c29bf068c7.jpg,Groceries
c:\file akmal\Capstone - Ai Eng - Spendly_ Workspace\data\_ocr_real_crops\real_0315_line17.png,LAYANAN KONSUMEN,0.9797335212084353,c:\file akmal\Capstone - Ai Eng - Spendly_ Workspace\data\Groceries\train\images\receipt-011_png_jpg.rf.d441ddfc06d2878c01641f22b11d600b.jpg,Groceries
c:\file akmal\Capstone - Ai Eng - Spendly_ Workspace\data\_ocr_real_crops\real_0507_line12.png,TUNAI 470 000,0.9991824814991984,c:\file akmal\Capstone - Ai Eng - Spendly_ Workspace\data\Groceries\valid\images\receipt-248_png_jpg.rf.b0cffab2d2504cea368431dbb5955b1e.jpg,Groceries
c:\file akmal\Capstone - Ai Eng - Spendly_ Workspace\data\_ocr_real_crops\real_0385_line01.png,Ks TUBUN 0293493733,0.8109447556667914,c:\file akmal\Capstone - Ai Eng - Spendly_ Workspace\data\Groceries\train\images\receipt-109_png_jpg.rf.234d030c922f17b69488f19a38dca774.jpg,Groceries
c:\file akmal\Capstone - Ai Eng - Spendly_ Workspace\data\_ocr_real_crops\real_0458_line16.png,LAYANAN KONSUMEN,0.999502132649503,c:\file akmal\Capstone - Ai Eng - Spendly_ Workspace\data\Groceries\train\images\receipt-357_png_jpg.rf.7c3c0e02d93b7ece287e700815c6a737.jpg,Groceries
c:\file akmal\Capstone - Ai Eng - Spendly_ Workspace\data\_ocr_real_crops\real_0442_line15.png,KEMBALI 800,0.826598183493395,c:\file akmal\Capstone - Ai Eng - Spendly_ Workspace\data\Groceries\train\images\receipt-187_png_jpg.rf.0d3d943a675532b96c28da4974e6dc56.jpg,Groceries
c:\file akmal\Capstone - Ai Eng - Spendly_ Workspace\data\_ocr_real_crops\real_0328_line11.png,TOTAL 418 100,0.9995725855330062,c:\file akmal\Capstone - Ai Eng - Spendly_ Workspace\data\Groceries\train\images\receipt-028_png_jpg.rf.e4841baa3321ee30f372a9774c76e255.jpg,Groceries
c:\file akmal\Capstone - Ai Eng - Spendly_ Workspace\data\_ocr_real_crops\real_0332_line06.png,HARGA JUAL 85 000,0.9311430179646434,c:\file akmal\Capstone - Ai Eng - Spendly_ Workspace\data\Groceries\train\images\receipt-035_png_jpg.rf.3adb464d2625382270b9f756a10ab3f3.jpg,Groceries
c:\file akmal\Capstone - Ai Eng - Spendly_ Workspace\data\_ocr_real_crops\real_0288_line03.png,KS TUBUN 0293493733,0.9225107425255512,c:\file akmal\Capstone - Ai Eng - Spendly_ Workspace\data\Groceries\train\images\CamScanner-19-11-2024-16-49_2_jpg.rf.be90ac8be48a868a29b15c0ecb06ccb4.jpg,Groceries
c:\file akmal\Capstone - Ai Eng - Spendly_ Workspace\data\_ocr_real_crops\real_0336_line14.png,KEMBALI 200,0.96400381677535,c:\file akmal\Capstone - Ai Eng - Spendly_ Workspace\data\Groceries\train\images\receipt-041_png_jpg.rf.e3d13ed39f0089facf2ed4a3e01d32eb.jpg,Groceries
c:\file akmal\Capstone - Ai Eng - Spendly_ Workspace\data\_ocr_real_crops\real_0321_line11.png,TUNAI 335 000,0.9997546494704412,c:\file akmal\Capstone - Ai Eng - Spendly_ Workspace\data\Groceries\train\images\receipt-020_png_jpg.rf.6f4276bad8824942eff7222bdf5ef13e.jpg,Groceries
c:\file akmal\Capstone - Ai Eng - Spendly_ Workspace\data\_ocr_real_crops\real_0456_line15.png,LAYANAN KONSUMEN,0.9171502580912131,c:\file akmal\Capstone - Ai Eng - Spendly_ Workspace\data\Groceries\train\images\receipt-341_png_jpg.rf.5733e00d8af1bfa9c174ff7f64d493c7.jpg,Groceries
c:\file akmal\Capstone - Ai Eng - Spendly_ Workspace\data\_ocr_real_crops\real_0365_line17.png,KEMBALI 400,0.9981792041389719,c:\file akmal\Capstone - Ai Eng - Spendly_ Workspace\data\Groceries\train\images\receipt-085_png_jpg.rf.49cc433a13828b2612becdefefff9687.jpg,Groceries
c:\file akmal\Capstone - Ai Eng - Spendly_ Workspace\data\_ocr_real_crops\real_0288_line11.png,"TOTAL 9,000",0.995232380333173,c:\file akmal\Capstone - Ai Eng - Spendly_ Workspace\data\Groceries\train\images\CamScanner-19-11-2024-16-49_2_jpg.rf.be90ac8be48a868a29b15c0ecb06ccb4.jpg,Groceries
c:\file akmal\Capstone - Ai Eng - Spendly_ Workspace\data\_ocr_real_crops\real_0505_line11.png,TOTAL 670 000,0.9947544333911523,c:\file akmal\Capstone - Ai Eng - Spendly_ Workspace\data\Groceries\valid\images\receipt-065_png_jpg.rf.4d8b8661b01ebe4b0564281759551dab.jpg,Groceries
c:\file akmal\Capstone - Ai Eng - Spendly_ Workspace\data\_ocr_real_crops\real_0377_line09.png,TOTAL 115 800,0.9984507045553771,c:\file akmal\Capstone - Ai Eng - Spendly_ Workspace\data\Groceries\train\images\receipt-099_png_jpg.rf.65553cb57d97daf6ccbaf072304ec509.jpg,Groceries
c:\file akmal\Capstone - Ai Eng - Spendly_ Workspace\data\_ocr_real_crops\real_0482_line10.png,"HARGA   JUAL 14,200",0.7164270499502159,c:\file akmal\Capstone - Ai Eng - Spendly_ Workspace\data\Groceries\valid\images\CamScanner-18-11-2024-12-48_23_jpg.rf.7b7d429a9d11b216728e8464b4f1e26b.jpg,Groceries
c:\file akmal\Capstone - Ai Eng - Spendly_ Workspace\data\_ocr_real_crops\real_0288_line08.png,"VC PT SJA (1,000)",0.8454491101772247,c:\file akmal\Capstone - Ai Eng - Spendly_ Workspace\data\Groceries\train\images\CamScanner-19-11-2024-16-49_2_jpg.rf.be90ac8be48a868a29b15c0ecb06ccb4.jpg,Groceries
c:\file akmal\Capstone - Ai Eng - Spendly_ Workspace\data\_ocr_real_crops\real_0471_line12.png,"Total Disc. 5,700",0.7094808302691411,c:\file akmal\Capstone - Ai Eng - Spendly_ Workspace\data\Groceries\train\images\receipt-HD70-27804044V42_png.rf.0cbb0bb2f978ee5b2532d160b8bec436.jpg,Groceries
c:\file akmal\Capstone - Ai Eng - Spendly_ Workspace\data\_ocr_real_crops\real_0447_line11.png,TUNAI 495 000,0.9996609397536704,c:\file akmal\Capstone - Ai Eng - Spendly_ Workspace\data\Groceries\train\images\receipt-200_png_jpg.rf.177c2bc8b7e62791a0b83677a4db46e0.jpg,Groceries
c:\file akmal\Capstone - Ai Eng - Spendly_ Workspace\data\_ocr_real_crops\real_0309_line16.png,LAYANAN KONSUMEN,0.9978043213610552,c:\file akmal\Capstone - Ai Eng - Spendly_ Workspace\data\Groceries\train\images\receipt-001_png_jpg.rf.f9536c7b542661cb4813857db359ca96.jpg,Groceries
c:\file akmal\Capstone - Ai Eng - Spendly_ Workspace\data\_ocr_real_crops\real_0355_line11.png,TOTAL 375 400,0.9993599839861407,c:\file akmal\Capstone - Ai Eng - Spendly_ Workspace\data\Groceries\train\images\receipt-063_png_jpg.rf.aed7b0afce45838bcc5ccb6e45c1c096.jpg,Groceries
c:\file akmal\Capstone - Ai Eng - Spendly_ Workspace\data\_ocr_real_crops\real_0318_line07.png,TOTAL 186 000,0.9994446718724048,c:\file akmal\Capstone - Ai Eng - Spendly_ Workspace\data\Groceries\train\images\receipt-014_png_jpg.rf.4abd06733b996bc09afb0f8e3af4bc3c.jpg,Groceries
c:\file akmal\Capstone - Ai Eng - Spendly_ Workspace\data\_ocr_real_crops\real_0326_line10.png,LAYANAN KONSUMEN,0.9907581232915044,c:\file akmal\Capstone - Ai Eng - Spendly_ Workspace\data\Groceries\train\images\receipt-026_png_jpg.rf.8547198690d5f2448e751783fa1e4d35.jpg,Groceries
c:\file akmal\Capstone - Ai Eng - Spendly_ Workspace\data\_ocr_real_crops\real_0379_line01.png,Ks TUBUN 0293493733,0.8775807653437823,c:\file akmal\Capstone - Ai Eng - Spendly_ Workspace\data\Groceries\train\images\receipt-101_png_jpg.rf.47b1c1fdfccd930fc512e8a6681192be.jpg,Groceries
c:\file akmal\Capstone - Ai Eng - Spendly_ Workspace\data\_ocr_real_crops\real_0341_line07.png,TOTAL 149 100,0.9996848457121482,c:\file akmal\Capstone - Ai Eng - Spendly_ Workspace\data\Groceries\train\images\receipt-046_png_jpg.rf.626455d859bb3608540e89bc4a0b1e4b.jpg,Groceries
c:\file akmal\Capstone - Ai Eng - Spendly_ Workspace\data\_ocr_real_crops\real_0327_line07.png,HARGA JUAL 161 200,0.8863799422911546,c:\file akmal\Capstone - Ai Eng - Spendly_ Workspace\data\Groceries\train\images\receipt-027_png_jpg.rf.aa73e4a03aee1162cf66ce3f617da541.jpg,Groceries
c:\file akmal\Capstone - Ai Eng - Spendly_ Workspace\data\_ocr_real_crops\real_0370_line08.png,TOTAL 382 800,0.9998530110383227,c:\file akmal\Capstone - Ai Eng - Spendly_ Workspace\data\Groceries\train\images\receipt-091_png_jpg.rf.910020c4517f93c521c0860db88dc866.jpg,Groceries
c:\file akmal\Capstone - Ai Eng - Spendly_ Workspace\data\_ocr_real_crops\real_0356_line01.png,KS TUBUN 0293493733,0.81884010828596,c:\file akmal\Capstone - Ai Eng - Spendly_ Workspace\data\Groceries\train\images\receipt-064_png_jpg.rf.4a58dc028c255ce0e5151b6e30f7fdc5.jpg,Groceries
c:\file akmal\Capstone - Ai Eng - Spendly_ Workspace\data\_ocr_real_crops\real_0496_line18.png,"PPN 7,393)",0.8084807777180507,c:\file akmal\Capstone - Ai Eng - Spendly_ Workspace\data\Groceries\valid\images\CamScanner-18-11-2024-12-48_66_jpg.rf.175d49ae70b2dcf2c2e96490452bff4a.jpg,Groceries
c:\file akmal\Capstone - Ai Eng - Spendly_ Workspace\data\_ocr_real_crops\real_0389_line14.png,TUNAI 640 000,0.991121248550303,c:\file akmal\Capstone - Ai Eng - Spendly_ Workspace\data\Groceries\train\images\receipt-114_png_jpg.rf.e29da0af68b8362fdd65ae675dac6534.jpg,Groceries
c:\file akmal\Capstone - Ai Eng - Spendly_ Workspace\data\_ocr_real_crops\real_0491_line08.png,"Tunai 12,800",0.9974060397115316,c:\file akmal\Capstone - Ai Eng - Spendly_ Workspace\data\Groceries\valid\images\CamScanner-18-11-2024-12-48_42_jpg.rf.ede5f3fe74a04cb645fe36d731a8301e.jpg,Groceries
c:\file akmal\Capstone - Ai Eng - Spendly_ Workspace\data\_ocr_real_crops\real_0409_line12.png,LAYANAN KONSUMEN,0.974376929653875,c:\file akmal\Capstone - Ai Eng - Spendly_ Workspace\data\Groceries\train\images\receipt-142_png_jpg.rf.eda143c222d8966b683c40e354f0e36e.jpg,Groceries
c:\file akmal\Capstone - Ai Eng - Spendly_ Workspace\data\_ocr_real_crops\real_0344_line01.png,KS TUBUN 0293493733,0.81884010828596,c:\file akmal\Capstone - Ai Eng - Spendly_ Workspace\data\Groceries\train\images\receipt-049_png_jpg.rf.f6451ea42d6006e01b327a8fb0900ec5.jpg,Groceries
c:\file akmal\Capstone - Ai Eng - Spendly_ Workspace\data\_ocr_real_crops\real_0400_line13.png,HARGA JUAL 831 600,0.8741491379887417,c:\file akmal\Capstone - Ai Eng - Spendly_ Workspace\data\Groceries\train\images\receipt-128_png_jpg.rf.18644ad3bf886a84f0c6dc4870d65131.jpg,Groceries
c:\file akmal\Capstone - Ai Eng - Spendly_ Workspace\data\_ocr_real_crops\real_0410_line13.png,KEMBALI 900,0.9998175693595284,c:\file akmal\Capstone - Ai Eng - Spendly_ Workspace\data\Groceries\train\images\receipt-143_png_jpg.rf.494706150d9e1baffdea9c1444d421da.jpg,Groceries
c:\file akmal\Capstone - Ai Eng - Spendly_ Workspace\data\_ocr_real_crops\real_0429_line06.png,HARGA JUAL 77 400,0.944952996745233,c:\file akmal\Capstone - Ai Eng - Spendly_ Workspace\data\Groceries\train\images\receipt-172_png_jpg.rf.25cca28319ea322bf1beae22fa5ac2fe.jpg,Groceries
c:\file akmal\Capstone - Ai Eng - Spendly_ Workspace\data\_ocr_real_crops\real_0422_line13.png,KEMBALI 000,0.9997395241529836,c:\file akmal\Capstone - Ai Eng - Spendly_ Workspace\data\Groceries\train\images\receipt-158_png_jpg.rf.1bb3553685b256ff33648c58510ff829.jpg,Groceries
c:\file akmal\Capstone - Ai Eng - Spendly_ Workspace\data\_ocr_real_crops\real_0500_line15.png,embal ian,0.725192092203455,c:\file akmal\Capstone - Ai Eng - Spendly_ Workspace\data\Groceries\valid\images\CamScanner-18-11-2024-12-48_82_jpg.rf.17b49fa3da248318fe95dca45ac0d7a1.jpg,Groceries
c:\file akmal\Capstone - Ai Eng - Spendly_ Workspace\data\_ocr_real_crops\real_0392_line01.png,Ks TUBUN 0293493733,0.8109447556667914,c:\file akmal\Capstone - Ai Eng - Spendly_ Workspace\data\Groceries\train\images\receipt-117_png_jpg.rf.bb05cab6185cb21cc89d49814e601e56.jpg,Groceries
c:\file akmal\Capstone - Ai Eng - Spendly_ Workspace\data\_ocr_real_crops\real_0371_line14.png,HARGA JUAL 922 700,0.9041567152768889,c:\file akmal\Capstone - Ai Eng - Spendly_ Workspace\data\Groceries\train\images\receipt-092_png_jpg.rf.690f3a9f6593946aea398df57b2fba03.jpg,Groceries
c:\file akmal\Capstone - Ai Eng - Spendly_ Workspace\data\_ocr_real_crops\real_0443_line14.png,TOTAL 680 000,0.9643118080416871,c:\file akmal\Capstone - Ai Eng - Spendly_ Workspace\data\Groceries\train\images\receipt-188_png_jpg.rf.a99496aea4140dc8946b8333819d436b.jpg,Groceries
c:\file akmal\Capstone - Ai Eng - Spendly_ Workspace\data\_ocr_real_crops\real_0373_line07.png,TOTAL 27 500,0.9882768937079863,c:\file akmal\Capstone - Ai Eng - Spendly_ Workspace\data\Groceries\train\images\receipt-094_png_jpg.rf.440194047a84c51a5791a5c29bf068c7.jpg,Groceries
c:\file akmal\Capstone - Ai Eng - Spendly_ Workspace\data\_ocr_real_crops\real_0394_line16.png,LAYANAN KONSUMEN,0.9977826123721703,c:\file akmal\Capstone - Ai Eng - Spendly_ Workspace\data\Groceries\train\images\receipt-120_png_jpg.rf.9749c28036e0b2386cc27882c5363e1f.jpg,Groceries
c:\file akmal\Capstone - Ai Eng - Spendly_ Workspace\data\_ocr_real_crops\real_0326_line08.png,TUNAI 95 000,0.9998202376414058,c:\file akmal\Capstone - Ai Eng - Spendly_ Workspace\data\Groceries\train\images\receipt-026_png_jpg.rf.8547198690d5f2448e751783fa1e4d35.jpg,Groceries
c:\file akmal\Capstone - Ai Eng - Spendly_ Workspace\data\_ocr_real_crops\real_0431_line11.png,TUNAI 485 000,0.9997570583616483,c:\file akmal\Capstone - Ai Eng - Spendly_ Workspace\data\Groceries\train\images\receipt-174_png_jpg.rf.aab96e7843478086611217fc8b1a0ee0.jpg,Groceries
c:\file akmal\Capstone - Ai Eng - Spendly_ Workspace\data\_ocr_real_crops\real_0404_line01.png,KS TUBUN 0293493733,0.8117323601401263,c:\file akmal\Capstone - Ai Eng - Spendly_ Workspace\data\Groceries\train\images\receipt-132_png_jpg.rf.37177efb9186862df0ed0eb4952c5dd6.jpg,Groceries
c:\file akmal\Capstone - Ai Eng - Spendly_ Workspace\data\_ocr_real_crops\real_0489_line04.png,HA /SHS 081110640888,0.8773149959940799,c:\file akmal\Capstone - Ai Eng - Spendly_ Workspace\data\Groceries\valid\images\CamScanner-18-11-2024-12-48_42_jpg.rf.49f74d915226d447d8cb0d90d3f2fd46.jpg,Groceries
c:\file akmal\Capstone - Ai Eng - Spendly_ Workspace\data\_ocr_real_crops\real_0447_line13.png,LAYANAN KONSUMEN,0.8535761291102495,c:\file akmal\Capstone - Ai Eng - Spendly_ Workspace\data\Groceries\train\images\receipt-200_png_jpg.rf.177c2bc8b7e62791a0b83677a4db46e0.jpg,Groceries
c:\file akmal\Capstone - Ai Eng - Spendly_ Workspace\data\_ocr_real_crops\real_0349_line12.png,KEMBALI 600,0.999649623370719,c:\file akmal\Capstone - Ai Eng - Spendly_ Workspace\data\Groceries\train\images\receipt-054_png_jpg.rf.455b397e5d651148baa986e7924e60f6.jpg,Groceries
c:\file akmal\Capstone - Ai Eng - Spendly_ Workspace\data\_ocr_real_crops\real_0266_line16.png,Kembali RP 2-0oo,0.7802703995157754,c:\file akmal\Capstone - Ai Eng - Spendly_ Workspace\data\Groceries\train\images\12-selesai-cara-transaksi-penjualan-new1_jpg.rf.e1d14e23446a6a9b4e4736bdb1f85b78.jpg,Groceries
c:\file akmal\Capstone - Ai Eng - Spendly_ Workspace\data\_ocr_real_crops\real_0265_line08.png,TOTAL 101 500,0.9957522620373581,c:\file akmal\Capstone - Ai Eng - Spendly_ Workspace\data\Groceries\test\images\receipt-491_png_jpg.rf.12926ce9a821a4e50e5533d7617b9aa7.jpg,Groceries
c:\file akmal\Capstone - Ai Eng - Spendly_ Workspace\data\_ocr_real_crops\real_0312_line17.png,LAYANAN KONSUMEN,0.9797335212084353,c:\file akmal\Capstone - Ai Eng - Spendly_ Workspace\data\Groceries\train\images\receipt-004_png_jpg.rf.8732fa1d7540bdd8ca054bf5b6f4e31b.jpg,Groceries
c:\file akmal\Capstone - Ai Eng - Spendly_ Workspace\data\_ocr_real_crops\real_0393_line12.png,TUNAI 730 000,0.9993790364029929,c:\file akmal\Capstone - Ai Eng - Spendly_ Workspace\data\Groceries\train\images\receipt-118_png_jpg.rf.253e11b4558fbc6ef261930384b5ba93.jpg,Groceries
c:\file akmal\Capstone - Ai Eng - Spendly_ Workspace\data\_ocr_real_crops\real_0439_line01.png,Ks F UBUN 0293493/33,0.7689855088301818,c:\file akmal\Capstone - Ai Eng - Spendly_ Workspace\data\Groceries\train\images\receipt-183_png_jpg.rf.6f2017d201de04622f2df853927aae9f.jpg,Groceries
c:\file akmal\Capstone - Ai Eng - Spendly_ Workspace\data\_ocr_real_crops\real_0287_line14.png,LAYANAN KONSUMEN,0.9996643397136783,c:\file akmal\Capstone - Ai Eng - Spendly_ Workspace\data\Groceries\train\images\CamScanner-19-11-2024-16-49_16_jpg.rf.deb2ec9ce63454dcd04e91b099114a9e.jpg,Groceries
c:\file akmal\Capstone - Ai Eng - Spendly_ Workspace\data\_ocr_real_crops\real_0324_line12.png,TUNAI 330 000,0.9994359258618949,c:\file akmal\Capstone - Ai Eng - Spendly_ Workspace\data\Groceries\train\images\receipt-024_png_jpg.rf.8a4cd7ca1e6668c8055002a9ea3fb7e1.jpg,Groceries
c:\file akmal\Capstone - Ai Eng - Spendly_ Workspace\data\_ocr_real_crops\real_0461_line10.png,TOTAL 885 100,0.9088537281340784,c:\file akmal\Capstone - Ai Eng - Spendly_ Workspace\data\Groceries\train\images\receipt-394_png_jpg.rf.c248f526c1e08941355aa768d9901a4e.jpg,Groceries
c:\file akmal\Capstone - Ai Eng - Spendly_ Workspace\data\_ocr_real_crops\real_0411_line01.png,Ks TUBUN 0293493733,0.9238249159115514,c:\file akmal\Capstone - Ai Eng - Spendly_ Workspace\data\Groceries\train\images\receipt-146_png_jpg.rf.26c4a75ab0a123b619f7f957da1131ed.jpg,Groceries
c:\file akmal\Capstone - Ai Eng - Spendly_ Workspace\data\_ocr_real_crops\real_0376_line12.png,LAYANAN KONSUMEN,0.974376929653875,c:\file akmal\Capstone - Ai Eng - Spendly_ Workspace\data\Groceries\train\images\receipt-097_png_jpg.rf.1a8a0d6c8474eaf2e3adc5239692db58.jpg,Groceries
c:\file akmal\Capstone - Ai Eng - Spendly_ Workspace\data\_ocr_real_crops\real_0476_line13.png,Subtotal Bo . 0oo,0.7083275822866744,c:\file akmal\Capstone - Ai Eng - Spendly_ Workspace\data\Groceries\train\images\warung-pasta_jpg.rf.0d09feb3b6708579b614d5233c17f34c.jpg,Groceries
c:\file akmal\Capstone - Ai Eng - Spendly_ Workspace\data\_ocr_real_crops\real_0377_line01.png,Ks TUBUN 0293493733,0.8109447556667914,c:\file akmal\Capstone - Ai Eng - Spendly_ Workspace\data\Groceries\train\images\receipt-099_png_jpg.rf.65553cb57d97daf6ccbaf072304ec509.jpg,Groceries
c:\file akmal\Capstone - Ai Eng - Spendly_ Workspace\data\_ocr_real_crops\real_0509_line10.png,TOTAL 374 300,0.9881436027044015,c:\file akmal\Capstone - Ai Eng - Spendly_ Workspace\data\Groceries\valid\images\receipt-302_png_jpg.rf.29095baae617a858d7792c400551daa6.jpg,Groceries
c:\file akmal\Capstone - Ai Eng - Spendly_ Workspace\data\_ocr_real_crops\real_0363_line01.png,Ks TUBUN 0293493733,0.8818269399598927,c:\file akmal\Capstone - Ai Eng - Spendly_ Workspace\data\Groceries\train\images\receipt-079_png_jpg.rf.7e2d492a606ca0fd5c1fa8098db22a12.jpg,Groceries
c:\file akmal\Capstone - Ai Eng - Spendly_ Workspace\data\_ocr_real_crops\real_0260_line12.png,KEMBALI 400,0.9993258165481236,c:\file akmal\Capstone - Ai Eng - Spendly_ Workspace\data\Groceries\test\images\receipt-067_png_jpg.rf.930186f0b80cca504c3de8ce3f66565d.jpg,Groceries
c:\file akmal\Capstone - Ai Eng - Spendly_ Workspace\data\_ocr_real_crops\real_0282_line11.png,"TUNAI 22,000",0.9899525610969637,c:\file akmal\Capstone - Ai Eng - Spendly_ Workspace\data\Groceries\train\images\CamScanner-19-11-2024-16-49_13_jpg.rf.8f21a593c403b4406425e7e4d7ebec46.jpg,Groceries
c:\file akmal\Capstone - Ai Eng - Spendly_ Workspace\data\_ocr_real_crops\real_0420_line13.png,KEMBALI 700,0.9998360485561888,c:\file akmal\Capstone - Ai Eng - Spendly_ Workspace\data\Groceries\train\images\receipt-155_png_jpg.rf.997ceb1b392776fb4d7b2d2636bf74a6.jpg,Groceries
c:\file akmal\Capstone - Ai Eng - Spendly_ Workspace\data\_ocr_real_crops\real_0467_line09.png,TUNAI 345 000,0.9980279596474665,c:\file akmal\Capstone - Ai Eng - Spendly_ Workspace\data\Groceries\train\images\receipt-470_png_jpg.rf.9a307bfb6bcb9340ce394e03f0e32a32.jpg,Groceries
c:\file akmal\Capstone - Ai Eng - Spendly_ Workspace\data\_ocr_real_crops\real_0501_line19.png,KONTAKINDOMARET.COID,0.8629637470115334,c:\file akmal\Capstone - Ai Eng - Spendly_ Workspace\data\Groceries\valid\images\CamScanner-18-11-2024-12-48_87_jpg.rf.e871a804970c40bcd70ae94917aef81d.jpg,Groceries
c:\file akmal\Capstone - Ai Eng - Spendly_ Workspace\data\_ocr_real_crops\real_0443_line16.png,KEMBALI,0.9987946784986613,c:\file akmal\Capstone - Ai Eng - Spendly_ Workspace\data\Groceries\train\images\receipt-188_png_jpg.rf.a99496aea4140dc8946b8333819d436b.jpg,Groceries
c:\file akmal\Capstone - Ai Eng - Spendly_ Workspace\data\_ocr_real_crops\real_0378_line14.png,LAYANAN KONSUMEN,0.9986369029399982,c:\file akmal\Capstone - Ai Eng - Spendly_ Workspace\data\Groceries\train\images\receipt-100_png_jpg.rf.a5ac42aa81e84a87e47c7a49a02e5fef.jpg,Groceries
c:\file akmal\Capstone - Ai Eng - Spendly_ Workspace\data\_ocr_real_crops\real_0459_line10.png,KEMBALI 700,0.9998703675145679,c:\file akmal\Capstone - Ai Eng - Spendly_ Workspace\data\Groceries\train\images\receipt-361_png_jpg.rf.9794906dc7455f158d2690389534b259.jpg,Groceries
c:\file akmal\Capstone - Ai Eng - Spendly_ Workspace\data\_ocr_real_crops\real_0335_line16.png,LAYANAN KONSUMEN,0.999502132649503,c:\file akmal\Capstone - Ai Eng - Spendly_ Workspace\data\Groceries\train\images\receipt-040_png_jpg.rf.559c9cca9ad1dc73080e9854010e1a1b.jpg,Groceries
c:\file akmal\Capstone - Ai Eng - Spendly_ Workspace\data\_ocr_real_crops\real_0373_line09.png,KEMBALI 500,0.9292374969106914,c:\file akmal\Capstone - Ai Eng - Spendly_ Workspace\data\Groceries\train\images\receipt-094_png_jpg.rf.440194047a84c51a5791a5c29bf068c7.jpg,Groceries
c:\file akmal\Capstone - Ai Eng - Spendly_ Workspace\data\_ocr_real_crops\real_0348_line16.png,KEMBALI 100,0.9222793578094741,c:\file akmal\Capstone - Ai Eng - Spendly_ Workspace\data\Groceries\train\images\receipt-053_png_jpg.rf.44cffa0128661e2d5e2d569253d7ff83.jpg,Groceries
c:\file akmal\Capstone - Ai Eng - Spendly_ Workspace\data\_ocr_real_crops\real_0367_line15.png,TOTAL 904 500,0.996310245310119,c:\file akmal\Capstone - Ai Eng - Spendly_ Workspace\data\Groceries\train\images\receipt-088_png_jpg.rf.b58e4313cf8be6bf0a8935107d568b4b.jpg,Groceries
c:\file akmal\Capstone - Ai Eng - Spendly_ Workspace\data\_ocr_real_crops\real_0325_line10.png,TOTAL 346 500,0.8884155244458608,c:\file akmal\Capstone - Ai Eng - Spendly_ Workspace\data\Groceries\train\images\receipt-025_png_jpg.rf.948f0b87f6e434be707145ac491807d9.jpg,Groceries
c:\file akmal\Capstone - Ai Eng - Spendly_ Workspace\data\_ocr_real_crops\real_0346_line15.png,TOTAL 771 900,0.8399173673577573,c:\file akmal\Capstone - Ai Eng - Spendly_ Workspace\data\Groceries\train\images\receipt-051_png_jpg.rf.cb552c9a0227dfaca0653b20f4627387.jpg,Groceries
c:\file akmal\Capstone - Ai Eng - Spendly_ Workspace\data\_ocr_real_crops\real_0346_line18.png,LAYANAN KONSUMEN,0.9959732817457532,c:\file akmal\Capstone - Ai Eng - Spendly_ Workspace\data\Groceries\train\images\receipt-051_png_jpg.rf.cb552c9a0227dfaca0653b20f4627387.jpg,Groceries
c:\file akmal\Capstone - Ai Eng - Spendly_ Workspace\data\_ocr_real_crops\real_0456_line01.png,KS TUBUN 0293493733,0.8117323601401263,c:\file akmal\Capstone - Ai Eng - Spendly_ Workspace\data\Groceries\train\images\receipt-341_png_jpg.rf.5733e00d8af1bfa9c174ff7f64d493c7.jpg,Groceries
c:\file akmal\Capstone - Ai Eng - Spendly_ Workspace\data\_ocr_real_crops\real_0326_line06.png,HARGA JUAL 94 400,0.9449536289476173,c:\file akmal\Capstone - Ai Eng - Spendly_ Workspace\data\Groceries\train\images\receipt-026_png_jpg.rf.8547198690d5f2448e751783fa1e4d35.jpg,Groceries
c:\file akmal\Capstone - Ai Eng - Spendly_ Workspace\data\_ocr_real_crops\real_0471_line08.png,"Disc 5,700",0.9461749589342419,c:\file akmal\Capstone - Ai Eng - Spendly_ Workspace\data\Groceries\train\images\receipt-HD70-27804044V42_png.rf.0cbb0bb2f978ee5b2532d160b8bec436.jpg,Groceries
c:\file akmal\Capstone - Ai Eng - Spendly_ Workspace\data\_ocr_real_crops\real_0448_line01.png,Ks F UBUN 0293493/33,0.7689855088301818,c:\file akmal\Capstone - Ai Eng - Spendly_ Workspace\data\Groceries\train\images\receipt-205_png_jpg.rf.d29c84f3db768da7294eeedfd238913f.jpg,Groceries
c:\file akmal\Capstone - Ai Eng - Spendly_ Workspace\data\_ocr_real_crops\real_0261_line01.png,Ks F UBUN 0293493/33,0.7689855088301818,c:\file akmal\Capstone - Ai Eng - Spendly_ Workspace\data\Groceries\test\images\receipt-194_png_jpg.rf.fbbcb327197ccec715d944834b2ee1bc.jpg,Groceries
c:\file akmal\Capstone - Ai Eng - Spendly_ Workspace\data\_ocr_real_crops\real_0279_line18.png,ANDA HEMAT 9 100,0.9236377655130541,c:\file akmal\Capstone - Ai Eng - Spendly_ Workspace\data\Groceries\train\images\CamScanner-18-11-2024-12-48_97_jpg.rf.8a0bb53ee7b930ef275af05cb777209b.jpg,Groceries
c:\file akmal\Capstone - Ai Eng - Spendly_ Workspace\data\_ocr_real_crops\real_0343_line11.png,LAYANAN KONSUMEN,0.9922261037115307,c:\file akmal\Capstone - Ai Eng - Spendly_ Workspace\data\Groceries\train\images\receipt-048_png_jpg.rf.134389abc8fea794f99b80bfee6db4cd.jpg,Groceries
c:\file akmal\Capstone - Ai Eng - Spendly_ Workspace\data\_ocr_real_crops\real_0404_line13.png,TUNAI 400 000,0.9987508047981214,c:\file akmal\Capstone - Ai Eng - Spendly_ Workspace\data\Groceries\train\images\receipt-132_png_jpg.rf.37177efb9186862df0ed0eb4952c5dd6.jpg,Groceries
c:\file akmal\Capstone - Ai Eng - Spendly_ Workspace\data\_ocr_real_crops\real_0415_line11.png,LAYANAN KONSUMEN,0.9922261037115307,c:\file akmal\Capstone - Ai Eng - Spendly_ Workspace\data\Groceries\train\images\receipt-150_png_jpg.rf.5272a64b60826b7f0f748448484b8b1a.jpg,Groceries
c:\file akmal\Capstone - Ai Eng - Spendly_ Workspace\data\_ocr_real_crops\real_0436_line17.png,LAYANAN KONSUMEN,0.9797335212084353,c:\file akmal\Capstone - Ai Eng - Spendly_ Workspace\data\Groceries\train\images\receipt-179_png_jpg.rf.36cd22ebefc524d5bf9a56a599b91b0e.jpg,Groceries
c:\file akmal\Capstone - Ai Eng - Spendly_ Workspace\data\_ocr_real_crops\real_0392_line10.png,TUNAI 595 000,0.8754925339272432,c:\file akmal\Capstone - Ai Eng - Spendly_ Workspace\data\Groceries\train\images\receipt-117_png_jpg.rf.bb05cab6185cb21cc89d49814e601e56.jpg,Groceries
c:\file akmal\Capstone - Ai Eng - Spendly_ Workspace\data\_ocr_real_crops\real_0343_line10.png,KEMBALI 300,0.9998042626916005,c:\file akmal\Capstone - Ai Eng - Spendly_ Workspace\data\Groceries\train\images\receipt-048_png_jpg.rf.134389abc8fea794f99b80bfee6db4cd.jpg,Groceries
c:\file akmal\Capstone - Ai Eng - Spendly_ Workspace\data\_ocr_real_crops\real_0441_line11.png,TUNAI 375 000,0.9996562830022059,c:\file akmal\Capstone - Ai Eng - Spendly_ Workspace\data\Groceries\train\images\receipt-186_png_jpg.rf.7136376fdf6d2894a9cf6e8e580ddc4a.jpg,Groceries
c:\file akmal\Capstone - Ai Eng - Spendly_ Workspace\data\_ocr_real_crops\real_0371_line15.png,TOTAL 922 700,0.9948473787567167,c:\file akmal\Capstone - Ai Eng - Spendly_ Workspace\data\Groceries\train\images\receipt-092_png_jpg.rf.690f3a9f6593946aea398df57b2fba03.jpg,Groceries
c:\file akmal\Capstone - Ai Eng - Spendly_ Workspace\data\_ocr_real_crops\real_0376_line10.png,TUNAI 575 000,0.9482890776156562,c:\file akmal\Capstone - Ai Eng - Spendly_ Workspace\data\Groceries\train\images\receipt-097_png_jpg.rf.1a8a0d6c8474eaf2e3adc5239692db58.jpg,Groceries
c:\file akmal\Capstone - Ai Eng - Spendly_ Workspace\data\_ocr_real_crops\real_0493_line09.png,Disc 417 800,0.8125172730192691,c:\file akmal\Capstone - Ai Eng - Spendly_ Workspace\data\Groceries\valid\images\CamScanner-18-11-2024-12-48_56_jpg.rf.c0fcecc9313c8f6389071c1f747f3d74.jpg,Groceries
c:\file akmal\Capstone - Ai Eng - Spendly_ Workspace\data\_ocr_real_crops\real_0354_line01.png,KS TUBUN 0293493733,0.7979685602495988,c:\file akmal\Capstone - Ai Eng - Spendly_ Workspace\data\Groceries\train\images\receipt-062_png_jpg.rf.b3d4d48c07c7b554092d88d265a71560.jpg,Groceries
c:\file akmal\Capstone - Ai Eng - Spendly_ Workspace\data\_ocr_real_crops\real_0310_line09.png,TOTAL 805 400,0.9926925127634982,c:\file akmal\Capstone - Ai Eng - Spendly_ Workspace\data\Groceries\train\images\receipt-002_png_jpg.rf.2c886ed2aa930c7a9941f6b9dc37aa63.jpg,Groceries
c:\file akmal\Capstone - Ai Eng - Spendly_ Workspace\data\_ocr_real_crops\real_0387_line09.png,KEMBALI 000,0.9994908953848155,c:\file akmal\Capstone - Ai Eng - Spendly_ Workspace\data\Groceries\train\images\receipt-112_png_jpg.rf.20b8c11352bf7d4eb53cca1094b3e73e.jpg,Groceries
c:\file akmal\Capstone - Ai Eng - Spendly_ Workspace\data\_ocr_real_crops\real_0507_line01.png,KS TUBUN 0293493733,0.7760493894665143,c:\file akmal\Capstone - Ai Eng - Spendly_ Workspace\data\Groceries\valid\images\receipt-248_png_jpg.rf.b0cffab2d2504cea368431dbb5955b1e.jpg,Groceries
c:\file akmal\Capstone - Ai Eng - Spendly_ Workspace\data\_ocr_real_crops\real_0442_line13.png,TOTAL 397 200,0.9994493347082484,c:\file akmal\Capstone - Ai Eng - Spendly_ Workspace\data\Groceries\train\images\receipt-187_png_jpg.rf.0d3d943a675532b96c28da4974e6dc56.jpg,Groceries
c:\file akmal\Capstone - Ai Eng - Spendly_ Workspace\data\_ocr_real_crops\real_0502_line15.png,HARGA JUAL 58 600,0.9473921837992393,c:\file akmal\Capstone - Ai Eng - Spendly_ Workspace\data\Groceries\valid\images\CamScanner-18-11-2024-12-48_8_jpg.rf.035fba047eeb5c9770eba6ef119c9b21.jpg,Groceries
c:\file akmal\Capstone - Ai Eng - Spendly_ Workspace\data\_ocr_real_crops\real_0272_line11.png,"SHOPEEPAY 12,900",0.9651300602466159,c:\file akmal\Capstone - Ai Eng - Spendly_ Workspace\data\Groceries\train\images\CamScanner-18-11-2024-12-48_84_jpg.rf.d5c9f66f3a0e1070b85dcd6bf2a550ea.jpg,Groceries
c:\file akmal\Capstone - Ai Eng - Spendly_ Workspace\data\_ocr_real_crops\real_0442_line14.png,TUNAI 400 000,0.9828844949835984,c:\file akmal\Capstone - Ai Eng - Spendly_ Workspace\data\Groceries\train\images\receipt-187_png_jpg.rf.0d3d943a675532b96c28da4974e6dc56.jpg,Groceries
c:\file akmal\Capstone - Ai Eng - Spendly_ Workspace\data\_ocr_real_crops\real_0272_line12.png,Kembalian,0.9999748466817318,c:\file akmal\Capstone - Ai Eng - Spendly_ Workspace\data\Groceries\train\images\CamScanner-18-11-2024-12-48_84_jpg.rf.d5c9f66f3a0e1070b85dcd6bf2a550ea.jpg,Groceries
c:\file akmal\Capstone - Ai Eng - Spendly_ Workspace\data\_ocr_real_crops\real_0355_line14.png,LAYANAN KONSUMEN,0.9986369029399982,c:\file akmal\Capstone - Ai Eng - Spendly_ Workspace\data\Groceries\train\images\receipt-063_png_jpg.rf.aed7b0afce45838bcc5ccb6e45c1c096.jpg,Groceries
c:\file akmal\Capstone - Ai Eng - Spendly_ Workspace\data\_ocr_real_crops\real_0304_line03.png,2022-04-14 Afi,0.9970138215889917,c:\file akmal\Capstone - Ai Eng - Spendly_ Workspace\data\Groceries\train\images\id-11134207-7r98w-lzbsdcbkel0e03_jpg.rf.703d9bd5d99b009ad316b1cf8f50d67d.jpg,Groceries
c:\file akmal\Capstone - Ai Eng - Spendly_ Workspace\data\_ocr_real_crops\real_0262_line10.png,TOTAL 649 200,0.9674615720731787,c:\file akmal\Capstone - Ai Eng - Spendly_ Workspace\data\Groceries\test\images\receipt-202_png_jpg.rf.348272ee42b0f9c493843cc37af5c342.jpg,Groceries
c:\file akmal\Capstone - Ai Eng - Spendly_ Workspace\data\_ocr_real_crops\real_0378_line01.png,KS TUBUN 0293493733,0.7760493894665143,c:\file akmal\Capstone - Ai Eng - Spendly_ Workspace\data\Groceries\train\images\receipt-100_png_jpg.rf.a5ac42aa81e84a87e47c7a49a02e5fef.jpg,Groceries
c:\file akmal\Capstone - Ai Eng - Spendly_ Workspace\data\_ocr_real_crops\real_0510_line01.png,Ks TUBUN 0293493733,0.8818269399598927,c:\file akmal\Capstone - Ai Eng - Spendly_ Workspace\data\Groceries\valid\images\receipt-322_png_jpg.rf.1a6d001f3d7133247c5ab6c431441722.jpg,Groceries
c:\file akmal\Capstone - Ai Eng - Spendly_ Workspace\data\_ocr_real_crops\real_0322_line14.png,KEMBALI 800,0.8914279424948134,c:\file akmal\Capstone - Ai Eng - Spendly_ Workspace\data\Groceries\train\images\receipt-022_png_jpg.rf.4282bf15cecf871c0c79fcbae3474d29.jpg,Groceries
c:\file akmal\Capstone - Ai Eng - Spendly_ Workspace\data\_ocr_real_crops\real_0368_line13.png,TOTAL 065 100,0.9990344671109238,c:\file akmal\Capstone - Ai Eng - Spendly_ Workspace\data\Groceries\train\images\receipt-089_png_jpg.rf.f655245766de70ade64dca9c6116770e.jpg,Groceries
c:\file akmal\Capstone - Ai Eng - Spendly_ Workspace\data\_ocr_real_crops\real_0459_line07.png,HARGA JUAL 113 300,0.9987863999997265,c:\file akmal\Capstone - Ai Eng - Spendly_ Workspace\data\Groceries\train\images\receipt-361_png_jpg.rf.9794906dc7455f158d2690389534b259.jpg,Groceries
c:\file akmal\Capstone - Ai Eng - Spendly_ Workspace\data\_ocr_real_crops\real_0430_line06.png,HARGA JUAL 27 500,0.9475641901132641,c:\file akmal\Capstone - Ai Eng - Spendly_ Workspace\data\Groceries\train\images\receipt-173_png_jpg.rf.febfb7096759b446cce9afcbda3cc821.jpg,Groceries
c:\file akmal\Capstone - Ai Eng - Spendly_ Workspace\data\_ocr_real_crops\real_0482_line12.png,"TuNAi 20,000",0.7223437595094394,c:\file akmal\Capstone - Ai Eng - Spendly_ Workspace\data\Groceries\valid\images\CamScanner-18-11-2024-12-48_23_jpg.rf.7b7d429a9d11b216728e8464b4f1e26b.jpg,Groceries
c:\file akmal\Capstone - Ai Eng - Spendly_ Workspace\data\_ocr_real_crops\real_0410_line14.png,LAYANAN KONSUMEN,0.9986369029399982,c:\file akmal\Capstone - Ai Eng - Spendly_ Workspace\data\Groceries\train\images\receipt-143_png_jpg.rf.494706150d9e1baffdea9c1444d421da.jpg,Groceries
c:\file akmal\Capstone - Ai Eng - Spendly_ Workspace\data\_ocr_real_crops\real_0404_line14.png,KEMBALI 700,0.9640631427256159,c:\file akmal\Capstone - Ai Eng - Spendly_ Workspace\data\Groceries\train\images\receipt-132_png_jpg.rf.37177efb9186862df0ed0eb4952c5dd6.jpg,Groceries
c:\file akmal\Capstone - Ai Eng - Spendly_ Workspace\data\_ocr_real_crops\real_0470_line02.png,NAKULA sMGIF NKLA,0.7074524502975874,c:\file akmal\Capstone - Ai Eng - Spendly_ Workspace\data\Groceries\train\images\receipt-HD11-1223103W5W3_png.rf.61d3bbc9493bc38f171685f8eae2af40.jpg,Groceries
c:\file akmal\Capstone - Ai Eng - Spendly_ Workspace\data\_ocr_real_crops\real_0496_line13.png,"Total Lei 74,6J0",0.764322183835409,c:\file akmal\Capstone - Ai Eng - Spendly_ Workspace\data\Groceries\valid\images\CamScanner-18-11-2024-12-48_66_jpg.rf.175d49ae70b2dcf2c2e96490452bff4a.jpg,Groceries
c:\file akmal\Capstone - Ai Eng - Spendly_ Workspace\data\_ocr_real_crops\real_0439_line07.png,HARGA JUAL 294 600,0.9990390799603781,c:\file akmal\Capstone - Ai Eng - Spendly_ Workspace\data\Groceries\train\images\receipt-183_png_jpg.rf.6f2017d201de04622f2df853927aae9f.jpg,Groceries
c:\file akmal\Capstone - Ai Eng - Spendly_ Workspace\data\_ocr_real_crops\real_0482_line13.png,"KEMBALI 5,800",0.826845580664757,c:\file akmal\Capstone - Ai Eng - Spendly_ Workspace\data\Groceries\valid\images\CamScanner-18-11-2024-12-48_23_jpg.rf.7b7d429a9d11b216728e8464b4f1e26b.jpg,Groceries
c:\file akmal\Capstone - Ai Eng - Spendly_ Workspace\data\_ocr_real_crops\real_0476_line15.png,"PB ox 8,400",0.7095296932016423,c:\file akmal\Capstone - Ai Eng - Spendly_ Workspace\data\Groceries\train\images\warung-pasta_jpg.rf.0d09feb3b6708579b614d5233c17f34c.jpg,Groceries
c:\file akmal\Capstone - Ai Eng - Spendly_ Workspace\data\_ocr_real_crops\real_0464_line07.png,TOTAL 69 900,0.999742989050682,c:\file akmal\Capstone - Ai Eng - Spendly_ Workspace\data\Groceries\train\images\receipt-424_png_jpg.rf.d4cbc562d2d5a0996c0a5036b4e88875.jpg,Groceries
c:\file akmal\Capstone - Ai Eng - Spendly_ Workspace\data\_ocr_real_crops\real_0468_line11.png,LAYANAN KONSUMEN,0.9922261037115307,c:\file akmal\Capstone - Ai Eng - Spendly_ Workspace\data\Groceries\train\images\receipt-476_png_jpg.rf.43ab549a19b58a84be07f52aa2c0c50e.jpg,Groceries
c:\file akmal\Capstone - Ai Eng - Spendly_ Workspace\data\_ocr_real_crops\real_0493_line14.png,Kembaliar,0.9556949343025587,c:\file akmal\Capstone - Ai Eng - Spendly_ Workspace\data\Groceries\valid\images\CamScanner-18-11-2024-12-48_56_jpg.rf.c0fcecc9313c8f6389071c1f747f3d74.jpg,Groceries
c:\file akmal\Capstone - Ai Eng - Spendly_ Workspace\data\_ocr_real_crops\real_0334_line15.png,KEMBALI 800,0.8296307939536154,c:\file akmal\Capstone - Ai Eng - Spendly_ Workspace\data\Groceries\train\images\receipt-038_png_jpg.rf.98c228cc30dadfd5bd23c8ad12a2dab4.jpg,Groceries
c:\file akmal\Capstone - Ai Eng - Spendly_ Workspace\data\_ocr_real_crops\real_0389_line16.png,LAYANAN KONSUMEN,0.9978043213610552,c:\file akmal\Capstone - Ai Eng - Spendly_ Workspace\data\Groceries\train\images\receipt-114_png_jpg.rf.e29da0af68b8362fdd65ae675dac6534.jpg,Groceries
c:\file akmal\Capstone - Ai Eng - Spendly_ Workspace\data\_ocr_real_crops\real_0468_line01.png,Ks F UBUN 0293493/33,0.7689855088301818,c:\file akmal\Capstone - Ai Eng - Spendly_ Workspace\data\Groceries\train\images\receipt-476_png_jpg.rf.43ab549a19b58a84be07f52aa2c0c50e.jpg,Groceries
c:\file akmal\Capstone - Ai Eng - Spendly_ Workspace\data\_ocr_real_crops\real_0407_line10.png,HARGA JUAL 536 000,0.9987345982513919,c:\file akmal\Capstone - Ai Eng - Spendly_ Workspace\data\Groceries\train\images\receipt-135_png_jpg.rf.b5f13c684068b2fca5a3157298f8146b.jpg,Groceries
c:\file akmal\Capstone - Ai Eng - Spendly_ Workspace\data\_ocr_real_crops\real_0318_line06.png,HARGA JUAL 186 000,0.9311421025504679,c:\file akmal\Capstone - Ai Eng - Spendly_ Workspace\data\Groceries\train\images\receipt-014_png_jpg.rf.4abd06733b996bc09afb0f8e3af4bc3c.jpg,Groceries
c:\file akmal\Capstone - Ai Eng - Spendly_ Workspace\data\_ocr_real_crops\real_0369_line11.png,TUNAI 510 000,0.9996124873559609,c:\file akmal\Capstone - Ai Eng - Spendly_ Workspace\data\Groceries\train\images\receipt-090_png_jpg.rf.9bfba42f1b29d676581c17b7e4f203b1.jpg,Groceries
c:\file akmal\Capstone - Ai Eng - Spendly_ Workspace\data\_ocr_real_crops\real_0333_line14.png,TOTAL 827 600,0.9626883860443022,c:\file akmal\Capstone - Ai Eng - Spendly_ Workspace\data\Groceries\train\images\receipt-036_png_jpg.rf.8d50075bc932fbbfe1e9f171afa378f3.jpg,Groceries
c:\file akmal\Capstone - Ai Eng - Spendly_ Workspace\data\_ocr_real_crops\real_0260_line11.png,TUNAI 515 000,0.9996399960801843,c:\file akmal\Capstone - Ai Eng - Spendly_ Workspace\data\Groceries\test\images\receipt-067_png_jpg.rf.930186f0b80cca504c3de8ce3f66565d.jpg,Groceries
c:\file akmal\Capstone - Ai Eng - Spendly_ Workspace\data\_ocr_real_crops\real_0261_line07.png,HARGA JUAL 366 300,0.9989910585703256,c:\file akmal\Capstone - Ai Eng - Spendly_ Workspace\data\Groceries\test\images\receipt-194_png_jpg.rf.fbbcb327197ccec715d944834b2ee1bc.jpg,Groceries
c:\file akmal\Capstone - Ai Eng - Spendly_ Workspace\data\_ocr_real_crops\real_0324_line13.png,KEMBALI 300,0.9997397306196302,c:\file akmal\Capstone - Ai Eng - Spendly_ Workspace\data\Groceries\train\images\receipt-024_png_jpg.rf.8a4cd7ca1e6668c8055002a9ea3fb7e1.jpg,Groceries
c:\file akmal\Capstone - Ai Eng - Spendly_ Workspace\data\_ocr_real_crops\real_0506_line11.png,TOTAL 551 300,0.9309195753120968,c:\file akmal\Capstone - Ai Eng - Spendly_ Workspace\data\Groceries\valid\images\receipt-215_png_jpg.rf.8d47b27f9e5c7ae48c09779b3e56ef52.jpg,Groceries
c:\file akmal\Capstone - Ai Eng - Spendly_ Workspace\data\_ocr_real_crops\real_0507_line13.png,KEMBALI 700,0.9998360485561888,c:\file akmal\Capstone - Ai Eng - Spendly_ Workspace\data\Groceries\valid\images\receipt-248_png_jpg.rf.b0cffab2d2504cea368431dbb5955b1e.jpg,Groceries
c:\file akmal\Capstone - Ai Eng - Spendly_ Workspace\data\_ocr_real_crops\real_0304_line09.png,"X 15,000 Rp 15.000",0.7797150129722351,c:\file akmal\Capstone - Ai Eng - Spendly_ Workspace\data\Groceries\train\images\id-11134207-7r98w-lzbsdcbkel0e03_jpg.rf.703d9bd5d99b009ad316b1cf8f50d67d.jpg,Groceries
c:\file akmal\Capstone - Ai Eng - Spendly_ Workspace\data\_ocr_real_crops\real_0364_line13.png,TOTAL 999 200,0.9995536417336709,c:\file akmal\Capstone - Ai Eng - Spendly_ Workspace\data\Groceries\train\images\receipt-083_png_jpg.rf.fdc2b9c7787a8b5041f016b101c0ac67.jpg,Groceries
c:\file akmal\Capstone - Ai Eng - Spendly_ Workspace\data\_ocr_real_crops\real_0264_line10.png,LAYANAN KONSUMEN,0.9907581232915044,c:\file akmal\Capstone - Ai Eng - Spendly_ Workspace\data\Groceries\test\images\receipt-484_png_jpg.rf.7292d82ef8903bf1b90c84f5fb2c59fa.jpg,Groceries
c:\file akmal\Capstone - Ai Eng - Spendly_ Workspace\data\_ocr_real_crops\real_0428_line11.png,HARGA JUAL 627 500,0.8522867003826519,c:\file akmal\Capstone - Ai Eng - Spendly_ Workspace\data\Groceries\train\images\receipt-171_png_jpg.rf.96e56ec037e765d339e1199faf6971f1.jpg,Groceries
c:\file akmal\Capstone - Ai Eng - Spendly_ Workspace\data\_ocr_real_crops\real_0457_line13.png,KEMBALI 200,0.9997219745297865,c:\file akmal\Capstone - Ai Eng - Spendly_ Workspace\data\Groceries\train\images\receipt-356_png_jpg.rf.3432c26b29da2f695c9803e736e99322.jpg,Groceries
c:\file akmal\Capstone - Ai Eng - Spendly_ Workspace\data\_ocr_real_crops\real_0363_line13.png,HARGA JUAL 127 500,0.9484290337701557,c:\file akmal\Capstone - Ai Eng - Spendly_ Workspace\data\Groceries\train\images\receipt-079_png_jpg.rf.7e2d492a606ca0fd5c1fa8098db22a12.jpg,Groceries
c:\file akmal\Capstone - Ai Eng - Spendly_ Workspace\data\_ocr_real_crops\real_0433_line14.png,HARGA JUAL 301 500,0.991844846869377,c:\file akmal\Capstone - Ai Eng - Spendly_ Workspace\data\Groceries\train\images\receipt-176_png_jpg.rf.9c502549eec368ccf75b6e5161ef88fc.jpg,Groceries
c:\file akmal\Capstone - Ai Eng - Spendly_ Workspace\data\_ocr_real_crops\real_0402_line14.png,KEMBALI 000,0.9627740138960673,c:\file akmal\Capstone - Ai Eng - Spendly_ Workspace\data\Groceries\train\images\receipt-130_png_jpg.rf.cc303731260222b16de636bf3400df8f.jpg,Groceries
c:\file akmal\Capstone - Ai Eng - Spendly_ Workspace\data\_ocr_real_crops\real_0386_line01.png,Ks TUBUN 0293493733,0.8109447556667914,c:\file akmal\Capstone - Ai Eng - Spendly_ Workspace\data\Groceries\train\images\receipt-110_png_jpg.rf.5a1ea575fca52465f9fdc26f66aee92b.jpg,Groceries
c:\file akmal\Capstone - Ai Eng - Spendly_ Workspace\data\_ocr_real_crops\real_0315_line13.png,HARGA JUAL 660 300,0.9411475193594636,c:\file akmal\Capstone - Ai Eng - Spendly_ Workspace\data\Groceries\train\images\receipt-011_png_jpg.rf.d441ddfc06d2878c01641f22b11d600b.jpg,Groceries
c:\file akmal\Capstone - Ai Eng - Spendly_ Workspace\data\_ocr_real_crops\real_0264_line08.png,"TUNAI 3 , 365 000",0.979684808166014,c:\file akmal\Capstone - Ai Eng - Spendly_ Workspace\data\Groceries\test\images\receipt-484_png_jpg.rf.7292d82ef8903bf1b90c84f5fb2c59fa.jpg,Groceries
c:\file akmal\Capstone - Ai Eng - Spendly_ Workspace\data\_ocr_real_crops\real_0329_line01.png,Ks F UBUN 0293493/33,0.7689855088301818,c:\file akmal\Capstone - Ai Eng - Spendly_ Workspace\data\Groceries\train\images\receipt-031_png_jpg.rf.77113f34c6b72e5d1351c8fe869acc4b.jpg,Groceries
c:\file akmal\Capstone - Ai Eng - Spendly_ Workspace\data\_ocr_real_crops\real_0267_line13.png,Total 47.000,0.977505660933248,c:\file akmal\Capstone - Ai Eng - Spendly_ Workspace\data\Groceries\train\images\6-tampilan-dari-cetak-struk_jpg.rf.2093be40c40144b79cfcae59f747aba8.jpg,Groceries
c:\file akmal\Capstone - Ai Eng - Spendly_ Workspace\data\_ocr_real_crops\real_0280_line15.png,"ANDA HEMAT 1 ,000",0.9396718187152001,c:\file akmal\Capstone - Ai Eng - Spendly_ Workspace\data\Groceries\train\images\CamScanner-18-11-2024-12-48_99_jpg.rf.fde8eab1d207cf459b243ab6ac649537.jpg,Groceries
c:\file akmal\Capstone - Ai Eng - Spendly_ Workspace\data\_ocr_real_crops\real_0439_line10.png,KEMBALI 400,0.9996100843974165,c:\file akmal\Capstone - Ai Eng - Spendly_ Workspace\data\Groceries\train\images\receipt-183_png_jpg.rf.6f2017d201de04622f2df853927aae9f.jpg,Groceries
c:\file akmal\Capstone - Ai Eng - Spendly_ Workspace\data\_ocr_real_crops\real_0271_line07.png,BRD H 0-015 200 210,0.8135961947402469,c:\file akmal\Capstone - Ai Eng - Spendly_ Workspace\data\Groceries\train\images\CamScanner-18-11-2024-12-48_82_jpg.rf.9665cc222bbfd2b8d04947b4ff798be1.jpg,Groceries
c:\file akmal\Capstone - Ai Eng - Spendly_ Workspace\data\_ocr_real_crops\real_0381_line06.png,HARGA JUAL 32 200,0.8408297264607507,c:\file akmal\Capstone - Ai Eng - Spendly_ Workspace\data\Groceries\train\images\receipt-103_png_jpg.rf.45cedddca7039b64fbdb4c57d5d73a30.jpg,Groceries
c:\file akmal\Capstone - Ai Eng - Spendly_ Workspace\data\_ocr_real_crops\real_0304_line06.png,Nasi Ayam Geprek,0.7556148606945484,c:\file akmal\Capstone - Ai Eng - Spendly_ Workspace\data\Groceries\train\images\id-11134207-7r98w-lzbsdcbkel0e03_jpg.rf.703d9bd5d99b009ad316b1cf8f50d67d.jpg,Groceries
c:\file akmal\Capstone - Ai Eng - Spendly_ Workspace\data\_ocr_real_crops\real_0283_line17.png,KLIKINDOMARET,0.9978642686261515,c:\file akmal\Capstone - Ai Eng - Spendly_ Workspace\data\Groceries\train\images\CamScanner-19-11-2024-16-49_13_jpg.rf.9d06cf649afd684329ccc8da9c4f0ed0.jpg,Groceries
c:\file akmal\Capstone - Ai Eng - Spendly_ Workspace\data\_ocr_real_crops\real_0421_line11.png,TUNAI 385 000,0.999653163375099,c:\file akmal\Capstone - Ai Eng - Spendly_ Workspace\data\Groceries\train\images\receipt-156_png_jpg.rf.5f7d6c1cef82c7c1f86c4dcc7b0aeb93.jpg,Groceries
c:\file akmal\Capstone - Ai Eng - Spendly_ Workspace\data\_ocr_real_crops\real_0460_line14.png,KEMBALI 500,0.9640581185656596,c:\file akmal\Capstone - Ai Eng - Spendly_ Workspace\data\Groceries\train\images\receipt-368_png_jpg.rf.9c34c11704d79a0d63056a6b64f4a6cf.jpg,Groceries
c:\file akmal\Capstone - Ai Eng - Spendly_ Workspace\data\_ocr_real_crops\real_0273_line13.png,"TUNAI 150,000",0.9473600895257308,c:\file akmal\Capstone - Ai Eng - Spendly_ Workspace\data\Groceries\train\images\CamScanner-18-11-2024-12-48_89_jpg.rf.5c31ea9599c7f8e1007cffdce3e6b4ba.jpg,Groceries
c:\file akmal\Capstone - Ai Eng - Spendly_ Workspace\data\_ocr_real_crops\real_0377_line11.png,KEMBALI 200,0.8929938931029657,c:\file akmal\Capstone - Ai Eng - Spendly_ Workspace\data\Groceries\train\images\receipt-099_png_jpg.rf.65553cb57d97daf6ccbaf072304ec509.jpg,Groceries
c:\file akmal\Capstone - Ai Eng - Spendly_ Workspace\data\_ocr_real_crops\real_0267_line10.png,Nasi Goreng Spesia1,0.8755214953286187,c:\file akmal\Capstone - Ai Eng - Spendly_ Workspace\data\Groceries\train\images\6-tampilan-dari-cetak-struk_jpg.rf.2093be40c40144b79cfcae59f747aba8.jpg,Groceries
c:\file akmal\Capstone - Ai Eng - Spendly_ Workspace\data\_ocr_real_crops\real_0436_line14.png,TOTAL 202 100,0.99601025818584,c:\file akmal\Capstone - Ai Eng - Spendly_ Workspace\data\Groceries\train\images\receipt-179_png_jpg.rf.36cd22ebefc524d5bf9a56a599b91b0e.jpg,Groceries
c:\file akmal\Capstone - Ai Eng - Spendly_ Workspace\data\_ocr_real_crops\real_0360_line15.png,LAYANAN KONSUMEN,0.9171502580912131,c:\file akmal\Capstone - Ai Eng - Spendly_ Workspace\data\Groceries\train\images\receipt-072_png_jpg.rf.73436ad376105b4f377bd7302e98b09c.jpg,Groceries
c:\file akmal\Capstone - Ai Eng - Spendly_ Workspace\data\_ocr_real_crops\real_0439_line11.png,LAYANAN KONSUMEN,0.9922261037115307,c:\file akmal\Capstone - Ai Eng - Spendly_ Workspace\data\Groceries\train\images\receipt-183_png_jpg.rf.6f2017d201de04622f2df853927aae9f.jpg,Groceries
c:\file akmal\Capstone - Ai Eng - Spendly_ Workspace\data\_ocr_real_crops\real_0391_line12.png,TUNAI 525 000,0.999443177236281,c:\file akmal\Capstone - Ai Eng - Spendly_ Workspace\data\Groceries\train\images\receipt-116_png_jpg.rf.655aceb4f5112367a35bacc3b21cff15.jpg,Groceries
c:\file akmal\Capstone - Ai Eng - Spendly_ Workspace\data\_ocr_real_crops\real_0493_line15.png,"PPN 4 , 145)",0.8363538445554213,c:\file akmal\Capstone - Ai Eng - Spendly_ Workspace\data\Groceries\valid\images\CamScanner-18-11-2024-12-48_56_jpg.rf.c0fcecc9313c8f6389071c1f747f3d74.jpg,Groceries
c:\file akmal\Capstone - Ai Eng - Spendly_ Workspace\data\_ocr_real_crops\real_0362_line09.png,KEMBALI 100,0.9996819913965465,c:\file akmal\Capstone - Ai Eng - Spendly_ Workspace\data\Groceries\train\images\receipt-076_png_jpg.rf.ec754fe1dcfc5d605314d2e9a2f5b7c8.jpg,Groceries
c:\file akmal\Capstone - Ai Eng - Spendly_ Workspace\data\_ocr_real_crops\real_0351_line01.png,KS TUBUN 0293493733,0.8117323601401263,c:\file akmal\Capstone - Ai Eng - Spendly_ Workspace\data\Groceries\train\images\receipt-059_png_jpg.rf.01a4a35e109b91be61a45201ad66f1ce.jpg,Groceries
c:\file akmal\Capstone - Ai Eng - Spendly_ Workspace\data\_ocr_real_crops\real_0382_line13.png,HARGA JUAL 335 100,0.9863727859737759,c:\file akmal\Capstone - Ai Eng - Spendly_ Workspace\data\Groceries\train\images\receipt-104_png_jpg.rf.5674452a6bb0956e26482daaf18d14d0.jpg,Groceries
c:\file akmal\Capstone - Ai Eng - Spendly_ Workspace\data\_ocr_real_crops\real_0465_line11.png,LAYANAN KONSUMEN,0.9922261037115307,c:\file akmal\Capstone - Ai Eng - Spendly_ Workspace\data\Groceries\train\images\receipt-439_png_jpg.rf.3d7d17123f2c1ad77f26c55402f088e0.jpg,Groceries
c:\file akmal\Capstone - Ai Eng - Spendly_ Workspace\data\_ocr_real_crops\real_0440_line12.png,LAYANAN KONSUMEN,0.974376929653875,c:\file akmal\Capstone - Ai Eng - Spendly_ Workspace\data\Groceries\train\images\receipt-185_png_jpg.rf.d52ec4a99507c3003c9b1edb4f5bf118.jpg,Groceries
c:\file akmal\Capstone - Ai Eng - Spendly_ Workspace\data\_ocr_real_crops\real_0271_line14.png,"Jnai 26,600",0.7987576134065479,c:\file akmal\Capstone - Ai Eng - Spendly_ Workspace\data\Groceries\train\images\CamScanner-18-11-2024-12-48_82_jpg.rf.9665cc222bbfd2b8d04947b4ff798be1.jpg,Groceries
c:\file akmal\Capstone - Ai Eng - Spendly_ Workspace\data\_ocr_real_crops\real_0278_line19.png,ANDA HEMAT 100,0.9641331831513581,c:\file akmal\Capstone - Ai Eng - Spendly_ Workspace\data\Groceries\train\images\CamScanner-18-11-2024-12-48_97_jpg.rf.05c0004d175a196671ddc770e7eeedd0.jpg,Groceries
c:\file akmal\Capstone - Ai Eng - Spendly_ Workspace\data\_ocr_real_crops\real_0366_line14.png,LAYANAN KONSUMEN,0.9986369029399982,c:\file akmal\Capstone - Ai Eng - Spendly_ Workspace\data\Groceries\train\images\receipt-087_png_jpg.rf.1b12c64ed26afa6989e7d811378e50de.jpg,Groceries
c:\file akmal\Capstone - Ai Eng - Spendly_ Workspace\data\_ocr_real_crops\real_0297_line08.png,"Total tei 28,900",0.7985356073049225,c:\file akmal\Capstone - Ai Eng - Spendly_ Workspace\data\Groceries\train\images\CamScanner-19-11-2024-16-49_8_jpg.rf.7b8c23738fdfd3c5e407efc53489376f.jpg,Groceries
c:\file akmal\Capstone - Ai Eng - Spendly_ Workspace\data\_ocr_real_crops\real_0319_line13.png,TOTAL 639 600,0.9911470199346945,c:\file akmal\Capstone - Ai Eng - Spendly_ Workspace\data\Groceries\train\images\receipt-016_png_jpg.rf.f9c4848cabdb2c23ed66c50cd845e80d.jpg,Groceries
c:\file akmal\Capstone - Ai Eng - Spendly_ Workspace\data\_ocr_real_crops\real_0332_line10.png,LAYANAN KONSUMEN,0.9907581232915044,c:\file akmal\Capstone - Ai Eng - Spendly_ Workspace\data\Groceries\train\images\receipt-035_png_jpg.rf.3adb464d2625382270b9f756a10ab3f3.jpg,Groceries
c:\file akmal\Capstone - Ai Eng - Spendly_ Workspace\data\_ocr_real_crops\real_0360_line11.png,HARGA JUAL 06 7 500,0.8543329119693048,c:\file akmal\Capstone - Ai Eng - Spendly_ Workspace\data\Groceries\train\images\receipt-072_png_jpg.rf.73436ad376105b4f377bd7302e98b09c.jpg,Groceries
c:\file akmal\Capstone - Ai Eng - Spendly_ Workspace\data\_ocr_real_crops\real_0385_line09.png,TOTAL 119  800,0.8079406024306218,c:\file akmal\Capstone - Ai Eng - Spendly_ Workspace\data\Groceries\train\images\receipt-109_png_jpg.rf.234d030c922f17b69488f19a38dca774.jpg,Groceries
c:\file akmal\Capstone - Ai Eng - Spendly_ Workspace\data\_ocr_real_crops\real_0376_line08.png,HARGA JUAL 571 400,0.9977197582541066,c:\file akmal\Capstone - Ai Eng - Spendly_ Workspace\data\Groceries\train\images\receipt-097_png_jpg.rf.1a8a0d6c8474eaf2e3adc5239692db58.jpg,Groceries
c:\file akmal\Capstone - Ai Eng - Spendly_ Workspace\data\_ocr_real_crops\real_0294_line12.png,"Tunai 7,800",0.7931236241538239,c:\file akmal\Capstone - Ai Eng - Spendly_ Workspace\data\Groceries\train\images\CamScanner-19-11-2024-16-49_6_jpg.rf.8262499ee56dffb75c0e5f0bfeaf1b8c.jpg,Groceries
c:\file akmal\Capstone - Ai Eng - Spendly_ Workspace\data\_ocr_real_crops\real_0282_line10.png,"TOTAL 22,000",0.9658672602168585,c:\file akmal\Capstone - Ai Eng - Spendly_ Workspace\data\Groceries\train\images\CamScanner-19-11-2024-16-49_13_jpg.rf.8f21a593c403b4406425e7e4d7ebec46.jpg,Groceries
c:\file akmal\Capstone - Ai Eng - Spendly_ Workspace\data\_ocr_real_crops\real_0485_line11.png,"Total Disc- 1,70",0.8556499230752315,c:\file akmal\Capstone - Ai Eng - Spendly_ Workspace\data\Groceries\valid\images\CamScanner-18-11-2024-12-48_2_jpg.rf.87f7a8b4cf41e3beb3cd2ac80501b153.jpg,Groceries
c:\file akmal\Capstone - Ai Eng - Spendly_ Workspace\data\_ocr_real_crops\real_0410_line11.png,TOTAL 575 100,0.961843259945511,c:\file akmal\Capstone - Ai Eng - Spendly_ Workspace\data\Groceries\train\images\receipt-143_png_jpg.rf.494706150d9e1baffdea9c1444d421da.jpg,Groceries
c:\file akmal\Capstone - Ai Eng - Spendly_ Workspace\data\_ocr_real_crops\real_0301_line09.png,HEHAT 690,0.8586635892937708,c:\file akmal\Capstone - Ai Eng - Spendly_ Workspace\data\Groceries\train\images\E-Reciept_18042026084817_2023032905395876_1777708186563-pdf_page_1_png.rf.682b021ea9aafeec309d5a5077d5bb26.jpg,Groceries
c:\file akmal\Capstone - Ai Eng - Spendly_ Workspace\data\_ocr_real_crops\real_0446_line10.png,KEMBALI 000,0.8506691346172863,c:\file akmal\Capstone - Ai Eng - Spendly_ Workspace\data\Groceries\train\images\receipt-195_png_jpg.rf.6276e95018bedacfde3bdfb746785de0.jpg,Groceries
c:\file akmal\Capstone - Ai Eng - Spendly_ Workspace\data\_ocr_real_crops\real_0496_line12.png,"Disc- 4,800",0.7269924754383859,c:\file akmal\Capstone - Ai Eng - Spendly_ Workspace\data\Groceries\valid\images\CamScanner-18-11-2024-12-48_66_jpg.rf.175d49ae70b2dcf2c2e96490452bff4a.jpg,Groceries
c:\file akmal\Capstone - Ai Eng - Spendly_ Workspace\data\_ocr_real_crops\real_0364_line15.png,KEMBALI 800,0.8265777039827198,c:\file akmal\Capstone - Ai Eng - Spendly_ Workspace\data\Groceries\train\images\receipt-083_png_jpg.rf.fdc2b9c7787a8b5041f016b101c0ac67.jpg,Groceries
c:\file akmal\Capstone - Ai Eng - Spendly_ Workspace\data\_ocr_real_crops\real_0406_line09.png,KEMBALI 500,0.9292374969106914,c:\file akmal\Capstone - Ai Eng - Spendly_ Workspace\data\Groceries\train\images\receipt-134_png_jpg.rf.2a1ca7a8a5665bdd9bdf4de838a632b9.jpg,Groceries
c:\file akmal\Capstone - Ai Eng - Spendly_ Workspace\data\_ocr_real_crops\real_0392_line11.png,KEMBALI 500,0.9999574684624432,c:\file akmal\Capstone - Ai Eng - Spendly_ Workspace\data\Groceries\train\images\receipt-117_png_jpg.rf.bb05cab6185cb21cc89d49814e601e56.jpg,Groceries
c:\file akmal\Capstone - Ai Eng - Spendly_ Workspace\data\_ocr_real_crops\real_0386_line12.png,LAYANAN KONSUMEN,0.974376929653875,c:\file akmal\Capstone - Ai Eng - Spendly_ Workspace\data\Groceries\train\images\receipt-110_png_jpg.rf.5a1ea575fca52465f9fdc26f66aee92b.jpg,Groceries
c:\file akmal\Capstone - Ai Eng - Spendly_ Workspace\data\_ocr_real_crops\real_0470_line13.png,MEMBER CHALIDA,0.9473810707710122,c:\file akmal\Capstone - Ai Eng - Spendly_ Workspace\data\Groceries\train\images\receipt-HD11-1223103W5W3_png.rf.61d3bbc9493bc38f171685f8eae2af40.jpg,Groceries
c:\file akmal\Capstone - Ai Eng - Spendly_ Workspace\data\_ocr_real_crops\real_0294_line13.png,Keinbal ian,0.8022186998935799,c:\file akmal\Capstone - Ai Eng - Spendly_ Workspace\data\Groceries\train\images\CamScanner-19-11-2024-16-49_6_jpg.rf.8262499ee56dffb75c0e5f0bfeaf1b8c.jpg,Groceries
c:\file akmal\Capstone - Ai Eng - Spendly_ Workspace\data\_ocr_real_crops\real_0287_line18.png,KLIKINDOMARET,0.9994787234588445,c:\file akmal\Capstone - Ai Eng - Spendly_ Workspace\data\Groceries\train\images\CamScanner-19-11-2024-16-49_16_jpg.rf.deb2ec9ce63454dcd04e91b099114a9e.jpg,Groceries
c:\file akmal\Capstone - Ai Eng - Spendly_ Workspace\data\_ocr_real_crops\real_0506_line10.png,HARGA JUAL 551 300,0.9965103788248764,c:\file akmal\Capstone - Ai Eng - Spendly_ Workspace\data\Groceries\valid\images\receipt-215_png_jpg.rf.8d47b27f9e5c7ae48c09779b3e56ef52.jpg,Groceries
c:\file akmal\Capstone - Ai Eng - Spendly_ Workspace\data\_ocr_real_crops\real_0274_line15.png,"ANDA HEMAT 30,200",0.9888419731843479,c:\file akmal\Capstone - Ai Eng - Spendly_ Workspace\data\Groceries\train\images\CamScanner-18-11-2024-12-48_89_jpg.rf.aab33a773b65e418d2523772ab8b8944.jpg,Groceries
c:\file akmal\Capstone - Ai Eng - Spendly_ Workspace\data\_ocr_real_crops\real_0456_line13.png,TUNAI 690 000,0.9989359764588118,c:\file akmal\Capstone - Ai Eng - Spendly_ Workspace\data\Groceries\train\images\receipt-341_png_jpg.rf.5733e00d8af1bfa9c174ff7f64d493c7.jpg,Groceries
c:\file akmal\Capstone - Ai Eng - Spendly_ Workspace\data\_ocr_real_crops\real_0438_line01.png,KS TUBUN 0293493733,0.7979685602495988,c:\file akmal\Capstone - Ai Eng - Spendly_ Workspace\data\Groceries\train\images\receipt-182_png_jpg.rf.69ecde60f0be589526e2ccae510efd1b.jpg,Groceries
c:\file akmal\Capstone - Ai Eng - Spendly_ Workspace\data\_ocr_real_crops\real_0364_line01.png,Ks TUBUN 0293493733,0.8775807653437823,c:\file akmal\Capstone - Ai Eng - Spendly_ Workspace\data\Groceries\train\images\receipt-083_png_jpg.rf.fdc2b9c7787a8b5041f016b101c0ac67.jpg,Groceries
c:\file akmal\Capstone - Ai Eng - Spendly_ Workspace\data\_ocr_real_crops\real_0372_line08.png,TOTAL 87 500,0.9962618948739471,c:\file akmal\Capstone - Ai Eng - Spendly_ Workspace\data\Groceries\train\images\receipt-093_png_jpg.rf.fafe39878cb60ba6cae20a7a9d2f104d.jpg,Groceries
c:\file akmal\Capstone - Ai Eng - Spendly_ Workspace\data\_ocr_real_crops\real_0353_line13.png,KEMBALI 600,0.9998582787725037,c:\file akmal\Capstone - Ai Eng - Spendly_ Workspace\data\Groceries\train\images\receipt-061_png_jpg.rf.4e11d5ffab8a2be64d71aadfd3f3b4ff.jpg,Groceries
c:\file akmal\Capstone - Ai Eng - Spendly_ Workspace\data\_ocr_real_crops\real_0291_line19.png,KONTAKINDOMARETCOID,0.999370993582655,c:\file akmal\Capstone - Ai Eng - Spendly_ Workspace\data\Groceries\train\images\CamScanner-19-11-2024-16-49_4_jpg.rf.7fd4cb0f49d79b64a643bf8ded94cb39.jpg,Groceries
c:\file akmal\Capstone - Ai Eng - Spendly_ Workspace\data\_ocr_real_crops\real_0313_line14.png,LAYANAN KONSUMEN,0.9986369029399982,c:\file akmal\Capstone - Ai Eng - Spendly_ Workspace\data\Groceries\train\images\receipt-005_png_jpg.rf.33dfc11c7402f4d4c023a7fc75e42d73.jpg,Groceries
c:\file akmal\Capstone - Ai Eng - Spendly_ Workspace\data\_ocr_real_crops\real_0324_line01.png,KS TUBUN 0293493733,0.7979685602495988,c:\file akmal\Capstone - Ai Eng - Spendly_ Workspace\data\Groceries\train\images\receipt-024_png_jpg.rf.8a4cd7ca1e6668c8055002a9ea3fb7e1.jpg,Groceries
c:\file akmal\Capstone - Ai Eng - Spendly_ Workspace\data\_ocr_real_crops\real_0431_line13.png,LAYANAN KONSUMEN,0.8535761291102495,c:\file akmal\Capstone - Ai Eng - Spendly_ Workspace\data\Groceries\train\images\receipt-174_png_jpg.rf.aab96e7843478086611217fc8b1a0ee0.jpg,Groceries
c:\file akmal\Capstone - Ai Eng - Spendly_ Workspace\data\_ocr_real_crops\real_0487_line15.png,"PPN 3,221)",0.9994611287514418,c:\file akmal\Capstone - Ai Eng - Spendly_ Workspace\data\Groceries\valid\images\CamScanner-18-11-2024-12-48_40_jpg.rf.3b2a38077663751c2922d6e9d5841efa.jpg,Groceries
c:\file akmal\Capstone - Ai Eng - Spendly_ Workspace\data\_ocr_real_crops\real_0328_line13.png,KEMBALI 900,0.9998175693595284,c:\file akmal\Capstone - Ai Eng - Spendly_ Workspace\data\Groceries\train\images\receipt-028_png_jpg.rf.e4841baa3321ee30f372a9774c76e255.jpg,Groceries
c:\file akmal\Capstone - Ai Eng - Spendly_ Workspace\data\_ocr_real_crops\real_0279_line15.png,"TOTAL 83 ,900",0.8150365036927081,c:\file akmal\Capstone - Ai Eng - Spendly_ Workspace\data\Groceries\train\images\CamScanner-18-11-2024-12-48_97_jpg.rf.8a0bb53ee7b930ef275af05cb777209b.jpg,Groceries
c:\file akmal\Capstone - Ai Eng - Spendly_ Workspace\data\_ocr_real_crops\real_0419_line01.png,KS TUBUN 0293493733,0.81884010828596,c:\file akmal\Capstone - Ai Eng - Spendly_ Workspace\data\Groceries\train\images\receipt-154_png_jpg.rf.f1299a677f50507666ccbdd8ee83e28c.jpg,Groceries
c:\file akmal\Capstone - Ai Eng - Spendly_ Workspace\data\_ocr_real_crops\real_0467_line07.png,HARGA JUAL 342 200,0.8639575921312024,c:\file akmal\Capstone - Ai Eng - Spendly_ Workspace\data\Groceries\train\images\receipt-470_png_jpg.rf.9a307bfb6bcb9340ce394e03f0e32a32.jpg,Groceries
c:\file akmal\Capstone - Ai Eng - Spendly_ Workspace\data\_ocr_real_crops\real_0440_line10.png,TUNAI 150 000,0.9998750999764292,c:\file akmal\Capstone - Ai Eng - Spendly_ Workspace\data\Groceries\train\images\receipt-185_png_jpg.rf.d52ec4a99507c3003c9b1edb4f5bf118.jpg,Groceries
c:\file akmal\Capstone - Ai Eng - Spendly_ Workspace\data\_ocr_real_crops\real_0430_line07.png,TOTAL 27 500,0.9882768937079863,c:\file akmal\Capstone - Ai Eng - Spendly_ Workspace\data\Groceries\train\images\receipt-173_png_jpg.rf.febfb7096759b446cce9afcbda3cc821.jpg,Groceries
c:\file akmal\Capstone - Ai Eng - Spendly_ Workspace\data\_ocr_real_crops\real_0415_line09.png,TUNAI 495 000,0.9991547860440811,c:\file akmal\Capstone - Ai Eng - Spendly_ Workspace\data\Groceries\train\images\receipt-150_png_jpg.rf.5272a64b60826b7f0f748448484b8b1a.jpg,Groceries
c:\file akmal\Capstone - Ai Eng - Spendly_ Workspace\data\_ocr_real_crops\real_0480_line08.png,"HARGA  JUAL 24,200",0.784657743845974,c:\file akmal\Capstone - Ai Eng - Spendly_ Workspace\data\Groceries\valid\images\CamScanner-18-11-2024-12-48_22_jpg.rf.3b52b57c812050e99b283847023b58bb.jpg,Groceries
c:\file akmal\Capstone - Ai Eng - Spendly_ Workspace\data\_ocr_real_crops\real_0444_line07.png,TOTAL 129 000,0.9992818368780602,c:\file akmal\Capstone - Ai Eng - Spendly_ Workspace\data\Groceries\train\images\receipt-189_png_jpg.rf.9adb04b0ff91208c16da5b1175af2fc3.jpg,Groceries
c:\file akmal\Capstone - Ai Eng - Spendly_ Workspace\data\_ocr_real_crops\real_0485_line01.png,SB HIDI REG L 500 50,0.8574178897720369,c:\file akmal\Capstone - Ai Eng - Spendly_ Workspace\data\Groceries\valid\images\CamScanner-18-11-2024-12-48_2_jpg.rf.87f7a8b4cf41e3beb3cd2ac80501b153.jpg,Groceries
c:\file akmal\Capstone - Ai Eng - Spendly_ Workspace\data\_ocr_real_crops\real_0323_line13.png,HARGA JUAL 648 000,0.9990915203340481,c:\file akmal\Capstone - Ai Eng - Spendly_ Workspace\data\Groceries\train\images\receipt-023_png_jpg.rf.f9a53adf015cb69a12370dc7b7c654f6.jpg,Groceries
c:\file akmal\Capstone - Ai Eng - Spendly_ Workspace\data\_ocr_real_crops\real_0458_line12.png,HARGA JUAL 851 300,0.9375613903899402,c:\file akmal\Capstone - Ai Eng - Spendly_ Workspace\data\Groceries\train\images\receipt-357_png_jpg.rf.7c3c0e02d93b7ece287e700815c6a737.jpg,Groceries
c:\file akmal\Capstone - Ai Eng - Spendly_ Workspace\data\_ocr_real_crops\real_0337_line12.png,LAYANAN KONSUMEN,0.974376929653875,c:\file akmal\Capstone - Ai Eng - Spendly_ Workspace\data\Groceries\train\images\receipt-042_png_jpg.rf.e53632e1045ae1eb5ae297adbd7d3056.jpg,Groceries
c:\file akmal\Capstone - Ai Eng - Spendly_ Workspace\data\_ocr_real_crops\real_0311_line10.png,KEMBALI 500,0.9998433197983799,c:\file akmal\Capstone - Ai Eng - Spendly_ Workspace\data\Groceries\train\images\receipt-003_png_jpg.rf.93c390eeb9892a626457fdc98c7d4c20.jpg,Groceries
c:\file akmal\Capstone - Ai Eng - Spendly_ Workspace\data\_ocr_real_crops\real_0442_line12.png,HARGA JUAL 397 200,0.9962196195265124,c:\file akmal\Capstone - Ai Eng - Spendly_ Workspace\data\Groceries\train\images\receipt-187_png_jpg.rf.0d3d943a675532b96c28da4974e6dc56.jpg,Groceries
c:\file akmal\Capstone - Ai Eng - Spendly_ Workspace\data\_ocr_real_crops\real_0440_line01.png,Ks TUBUN 0293493733,0.8109447556667914,c:\file akmal\Capstone - Ai Eng - Spendly_ Workspace\data\Groceries\train\images\receipt-185_png_jpg.rf.d52ec4a99507c3003c9b1edb4f5bf118.jpg,Groceries
c:\file akmal\Capstone - Ai Eng - Spendly_ Workspace\data\_ocr_real_crops\real_0323_line16.png,KEMBALI 000,0.9991725962968784,c:\file akmal\Capstone - Ai Eng - Spendly_ Workspace\data\Groceries\train\images\receipt-023_png_jpg.rf.f9a53adf015cb69a12370dc7b7c654f6.jpg,Groceries
c:\file akmal\Capstone - Ai Eng - Spendly_ Workspace\data\_ocr_real_crops\real_0433_line16.png,TUNAI 305 000,0.9981238534957543,c:\file akmal\Capstone - Ai Eng - Spendly_ Workspace\data\Groceries\train\images\receipt-176_png_jpg.rf.9c502549eec368ccf75b6e5161ef88fc.jpg,Groceries
c:\file akmal\Capstone - Ai Eng - Spendly_ Workspace\data\_ocr_real_crops\real_0456_line12.png,TOTAL 686 100,0.9993952436456581,c:\file akmal\Capstone - Ai Eng - Spendly_ Workspace\data\Groceries\train\images\receipt-341_png_jpg.rf.5733e00d8af1bfa9c174ff7f64d493c7.jpg,Groceries
c:\file akmal\Capstone - Ai Eng - Spendly_ Workspace\data\_ocr_real_crops\real_0314_line01.png,Ks F UBUN 0293493/33,0.7689855088301818,c:\file akmal\Capstone - Ai Eng - Spendly_ Workspace\data\Groceries\train\images\receipt-006_png_jpg.rf.f44980445e6dcb6320a99f668b619a5f.jpg,Groceries
c:\file akmal\Capstone - Ai Eng - Spendly_ Workspace\data\_ocr_real_crops\real_0430_line09.png,KEMBALI 500,0.9292374969106914,c:\file akmal\Capstone - Ai Eng - Spendly_ Workspace\data\Groceries\train\images\receipt-173_png_jpg.rf.febfb7096759b446cce9afcbda3cc821.jpg,Groceries
c:\file akmal\Capstone - Ai Eng - Spendly_ Workspace\data\_ocr_real_crops\real_0427_line10.png,KEMBALI 500,0.9998433197983799,c:\file akmal\Capstone - Ai Eng - Spendly_ Workspace\data\Groceries\train\images\receipt-170_png_jpg.rf.0df8bbfefa256e5e43371c9061b80659.jpg,Groceries
c:\file akmal\Capstone - Ai Eng - Spendly_ Workspace\data\_ocr_real_crops\real_0273_line12.png,"TOTAL 124,800",0.9059242765023472,c:\file akmal\Capstone - Ai Eng - Spendly_ Workspace\data\Groceries\train\images\CamScanner-18-11-2024-12-48_89_jpg.rf.5c31ea9599c7f8e1007cffdce3e6b4ba.jpg,Groceries
c:\file akmal\Capstone - Ai Eng - Spendly_ Workspace\data\_ocr_real_crops\real_0279_line10.png,PLASTIK KCL,0.9998989577598596,c:\file akmal\Capstone - Ai Eng - Spendly_ Workspace\data\Groceries\train\images\CamScanner-18-11-2024-12-48_97_jpg.rf.8a0bb53ee7b930ef275af05cb777209b.jpg,Groceries
c:\file akmal\Capstone - Ai Eng - Spendly_ Workspace\data\_ocr_real_crops\real_0385_line11.png,KEMBALI 200,0.8929942310341716,c:\file akmal\Capstone - Ai Eng - Spendly_ Workspace\data\Groceries\train\images\receipt-109_png_jpg.rf.234d030c922f17b69488f19a38dca774.jpg,Groceries
c:\file akmal\Capstone - Ai Eng - Spendly_ Workspace\data\_ocr_real_crops\real_0265_line11.png,LAYANAN KONSUMEN,0.9922261037115307,c:\file akmal\Capstone - Ai Eng - Spendly_ Workspace\data\Groceries\test\images\receipt-491_png_jpg.rf.12926ce9a821a4e50e5533d7617b9aa7.jpg,Groceries
c:\file akmal\Capstone - Ai Eng - Spendly_ Workspace\data\_ocr_real_crops\real_0433_line01.png,Ks TUBUN 0293493733,0.9501578329912465,c:\file akmal\Capstone - Ai Eng - Spendly_ Workspace\data\Groceries\train\images\receipt-176_png_jpg.rf.9c502549eec368ccf75b6e5161ef88fc.jpg,Groceries
c:\file akmal\Capstone - Ai Eng - Spendly_ Workspace\data\_ocr_real_crops\real_0347_line17.png,LAYANAN KONSUMEN,0.9797335212084353,c:\file akmal\Capstone - Ai Eng - Spendly_ Workspace\data\Groceries\train\images\receipt-052_png_jpg.rf.d9b0e664da1184733005ba210ac5f8bf.jpg,Groceries
c:\file akmal\Capstone - Ai Eng - Spendly_ Workspace\data\_ocr_real_crops\real_0347_line14.png,TOTAL 078 100,0.9950021491304538,c:\file akmal\Capstone - Ai Eng - Spendly_ Workspace\data\Groceries\train\images\receipt-052_png_jpg.rf.d9b0e664da1184733005ba210ac5f8bf.jpg,Groceries
c:\file akmal\Capstone - Ai Eng - Spendly_ Workspace\data\_ocr_real_crops\real_0444_line09.png,KEMBALI 000,0.9994908953848155,c:\file akmal\Capstone - Ai Eng - Spendly_ Workspace\data\Groceries\train\images\receipt-189_png_jpg.rf.9adb04b0ff91208c16da5b1175af2fc3.jpg,Groceries
c:\file akmal\Capstone - Ai Eng - Spendly_ Workspace\data\_ocr_real_crops\real_0510_line13.png,HARGA JUAL 065 400,0.9989791018625352,c:\file akmal\Capstone - Ai Eng - Spendly_ Workspace\data\Groceries\valid\images\receipt-322_png_jpg.rf.1a6d001f3d7133247c5ab6c431441722.jpg,Groceries
c:\file akmal\Capstone - Ai Eng - Spendly_ Workspace\data\_ocr_real_crops\real_0425_line11.png,LAYANAN KONSUMEN,0.9922261037115307,c:\file akmal\Capstone - Ai Eng - Spendly_ Workspace\data\Groceries\train\images\receipt-165_png_jpg.rf.47a8373d35a33fd8527e7475caa8bfdb.jpg,Groceries
c:\file akmal\Capstone - Ai Eng - Spendly_ Workspace\data\_ocr_real_crops\real_0274_line12.png,"TOTAL 124,800",0.9052215222708359,c:\file akmal\Capstone - Ai Eng - Spendly_ Workspace\data\Groceries\train\images\CamScanner-18-11-2024-12-48_89_jpg.rf.aab33a773b65e418d2523772ab8b8944.jpg,Groceries
c:\file akmal\Capstone - Ai Eng - Spendly_ Workspace\data\_ocr_real_crops\real_0276_line19.png,"ANDA HEMAT 11,400",0.9317713449916614,c:\file akmal\Capstone - Ai Eng - Spendly_ Workspace\data\Groceries\train\images\CamScanner-18-11-2024-12-48_93_jpg.rf.940f9b526acfdc0e9c37710dd915d0cc.jpg,Groceries
c:\file akmal\Capstone - Ai Eng - Spendly_ Workspace\data\_ocr_real_crops\real_0412_line09.png,KEMBALI,0.9999423266613486,c:\file akmal\Capstone - Ai Eng - Spendly_ Workspace\data\Groceries\train\images\receipt-147_png_jpg.rf.35822cbf9479fdc956a732dee10c5120.jpg,Groceries
c:\file akmal\Capstone - Ai Eng - Spendly_ Workspace\data\_ocr_real_crops\real_0276_line17.png,"TOTAL 71,800",0.8495633030609635,c:\file akmal\Capstone - Ai Eng - Spendly_ Workspace\data\Groceries\train\images\CamScanner-18-11-2024-12-48_93_jpg.rf.940f9b526acfdc0e9c37710dd915d0cc.jpg,Groceries
c:\file akmal\Capstone - Ai Eng - Spendly_ Workspace\data\_ocr_real_crops\real_0349_line11.png,TUNAI 330 000,0.9996307046474109,c:\file akmal\Capstone - Ai Eng - Spendly_ Workspace\data\Groceries\train\images\receipt-054_png_jpg.rf.455b397e5d651148baa986e7924e60f6.jpg,Groceries
c:\file akmal\Capstone - Ai Eng - Spendly_ Workspace\data\_ocr_real_crops\real_0405_line16.png,KEMBALI 500,0.998134054450379,c:\file akmal\Capstone - Ai Eng - Spendly_ Workspace\data\Groceries\train\images\receipt-133_png_jpg.rf.5b60d631acf4364b324fe11daebfa964.jpg,Groceries
c:\file akmal\Capstone - Ai Eng - Spendly_ Workspace\data\_ocr_real_crops\real_0426_line12.png,KEMBALI,0.9998933485374668,c:\file akmal\Capstone - Ai Eng - Spendly_ Workspace\data\Groceries\train\images\receipt-167_png_jpg.rf.89be94ea26b0cf209a54cac39effe29a.jpg,Groceries
c:\file akmal\Capstone - Ai Eng - Spendly_ Workspace\data\_ocr_real_crops\real_0345_line14.png,LAYANAN KONSUMEN,0.9986369029399982,c:\file akmal\Capstone - Ai Eng - Spendly_ Workspace\data\Groceries\train\images\receipt-050_png_jpg.rf.fd93609b1c0829f086e2cb60b4b201e8.jpg,Groceries
c:\file akmal\Capstone - Ai Eng - Spendly_ Workspace\data\_ocr_real_crops\real_0394_line12.png,HARGA JUAL 197 800,0.9975309951087543,c:\file akmal\Capstone - Ai Eng - Spendly_ Workspace\data\Groceries\train\images\receipt-120_png_jpg.rf.9749c28036e0b2386cc27882c5363e1f.jpg,Groceries
c:\file akmal\Capstone - Ai Eng - Spendly_ Workspace\data\_ocr_real_crops\real_0453_line09.png,KEMBALI 500,0.9292374969106914,c:\file akmal\Capstone - Ai Eng - Spendly_ Workspace\data\Groceries\train\images\receipt-309_png_jpg.rf.544234ac6ab60d43ed0bd2a3fa9d7690.jpg,Groceries
c:\file akmal\Capstone - Ai Eng - Spendly_ Workspace\data\_ocr_real_crops\real_0340_line16.png,TUNAI 475 000,0.9982203445518829,c:\file akmal\Capstone - Ai Eng - Spendly_ Workspace\data\Groceries\train\images\receipt-045_png_jpg.rf.f336737a07bb1c71d75cf398d9d0c4d9.jpg,Groceries
c:\file akmal\Capstone - Ai Eng - Spendly_ Workspace\data\_ocr_real_crops\real_0470_line10.png,Kembalian,0.9720078717753922,c:\file akmal\Capstone - Ai Eng - Spendly_ Workspace\data\Groceries\train\images\receipt-HD11-1223103W5W3_png.rf.61d3bbc9493bc38f171685f8eae2af40.jpg,Groceries
c:\file akmal\Capstone - Ai Eng - Spendly_ Workspace\data\_ocr_real_crops\real_0398_line09.png,HARGA JUAL 226 300,0.9120275101393481,c:\file akmal\Capstone - Ai Eng - Spendly_ Workspace\data\Groceries\train\images\receipt-125_png_jpg.rf.5f434647f469b8bc739174902b9e9936.jpg,Groceries
c:\file akmal\Capstone - Ai Eng - Spendly_ Workspace\data\_ocr_real_crops\real_0406_line08.png,TUNAI 65 000,0.9998202657392864,c:\file akmal\Capstone - Ai Eng - Spendly_ Workspace\data\Groceries\train\images\receipt-134_png_jpg.rf.2a1ca7a8a5665bdd9bdf4de838a632b9.jpg,Groceries
c:\file akmal\Capstone - Ai Eng - Spendly_ Workspace\data\_ocr_real_crops\real_0280_line13.png,"TOTAL 7,900",0.972981411817336,c:\file akmal\Capstone - Ai Eng - Spendly_ Workspace\data\Groceries\train\images\CamScanner-18-11-2024-12-48_99_jpg.rf.fde8eab1d207cf459b243ab6ac649537.jpg,Groceries
c:\file akmal\Capstone - Ai Eng - Spendly_ Workspace\data\_ocr_real_crops\real_0375_line10.png,TUNAI 315 000,0.9999032265292618,c:\file akmal\Capstone - Ai Eng - Spendly_ Workspace\data\Groceries\train\images\receipt-096_png_jpg.rf.fc5e9564f8a26bfa6bab6cdff02abcf1.jpg,Groceries
c:\file akmal\Capstone - Ai Eng - Spendly_ Workspace\data\_ocr_real_crops\real_0384_line01.png,Ks F UBUN 0293493/33,0.7689855088301818,c:\file akmal\Capstone - Ai Eng - Spendly_ Workspace\data\Groceries\train\images\receipt-108_png_jpg.rf.c44b081e41096723e9f70259d555b4dd.jpg,Groceries
c:\file akmal\Capstone - Ai Eng - Spendly_ Workspace\data\_ocr_real_crops\real_0397_line13.png,KEMBALI 000,0.9997395241529836,c:\file akmal\Capstone - Ai Eng - Spendly_ Workspace\data\Groceries\train\images\receipt-124_png_jpg.rf.959225faa4e0e4fabed738280087db17.jpg,Groceries
c:\file akmal\Capstone - Ai Eng - Spendly_ Workspace\data\_ocr_real_crops\real_0272_line05.png,Ref Kasir ARUM KUR,0.9211803193946634,c:\file akmal\Capstone - Ai Eng - Spendly_ Workspace\data\Groceries\train\images\CamScanner-18-11-2024-12-48_84_jpg.rf.d5c9f66f3a0e1070b85dcd6bf2a550ea.jpg,Groceries
c:\file akmal\Capstone - Ai Eng - Spendly_ Workspace\data\_ocr_real_crops\real_0319_line14.png,TUNAI 640 000,0.991063191163034,c:\file akmal\Capstone - Ai Eng - Spendly_ Workspace\data\Groceries\train\images\receipt-016_png_jpg.rf.f9c4848cabdb2c23ed66c50cd845e80d.jpg,Groceries
c:\file akmal\Capstone - Ai Eng - Spendly_ Workspace\data\_ocr_real_crops\real_0409_line10.png,TUNAI 765 000,0.9999074935881388,c:\file akmal\Capstone - Ai Eng - Spendly_ Workspace\data\Groceries\train\images\receipt-142_png_jpg.rf.eda143c222d8966b683c40e354f0e36e.jpg,Groceries
c:\file akmal\Capstone - Ai Eng - Spendly_ Workspace\data\_ocr_real_crops\real_0312_line13.png,HARGA JUAL 049 100,0.9862796170483799,c:\file akmal\Capstone - Ai Eng - Spendly_ Workspace\data\Groceries\train\images\receipt-004_png_jpg.rf.8732fa1d7540bdd8ca054bf5b6f4e31b.jpg,Groceries
c:\file akmal\Capstone - Ai Eng - Spendly_ Workspace\data\_ocr_real_crops\real_0309_line15.png,KEMBALI 200,0.998757249587087,c:\file akmal\Capstone - Ai Eng - Spendly_ Workspace\data\Groceries\train\images\receipt-001_png_jpg.rf.f9536c7b542661cb4813857db359ca96.jpg,Groceries
c:\file akmal\Capstone - Ai Eng - Spendly_ Workspace\data\_ocr_real_crops\real_0288_line16.png,NON PPN DPP 100,0.8642495919743162,c:\file akmal\Capstone - Ai Eng - Spendly_ Workspace\data\Groceries\train\images\CamScanner-19-11-2024-16-49_2_jpg.rf.be90ac8be48a868a29b15c0ecb06ccb4.jpg,Groceries
c:\file akmal\Capstone - Ai Eng - Spendly_ Workspace\data\_ocr_real_crops\real_0493_line13.png,SHOPEEPAY 27 900,0.7074945256085745,c:\file akmal\Capstone - Ai Eng - Spendly_ Workspace\data\Groceries\valid\images\CamScanner-18-11-2024-12-48_56_jpg.rf.c0fcecc9313c8f6389071c1f747f3d74.jpg,Groceries
c:\file akmal\Capstone - Ai Eng - Spendly_ Workspace\data\_ocr_real_crops\real_0335_line13.png,"TOTAL 2 , 254 900",0.9808233005433232,c:\file akmal\Capstone - Ai Eng - Spendly_ Workspace\data\Groceries\train\images\receipt-040_png_jpg.rf.559c9cca9ad1dc73080e9854010e1a1b.jpg,Groceries
c:\file akmal\Capstone - Ai Eng - Spendly_ Workspace\data\_ocr_real_crops\real_0283_line13.png,LAYANAN KONSUMEN,0.8755704919358005,c:\file akmal\Capstone - Ai Eng - Spendly_ Workspace\data\Groceries\train\images\CamScanner-19-11-2024-16-49_13_jpg.rf.9d06cf649afd684329ccc8da9c4f0ed0.jpg,Groceries
c:\file akmal\Capstone - Ai Eng - Spendly_ Workspace\data\_ocr_real_crops\real_0441_line12.png,KEMBALI 500,0.9995856216429716,c:\file akmal\Capstone - Ai Eng - Spendly_ Workspace\data\Groceries\train\images\receipt-186_png_jpg.rf.7136376fdf6d2894a9cf6e8e580ddc4a.jpg,Groceries
c:\file akmal\Capstone - Ai Eng - Spendly_ Workspace\data\_ocr_real_crops\real_0314_line07.png,HARGA JUAL 165 000,0.998731635007728,c:\file akmal\Capstone - Ai Eng - Spendly_ Workspace\data\Groceries\train\images\receipt-006_png_jpg.rf.f44980445e6dcb6320a99f668b619a5f.jpg,Groceries
c:\file akmal\Capstone - Ai Eng - Spendly_ Workspace\data\_ocr_real_crops\real_0501_line11.png,HARGA JUAL 16 OOO,0.8394635306380478,c:\file akmal\Capstone - Ai Eng - Spendly_ Workspace\data\Groceries\valid\images\CamScanner-18-11-2024-12-48_87_jpg.rf.e871a804970c40bcd70ae94917aef81d.jpg,Groceries
c:\file akmal\Capstone - Ai Eng - Spendly_ Workspace\data\_ocr_real_crops\real_0261_line10.png,KEMBALI 700,0.9998703675145679,c:\file akmal\Capstone - Ai Eng - Spendly_ Workspace\data\Groceries\test\images\receipt-194_png_jpg.rf.fbbcb327197ccec715d944834b2ee1bc.jpg,Groceries
c:\file akmal\Capstone - Ai Eng - Spendly_ Workspace\data\_ocr_real_crops\real_0348_line01.png,Ks TUBUN 0293493733,0.8818269399598927,c:\file akmal\Capstone - Ai Eng - Spendly_ Workspace\data\Groceries\train\images\receipt-053_png_jpg.rf.44cffa0128661e2d5e2d569253d7ff83.jpg,Groceries
c:\file akmal\Capstone - Ai Eng - Spendly_ Workspace\data\_ocr_real_crops\real_0315_line01.png,Ks TUBUN 0293493733,0.9180843820567794,c:\file akmal\Capstone - Ai Eng - Spendly_ Workspace\data\Groceries\train\images\receipt-011_png_jpg.rf.d441ddfc06d2878c01641f22b11d600b.jpg,Groceries
c:\file akmal\Capstone - Ai Eng - Spendly_ Workspace\data\_ocr_real_crops\real_0372_line11.png,LAYANAN KONSUMEN,0.9922261037115307,c:\file akmal\Capstone - Ai Eng - Spendly_ Workspace\data\Groceries\train\images\receipt-093_png_jpg.rf.fafe39878cb60ba6cae20a7a9d2f104d.jpg,Groceries
c:\file akmal\Capstone - Ai Eng - Spendly_ Workspace\data\_ocr_real_crops\real_0338_line01.png,Ks TUBUN 0293493733,0.8775807653437823,c:\file akmal\Capstone - Ai Eng - Spendly_ Workspace\data\Groceries\train\images\receipt-043_png_jpg.rf.393f33489d828bab067cc83fe4854757.jpg,Groceries
c:\file akmal\Capstone - Ai Eng - Spendly_ Workspace\data\_ocr_real_crops\real_0401_line14.png,KEMBALI 300,0.9506696660845622,c:\file akmal\Capstone - Ai Eng - Spendly_ Workspace\data\Groceries\train\images\receipt-129_png_jpg.rf.e62f4956db51996b1f5de06cfa44e8f2.jpg,Groceries
c:\file akmal\Capstone - Ai Eng - Spendly_ Workspace\data\_ocr_real_crops\real_0454_line11.png,TUNAI 245 000,0.9930626610645444,c:\file akmal\Capstone - Ai Eng - Spendly_ Workspace\data\Groceries\train\images\receipt-331_png_jpg.rf.b5de4e8ea054e83c7d71e616db0fa11b.jpg,Groceries
c:\file akmal\Capstone - Ai Eng - Spendly_ Workspace\data\_ocr_real_crops\real_0366_line13.png,KEMBALI 100,0.9980368731010734,c:\file akmal\Capstone - Ai Eng - Spendly_ Workspace\data\Groceries\train\images\receipt-087_png_jpg.rf.1b12c64ed26afa6989e7d811378e50de.jpg,Groceries
c:\file akmal\Capstone - Ai Eng - Spendly_ Workspace\data\_ocr_real_crops\real_0350_line09.png,HARGA JUAL 526 800,0.9996725841620795,c:\file akmal\Capstone - Ai Eng - Spendly_ Workspace\data\Groceries\train\images\receipt-058_png_jpg.rf.beb33c8e5e017af810ec436f1f15ac19.jpg,Groceries
c:\file akmal\Capstone - Ai Eng - Spendly_ Workspace\data\_ocr_real_crops\real_0489_line08.png,"Tunai 12,800",0.9788066302723106,c:\file akmal\Capstone - Ai Eng - Spendly_ Workspace\data\Groceries\valid\images\CamScanner-18-11-2024-12-48_42_jpg.rf.49f74d915226d447d8cb0d90d3f2fd46.jpg,Groceries
c:\file akmal\Capstone - Ai Eng - Spendly_ Workspace\data\_ocr_real_crops\real_0288_line14.png,"ANDA HEMAT 1,000",0.9943560851971561,c:\file akmal\Capstone - Ai Eng - Spendly_ Workspace\data\Groceries\train\images\CamScanner-19-11-2024-16-49_2_jpg.rf.be90ac8be48a868a29b15c0ecb06ccb4.jpg,Groceries
c:\file akmal\Capstone - Ai Eng - Spendly_ Workspace\data\_ocr_real_crops\real_0357_line11.png,HARGA JUAL 853 900,0.9499232223946753,c:\file akmal\Capstone - Ai Eng - Spendly_ Workspace\data\Groceries\train\images\receipt-066_png_jpg.rf.9ad168fa9b59c72058ce80d33ae971a7.jpg,Groceries
c:\file akmal\Capstone - Ai Eng - Spendly_ Workspace\data\_ocr_real_crops\real_0490_line00.png,ALFAHIDI DJLOPO,0.8654072399415583,c:\file akmal\Capstone - Ai Eng - Spendly_ Workspace\data\Groceries\valid\images\CamScanner-18-11-2024-12-48_42_jpg.rf.b96a2b7e366ab5fd2958281200ab14ce.jpg,Groceries
c:\file akmal\Capstone - Ai Eng - Spendly_ Workspace\data\_ocr_real_crops\real_0363_line16.png,KEMBALI 500,0.9982017742099715,c:\file akmal\Capstone - Ai Eng - Spendly_ Workspace\data\Groceries\train\images\receipt-079_png_jpg.rf.7e2d492a606ca0fd5c1fa8098db22a12.jpg,Groceries
c:\file akmal\Capstone - Ai Eng - Spendly_ Workspace\data\_ocr_real_crops\real_0293_line11.png,PPN 367),0.7694811616251025,c:\file akmal\Capstone - Ai Eng - Spendly_ Workspace\data\Groceries\train\images\CamScanner-19-11-2024-16-49_5_jpg.rf.4526d8997abb115d96d0a29504954fae.jpg,Groceries
c:\file akmal\Capstone - Ai Eng - Spendly_ Workspace\data\_ocr_real_crops\real_0501_line13.png,TUNAI 16 OOO,0.7334875942495197,c:\file akmal\Capstone - Ai Eng - Spendly_ Workspace\data\Groceries\valid\images\CamScanner-18-11-2024-12-48_87_jpg.rf.e871a804970c40bcd70ae94917aef81d.jpg,Groceries
c:\file akmal\Capstone - Ai Eng - Spendly_ Workspace\data\_ocr_real_crops\real_0429_line01.png,KS TUBUN 0293493733,0.81884010828596,c:\file akmal\Capstone - Ai Eng - Spendly_ Workspace\data\Groceries\train\images\receipt-172_png_jpg.rf.25cca28319ea322bf1beae22fa5ac2fe.jpg,Groceries
c:\file akmal\Capstone - Ai Eng - Spendly_ Workspace\data\_ocr_real_crops\real_0417_line15.png,TUNAI 690 000,0.9700857480827539,c:\file akmal\Capstone - Ai Eng - Spendly_ Workspace\data\Groceries\train\images\receipt-152_png_jpg.rf.426c213fdfdc908d4919a2b841826923.jpg,Groceries
c:\file akmal\Capstone - Ai Eng - Spendly_ Workspace\data\_ocr_real_crops\real_0393_line11.png,TOTAL 725 900,0.9995453231790843,c:\file akmal\Capstone - Ai Eng - Spendly_ Workspace\data\Groceries\train\images\receipt-118_png_jpg.rf.253e11b4558fbc6ef261930384b5ba93.jpg,Groceries
c:\file akmal\Capstone - Ai Eng - Spendly_ Workspace\data\_ocr_real_crops\real_0509_line13.png,LAYANAN KONSUMEN,0.8535761291102495,c:\file akmal\Capstone - Ai Eng - Spendly_ Workspace\data\Groceries\valid\images\receipt-302_png_jpg.rf.29095baae617a858d7792c400551daa6.jpg,Groceries
c:\file akmal\Capstone - Ai Eng - Spendly_ Workspace\data\_ocr_real_crops\real_0261_line08.png,TOTAL 366 300,0.9998411963297769,c:\file akmal\Capstone - Ai Eng - Spendly_ Workspace\data\Groceries\test\images\receipt-194_png_jpg.rf.fbbcb327197ccec715d944834b2ee1bc.jpg,Groceries
c:\file akmal\Capstone - Ai Eng - Spendly_ Workspace\data\_ocr_real_crops\real_0476_line08.png,Guest,0.9984970542400057,c:\file akmal\Capstone - Ai Eng - Spendly_ Workspace\data\Groceries\train\images\warung-pasta_jpg.rf.0d09feb3b6708579b614d5233c17f34c.jpg,Groceries
c:\file akmal\Capstone - Ai Eng - Spendly_ Workspace\data\_ocr_real_crops\real_0385_line08.png,HARGA JUAL 119 800,0.9922401027471652,c:\file akmal\Capstone - Ai Eng - Spendly_ Workspace\data\Groceries\train\images\receipt-109_png_jpg.rf.234d030c922f17b69488f19a38dca774.jpg,Groceries
c:\file akmal\Capstone - Ai Eng - Spendly_ Workspace\data\_ocr_real_crops\real_0448_line09.png,TUNAI 670 000,0.9989195310984659,c:\file akmal\Capstone - Ai Eng - Spendly_ Workspace\data\Groceries\train\images\receipt-205_png_jpg.rf.d29c84f3db768da7294eeedfd238913f.jpg,Groceries
c:\file akmal\Capstone - Ai Eng - Spendly_ Workspace\data\_ocr_real_crops\real_0332_line08.png,TUNAI 85 000,0.9998209119907323,c:\file akmal\Capstone - Ai Eng - Spendly_ Workspace\data\Groceries\train\images\receipt-035_png_jpg.rf.3adb464d2625382270b9f756a10ab3f3.jpg,Groceries
c:\file akmal\Capstone - Ai Eng - Spendly_ Workspace\data\_ocr_real_crops\real_0327_line11.png,LAYANAN KONSUMEN,0.9922261037115307,c:\file akmal\Capstone - Ai Eng - Spendly_ Workspace\data\Groceries\train\images\receipt-027_png_jpg.rf.aa73e4a03aee1162cf66ce3f617da541.jpg,Groceries
c:\file akmal\Capstone - Ai Eng - Spendly_ Workspace\data\_ocr_real_crops\real_0439_line08.png,TOTAL 294 600,0.9995186540517819,c:\file akmal\Capstone - Ai Eng - Spendly_ Workspace\data\Groceries\train\images\receipt-183_png_jpg.rf.6f2017d201de04622f2df853927aae9f.jpg,Groceries
c:\file akmal\Capstone - Ai Eng - Spendly_ Workspace\data\_ocr_real_crops\real_0446_line08.png,TOTAL 383 000,0.9995159366339464,c:\file akmal\Capstone - Ai Eng - Spendly_ Workspace\data\Groceries\train\images\receipt-195_png_jpg.rf.6276e95018bedacfde3bdfb746785de0.jpg,Groceries
c:\file akmal\Capstone - Ai Eng - Spendly_ Workspace\data\_ocr_real_crops\real_0430_line08.png,TUNAI 30 000,0.9996812178222463,c:\file akmal\Capstone - Ai Eng - Spendly_ Workspace\data\Groceries\train\images\receipt-173_png_jpg.rf.febfb7096759b446cce9afcbda3cc821.jpg,Groceries
c:\file akmal\Capstone - Ai Eng - Spendly_ Workspace\data\_ocr_real_crops\real_0315_line15.png,TUNAI 665 000,0.9702257556625474,c:\file akmal\Capstone - Ai Eng - Spendly_ Workspace\data\Groceries\train\images\receipt-011_png_jpg.rf.d441ddfc06d2878c01641f22b11d600b.jpg,Groceries
c:\file akmal\Capstone - Ai Eng - Spendly_ Workspace\data\_ocr_real_crops\real_0450_line10.png,LAYANAN KONSUMEN,0.9907581232915044,c:\file akmal\Capstone - Ai Eng - Spendly_ Workspace\data\Groceries\train\images\receipt-280_png_jpg.rf.d9a64fb60637bbda026d15d8f869103d.jpg,Groceries
c:\file akmal\Capstone - Ai Eng - Spendly_ Workspace\data\_ocr_real_crops\real_0335_line01.png,Ks TUBUN 0293493733,0.8775807653437823,c:\file akmal\Capstone - Ai Eng - Spendly_ Workspace\data\Groceries\train\images\receipt-040_png_jpg.rf.559c9cca9ad1dc73080e9854010e1a1b.jpg,Groceries
c:\file akmal\Capstone - Ai Eng - Spendly_ Workspace\data\_ocr_real_crops\real_0457_line11.png,TOTAL 435 800,0.9995923460287065,c:\file akmal\Capstone - Ai Eng - Spendly_ Workspace\data\Groceries\train\images\receipt-356_png_jpg.rf.3432c26b29da2f695c9803e736e99322.jpg,Groceries
c:\file akmal\Capstone - Ai Eng - Spendly_ Workspace\data\_ocr_real_crops\real_0396_line16.png,LAYANAN KONSUMEN,0.9978043213610552,c:\file akmal\Capstone - Ai Eng - Spendly_ Workspace\data\Groceries\train\images\receipt-123_png_jpg.rf.b7ef67b319e5779fac1d5fbc6cb00b3a.jpg,Groceries
c:\file akmal\Capstone - Ai Eng - Spendly_ Workspace\data\_ocr_real_crops\real_0446_line07.png,HARGA JUAL 383 000,0.9989192438857665,c:\file akmal\Capstone - Ai Eng - Spendly_ Workspace\data\Groceries\train\images\receipt-195_png_jpg.rf.6276e95018bedacfde3bdfb746785de0.jpg,Groceries
c:\file akmal\Capstone - Ai Eng - Spendly_ Workspace\data\_ocr_real_crops\real_0361_line10.png,"TOTAL 444 , 800",0.7861505795228558,c:\file akmal\Capstone - Ai Eng - Spendly_ Workspace\data\Groceries\train\images\receipt-075_png_jpg.rf.877e094bb61b43f1e26149bc1309b55e.jpg,Groceries
c:\file akmal\Capstone - Ai Eng - Spendly_ Workspace\data\_ocr_real_crops\real_0443_line01.png,Ks TUBUN 0293493733,0.9180280919438758,c:\file akmal\Capstone - Ai Eng - Spendly_ Workspace\data\Groceries\train\images\receipt-188_png_jpg.rf.a99496aea4140dc8946b8333819d436b.jpg,Groceries
c:\file akmal\Capstone - Ai Eng - Spendly_ Workspace\data\_ocr_real_crops\real_0507_line14.png,LAYANAN KONSUMEN,0.9986369029399982,c:\file akmal\Capstone - Ai Eng - Spendly_ Workspace\data\Groceries\valid\images\receipt-248_png_jpg.rf.b0cffab2d2504cea368431dbb5955b1e.jpg,Groceries
c:\file akmal\Capstone - Ai Eng - Spendly_ Workspace\data\_ocr_real_crops\real_0429_line07.png,TOTAL 77 400,0.9982084513186239,c:\file akmal\Capstone - Ai Eng - Spendly_ Workspace\data\Groceries\train\images\receipt-172_png_jpg.rf.25cca28319ea322bf1beae22fa5ac2fe.jpg,Groceries
c:\file akmal\Capstone - Ai Eng - Spendly_ Workspace\data\_ocr_real_crops\real_0496_line17.png,"Kemnba ian 4,2j0",0.7502900473247424,c:\file akmal\Capstone - Ai Eng - Spendly_ Workspace\data\Groceries\valid\images\CamScanner-18-11-2024-12-48_66_jpg.rf.175d49ae70b2dcf2c2e96490452bff4a.jpg,Groceries
c:\file akmal\Capstone - Ai Eng - Spendly_ Workspace\data\_ocr_real_crops\real_0346_line16.png,TUNAI 775 000,0.9978070526617445,c:\file akmal\Capstone - Ai Eng - Spendly_ Workspace\data\Groceries\train\images\receipt-051_png_jpg.rf.cb552c9a0227dfaca0653b20f4627387.jpg,Groceries
c:\file akmal\Capstone - Ai Eng - Spendly_ Workspace\data\_ocr_real_crops\real_0362_line07.png,TOTAL 317 900,0.9689342140360567,c:\file akmal\Capstone - Ai Eng - Spendly_ Workspace\data\Groceries\train\images\receipt-076_png_jpg.rf.ec754fe1dcfc5d605314d2e9a2f5b7c8.jpg,Groceries
c:\file akmal\Capstone - Ai Eng - Spendly_ Workspace\data\_ocr_real_crops\real_0424_line10.png,LAYANAN KONSUMEN,0.9907581232915044,c:\file akmal\Capstone - Ai Eng - Spendly_ Workspace\data\Groceries\train\images\receipt-163_png_jpg.rf.5a2cf2404c27d376743691fa78a5a520.jpg,Groceries
c:\file akmal\Capstone - Ai Eng - Spendly_ Workspace\data\_ocr_real_crops\real_0310_line08.png,HARGA JUAL 805 400,0.9977289636355137,c:\file akmal\Capstone - Ai Eng - Spendly_ Workspace\data\Groceries\train\images\receipt-002_png_jpg.rf.2c886ed2aa930c7a9941f6b9dc37aa63.jpg,Groceries
c:\file akmal\Capstone - Ai Eng - Spendly_ Workspace\data\_ocr_real_crops\real_0414_line13.png,TOTAL 860 800,0.9994668101415182,c:\file akmal\Capstone - Ai Eng - Spendly_ Workspace\data\Groceries\train\images\receipt-149_png_jpg.rf.29a0c4de70fc120fa7fcf61f6bf22a41.jpg,Groceries
c:\file akmal\Capstone - Ai Eng - Spendly_ Workspace\data\_ocr_real_crops\real_0310_line10.png,TUNAI 810 000,0.9998819595699228,c:\file akmal\Capstone - Ai Eng - Spendly_ Workspace\data\Groceries\train\images\receipt-002_png_jpg.rf.2c886ed2aa930c7a9941f6b9dc37aa63.jpg,Groceries
c:\file akmal\Capstone - Ai Eng - Spendly_ Workspace\data\_ocr_real_crops\real_0502_line12.png,elah berhas,0.7700596698493285,c:\file akmal\Capstone - Ai Eng - Spendly_ Workspace\data\Groceries\valid\images\CamScanner-18-11-2024-12-48_8_jpg.rf.035fba047eeb5c9770eba6ef119c9b21.jpg,Groceries
c:\file akmal\Capstone - Ai Eng - Spendly_ Workspace\data\_ocr_real_crops\real_0304_line05.png,No.0-24,0.7620525246476512,c:\file akmal\Capstone - Ai Eng - Spendly_ Workspace\data\Groceries\train\images\id-11134207-7r98w-lzbsdcbkel0e03_jpg.rf.703d9bd5d99b009ad316b1cf8f50d67d.jpg,Groceries
c:\file akmal\Capstone - Ai Eng - Spendly_ Workspace\data\_ocr_real_crops\real_0274_line14.png,"KEMBALI 25,200",0.8358219347467961,c:\file akmal\Capstone - Ai Eng - Spendly_ Workspace\data\Groceries\train\images\CamScanner-18-11-2024-12-48_89_jpg.rf.aab33a773b65e418d2523772ab8b8944.jpg,Groceries
c:\file akmal\Capstone - Ai Eng - Spendly_ Workspace\data\_ocr_real_crops\real_0289_line09.png,"VC PT SJA (1,000)",0.9325965157482777,c:\file akmal\Capstone - Ai Eng - Spendly_ Workspace\data\Groceries\train\images\CamScanner-19-11-2024-16-49_2_jpg.rf.e50f8b2a9f6bcb453c0ad04d96878ac2.jpg,Groceries
c:\file akmal\Capstone - Ai Eng - Spendly_ Workspace\data\_ocr_real_crops\real_0417_line17.png,LAYANAN KONSUMEN,0.9797335212084353,c:\file akmal\Capstone - Ai Eng - Spendly_ Workspace\data\Groceries\train\images\receipt-152_png_jpg.rf.426c213fdfdc908d4919a2b841826923.jpg,Groceries
c:\file akmal\Capstone - Ai Eng - Spendly_ Workspace\data\_ocr_real_crops\real_0385_line12.png,LAYANAN KONSUMEN,0.974376929653875,c:\file akmal\Capstone - Ai Eng - Spendly_ Workspace\data\Groceries\train\images\receipt-109_png_jpg.rf.234d030c922f17b69488f19a38dca774.jpg,Groceries
c:\file akmal\Capstone - Ai Eng - Spendly_ Workspace\data\_ocr_real_crops\real_0447_line12.png,KEMBALI 900,0.999283899263022,c:\file akmal\Capstone - Ai Eng - Spendly_ Workspace\data\Groceries\train\images\receipt-200_png_jpg.rf.177c2bc8b7e62791a0b83677a4db46e0.jpg,Groceries
c:\file akmal\Capstone - Ai Eng - Spendly_ Workspace\data\_ocr_real_crops\real_0419_line09.png,KEMBALI 000,0.9994908953848155,c:\file akmal\Capstone - Ai Eng - Spendly_ Workspace\data\Groceries\train\images\receipt-154_png_jpg.rf.f1299a677f50507666ccbdd8ee83e28c.jpg,Groceries
c:\file akmal\Capstone - Ai Eng - Spendly_ Workspace\data\_ocr_real_crops\real_0394_line14.png,TUNAI 200 000,0.8690807763385697,c:\file akmal\Capstone - Ai Eng - Spendly_ Workspace\data\Groceries\train\images\receipt-120_png_jpg.rf.9749c28036e0b2386cc27882c5363e1f.jpg,Groceries
c:\file akmal\Capstone - Ai Eng - Spendly_ Workspace\data\_ocr_real_crops\real_0287_line10.png,"HARGA JUAL 14,300",0.9111385753778859,c:\file akmal\Capstone - Ai Eng - Spendly_ Workspace\data\Groceries\train\images\CamScanner-19-11-2024-16-49_16_jpg.rf.deb2ec9ce63454dcd04e91b099114a9e.jpg,Groceries
c:\file akmal\Capstone - Ai Eng - Spendly_ Workspace\data\_ocr_real_crops\real_0435_line10.png,LAYANAN KONSUMEN,0.9907581232915044,c:\file akmal\Capstone - Ai Eng - Spendly_ Workspace\data\Groceries\train\images\receipt-178_png_jpg.rf.21fc3077ce76dad5193087da64aaf4a8.jpg,Groceries
c:\file akmal\Capstone - Ai Eng - Spendly_ Workspace\data\_ocr_real_crops\real_0341_line06.png,HARGA JUAL 149 100,0.9482320047398411,c:\file akmal\Capstone - Ai Eng - Spendly_ Workspace\data\Groceries\train\images\receipt-046_png_jpg.rf.626455d859bb3608540e89bc4a0b1e4b.jpg,Groceries
c:\file akmal\Capstone - Ai Eng - Spendly_ Workspace\data\_ocr_real_crops\real_0411_line19.png,LAYANAN KONSUMEN,0.9853323009868091,c:\file akmal\Capstone - Ai Eng - Spendly_ Workspace\data\Groceries\train\images\receipt-146_png_jpg.rf.26c4a75ab0a123b619f7f957da1131ed.jpg,Groceries
c:\file akmal\Capstone - Ai Eng - Spendly_ Workspace\data\_ocr_real_crops\real_0358_line06.png,HARGA JUAL 40 500,0.9482164708678064,c:\file akmal\Capstone - Ai Eng - Spendly_ Workspace\data\Groceries\train\images\receipt-068_png_jpg.rf.74288950200395a72677ce5c8908a3e9.jpg,Groceries
c:\file akmal\Capstone - Ai Eng - Spendly_ Workspace\data\_ocr_real_crops\real_0452_line01.png,Ks F UBUN 0293493/33,0.7689855088301818,c:\file akmal\Capstone - Ai Eng - Spendly_ Workspace\data\Groceries\train\images\receipt-307_png_jpg.rf.fb1abb63af9628207a682611e69d046d.jpg,Groceries
c:\file akmal\Capstone - Ai Eng - Spendly_ Workspace\data\_ocr_real_crops\real_0357_line14.png,KEMBALI 100,0.9993364652318991,c:\file akmal\Capstone - Ai Eng - Spendly_ Workspace\data\Groceries\train\images\receipt-066_png_jpg.rf.9ad168fa9b59c72058ce80d33ae971a7.jpg,Groceries
c:\file akmal\Capstone - Ai Eng - Spendly_ Workspace\data\_ocr_real_crops\real_0448_line07.png,HARGA JUAL 667 100,0.9990371012380784,c:\file akmal\Capstone - Ai Eng - Spendly_ Workspace\data\Groceries\train\images\receipt-205_png_jpg.rf.d29c84f3db768da7294eeedfd238913f.jpg,Groceries
c:\file akmal\Capstone - Ai Eng - Spendly_ Workspace\data\_ocr_real_crops\real_0330_line17.png,LAYANAN KONSUMEN,0.9797335212084353,c:\file akmal\Capstone - Ai Eng - Spendly_ Workspace\data\Groceries\train\images\receipt-032_png_jpg.rf.53787048fffd75b5f93b3352a143cc12.jpg,Groceries
c:\file akmal\Capstone - Ai Eng - Spendly_ Workspace\data\_ocr_real_crops\real_0337_line10.png,TUNAI 345 000,0.881194467995592,c:\file akmal\Capstone - Ai Eng - Spendly_ Workspace\data\Groceries\train\images\receipt-042_png_jpg.rf.e53632e1045ae1eb5ae297adbd7d3056.jpg,Groceries
c:\file akmal\Capstone - Ai Eng - Spendly_ Workspace\data\_ocr_real_crops\real_0260_line09.png,HARGA JUAL 512 600,0.9996657705457779,c:\file akmal\Capstone - Ai Eng - Spendly_ Workspace\data\Groceries\test\images\receipt-067_png_jpg.rf.930186f0b80cca504c3de8ce3f66565d.jpg,Groceries
c:\file akmal\Capstone - Ai Eng - Spendly_ Workspace\data\_ocr_real_crops\real_0333_line01.png,Ks TUBUN 0293493733,0.8818269399598927,c:\file akmal\Capstone - Ai Eng - Spendly_ Workspace\data\Groceries\train\images\receipt-036_png_jpg.rf.8d50075bc932fbbfe1e9f171afa378f3.jpg,Groceries
c:\file akmal\Capstone - Ai Eng - Spendly_ Workspace\data\_ocr_real_crops\real_0495_line15.png,"ShOPEEPAY 25,300",0.7739459660848373,c:\file akmal\Capstone - Ai Eng - Spendly_ Workspace\data\Groceries\valid\images\CamScanner-18-11-2024-12-48_64_jpg.rf.9a8adbb81af38893572262869193ce9c.jpg,Groceries
c:\file akmal\Capstone - Ai Eng - Spendly_ Workspace\data\_ocr_real_crops\real_0352_line13.png,LAYANAN KONSUMEN,0.8535761291102495,c:\file akmal\Capstone - Ai Eng - Spendly_ Workspace\data\Groceries\train\images\receipt-060_png_jpg.rf.c52a933de013d86ff6466321206e4cdb.jpg,Groceries
c:\file akmal\Capstone - Ai Eng - Spendly_ Workspace\data\_ocr_real_crops\real_0466_line11.png,TOTAL 349 500,0.90678108350683,c:\file akmal\Capstone - Ai Eng - Spendly_ Workspace\data\Groceries\train\images\receipt-465_png_jpg.rf.5b9b2ccfe20ad312ee4470ba0f6b0330.jpg,Groceries
c:\file akmal\Capstone - Ai Eng - Spendly_ Workspace\data\_ocr_real_crops\real_0459_line01.png,Ks F UBUN 0293493/33,0.7689855088301818,c:\file akmal\Capstone - Ai Eng - Spendly_ Workspace\data\Groceries\train\images\receipt-361_png_jpg.rf.9794906dc7455f158d2690389534b259.jpg,Groceries
c:\file akmal\Capstone - Ai Eng - Spendly_ Workspace\data\_ocr_real_crops\real_0436_line15.png,TUNAI 205 000,0.8972280725012786,c:\file akmal\Capstone - Ai Eng - Spendly_ Workspace\data\Groceries\train\images\receipt-179_png_jpg.rf.36cd22ebefc524d5bf9a56a599b91b0e.jpg,Groceries
c:\file akmal\Capstone - Ai Eng - Spendly_ Workspace\data\_ocr_real_crops\real_0451_line11.png,TUNAI 600 000,0.9995650003731069,c:\file akmal\Capstone - Ai Eng - Spendly_ Workspace\data\Groceries\train\images\receipt-297_png_jpg.rf.b11c70329dafcc6067914bc6f3ae663d.jpg,Groceries
c:\file akmal\Capstone - Ai Eng - Spendly_ Workspace\data\_ocr_real_crops\real_0414_line14.png,TUNAI 865 000,0.9791036192226334,c:\file akmal\Capstone - Ai Eng - Spendly_ Workspace\data\Groceries\train\images\receipt-149_png_jpg.rf.29a0c4de70fc120fa7fcf61f6bf22a41.jpg,Groceries
c:\file akmal\Capstone - Ai Eng - Spendly_ Workspace\data\_ocr_real_crops\real_0292_line15.png,A-POIn ANDA 2979,0.7673061676499473,c:\file akmal\Capstone - Ai Eng - Spendly_ Workspace\data\Groceries\train\images\CamScanner-19-11-2024-16-49_5_jpg.rf.2af061f407b2709dbc0c1d10a6470ba9.jpg,Groceries
c:\file akmal\Capstone - Ai Eng - Spendly_ Workspace\data\_ocr_real_crops\real_0348_line13.png,HARGA JUAL 572 900,0.9984269198712095,c:\file akmal\Capstone - Ai Eng - Spendly_ Workspace\data\Groceries\train\images\receipt-053_png_jpg.rf.44cffa0128661e2d5e2d569253d7ff83.jpg,Groceries
c:\file akmal\Capstone - Ai Eng - Spendly_ Workspace\data\_ocr_real_crops\real_0285_line12.png,"TUNAI 14,300",0.9989555286131648,c:\file akmal\Capstone - Ai Eng - Spendly_ Workspace\data\Groceries\train\images\CamScanner-19-11-2024-16-49_16_jpg.rf.42626a3fd6907f2ced16f7546e506931.jpg,Groceries
c:\file akmal\Capstone - Ai Eng - Spendly_ Workspace\data\_ocr_real_crops\real_0405_line01.png,Ks TUBUN 0293493733,0.8818269399598927,c:\file akmal\Capstone - Ai Eng - Spendly_ Workspace\data\Groceries\train\images\receipt-133_png_jpg.rf.5b60d631acf4364b324fe11daebfa964.jpg,Groceries
c:\file akmal\Capstone - Ai Eng - Spendly_ Workspace\data\_ocr_real_crops\real_0362_line06.png,HARGA JUAL 317 900,0.9482199947831706,c:\file akmal\Capstone - Ai Eng - Spendly_ Workspace\data\Groceries\train\images\receipt-076_png_jpg.rf.ec754fe1dcfc5d605314d2e9a2f5b7c8.jpg,Groceries
c:\file akmal\Capstone - Ai Eng - Spendly_ Workspace\data\_ocr_real_crops\real_0393_line01.png,KS TUBUN 0293493733,0.7979685602495988,c:\file akmal\Capstone - Ai Eng - Spendly_ Workspace\data\Groceries\train\images\receipt-118_png_jpg.rf.253e11b4558fbc6ef261930384b5ba93.jpg,Groceries
c:\file akmal\Capstone - Ai Eng - Spendly_ Workspace\data\_ocr_real_crops\real_0278_line16.png,"TOTAL 83,900",0.8015038341905381,c:\file akmal\Capstone - Ai Eng - Spendly_ Workspace\data\Groceries\train\images\CamScanner-18-11-2024-12-48_97_jpg.rf.05c0004d175a196671ddc770e7eeedd0.jpg,Groceries
c:\file akmal\Capstone - Ai Eng - Spendly_ Workspace\data\_ocr_real_crops\real_0501_line17.png,LAAYANAN KONSUMEN,0.7533891047800668,c:\file akmal\Capstone - Ai Eng - Spendly_ Workspace\data\Groceries\valid\images\CamScanner-18-11-2024-12-48_87_jpg.rf.e871a804970c40bcd70ae94917aef81d.jpg,Groceries
c:\file akmal\Capstone - Ai Eng - Spendly_ Workspace\data\_ocr_real_crops\real_0294_line10.png,Total Disc- 200,0.9763537776188386,c:\file akmal\Capstone - Ai Eng - Spendly_ Workspace\data\Groceries\train\images\CamScanner-19-11-2024-16-49_6_jpg.rf.8262499ee56dffb75c0e5f0bfeaf1b8c.jpg,Groceries
c:\file akmal\Capstone - Ai Eng - Spendly_ Workspace\data\_ocr_real_crops\real_0409_line01.png,Ks TUBUN 0293493733,0.8109447556667914,c:\file akmal\Capstone - Ai Eng - Spendly_ Workspace\data\Groceries\train\images\receipt-142_png_jpg.rf.eda143c222d8966b683c40e354f0e36e.jpg,Groceries
c:\file akmal\Capstone - Ai Eng - Spendly_ Workspace\data\_ocr_real_crops\real_0342_line08.png,HARGA JUAL 295 600,0.9978475631605472,c:\file akmal\Capstone - Ai Eng - Spendly_ Workspace\data\Groceries\train\images\receipt-047_png_jpg.rf.6e29a3cd6d1fb63c6a800cad82cea41d.jpg,Groceries
c:\file akmal\Capstone - Ai Eng - Spendly_ Workspace\data\_ocr_real_crops\real_0314_line08.png,"TOTAL 165 ,000",0.8204636256520866,c:\file akmal\Capstone - Ai Eng - Spendly_ Workspace\data\Groceries\train\images\receipt-006_png_jpg.rf.f44980445e6dcb6320a99f668b619a5f.jpg,Groceries
c:\file akmal\Capstone - Ai Eng - Spendly_ Workspace\data\_ocr_real_crops\real_0273_line03.png,A YANI BLITAR,0.7644339426420124,c:\file akmal\Capstone - Ai Eng - Spendly_ Workspace\data\Groceries\train\images\CamScanner-18-11-2024-12-48_89_jpg.rf.5c31ea9599c7f8e1007cffdce3e6b4ba.jpg,Groceries
c:\file akmal\Capstone - Ai Eng - Spendly_ Workspace\data\_ocr_real_crops\real_0286_line14.png,LAYANAN KONSUMEN,0.9997130816836359,c:\file akmal\Capstone - Ai Eng - Spendly_ Workspace\data\Groceries\train\images\CamScanner-19-11-2024-16-49_16_jpg.rf.cf2c220123fe4e02523983bb09c99ddf.jpg,Groceries
c:\file akmal\Capstone - Ai Eng - Spendly_ Workspace\data\_ocr_real_crops\real_0322_line15.png,LAYANAN KONSUMEN,0.9171502580912131,c:\file akmal\Capstone - Ai Eng - Spendly_ Workspace\data\Groceries\train\images\receipt-022_png_jpg.rf.4282bf15cecf871c0c79fcbae3474d29.jpg,Groceries
c:\file akmal\Capstone - Ai Eng - Spendly_ Workspace\data\_ocr_real_crops\real_0467_line08.png,TOTAL 342 200,0.9997985097494557,c:\file akmal\Capstone - Ai Eng - Spendly_ Workspace\data\Groceries\train\images\receipt-470_png_jpg.rf.9a307bfb6bcb9340ce394e03f0e32a32.jpg,Groceries
c:\file akmal\Capstone - Ai Eng - Spendly_ Workspace\data\_ocr_real_crops\real_0327_line08.png,TOTAL 161 200,0.9819276942027934,c:\file akmal\Capstone - Ai Eng - Spendly_ Workspace\data\Groceries\train\images\receipt-027_png_jpg.rf.aa73e4a03aee1162cf66ce3f617da541.jpg,Groceries
c:\file akmal\Capstone - Ai Eng - Spendly_ Workspace\data\_ocr_real_crops\real_0505_line13.png,KEMBALI,0.9998370700495754,c:\file akmal\Capstone - Ai Eng - Spendly_ Workspace\data\Groceries\valid\images\receipt-065_png_jpg.rf.4d8b8661b01ebe4b0564281759551dab.jpg,Groceries
c:\file akmal\Capstone - Ai Eng - Spendly_ Workspace\data\_ocr_real_crops\real_0437_line14.png,TUNAI 590 000,0.9911148945149222,c:\file akmal\Capstone - Ai Eng - Spendly_ Workspace\data\Groceries\train\images\receipt-181_png_jpg.rf.bbe18020aedbcb9c545675cb3e0f3046.jpg,Groceries
c:\file akmal\Capstone - Ai Eng - Spendly_ Workspace\data\_ocr_real_crops\real_0356_line10.png,LAYANAN KONSUMEN,0.9907581232915044,c:\file akmal\Capstone - Ai Eng - Spendly_ Workspace\data\Groceries\train\images\receipt-064_png_jpg.rf.4a58dc028c255ce0e5151b6e30f7fdc5.jpg,Groceries
c:\file akmal\Capstone - Ai Eng - Spendly_ Workspace\data\_ocr_real_crops\real_0410_line10.png,HARGA JUAL 575 100,0.9994466547592741,c:\file akmal\Capstone - Ai Eng - Spendly_ Workspace\data\Groceries\train\images\receipt-143_png_jpg.rf.494706150d9e1baffdea9c1444d421da.jpg,Groceries
c:\file akmal\Capstone - Ai Eng - Spendly_ Workspace\data\_ocr_real_crops\real_0333_line16.png,KEMBALI 400,0.9973780295678996,c:\file akmal\Capstone - Ai Eng - Spendly_ Workspace\data\Groceries\train\images\receipt-036_png_jpg.rf.8d50075bc932fbbfe1e9f171afa378f3.jpg,Groceries
c:\file akmal\Capstone - Ai Eng - Spendly_ Workspace\data\_ocr_real_crops\real_0356_line06.png,HARGA JUAL 444 600,0.824749962168983,c:\file akmal\Capstone - Ai Eng - Spendly_ Workspace\data\Groceries\train\images\receipt-064_png_jpg.rf.4a58dc028c255ce0e5151b6e30f7fdc5.jpg,Groceries
c:\file akmal\Capstone - Ai Eng - Spendly_ Workspace\data\_ocr_real_crops\real_0509_line11.png,TUNAI 375 000,0.9996591045814256,c:\file akmal\Capstone - Ai Eng - Spendly_ Workspace\data\Groceries\valid\images\receipt-302_png_jpg.rf.29095baae617a858d7792c400551daa6.jpg,Groceries
c:\file akmal\Capstone - Ai Eng - Spendly_ Workspace\data\_ocr_real_crops\real_0329_line08.png,TOTAL 281 100,0.9530020035390998,c:\file akmal\Capstone - Ai Eng - Spendly_ Workspace\data\Groceries\train\images\receipt-031_png_jpg.rf.77113f34c6b72e5d1351c8fe869acc4b.jpg,Groceries
c:\file akmal\Capstone - Ai Eng - Spendly_ Workspace\data\_ocr_real_crops\real_0343_line08.png,TOTAL 86 700,0.9997725235361797,c:\file akmal\Capstone - Ai Eng - Spendly_ Workspace\data\Groceries\train\images\receipt-048_png_jpg.rf.134389abc8fea794f99b80bfee6db4cd.jpg,Groceries
c:\file akmal\Capstone - Ai Eng - Spendly_ Workspace\data\_ocr_real_crops\real_0291_line17.png,LAYANAN KONSUMEN,0.971290191301609,c:\file akmal\Capstone - Ai Eng - Spendly_ Workspace\data\Groceries\train\images\CamScanner-19-11-2024-16-49_4_jpg.rf.7fd4cb0f49d79b64a643bf8ded94cb39.jpg,Groceries
c:\file akmal\Capstone - Ai Eng - Spendly_ Workspace\data\_ocr_real_crops\real_0265_line01.png,Ks F UBUN 0293493/33,0.7689855088301818,c:\file akmal\Capstone - Ai Eng - Spendly_ Workspace\data\Groceries\test\images\receipt-491_png_jpg.rf.12926ce9a821a4e50e5533d7617b9aa7.jpg,Groceries
c:\file akmal\Capstone - Ai Eng - Spendly_ Workspace\data\_ocr_real_crops\real_0359_line09.png,KEMBALI 000,0.9994908953848155,c:\file akmal\Capstone - Ai Eng - Spendly_ Workspace\data\Groceries\train\images\receipt-069_png_jpg.rf.c1b580a8fee1104ee9e8b4455fef9f89.jpg,Groceries
c:\file akmal\Capstone - Ai Eng - Spendly_ Workspace\data\_ocr_real_crops\real_0296_line11.png,"PPN 1 ,229)",0.7639443247991791,c:\file akmal\Capstone - Ai Eng - Spendly_ Workspace\data\Groceries\train\images\CamScanner-19-11-2024-16-49_7_jpg.rf.e7f49d315833e0a4277c653aa52893e6.jpg,Groceries
c:\file akmal\Capstone - Ai Eng - Spendly_ Workspace\data\_ocr_real_crops\real_0501_line04.png,GABUS-GROBOGAN,0.9931178533318918,c:\file akmal\Capstone - Ai Eng - Spendly_ Workspace\data\Groceries\valid\images\CamScanner-18-11-2024-12-48_87_jpg.rf.e871a804970c40bcd70ae94917aef81d.jpg,Groceries
c:\file akmal\Capstone - Ai Eng - Spendly_ Workspace\data\_ocr_real_crops\real_0455_line08.png,TOTAL 232 300,0.9998256175743002,c:\file akmal\Capstone - Ai Eng - Spendly_ Workspace\data\Groceries\train\images\receipt-332_png_jpg.rf.ff0f78fcf1fd9280d61ea9777446c187.jpg,Groceries
c:\file akmal\Capstone - Ai Eng - Spendly_ Workspace\data\_ocr_real_crops\real_0292_line10.png,Keinba Gan,0.8772928899117685,c:\file akmal\Capstone - Ai Eng - Spendly_ Workspace\data\Groceries\train\images\CamScanner-19-11-2024-16-49_5_jpg.rf.2af061f407b2709dbc0c1d10a6470ba9.jpg,Groceries
c:\file akmal\Capstone - Ai Eng - Spendly_ Workspace\data\_ocr_real_crops\real_0420_line10.png,HARGA JUAL 740 300,0.9986700481625639,c:\file akmal\Capstone - Ai Eng - Spendly_ Workspace\data\Groceries\train\images\receipt-155_png_jpg.rf.997ceb1b392776fb4d7b2d2636bf74a6.jpg,Groceries
c:\file akmal\Capstone - Ai Eng - Spendly_ Workspace\data\_ocr_real_crops\real_0382_line16.png,KEMBALI 900,0.9694479754440859,c:\file akmal\Capstone - Ai Eng - Spendly_ Workspace\data\Groceries\train\images\receipt-104_png_jpg.rf.5674452a6bb0956e26482daaf18d14d0.jpg,Groceries
c:\file akmal\Capstone - Ai Eng - Spendly_ Workspace\data\_ocr_real_crops\real_0292_line17.png,31 Hay 2025,0.9885220843205899,c:\file akmal\Capstone - Ai Eng - Spendly_ Workspace\data\Groceries\train\images\CamScanner-19-11-2024-16-49_5_jpg.rf.2af061f407b2709dbc0c1d10a6470ba9.jpg,Groceries
c:\file akmal\Capstone - Ai Eng - Spendly_ Workspace\data\_ocr_real_crops\real_0360_line01.png,KS TUBUN 0293493733,0.8117323601401263,c:\file akmal\Capstone - Ai Eng - Spendly_ Workspace\data\Groceries\train\images\receipt-072_png_jpg.rf.73436ad376105b4f377bd7302e98b09c.jpg,Groceries
c:\file akmal\Capstone - Ai Eng - Spendly_ Workspace\data\_ocr_real_crops\real_0505_line14.png,LAYANAN KONSUMEN,0.9976565163177709,c:\file akmal\Capstone - Ai Eng - Spendly_ Workspace\data\Groceries\valid\images\receipt-065_png_jpg.rf.4d8b8661b01ebe4b0564281759551dab.jpg,Groceries
c:\file akmal\Capstone - Ai Eng - Spendly_ Workspace\data\_ocr_real_crops\real_0465_line09.png,TUNAI 150 000,0.9991073432749947,c:\file akmal\Capstone - Ai Eng - Spendly_ Workspace\data\Groceries\train\images\receipt-439_png_jpg.rf.3d7d17123f2c1ad77f26c55402f088e0.jpg,Groceries
c:\file akmal\Capstone - Ai Eng - Spendly_ Workspace\data\_ocr_real_crops\real_0355_line12.png,TUNAI 380 000,0.9993766048083824,c:\file akmal\Capstone - Ai Eng - Spendly_ Workspace\data\Groceries\train\images\receipt-063_png_jpg.rf.aed7b0afce45838bcc5ccb6e45c1c096.jpg,Groceries
c:\file akmal\Capstone - Ai Eng - Spendly_ Workspace\data\_ocr_real_crops\real_0273_line14.png,"KEMBALI 25,200",0.9977794639230602,c:\file akmal\Capstone - Ai Eng - Spendly_ Workspace\data\Groceries\train\images\CamScanner-18-11-2024-12-48_89_jpg.rf.5c31ea9599c7f8e1007cffdce3e6b4ba.jpg,Groceries
c:\file akmal\Capstone - Ai Eng - Spendly_ Workspace\data\_ocr_real_crops\real_0462_line01.png,Ks F UBUN 0293493/33,0.7689855088301818,c:\file akmal\Capstone - Ai Eng - Spendly_ Workspace\data\Groceries\train\images\receipt-396_png_jpg.rf.9a8f78cf56be2ae5367da93f5ba45640.jpg,Groceries
c:\file akmal\Capstone - Ai Eng - Spendly_ Workspace\data\_ocr_real_crops\real_0371_line18.png,LAYANAN KONSUMEN,0.9959732817457532,c:\file akmal\Capstone - Ai Eng - Spendly_ Workspace\data\Groceries\train\images\receipt-092_png_jpg.rf.690f3a9f6593946aea398df57b2fba03.jpg,Groceries
c:\file akmal\Capstone - Ai Eng - Spendly_ Workspace\data\_ocr_real_crops\real_0434_line07.png,HARGA JUAL 220 500,0.8526880898649853,c:\file akmal\Capstone - Ai Eng - Spendly_ Workspace\data\Groceries\train\images\receipt-177_png_jpg.rf.5271c2d2fee5dbf4bf20d250271d2ab6.jpg,Groceries
c:\file akmal\Capstone - Ai Eng - Spendly_ Workspace\data\_ocr_real_crops\real_0383_line10.png,TUNAI 365 000,0.9255141469665684,c:\file akmal\Capstone - Ai Eng - Spendly_ Workspace\data\Groceries\train\images\receipt-107_png_jpg.rf.ca41f95e66308e3b7a389dc1263e84eb.jpg,Groceries
c:\file akmal\Capstone - Ai Eng - Spendly_ Workspace\data\_ocr_real_crops\real_0311_line09.png,TUNAI 210 000,0.9990858704429123,c:\file akmal\Capstone - Ai Eng - Spendly_ Workspace\data\Groceries\train\images\receipt-003_png_jpg.rf.93c390eeb9892a626457fdc98c7d4c20.jpg,Groceries
c:\file akmal\Capstone - Ai Eng - Spendly_ Workspace\data\_ocr_real_crops\real_0396_line12.png,HARGA JUAL 847 900,0.9464314372149263,c:\file akmal\Capstone - Ai Eng - Spendly_ Workspace\data\Groceries\train\images\receipt-123_png_jpg.rf.b7ef67b319e5779fac1d5fbc6cb00b3a.jpg,Groceries
c:\file akmal\Capstone - Ai Eng - Spendly_ Workspace\data\_ocr_real_crops\real_0304_line07.png,"X 12.000 Rp 12,000",0.778557190954442,c:\file akmal\Capstone - Ai Eng - Spendly_ Workspace\data\Groceries\train\images\id-11134207-7r98w-lzbsdcbkel0e03_jpg.rf.703d9bd5d99b009ad316b1cf8f50d67d.jpg,Groceries
c:\file akmal\Capstone - Ai Eng - Spendly_ Workspace\data\_ocr_real_crops\real_0291_line13.png,"TOTAL 24 ,300",0.8363585470989099,c:\file akmal\Capstone - Ai Eng - Spendly_ Workspace\data\Groceries\train\images\CamScanner-19-11-2024-16-49_4_jpg.rf.7fd4cb0f49d79b64a643bf8ded94cb39.jpg,Groceries
c:\file akmal\Capstone - Ai Eng - Spendly_ Workspace\data\_ocr_real_crops\real_0286_line18.png,KLIKINDOMARET,0.9996595398296994,c:\file akmal\Capstone - Ai Eng - Spendly_ Workspace\data\Groceries\train\images\CamScanner-19-11-2024-16-49_16_jpg.rf.cf2c220123fe4e02523983bb09c99ddf.jpg,Groceries
c:\file akmal\Capstone - Ai Eng - Spendly_ Workspace\data\_ocr_real_crops\real_0500_line13.png,"tal Bel anja 26,600",0.9595270976427028,c:\file akmal\Capstone - Ai Eng - Spendly_ Workspace\data\Groceries\valid\images\CamScanner-18-11-2024-12-48_82_jpg.rf.17b49fa3da248318fe95dca45ac0d7a1.jpg,Groceries
c:\file akmal\Capstone - Ai Eng - Spendly_ Workspace\data\_ocr_real_crops\real_0425_line07.png,HARGA JUAL 136 800,0.9990142859915553,c:\file akmal\Capstone - Ai Eng - Spendly_ Workspace\data\Groceries\train\images\receipt-165_png_jpg.rf.47a8373d35a33fd8527e7475caa8bfdb.jpg,Groceries
c:\file akmal\Capstone - Ai Eng - Spendly_ Workspace\data\_ocr_real_crops\real_0458_line14.png,TUNAI 855 000,0.9729084117857539,c:\file akmal\Capstone - Ai Eng - Spendly_ Workspace\data\Groceries\train\images\receipt-357_png_jpg.rf.7c3c0e02d93b7ece287e700815c6a737.jpg,Groceries
c:\file akmal\Capstone - Ai Eng - Spendly_ Workspace\data\_ocr_real_crops\real_0295_line02.png,Cv SUHBER HakhUR,0.735597774043142,c:\file akmal\Capstone - Ai Eng - Spendly_ Workspace\data\Groceries\train\images\CamScanner-19-11-2024-16-49_7_jpg.rf.cfd309c3b3234664bf190e1fcb64e024.jpg,Groceries
c:\file akmal\Capstone - Ai Eng - Spendly_ Workspace\data\_ocr_real_crops\real_0267_line04.png,14:24: 34 sheila,0.8383938015621714,c:\file akmal\Capstone - Ai Eng - Spendly_ Workspace\data\Groceries\train\images\6-tampilan-dari-cetak-struk_jpg.rf.2093be40c40144b79cfcae59f747aba8.jpg,Groceries
c:\file akmal\Capstone - Ai Eng - Spendly_ Workspace\data\_ocr_real_crops\real_0389_line13.png,TOTAL 637 000,0.9994895453232623,c:\file akmal\Capstone - Ai Eng - Spendly_ Workspace\data\Groceries\train\images\receipt-114_png_jpg.rf.e29da0af68b8362fdd65ae675dac6534.jpg,Groceries
c:\file akmal\Capstone - Ai Eng - Spendly_ Workspace\data\_ocr_real_crops\real_0281_line11.png,PPN 654),0.989253761451435,c:\file akmal\Capstone - Ai Eng - Spendly_ Workspace\data\Groceries\train\images\CamScanner-19-11-2024-16-49_11_jpg.rf.5ad88829778504c6544aaa14709c7584.jpg,Groceries
c:\file akmal\Capstone - Ai Eng - Spendly_ Workspace\data\_ocr_real_crops\real_0266_line14.png,Total Rp 48.000,0.7860974312277812,c:\file akmal\Capstone - Ai Eng - Spendly_ Workspace\data\Groceries\train\images\12-selesai-cara-transaksi-penjualan-new1_jpg.rf.e1d14e23446a6a9b4e4736bdb1f85b78.jpg,Groceries
c:\file akmal\Capstone - Ai Eng - Spendly_ Workspace\data\_ocr_real_crops\real_0368_line14.png,TUNAI 070 000,0.9894395339277965,c:\file akmal\Capstone - Ai Eng - Spendly_ Workspace\data\Groceries\train\images\receipt-089_png_jpg.rf.f655245766de70ade64dca9c6116770e.jpg,Groceries
c:\file akmal\Capstone - Ai Eng - Spendly_ Workspace\data\_ocr_real_crops\real_0485_line10.png,"Total Iter 8 89,10",0.7300838134890588,c:\file akmal\Capstone - Ai Eng - Spendly_ Workspace\data\Groceries\valid\images\CamScanner-18-11-2024-12-48_2_jpg.rf.87f7a8b4cf41e3beb3cd2ac80501b153.jpg,Groceries
c:\file akmal\Capstone - Ai Eng - Spendly_ Workspace\data\_ocr_real_crops\real_0464_line06.png,HARGA JUAL 69 900,0.948219243093358,c:\file akmal\Capstone - Ai Eng - Spendly_ Workspace\data\Groceries\train\images\receipt-424_png_jpg.rf.d4cbc562d2d5a0996c0a5036b4e88875.jpg,Groceries
c:\file akmal\Capstone - Ai Eng - Spendly_ Workspace\data\_ocr_real_crops\real_0500_line16.png,"N 2,582)",0.9970293069416747,c:\file akmal\Capstone - Ai Eng - Spendly_ Workspace\data\Groceries\valid\images\CamScanner-18-11-2024-12-48_82_jpg.rf.17b49fa3da248318fe95dca45ac0d7a1.jpg,Groceries
c:\file akmal\Capstone - Ai Eng - Spendly_ Workspace\data\_ocr_real_crops\real_0354_line10.png,HARGA JUAL 574 500,0.8420273515381833,c:\file akmal\Capstone - Ai Eng - Spendly_ Workspace\data\Groceries\train\images\receipt-062_png_jpg.rf.b3d4d48c07c7b554092d88d265a71560.jpg,Groceries
c:\file akmal\Capstone - Ai Eng - Spendly_ Workspace\data\_ocr_real_crops\real_0351_line13.png,TUNAI 360 000,0.9989137698134876,c:\file akmal\Capstone - Ai Eng - Spendly_ Workspace\data\Groceries\train\images\receipt-059_png_jpg.rf.01a4a35e109b91be61a45201ad66f1ce.jpg,Groceries
c:\file akmal\Capstone - Ai Eng - Spendly_ Workspace\data\_ocr_real_crops\real_0264_line07.png,"TOTAL 3 , 360 400",0.9568524710847736,c:\file akmal\Capstone - Ai Eng - Spendly_ Workspace\data\Groceries\test\images\receipt-484_png_jpg.rf.7292d82ef8903bf1b90c84f5fb2c59fa.jpg,Groceries
c:\file akmal\Capstone - Ai Eng - Spendly_ Workspace\data\_ocr_real_crops\real_0409_line08.png,HARGA JUAL 760 500,0.9978095373285625,c:\file akmal\Capstone - Ai Eng - Spendly_ Workspace\data\Groceries\train\images\receipt-142_png_jpg.rf.eda143c222d8966b683c40e354f0e36e.jpg,Groceries
c:\file akmal\Capstone - Ai Eng - Spendly_ Workspace\data\_ocr_real_crops\real_0413_line11.png,TOTAL 323 300,0.818045010955398,c:\file akmal\Capstone - Ai Eng - Spendly_ Workspace\data\Groceries\train\images\receipt-148_png_jpg.rf.699bcdf5ea004bb406fefc2bcdb4394f.jpg,Groceries
c:\file akmal\Capstone - Ai Eng - Spendly_ Workspace\data\_ocr_real_crops\real_0429_line08.png,TUNAI 80 000,0.9998046996196849,c:\file akmal\Capstone - Ai Eng - Spendly_ Workspace\data\Groceries\train\images\receipt-172_png_jpg.rf.25cca28319ea322bf1beae22fa5ac2fe.jpg,Groceries
c:\file akmal\Capstone - Ai Eng - Spendly_ Workspace\data\_ocr_real_crops\real_0463_line16.png,LAYANAN KONSUMEN,0.9978043213610552,c:\file akmal\Capstone - Ai Eng - Spendly_ Workspace\data\Groceries\train\images\receipt-412_png_jpg.rf.f8c006d7fd8b9fba216ddcc556f7d93e.jpg,Groceries
c:\file akmal\Capstone - Ai Eng - Spendly_ Workspace\data\_ocr_real_crops\real_0334_line01.png,Ks TUBUN 0293493733,0.9180280919438758,c:\file akmal\Capstone - Ai Eng - Spendly_ Workspace\data\Groceries\train\images\receipt-038_png_jpg.rf.98c228cc30dadfd5bd23c8ad12a2dab4.jpg,Groceries
c:\file akmal\Capstone - Ai Eng - Spendly_ Workspace\data\_ocr_real_crops\real_0357_line15.png,LAYANAN KONSUMEN,0.9171502580912131,c:\file akmal\Capstone - Ai Eng - Spendly_ Workspace\data\Groceries\train\images\receipt-066_png_jpg.rf.9ad168fa9b59c72058ce80d33ae971a7.jpg,Groceries
c:\file akmal\Capstone - Ai Eng - Spendly_ Workspace\data\_ocr_real_crops\real_0476_line00.png,Warung Pasta,0.9987427322098716,c:\file akmal\Capstone - Ai Eng - Spendly_ Workspace\data\Groceries\train\images\warung-pasta_jpg.rf.0d09feb3b6708579b614d5233c17f34c.jpg,Groceries
c:\file akmal\Capstone - Ai Eng - Spendly_ Workspace\data\_ocr_real_crops\real_0337_line01.png,Ks TUBUN 0293493733,0.8109447556667914,c:\file akmal\Capstone - Ai Eng - Spendly_ Workspace\data\Groceries\train\images\receipt-042_png_jpg.rf.e53632e1045ae1eb5ae297adbd7d3056.jpg,Groceries
c:\file akmal\Capstone - Ai Eng - Spendly_ Workspace\data\_ocr_real_crops\real_0396_line14.png,TUNAI 850 000,0.9904558835151501,c:\file akmal\Capstone - Ai Eng - Spendly_ Workspace\data\Groceries\train\images\receipt-123_png_jpg.rf.b7ef67b319e5779fac1d5fbc6cb00b3a.jpg,Groceries
c:\file akmal\Capstone - Ai Eng - Spendly_ Workspace\data\_ocr_real_crops\real_0393_line13.png,KEMBALI 100,0.9980368731010734,c:\file akmal\Capstone - Ai Eng - Spendly_ Workspace\data\Groceries\train\images\receipt-118_png_jpg.rf.253e11b4558fbc6ef261930384b5ba93.jpg,Groceries
c:\file akmal\Capstone - Ai Eng - Spendly_ Workspace\data\_ocr_real_crops\real_0481_line11.png,"TOTAL 14,200",0.8188591852109479,c:\file akmal\Capstone - Ai Eng - Spendly_ Workspace\data\Groceries\valid\images\CamScanner-18-11-2024-12-48_23_jpg.rf.4bdebbb33333d666feeaadb2e475a6b5.jpg,Groceries
c:\file akmal\Capstone - Ai Eng - Spendly_ Workspace\data\_ocr_real_crops\real_0348_line17.png,LAYANAN KONSUMEN,0.9797335212084353,c:\file akmal\Capstone - Ai Eng - Spendly_ Workspace\data\Groceries\train\images\receipt-053_png_jpg.rf.44cffa0128661e2d5e2d569253d7ff83.jpg,Groceries
c:\file akmal\Capstone - Ai Eng - Spendly_ Workspace\data\_ocr_real_crops\real_0316_line12.png,KEMBALI 500,0.9995856216429716,c:\file akmal\Capstone - Ai Eng - Spendly_ Workspace\data\Groceries\train\images\receipt-012_png_jpg.rf.cb6f5976b385f567a9d8a4dd20f2fa05.jpg,Groceries
c:\file akmal\Capstone - Ai Eng - Spendly_ Workspace\data\_ocr_real_crops\real_0430_line10.png,LAYANAN KONSUMEN,0.9907581232915044,c:\file akmal\Capstone - Ai Eng - Spendly_ Workspace\data\Groceries\train\images\receipt-173_png_jpg.rf.febfb7096759b446cce9afcbda3cc821.jpg,Groceries
c:\file akmal\Capstone - Ai Eng - Spendly_ Workspace\data\_ocr_real_crops\real_0311_line07.png,HARGA JUAL 206 500,0.9159593904209018,c:\file akmal\Capstone - Ai Eng - Spendly_ Workspace\data\Groceries\train\images\receipt-003_png_jpg.rf.93c390eeb9892a626457fdc98c7d4c20.jpg,Groceries
c:\file akmal\Capstone - Ai Eng - Spendly_ Workspace\data\_ocr_real_crops\real_0347_line13.png,HARGA JUAL 078 100,0.9846476032439488,c:\file akmal\Capstone - Ai Eng - Spendly_ Workspace\data\Groceries\train\images\receipt-052_png_jpg.rf.d9b0e664da1184733005ba210ac5f8bf.jpg,Groceries
c:\file akmal\Capstone - Ai Eng - Spendly_ Workspace\data\_ocr_real_crops\real_0339_line01.png,KS TUBUN 0293493733,0.8117323601401263,c:\file akmal\Capstone - Ai Eng - Spendly_ Workspace\data\Groceries\train\images\receipt-044_png_jpg.rf.a8ef28ceac510aff1fcddabb2387a040.jpg,Groceries
c:\file akmal\Capstone - Ai Eng - Spendly_ Workspace\data\_ocr_real_crops\real_0427_line09.png,TUNAI 505 000,0.9991472841533501,c:\file akmal\Capstone - Ai Eng - Spendly_ Workspace\data\Groceries\train\images\receipt-170_png_jpg.rf.0df8bbfefa256e5e43371c9061b80659.jpg,Groceries
c:\file akmal\Capstone - Ai Eng - Spendly_ Workspace\data\_ocr_real_crops\real_0293_line10.png,Keinba an,0.8916429551592885,c:\file akmal\Capstone - Ai Eng - Spendly_ Workspace\data\Groceries\train\images\CamScanner-19-11-2024-16-49_5_jpg.rf.4526d8997abb115d96d0a29504954fae.jpg,Groceries
c:\file akmal\Capstone - Ai Eng - Spendly_ Workspace\data\_ocr_real_crops\real_0263_line09.png,TOTAL 243 000,0.9957884093794953,c:\file akmal\Capstone - Ai Eng - Spendly_ Workspace\data\Groceries\test\images\receipt-478_png_jpg.rf.19639cab6d0d952b16f593c11c17d7d8.jpg,Groceries
c:\file akmal\Capstone - Ai Eng - Spendly_ Workspace\data\_ocr_real_crops\real_0471_line14.png,"Qris CPM BCA 45,000",0.8359552175414502,c:\file akmal\Capstone - Ai Eng - Spendly_ Workspace\data\Groceries\train\images\receipt-HD70-27804044V42_png.rf.0cbb0bb2f978ee5b2532d160b8bec436.jpg,Groceries
c:\file akmal\Capstone - Ai Eng - Spendly_ Workspace\data\_ocr_real_crops\real_0419_line07.png,TOTAL 66 000,0.9992130630570241,c:\file akmal\Capstone - Ai Eng - Spendly_ Workspace\data\Groceries\train\images\receipt-154_png_jpg.rf.f1299a677f50507666ccbdd8ee83e28c.jpg,Groceries
c:\file akmal\Capstone - Ai Eng - Spendly_ Workspace\data\_ocr_real_crops\real_0443_line13.png,HARGA JUAL 680 000,0.8788399195769477,c:\file akmal\Capstone - Ai Eng - Spendly_ Workspace\data\Groceries\train\images\receipt-188_png_jpg.rf.a99496aea4140dc8946b8333819d436b.jpg,Groceries
c:\file akmal\Capstone - Ai Eng - Spendly_ Workspace\data\_ocr_real_crops\real_0510_line14.png,TOTAL 065 400,0.8875816919549919,c:\file akmal\Capstone - Ai Eng - Spendly_ Workspace\data\Groceries\valid\images\receipt-322_png_jpg.rf.1a6d001f3d7133247c5ab6c431441722.jpg,Groceries
c:\file akmal\Capstone - Ai Eng - Spendly_ Workspace\data\_ocr_real_crops\real_0373_line06.png,HARGA JUAL 27 500,0.9475641901132641,c:\file akmal\Capstone - Ai Eng - Spendly_ Workspace\data\Groceries\train\images\receipt-094_png_jpg.rf.440194047a84c51a5791a5c29bf068c7.jpg,Groceries
c:\file akmal\Capstone - Ai Eng - Spendly_ Workspace\data\_ocr_real_crops\real_0272_line00.png,Alfamidi HAJI LEBAR,0.9893886150144103,c:\file akmal\Capstone - Ai Eng - Spendly_ Workspace\data\Groceries\train\images\CamScanner-18-11-2024-12-48_84_jpg.rf.d5c9f66f3a0e1070b85dcd6bf2a550ea.jpg,Groceries
c:\file akmal\Capstone - Ai Eng - Spendly_ Workspace\data\_ocr_real_crops\real_0318_line01.png,KS TUBUN 0293493733,0.81884010828596,c:\file akmal\Capstone - Ai Eng - Spendly_ Workspace\data\Groceries\train\images\receipt-014_png_jpg.rf.4abd06733b996bc09afb0f8e3af4bc3c.jpg,Groceries
c:\file akmal\Capstone - Ai Eng - Spendly_ Workspace\data\_ocr_real_crops\real_0455_line11.png,LAYANAN KONSUMEN,0.9922261037115307,c:\file akmal\Capstone - Ai Eng - Spendly_ Workspace\data\Groceries\train\images\receipt-332_png_jpg.rf.ff0f78fcf1fd9280d61ea9777446c187.jpg,Groceries
c:\file akmal\Capstone - Ai Eng - Spendly_ Workspace\data\_ocr_real_crops\real_0494_line18.png,ANDA HEMAT 12 800,0.9701046278058653,c:\file akmal\Capstone - Ai Eng - Spendly_ Workspace\data\Groceries\valid\images\CamScanner-18-11-2024-12-48_5_jpg.rf.cf51c7ff10700b0fc7013ff4b9a240bd.jpg,Groceries
c:\file akmal\Capstone - Ai Eng - Spendly_ Workspace\data\_ocr_real_crops\real_0319_line01.png,Ks TUBUN 0293493733,0.8775807653437823,c:\file akmal\Capstone - Ai Eng - Spendly_ Workspace\data\Groceries\train\images\receipt-016_png_jpg.rf.f9c4848cabdb2c23ed66c50cd845e80d.jpg,Groceries
c:\file akmal\Capstone - Ai Eng - Spendly_ Workspace\data\_ocr_real_crops\real_0448_line08.png,TOTAL 667 100,0.8528687235797391,c:\file akmal\Capstone - Ai Eng - Spendly_ Workspace\data\Groceries\train\images\receipt-205_png_jpg.rf.d29c84f3db768da7294eeedfd238913f.jpg,Groceries
c:\file akmal\Capstone - Ai Eng - Spendly_ Workspace\data\_ocr_real_crops\real_0389_line15.png,KEMBALI 000,0.9992441412219668,c:\file akmal\Capstone - Ai Eng - Spendly_ Workspace\data\Groceries\train\images\receipt-114_png_jpg.rf.e29da0af68b8362fdd65ae675dac6534.jpg,Groceries
c:\file akmal\Capstone - Ai Eng - Spendly_ Workspace\data\_ocr_real_crops\real_0334_line13.png,TOTAL 896 200,0.9978261100074554,c:\file akmal\Capstone - Ai Eng - Spendly_ Workspace\data\Groceries\train\images\receipt-038_png_jpg.rf.98c228cc30dadfd5bd23c8ad12a2dab4.jpg,Groceries
c:\file akmal\Capstone - Ai Eng - Spendly_ Workspace\data\_ocr_real_crops\real_0489_line07.png,"Total   Item 12,800",0.7974854155466581,c:\file akmal\Capstone - Ai Eng - Spendly_ Workspace\data\Groceries\valid\images\CamScanner-18-11-2024-12-48_42_jpg.rf.49f74d915226d447d8cb0d90d3f2fd46.jpg,Groceries
c:\file akmal\Capstone - Ai Eng - Spendly_ Workspace\data\_ocr_real_crops\real_0266_line10.png,Marina Kakadu-,0.7678308509369254,c:\file akmal\Capstone - Ai Eng - Spendly_ Workspace\data\Groceries\train\images\12-selesai-cara-transaksi-penjualan-new1_jpg.rf.e1d14e23446a6a9b4e4736bdb1f85b78.jpg,Groceries
c:\file akmal\Capstone - Ai Eng - Spendly_ Workspace\data\_ocr_real_crops\real_0396_line15.png,KEMBALI 100,0.9996599004148656,c:\file akmal\Capstone - Ai Eng - Spendly_ Workspace\data\Groceries\train\images\receipt-123_png_jpg.rf.b7ef67b319e5779fac1d5fbc6cb00b3a.jpg,Groceries
c:\file akmal\Capstone - Ai Eng - Spendly_ Workspace\data\_ocr_real_crops\real_0444_line01.png,KS TUBUN 0293493733,0.81884010828596,c:\file akmal\Capstone - Ai Eng - Spendly_ Workspace\data\Groceries\train\images\receipt-189_png_jpg.rf.9adb04b0ff91208c16da5b1175af2fc3.jpg,Groceries
c:\file akmal\Capstone - Ai Eng - Spendly_ Workspace\data\_ocr_real_crops\real_0384_line08.png,TOTAL 226 600,0.9998594336741777,c:\file akmal\Capstone - Ai Eng - Spendly_ Workspace\data\Groceries\train\images\receipt-108_png_jpg.rf.c44b081e41096723e9f70259d555b4dd.jpg,Groceries
c:\file akmal\Capstone - Ai Eng - Spendly_ Workspace\data\_ocr_real_crops\real_0432_line13.png,KEMBALI 100,0.9980368731010734,c:\file akmal\Capstone - Ai Eng - Spendly_ Workspace\data\Groceries\train\images\receipt-175_png_jpg.rf.cac804321ef8d6f443c1350cde5b46a9.jpg,Groceries
c:\file akmal\Capstone - Ai Eng - Spendly_ Workspace\data\_ocr_real_crops\real_0472_line10.png,Disc 000,0.7680950296215219,c:\file akmal\Capstone - Ai Eng - Spendly_ Workspace\data\Groceries\train\images\receipt-O-260226-AGVRBMP_png.rf.d6ef38f57e7d693a3282dcfb799a2a4d.jpg,Groceries
c:\file akmal\Capstone - Ai Eng - Spendly_ Workspace\data\_ocr_real_crops\real_0365_line01.png,Ks TUBUN 0293493733,0.9501578329912465,c:\file akmal\Capstone - Ai Eng - Spendly_ Workspace\data\Groceries\train\images\receipt-085_png_jpg.rf.49cc433a13828b2612becdefefff9687.jpg,Groceries
c:\file akmal\Capstone - Ai Eng - Spendly_ Workspace\data\_ocr_real_crops\real_0493_line18.png,Member PETER IUAN,0.8110090071474806,c:\file akmal\Capstone - Ai Eng - Spendly_ Workspace\data\Groceries\valid\images\CamScanner-18-11-2024-12-48_56_jpg.rf.c0fcecc9313c8f6389071c1f747f3d74.jpg,Groceries
c:\file akmal\Capstone - Ai Eng - Spendly_ Workspace\data\_ocr_real_crops\real_0388_line13.png,KEMBALI 500,0.9998631997206433,c:\file akmal\Capstone - Ai Eng - Spendly_ Workspace\data\Groceries\train\images\receipt-113_png_jpg.rf.6c157650611fc1e3098c190ca8d599b1.jpg,Groceries
c:\file akmal\Capstone - Ai Eng - Spendly_ Workspace\data\_ocr_real_crops\real_0397_line10.png,HARGA JUAL 632 000,0.9987382804047866,c:\file akmal\Capstone - Ai Eng - Spendly_ Workspace\data\Groceries\train\images\receipt-124_png_jpg.rf.959225faa4e0e4fabed738280087db17.jpg,Groceries
c:\file akmal\Capstone - Ai Eng - Spendly_ Workspace\data\_ocr_real_crops\real_0296_line09.png,"Tuna 12,400",0.9108708623161049,c:\file akmal\Capstone - Ai Eng - Spendly_ Workspace\data\Groceries\train\images\CamScanner-19-11-2024-16-49_7_jpg.rf.e7f49d315833e0a4277c653aa52893e6.jpg,Groceries
c:\file akmal\Capstone - Ai Eng - Spendly_ Workspace\data\_ocr_real_crops\real_0349_line10.png,TOTAL 327 400,0.9268964912822236,c:\file akmal\Capstone - Ai Eng - Spendly_ Workspace\data\Groceries\train\images\receipt-054_png_jpg.rf.455b397e5d651148baa986e7924e60f6.jpg,Groceries
c:\file akmal\Capstone - Ai Eng - Spendly_ Workspace\data\_ocr_real_crops\real_0338_line15.png,KEMBALI 300,0.9981076580093099,c:\file akmal\Capstone - Ai Eng - Spendly_ Workspace\data\Groceries\train\images\receipt-043_png_jpg.rf.393f33489d828bab067cc83fe4854757.jpg,Groceries
c:\file akmal\Capstone - Ai Eng - Spendly_ Workspace\data\_ocr_real_crops\real_0386_line10.png,TUNAI 170 000,0.8505952568212328,c:\file akmal\Capstone - Ai Eng - Spendly_ Workspace\data\Groceries\train\images\receipt-110_png_jpg.rf.5a1ea575fca52465f9fdc26f66aee92b.jpg,Groceries
c:\file akmal\Capstone - Ai Eng - Spendly_ Workspace\data\_ocr_real_crops\real_0401_line01.png,KS TUBUN 0293493733,0.8117323601401263,c:\file akmal\Capstone - Ai Eng - Spendly_ Workspace\data\Groceries\train\images\receipt-129_png_jpg.rf.e62f4956db51996b1f5de06cfa44e8f2.jpg,Groceries
c:\file akmal\Capstone - Ai Eng - Spendly_ Workspace\data\_ocr_real_crops\real_0507_line10.png,HARGA JUAL 466 300,0.9992073555058303,c:\file akmal\Capstone - Ai Eng - Spendly_ Workspace\data\Groceries\valid\images\receipt-248_png_jpg.rf.b0cffab2d2504cea368431dbb5955b1e.jpg,Groceries
c:\file akmal\Capstone - Ai Eng - Spendly_ Workspace\data\_ocr_real_crops\real_0395_line15.png,TUNAI 010 000,0.9575756662224221,c:\file akmal\Capstone - Ai Eng - Spendly_ Workspace\data\Groceries\train\images\receipt-121_png_jpg.rf.342fd6b6fa269bd5ebc5ba5f4bd9db7c.jpg,Groceries
c:\file akmal\Capstone - Ai Eng - Spendly_ Workspace\data\_ocr_real_crops\real_0343_line01.png,Ks F UBUN 0293493/33,0.7689855088301818,c:\file akmal\Capstone - Ai Eng - Spendly_ Workspace\data\Groceries\train\images\receipt-048_png_jpg.rf.134389abc8fea794f99b80bfee6db4cd.jpg,Groceries
c:\file akmal\Capstone - Ai Eng - Spendly_ Workspace\data\_ocr_real_crops\real_0335_line15.png,KEMBALI 100,0.9982216592124966,c:\file akmal\Capstone - Ai Eng - Spendly_ Workspace\data\Groceries\train\images\receipt-040_png_jpg.rf.559c9cca9ad1dc73080e9854010e1a1b.jpg,Groceries
c:\file akmal\Capstone - Ai Eng - Spendly_ Workspace\data\_ocr_real_crops\real_0341_line10.png,LAYANAN KONSUMEN,0.9907581232915044,c:\file akmal\Capstone - Ai Eng - Spendly_ Workspace\data\Groceries\train\images\receipt-046_png_jpg.rf.626455d859bb3608540e89bc4a0b1e4b.jpg,Groceries
c:\file akmal\Capstone - Ai Eng - Spendly_ Workspace\data\_ocr_real_crops\real_0273_line15.png,"ANDA HEMAT 30,200",0.9034362224585147,c:\file akmal\Capstone - Ai Eng - Spendly_ Workspace\data\Groceries\train\images\CamScanner-18-11-2024-12-48_89_jpg.rf.5c31ea9599c7f8e1007cffdce3e6b4ba.jpg,Groceries
c:\file akmal\Capstone - Ai Eng - Spendly_ Workspace\data\_ocr_real_crops\real_0494_line01.png,KRAJAN,0.9981373189386219,c:\file akmal\Capstone - Ai Eng - Spendly_ Workspace\data\Groceries\valid\images\CamScanner-18-11-2024-12-48_5_jpg.rf.cf51c7ff10700b0fc7013ff4b9a240bd.jpg,Groceries
c:\file akmal\Capstone - Ai Eng - Spendly_ Workspace\data\_ocr_real_crops\real_0450_line07.png,"TOTAL 736 , 800",0.9958723186215159,c:\file akmal\Capstone - Ai Eng - Spendly_ Workspace\data\Groceries\train\images\receipt-280_png_jpg.rf.d9a64fb60637bbda026d15d8f869103d.jpg,Groceries
c:\file akmal\Capstone - Ai Eng - Spendly_ Workspace\data\_ocr_real_crops\real_0357_line01.png,KS TUBUN 0293493733,0.8117323601401263,c:\file akmal\Capstone - Ai Eng - Spendly_ Workspace\data\Groceries\train\images\receipt-066_png_jpg.rf.9ad168fa9b59c72058ce80d33ae971a7.jpg,Groceries
c:\file akmal\Capstone - Ai Eng - Spendly_ Workspace\data\_ocr_real_crops\real_0412_line06.png,HARGA JUAL 180 000,0.9311328799595515,c:\file akmal\Capstone - Ai Eng - Spendly_ Workspace\data\Groceries\train\images\receipt-147_png_jpg.rf.35822cbf9479fdc956a732dee10c5120.jpg,Groceries
c:\file akmal\Capstone - Ai Eng - Spendly_ Workspace\data\_ocr_real_crops\real_0440_line09.png,TOTAL 149 600,0.9441305692197047,c:\file akmal\Capstone - Ai Eng - Spendly_ Workspace\data\Groceries\train\images\receipt-185_png_jpg.rf.d52ec4a99507c3003c9b1edb4f5bf118.jpg,Groceries
c:\file akmal\Capstone - Ai Eng - Spendly_ Workspace\data\_ocr_real_crops\real_0376_line11.png,KEMBALI 600,0.9999540210136529,c:\file akmal\Capstone - Ai Eng - Spendly_ Workspace\data\Groceries\train\images\receipt-097_png_jpg.rf.1a8a0d6c8474eaf2e3adc5239692db58.jpg,Groceries
c:\file akmal\Capstone - Ai Eng - Spendly_ Workspace\data\_ocr_real_crops\real_0282_line17.png,KLIKINDOMARET,0.9994653935376965,c:\file akmal\Capstone - Ai Eng - Spendly_ Workspace\data\Groceries\train\images\CamScanner-19-11-2024-16-49_13_jpg.rf.8f21a593c403b4406425e7e4d7ebec46.jpg,Groceries
c:\file akmal\Capstone - Ai Eng - Spendly_ Workspace\data\_ocr_real_crops\real_0342_line11.png,KEMBALI 400,0.9999138335878295,c:\file akmal\Capstone - Ai Eng - Spendly_ Workspace\data\Groceries\train\images\receipt-047_png_jpg.rf.6e29a3cd6d1fb63c6a800cad82cea41d.jpg,Groceries
c:\file akmal\Capstone - Ai Eng - Spendly_ Workspace\data\_ocr_real_crops\real_0374_line15.png,HARGA JUAL 297 800,0.9005911324192029,c:\file akmal\Capstone - Ai Eng - Spendly_ Workspace\data\Groceries\train\images\receipt-095_png_jpg.rf.d422b2e4cbb963393346f8fdbf10b72a.jpg,Groceries
c:\file akmal\Capstone - Ai Eng - Spendly_ Workspace\data\_ocr_real_crops\real_0374_line18.png,KEMBALI 200,0.9916170579929531,c:\file akmal\Capstone - Ai Eng - Spendly_ Workspace\data\Groceries\train\images\receipt-095_png_jpg.rf.d422b2e4cbb963393346f8fdbf10b72a.jpg,Groceries
c:\file akmal\Capstone - Ai Eng - Spendly_ Workspace\data\_ocr_real_crops\real_0500_line11.png,"tal Iten 29,200",0.9460073945637162,c:\file akmal\Capstone - Ai Eng - Spendly_ Workspace\data\Groceries\valid\images\CamScanner-18-11-2024-12-48_82_jpg.rf.17b49fa3da248318fe95dca45ac0d7a1.jpg,Groceries
c:\file akmal\Capstone - Ai Eng - Spendly_ Workspace\data\_ocr_real_crops\real_0278_line13.png,HARGA JUAL 91 200,0.997998815076329,c:\file akmal\Capstone - Ai Eng - Spendly_ Workspace\data\Groceries\train\images\CamScanner-18-11-2024-12-48_97_jpg.rf.05c0004d175a196671ddc770e7eeedd0.jpg,Groceries
c:\file akmal\Capstone - Ai Eng - Spendly_ Workspace\data\_ocr_real_crops\real_0416_line01.png,Ks TUBUN 0293493733,0.8109447556667914,c:\file akmal\Capstone - Ai Eng - Spendly_ Workspace\data\Groceries\train\images\receipt-151_png_jpg.rf.96069620e385acdbd015a11c9375dbf9.jpg,Groceries
c:\file akmal\Capstone - Ai Eng - Spendly_ Workspace\data\_ocr_real_crops\real_0445_line10.png,TOTAL 291 900,0.9711704572908676,c:\file akmal\Capstone - Ai Eng - Spendly_ Workspace\data\Groceries\train\images\receipt-190_png_jpg.rf.fe320af36f59007ba4822effa20b016e.jpg,Groceries
c:\file akmal\Capstone - Ai Eng - Spendly_ Workspace\data\_ocr_real_crops\real_0500_line07.png,BRD H 0.015 200 21o,0.7317130996971025,c:\file akmal\Capstone - Ai Eng - Spendly_ Workspace\data\Groceries\valid\images\CamScanner-18-11-2024-12-48_82_jpg.rf.17b49fa3da248318fe95dca45ac0d7a1.jpg,Groceries
c:\file akmal\Capstone - Ai Eng - Spendly_ Workspace\data\_ocr_real_crops\real_0399_line14.png,LAYANAN KONSUMEN,0.9976565163177709,c:\file akmal\Capstone - Ai Eng - Spendly_ Workspace\data\Groceries\train\images\receipt-126_png_jpg.rf.9f10cfbc9a6e757fba21a902e41d4da6.jpg,Groceries
c:\file akmal\Capstone - Ai Eng - Spendly_ Workspace\data\_ocr_real_crops\real_0356_line09.png,KEMBALI 400,0.9957923710924388,c:\file akmal\Capstone - Ai Eng - Spendly_ Workspace\data\Groceries\train\images\receipt-064_png_jpg.rf.4a58dc028c255ce0e5151b6e30f7fdc5.jpg,Groceries
c:\file akmal\Capstone - Ai Eng - Spendly_ Workspace\data\_ocr_real_crops\real_0451_line13.png,LAYANAN KONSUMEN,0.8535761291102495,c:\file akmal\Capstone - Ai Eng - Spendly_ Workspace\data\Groceries\train\images\receipt-297_png_jpg.rf.b11c70329dafcc6067914bc6f3ae663d.jpg,Groceries
c:\file akmal\Capstone - Ai Eng - Spendly_ Workspace\data\_ocr_real_crops\real_0453_line07.png,TOTAL 247 500,0.8956262050535991,c:\file akmal\Capstone - Ai Eng - Spendly_ Workspace\data\Groceries\train\images\receipt-309_png_jpg.rf.544234ac6ab60d43ed0bd2a3fa9d7690.jpg,Groceries
c:\file akmal\Capstone - Ai Eng - Spendly_ Workspace\data\_ocr_real_crops\real_0452_line09.png,TUNAI 190 000,0.9990164061833718,c:\file akmal\Capstone - Ai Eng - Spendly_ Workspace\data\Groceries\train\images\receipt-307_png_jpg.rf.fb1abb63af9628207a682611e69d046d.jpg,Groceries
c:\file akmal\Capstone - Ai Eng - Spendly_ Workspace\data\_ocr_real_crops\real_0262_line09.png,HARGA JUAL 649 200,0.9661089863832781,c:\file akmal\Capstone - Ai Eng - Spendly_ Workspace\data\Groceries\test\images\receipt-202_png_jpg.rf.348272ee42b0f9c493843cc37af5c342.jpg,Groceries
c:\file akmal\Capstone - Ai Eng - Spendly_ Workspace\data\_ocr_real_crops\real_0339_line11.png,HARGA JUAL 8 / 7 200,0.7675055583587972,c:\file akmal\Capstone - Ai Eng - Spendly_ Workspace\data\Groceries\train\images\receipt-044_png_jpg.rf.a8ef28ceac510aff1fcddabb2387a040.jpg,Groceries
c:\file akmal\Capstone - Ai Eng - Spendly_ Workspace\data\_ocr_real_crops\real_0465_line07.png,HARGA JUAL 148 500,0.9159530413077651,c:\file akmal\Capstone - Ai Eng - Spendly_ Workspace\data\Groceries\train\images\receipt-439_png_jpg.rf.3d7d17123f2c1ad77f26c55402f088e0.jpg,Groceries
c:\file akmal\Capstone - Ai Eng - Spendly_ Workspace\data\_ocr_real_crops\real_0366_line11.png,TOTAL 551 900,0.9945990881850445,c:\file akmal\Capstone - Ai Eng - Spendly_ Workspace\data\Groceries\train\images\receipt-087_png_jpg.rf.1b12c64ed26afa6989e7d811378e50de.jpg,Groceries
c:\file akmal\Capstone - Ai Eng - Spendly_ Workspace\data\_ocr_real_crops\real_0267_line05.png,No 0-24,0.9989633665708209,c:\file akmal\Capstone - Ai Eng - Spendly_ Workspace\data\Groceries\train\images\6-tampilan-dari-cetak-struk_jpg.rf.2093be40c40144b79cfcae59f747aba8.jpg,Groceries
c:\file akmal\Capstone - Ai Eng - Spendly_ Workspace\data\_ocr_real_crops\real_0414_line16.png,LAYANAN KONSUMEN,0.9978043213610552,c:\file akmal\Capstone - Ai Eng - Spendly_ Workspace\data\Groceries\train\images\receipt-149_png_jpg.rf.29a0c4de70fc120fa7fcf61f6bf22a41.jpg,Groceries
c:\file akmal\Capstone - Ai Eng - Spendly_ Workspace\data\_ocr_real_crops\real_0292_line08.png,"Tota tem 32,90o",0.7952770600569715,c:\file akmal\Capstone - Ai Eng - Spendly_ Workspace\data\Groceries\train\images\CamScanner-19-11-2024-16-49_5_jpg.rf.2af061f407b2709dbc0c1d10a6470ba9.jpg,Groceries
c:\file akmal\Capstone - Ai Eng - Spendly_ Workspace\data\_ocr_real_crops\real_0342_line10.png,TUNAI 300 000,0.9998699610733711,c:\file akmal\Capstone - Ai Eng - Spendly_ Workspace\data\Groceries\train\images\receipt-047_png_jpg.rf.6e29a3cd6d1fb63c6a800cad82cea41d.jpg,Groceries
c:\file akmal\Capstone - Ai Eng - Spendly_ Workspace\data\_ocr_real_crops\real_0370_line01.png,Ks F UBUN 0293493/33,0.7689855088301818,c:\file akmal\Capstone - Ai Eng - Spendly_ Workspace\data\Groceries\train\images\receipt-091_png_jpg.rf.910020c4517f93c521c0860db88dc866.jpg,Groceries
c:\file akmal\Capstone - Ai Eng - Spendly_ Workspace\data\_ocr_real_crops\real_0413_line13.png,KEMBALI 700,0.9998573152309704,c:\file akmal\Capstone - Ai Eng - Spendly_ Workspace\data\Groceries\train\images\receipt-148_png_jpg.rf.699bcdf5ea004bb406fefc2bcdb4394f.jpg,Groceries
c:\file akmal\Capstone - Ai Eng - Spendly_ Workspace\data\_ocr_real_crops\real_0317_line13.png,HARGA JUAL 663 900,0.9992166561914799,c:\file akmal\Capstone - Ai Eng - Spendly_ Workspace\data\Groceries\train\images\receipt-013_png_jpg.rf.a9feb613c6461c0ac990176408230994.jpg,Groceries
c:\file akmal\Capstone - Ai Eng - Spendly_ Workspace\data\_ocr_real_crops\real_0441_line13.png,LAYANAN KONSUMEN,0.8535761291102495,c:\file akmal\Capstone - Ai Eng - Spendly_ Workspace\data\Groceries\train\images\receipt-186_png_jpg.rf.7136376fdf6d2894a9cf6e8e580ddc4a.jpg,Groceries
c:\file akmal\Capstone - Ai Eng - Spendly_ Workspace\data\_ocr_real_crops\real_0344_line06.png,HARGA JUAL 890,0.9309825676680404,c:\file akmal\Capstone - Ai Eng - Spendly_ Workspace\data\Groceries\train\images\receipt-049_png_jpg.rf.f6451ea42d6006e01b327a8fb0900ec5.jpg,Groceries
c:\file akmal\Capstone - Ai Eng - Spendly_ Workspace\data\_ocr_real_crops\real_0389_line01.png,Ks TUBUN 0293493733,0.8775807653437823,c:\file akmal\Capstone - Ai Eng - Spendly_ Workspace\data\Groceries\train\images\receipt-114_png_jpg.rf.e29da0af68b8362fdd65ae675dac6534.jpg,Groceries
c:\file akmal\Capstone - Ai Eng - Spendly_ Workspace\data\_ocr_real_crops\real_0364_line14.png,TUNAI 000 000,0.9910551169123737,c:\file akmal\Capstone - Ai Eng - Spendly_ Workspace\data\Groceries\train\images\receipt-083_png_jpg.rf.fdc2b9c7787a8b5041f016b101c0ac67.jpg,Groceries
c:\file akmal\Capstone - Ai Eng - Spendly_ Workspace\data\_ocr_real_crops\real_0494_line14.png,"HARGA JUAL 46 , 700",0.8944231823337727,c:\file akmal\Capstone - Ai Eng - Spendly_ Workspace\data\Groceries\valid\images\CamScanner-18-11-2024-12-48_5_jpg.rf.cf51c7ff10700b0fc7013ff4b9a240bd.jpg,Groceries
c:\file akmal\Capstone - Ai Eng - Spendly_ Workspace\data\_ocr_real_crops\real_0386_line09.png,TOTAL 166 900,0.9660847209302365,c:\file akmal\Capstone - Ai Eng - Spendly_ Workspace\data\Groceries\train\images\receipt-110_png_jpg.rf.5a1ea575fca52465f9fdc26f66aee92b.jpg,Groceries
c:\file akmal\Capstone - Ai Eng - Spendly_ Workspace\data\_ocr_real_crops\real_0388_line14.png,LAYANAN KONSUMEN,0.9986369029399982,c:\file akmal\Capstone - Ai Eng - Spendly_ Workspace\data\Groceries\train\images\receipt-113_png_jpg.rf.6c157650611fc1e3098c190ca8d599b1.jpg,Groceries
c:\file akmal\Capstone - Ai Eng - Spendly_ Workspace\data\_ocr_real_crops\real_0476_line06.png,Table 32,0.9886937560749065,c:\file akmal\Capstone - Ai Eng - Spendly_ Workspace\data\Groceries\train\images\warung-pasta_jpg.rf.0d09feb3b6708579b614d5233c17f34c.jpg,Groceries
c:\file akmal\Capstone - Ai Eng - Spendly_ Workspace\data\_ocr_real_crops\real_0416_line10.png,TUNAI 110 000,0.999498886493481,c:\file akmal\Capstone - Ai Eng - Spendly_ Workspace\data\Groceries\train\images\receipt-151_png_jpg.rf.96069620e385acdbd015a11c9375dbf9.jpg,Groceries
c:\file akmal\Capstone - Ai Eng - Spendly_ Workspace\data\_ocr_real_crops\real_0506_line01.png,KS TUBUN 0293493733,0.7760493894665143,c:\file akmal\Capstone - Ai Eng - Spendly_ Workspace\data\Groceries\valid\images\receipt-215_png_jpg.rf.8d47b27f9e5c7ae48c09779b3e56ef52.jpg,Groceries
c:\file akmal\Capstone - Ai Eng - Spendly_ Workspace\data\_ocr_real_crops\real_0290_line21.png,KLIKINDOMARET,0.9997257477079242,c:\file akmal\Capstone - Ai Eng - Spendly_ Workspace\data\Groceries\train\images\CamScanner-19-11-2024-16-49_4_jpg.rf.4643739bbb9a85bf18e260675a819e01.jpg,Groceries
c:\file akmal\Capstone - Ai Eng - Spendly_ Workspace\data\_ocr_real_crops\real_0453_line01.png,KS TUBUN 0293493733,0.81884010828596,c:\file akmal\Capstone - Ai Eng - Spendly_ Workspace\data\Groceries\train\images\receipt-309_png_jpg.rf.544234ac6ab60d43ed0bd2a3fa9d7690.jpg,Groceries
c:\file akmal\Capstone - Ai Eng - Spendly_ Workspace\data\_ocr_real_crops\real_0315_line14.png,TOTAL 660 300,0.9920382015713028,c:\file akmal\Capstone - Ai Eng - Spendly_ Workspace\data\Groceries\train\images\receipt-011_png_jpg.rf.d441ddfc06d2878c01641f22b11d600b.jpg,Groceries
c:\file akmal\Capstone - Ai Eng - Spendly_ Workspace\data\_ocr_real_crops\real_0449_line09.png,HARGA JUAL 684 800,0.9996695042255614,c:\file akmal\Capstone - Ai Eng - Spendly_ Workspace\data\Groceries\train\images\receipt-232_png_jpg.rf.76acb97236530e3cdd3c3b5cab74eef6.jpg,Groceries
c:\file akmal\Capstone - Ai Eng - Spendly_ Workspace\data\_ocr_real_crops\real_0328_line14.png,LAYANAN KONSUMEN,0.9986369029399982,c:\file akmal\Capstone - Ai Eng - Spendly_ Workspace\data\Groceries\train\images\receipt-028_png_jpg.rf.e4841baa3321ee30f372a9774c76e255.jpg,Groceries
c:\file akmal\Capstone - Ai Eng - Spendly_ Workspace\data\_ocr_real_crops\real_0494_line20.png,LAYANAN KONSUMEN,0.7812085079343629,c:\file akmal\Capstone - Ai Eng - Spendly_ Workspace\data\Groceries\valid\images\CamScanner-18-11-2024-12-48_5_jpg.rf.cf51c7ff10700b0fc7013ff4b9a240bd.jpg,Groceries
c:\file akmal\Capstone - Ai Eng - Spendly_ Workspace\data\_ocr_real_crops\real_0262_line13.png,LAYANAN KONSUMEN,0.8535761291102495,c:\file akmal\Capstone - Ai Eng - Spendly_ Workspace\data\Groceries\test\images\receipt-202_png_jpg.rf.348272ee42b0f9c493843cc37af5c342.jpg,Groceries
c:\file akmal\Capstone - Ai Eng - Spendly_ Workspace\data\_ocr_real_crops\real_0359_line08.png,TUNAI 295 000,0.999819188276868,c:\file akmal\Capstone - Ai Eng - Spendly_ Workspace\data\Groceries\train\images\receipt-069_png_jpg.rf.c1b580a8fee1104ee9e8b4455fef9f89.jpg,Groceries
c:\file akmal\Capstone - Ai Eng - Spendly_ Workspace\data\_ocr_real_crops\real_0327_line01.png,Ks F UBUN 0293493/33,0.7689855088301818,c:\file akmal\Capstone - Ai Eng - Spendly_ Workspace\data\Groceries\train\images\receipt-027_png_jpg.rf.aa73e4a03aee1162cf66ce3f617da541.jpg,Groceries
c:\file akmal\Capstone - Ai Eng - Spendly_ Workspace\data\_ocr_real_crops\real_0402_line12.png,TOTAL 019 000,0.9993284619638034,c:\file akmal\Capstone - Ai Eng - Spendly_ Workspace\data\Groceries\train\images\receipt-130_png_jpg.rf.cc303731260222b16de636bf3400df8f.jpg,Groceries
c:\file akmal\Capstone - Ai Eng - Spendly_ Workspace\data\_ocr_real_crops\real_0375_line08.png,HARGA JUAL 312 800,0.9908708797485462,c:\file akmal\Capstone - Ai Eng - Spendly_ Workspace\data\Groceries\train\images\receipt-096_png_jpg.rf.fc5e9564f8a26bfa6bab6cdff02abcf1.jpg,Groceries
c:\file akmal\Capstone - Ai Eng - Spendly_ Workspace\data\_ocr_real_crops\real_0476_line03.png,Jakarta Selatan,0.923175379541257,c:\file akmal\Capstone - Ai Eng - Spendly_ Workspace\data\Groceries\train\images\warung-pasta_jpg.rf.0d09feb3b6708579b614d5233c17f34c.jpg,Groceries
c:\file akmal\Capstone - Ai Eng - Spendly_ Workspace\data\_ocr_real_crops\real_0437_line15.png,KEMBALI 700,0.9995424995016494,c:\file akmal\Capstone - Ai Eng - Spendly_ Workspace\data\Groceries\train\images\receipt-181_png_jpg.rf.bbe18020aedbcb9c545675cb3e0f3046.jpg,Groceries
c:\file akmal\Capstone - Ai Eng - Spendly_ Workspace\data\_ocr_real_crops\real_0426_line11.png,TUNAI 865 000,0.999658393536823,c:\file akmal\Capstone - Ai Eng - Spendly_ Workspace\data\Groceries\train\images\receipt-167_png_jpg.rf.89be94ea26b0cf209a54cac39effe29a.jpg,Groceries
c:\file akmal\Capstone - Ai Eng - Spendly_ Workspace\data\_ocr_real_crops\real_0309_line14.png,TUNAI 395 000,0.9914157770579326,c:\file akmal\Capstone - Ai Eng - Spendly_ Workspace\data\Groceries\train\images\receipt-001_png_jpg.rf.f9536c7b542661cb4813857db359ca96.jpg,Groceries
c:\file akmal\Capstone - Ai Eng - Spendly_ Workspace\data\_ocr_real_crops\real_0293_line16.png,31 Hay 2025,0.9647181393229721,c:\file akmal\Capstone - Ai Eng - Spendly_ Workspace\data\Groceries\train\images\CamScanner-19-11-2024-16-49_5_jpg.rf.4526d8997abb115d96d0a29504954fae.jpg,Groceries
c:\file akmal\Capstone - Ai Eng - Spendly_ Workspace\data\_ocr_real_crops\real_0434_line01.png,Ks F UBUN 0293493/33,0.7689855088301818,c:\file akmal\Capstone - Ai Eng - Spendly_ Workspace\data\Groceries\train\images\receipt-177_png_jpg.rf.5271c2d2fee5dbf4bf20d250271d2ab6.jpg,Groceries
c:\file akmal\Capstone - Ai Eng - Spendly_ Workspace\data\_ocr_real_crops\real_0279_line17.png,KEMBALI 16 100,0.9985125923363709,c:\file akmal\Capstone - Ai Eng - Spendly_ Workspace\data\Groceries\train\images\CamScanner-18-11-2024-12-48_97_jpg.rf.8a0bb53ee7b930ef275af05cb777209b.jpg,Groceries
c:\file akmal\Capstone - Ai Eng - Spendly_ Workspace\data\_ocr_real_crops\real_0414_line01.png,Ks TUBUN 0293493733,0.8775807653437823,c:\file akmal\Capstone - Ai Eng - Spendly_ Workspace\data\Groceries\train\images\receipt-149_png_jpg.rf.29a0c4de70fc120fa7fcf61f6bf22a41.jpg,Groceries
c:\file akmal\Capstone - Ai Eng - Spendly_ Workspace\data\_ocr_real_crops\real_0400_line15.png,TUNAI 835 000,0.9704128882029884,c:\file akmal\Capstone - Ai Eng - Spendly_ Workspace\data\Groceries\train\images\receipt-128_png_jpg.rf.18644ad3bf886a84f0c6dc4870d65131.jpg,Groceries
c:\file akmal\Capstone - Ai Eng - Spendly_ Workspace\data\_ocr_real_crops\real_0360_line13.png,TUNAI 065 000,0.9988954173636917,c:\file akmal\Capstone - Ai Eng - Spendly_ Workspace\data\Groceries\train\images\receipt-072_png_jpg.rf.73436ad376105b4f377bd7302e98b09c.jpg,Groceries
c:\file akmal\Capstone - Ai Eng - Spendly_ Workspace\data\_ocr_real_crops\real_0401_line11.png,HARGA JUAL 847 700,0.7794899356458441,c:\file akmal\Capstone - Ai Eng - Spendly_ Workspace\data\Groceries\train\images\receipt-129_png_jpg.rf.e62f4956db51996b1f5de06cfa44e8f2.jpg,Groceries
c:\file akmal\Capstone - Ai Eng - Spendly_ Workspace\data\_ocr_real_crops\real_0264_line01.png,KS TUBUN 0293493733,0.81884010828596,c:\file akmal\Capstone - Ai Eng - Spendly_ Workspace\data\Groceries\test\images\receipt-484_png_jpg.rf.7292d82ef8903bf1b90c84f5fb2c59fa.jpg,Groceries
c:\file akmal\Capstone - Ai Eng - Spendly_ Workspace\data\_ocr_real_crops\real_0332_line07.png,"TOTAL 85 ,000",0.9815669608425146,c:\file akmal\Capstone - Ai Eng - Spendly_ Workspace\data\Groceries\train\images\receipt-035_png_jpg.rf.3adb464d2625382270b9f756a10ab3f3.jpg,Groceries
c:\file akmal\Capstone - Ai Eng - Spendly_ Workspace\data\_ocr_real_crops\real_0396_line13.png,TOTAL 847 900,0.9996132650263663,c:\file akmal\Capstone - Ai Eng - Spendly_ Workspace\data\Groceries\train\images\receipt-123_png_jpg.rf.b7ef67b319e5779fac1d5fbc6cb00b3a.jpg,Groceries
c:\file akmal\Capstone - Ai Eng - Spendly_ Workspace\data\_ocr_real_crops\real_0460_line12.png,TOTAL 404 500,0.9993089153287643,c:\file akmal\Capstone - Ai Eng - Spendly_ Workspace\data\Groceries\train\images\receipt-368_png_jpg.rf.9c34c11704d79a0d63056a6b64f4a6cf.jpg,Groceries
c:\file akmal\Capstone - Ai Eng - Spendly_ Workspace\data\_ocr_real_crops\real_0491_line04.png,HA /SHS 081110640888,0.7612122115910303,c:\file akmal\Capstone - Ai Eng - Spendly_ Workspace\data\Groceries\valid\images\CamScanner-18-11-2024-12-48_42_jpg.rf.ede5f3fe74a04cb645fe36d731a8301e.jpg,Groceries
c:\file akmal\Capstone - Ai Eng - Spendly_ Workspace\data\_ocr_real_crops\real_0375_line12.png,LAYANAN KONSUMEN,0.974376929653875,c:\file akmal\Capstone - Ai Eng - Spendly_ Workspace\data\Groceries\train\images\receipt-096_png_jpg.rf.fc5e9564f8a26bfa6bab6cdff02abcf1.jpg,Groceries
c:\file akmal\Capstone - Ai Eng - Spendly_ Workspace\data\_ocr_real_crops\real_0465_line01.png,Ks F UBUN 0293493/33,0.7246943557863413,c:\file akmal\Capstone - Ai Eng - Spendly_ Workspace\data\Groceries\train\images\receipt-439_png_jpg.rf.3d7d17123f2c1ad77f26c55402f088e0.jpg,Groceries
c:\file akmal\Capstone - Ai Eng - Spendly_ Workspace\data\_ocr_real_crops\real_0329_line10.png,KEMBALI 900,0.9998804502375622,c:\file akmal\Capstone - Ai Eng - Spendly_ Workspace\data\Groceries\train\images\receipt-031_png_jpg.rf.77113f34c6b72e5d1351c8fe869acc4b.jpg,Groceries
c:\file akmal\Capstone - Ai Eng - Spendly_ Workspace\data\_ocr_real_crops\real_0345_line01.png,KS TUBUN 0293493733,0.7760493894665143,c:\file akmal\Capstone - Ai Eng - Spendly_ Workspace\data\Groceries\train\images\receipt-050_png_jpg.rf.fd93609b1c0829f086e2cb60b4b201e8.jpg,Groceries
c:\file akmal\Capstone - Ai Eng - Spendly_ Workspace\data\_ocr_real_crops\real_0436_line01.png,Ks TUBUN 0293493733,0.871264034973329,c:\file akmal\Capstone - Ai Eng - Spendly_ Workspace\data\Groceries\train\images\receipt-179_png_jpg.rf.36cd22ebefc524d5bf9a56a599b91b0e.jpg,Groceries
c:\file akmal\Capstone - Ai Eng - Spendly_ Workspace\data\_ocr_real_crops\real_0304_line13.png,"Tota 47,.000",0.7415657121879954,c:\file akmal\Capstone - Ai Eng - Spendly_ Workspace\data\Groceries\train\images\id-11134207-7r98w-lzbsdcbkel0e03_jpg.rf.703d9bd5d99b009ad316b1cf8f50d67d.jpg,Groceries
c:\file akmal\Capstone - Ai Eng - Spendly_ Workspace\data\_ocr_real_crops\real_0427_line01.png,Ks F UBUN 0293493/33,0.7689855088301818,c:\file akmal\Capstone - Ai Eng - Spendly_ Workspace\data\Groceries\train\images\receipt-170_png_jpg.rf.0df8bbfefa256e5e43371c9061b80659.jpg,Groceries
c:\file akmal\Capstone - Ai Eng - Spendly_ Workspace\data\_ocr_real_crops\real_0300_line13.png,rerima Kasin,0.8615884991390247,c:\file akmal\Capstone - Ai Eng - Spendly_ Workspace\data\Groceries\train\images\E-Reciept_17112025080314_2023032905395876_1777708161084-pdf_page_1_png.rf.da4fd35735c10b3389447366326fd0cf.jpg,Groceries
c:\file akmal\Capstone - Ai Eng - Spendly_ Workspace\data\_ocr_real_crops\real_0455_line07.png,HARGA JUAL 232 300,0.9447223200182401,c:\file akmal\Capstone - Ai Eng - Spendly_ Workspace\data\Groceries\train\images\receipt-332_png_jpg.rf.ff0f78fcf1fd9280d61ea9777446c187.jpg,Groceries
c:\file akmal\Capstone - Ai Eng - Spendly_ Workspace\data\_ocr_real_crops\real_0457_line01.png,KS TUBUN 0293493733,0.7979685602495988,c:\file akmal\Capstone - Ai Eng - Spendly_ Workspace\data\Groceries\train\images\receipt-356_png_jpg.rf.3432c26b29da2f695c9803e736e99322.jpg,Groceries
c:\file akmal\Capstone - Ai Eng - Spendly_ Workspace\data\_ocr_real_crops\real_0278_line21.png,NON PPN DPP  100,0.9406375264946896,c:\file akmal\Capstone - Ai Eng - Spendly_ Workspace\data\Groceries\train\images\CamScanner-18-11-2024-12-48_97_jpg.rf.05c0004d175a196671ddc770e7eeedd0.jpg,Groceries
c:\file akmal\Capstone - Ai Eng - Spendly_ Workspace\data\_ocr_real_crops\real_0439_line09.png,TUNAI 295 000,0.9991725199613475,c:\file akmal\Capstone - Ai Eng - Spendly_ Workspace\data\Groceries\train\images\receipt-183_png_jpg.rf.6f2017d201de04622f2df853927aae9f.jpg,Groceries
c:\file akmal\Capstone - Ai Eng - Spendly_ Workspace\data\_ocr_real_crops\real_0272_line13.png,"PPN ( 2,655)",0.7541561138882326,c:\file akmal\Capstone - Ai Eng - Spendly_ Workspace\data\Groceries\train\images\CamScanner-18-11-2024-12-48_84_jpg.rf.d5c9f66f3a0e1070b85dcd6bf2a550ea.jpg,Groceries
c:\file akmal\Capstone - Ai Eng - Spendly_ Workspace\data\_ocr_real_crops\real_0491_line10.png,"PPN 1,268)",0.9891327264637126,c:\file akmal\Capstone - Ai Eng - Spendly_ Workspace\data\Groceries\valid\images\CamScanner-18-11-2024-12-48_42_jpg.rf.ede5f3fe74a04cb645fe36d731a8301e.jpg,Groceries
c:\file akmal\Capstone - Ai Eng - Spendly_ Workspace\data\_ocr_real_crops\real_0320_line01.png,Ks F UBUN 0293493/33,0.7689855088301818,c:\file akmal\Capstone - Ai Eng - Spendly_ Workspace\data\Groceries\train\images\receipt-018_png_jpg.rf.1a518272a19041f4a1e80a7d09e0dc96.jpg,Groceries
c:\file akmal\Capstone - Ai Eng - Spendly_ Workspace\data\_ocr_real_crops\real_0390_line09.png,"HARGA JUAL 174 , 800",0.9237250715716181,c:\file akmal\Capstone - Ai Eng - Spendly_ Workspace\data\Groceries\train\images\receipt-115_png_jpg.rf.2f866bba7e1356197abd5328e63fda1f.jpg,Groceries
c:\file akmal\Capstone - Ai Eng - Spendly_ Workspace\data\_ocr_real_crops\real_0277_line11.png,"KEMBALI 40,000",0.9558056806818336,c:\file akmal\Capstone - Ai Eng - Spendly_ Workspace\data\Groceries\train\images\CamScanner-18-11-2024-12-48_95_jpg.rf.2469f2211a9228ef1edfc130e1878388.jpg,Groceries
c:\file akmal\Capstone - Ai Eng - Spendly_ Workspace\data\_ocr_real_crops\real_0345_line12.png,TUNAI 245 000,0.9993237466731045,c:\file akmal\Capstone - Ai Eng - Spendly_ Workspace\data\Groceries\train\images\receipt-050_png_jpg.rf.fd93609b1c0829f086e2cb60b4b201e8.jpg,Groceries
c:\file akmal\Capstone - Ai Eng - Spendly_ Workspace\data\_ocr_real_crops\real_0451_line12.png,KEMBALI 400,0.9993258165481236,c:\file akmal\Capstone - Ai Eng - Spendly_ Workspace\data\Groceries\train\images\receipt-297_png_jpg.rf.b11c70329dafcc6067914bc6f3ae663d.jpg,Groceries
c:\file akmal\Capstone - Ai Eng - Spendly_ Workspace\data\_ocr_real_crops\real_0289_line15.png,ANDA HEMAT 000,0.8408104837025231,c:\file akmal\Capstone - Ai Eng - Spendly_ Workspace\data\Groceries\train\images\CamScanner-19-11-2024-16-49_2_jpg.rf.e50f8b2a9f6bcb453c0ad04d96878ac2.jpg,Groceries
c:\file akmal\Capstone - Ai Eng - Spendly_ Workspace\data\_ocr_real_crops\real_0274_line03.png,YANI BLITAR,0.9335108541398086,c:\file akmal\Capstone - Ai Eng - Spendly_ Workspace\data\Groceries\train\images\CamScanner-18-11-2024-12-48_89_jpg.rf.aab33a773b65e418d2523772ab8b8944.jpg,Groceries
c:\file akmal\Capstone - Ai Eng - Spendly_ Workspace\data\_ocr_real_crops\real_0470_line01.png,ALFAMART NAKULA SMG,0.8381252724188132,c:\file akmal\Capstone - Ai Eng - Spendly_ Workspace\data\Groceries\train\images\receipt-HD11-1223103W5W3_png.rf.61d3bbc9493bc38f171685f8eae2af40.jpg,Groceries
c:\file akmal\Capstone - Ai Eng - Spendly_ Workspace\data\_ocr_real_crops\real_0510_line16.png,KEMBALI 600,0.9901495747476475,c:\file akmal\Capstone - Ai Eng - Spendly_ Workspace\data\Groceries\valid\images\receipt-322_png_jpg.rf.1a6d001f3d7133247c5ab6c431441722.jpg,Groceries
c:\file akmal\Capstone - Ai Eng - Spendly_ Workspace\data\_ocr_real_crops\real_0406_line01.png,KS TUBUN 0293493733,0.81884010828596,c:\file akmal\Capstone - Ai Eng - Spendly_ Workspace\data\Groceries\train\images\receipt-134_png_jpg.rf.2a1ca7a8a5665bdd9bdf4de838a632b9.jpg,Groceries
c:\file akmal\Capstone - Ai Eng - Spendly_ Workspace\data\_ocr_real_crops\real_0370_line10.png,KEMBALI 200,0.99851828808043,c:\file akmal\Capstone - Ai Eng - Spendly_ Workspace\data\Groceries\train\images\receipt-091_png_jpg.rf.910020c4517f93c521c0860db88dc866.jpg,Groceries
c:\file akmal\Capstone - Ai Eng - Spendly_ Workspace\data\_ocr_real_crops\real_0347_line15.png,TUNAI 080 000,0.965599566431487,c:\file akmal\Capstone - Ai Eng - Spendly_ Workspace\data\Groceries\train\images\receipt-052_png_jpg.rf.d9b0e664da1184733005ba210ac5f8bf.jpg,Groceries
c:\file akmal\Capstone - Ai Eng - Spendly_ Workspace\data\_ocr_real_crops\real_0391_line11.png,TOTAL 522 000,0.9992776496705451,c:\file akmal\Capstone - Ai Eng - Spendly_ Workspace\data\Groceries\train\images\receipt-116_png_jpg.rf.655aceb4f5112367a35bacc3b21cff15.jpg,Groceries
c:\file akmal\Capstone - Ai Eng - Spendly_ Workspace\data\_ocr_real_crops\real_0295_line11.png,"PPN 1 ,229)",0.7542290761764647,c:\file akmal\Capstone - Ai Eng - Spendly_ Workspace\data\Groceries\train\images\CamScanner-19-11-2024-16-49_7_jpg.rf.cfd309c3b3234664bf190e1fcb64e024.jpg,Groceries
c:\file akmal\Capstone - Ai Eng - Spendly_ Workspace\data\_ocr_real_crops\real_0317_line17.png,LAYANAN KONSUMEN,0.9797335212084353,c:\file akmal\Capstone - Ai Eng - Spendly_ Workspace\data\Groceries\train\images\receipt-013_png_jpg.rf.a9feb613c6461c0ac990176408230994.jpg,Groceries
c:\file akmal\Capstone - Ai Eng - Spendly_ Workspace\data\_ocr_real_crops\real_0462_line11.png,LAYANAN KONSUMEN,0.9922261037115307,c:\file akmal\Capstone - Ai Eng - Spendly_ Workspace\data\Groceries\train\images\receipt-396_png_jpg.rf.9a8f78cf56be2ae5367da93f5ba45640.jpg,Groceries
c:\file akmal\Capstone - Ai Eng - Spendly_ Workspace\data\_ocr_real_crops\real_0422_line11.png,TOTAL 429 000,0.9992812744668181,c:\file akmal\Capstone - Ai Eng - Spendly_ Workspace\data\Groceries\train\images\receipt-158_png_jpg.rf.1bb3553685b256ff33648c58510ff829.jpg,Groceries
c:\file akmal\Capstone - Ai Eng - Spendly_ Workspace\data\_ocr_real_crops\real_0311_line11.png,LAYANAN KONSUMEN,0.9922261037115307,c:\file akmal\Capstone - Ai Eng - Spendly_ Workspace\data\Groceries\train\images\receipt-003_png_jpg.rf.93c390eeb9892a626457fdc98c7d4c20.jpg,Groceries
c:\file akmal\Capstone - Ai Eng - Spendly_ Workspace\data\_ocr_real_crops\real_0354_line14.png,LAYANAN KONSUMEN,0.9976565163177709,c:\file akmal\Capstone - Ai Eng - Spendly_ Workspace\data\Groceries\train\images\receipt-062_png_jpg.rf.b3d4d48c07c7b554092d88d265a71560.jpg,Groceries
c:\file akmal\Capstone - Ai Eng - Spendly_ Workspace\data\_ocr_real_crops\real_0501_line14.png,"ANDA HEHAT 4,00O",0.7179701700100583,c:\file akmal\Capstone - Ai Eng - Spendly_ Workspace\data\Groceries\valid\images\CamScanner-18-11-2024-12-48_87_jpg.rf.e871a804970c40bcd70ae94917aef81d.jpg,Groceries
c:\file akmal\Capstone - Ai Eng - Spendly_ Workspace\data\_ocr_real_crops\real_0367_line01.png,Ks TUBUN 0293493733,0.9501578329912465,c:\file akmal\Capstone - Ai Eng - Spendly_ Workspace\data\Groceries\train\images\receipt-088_png_jpg.rf.b58e4313cf8be6bf0a8935107d568b4b.jpg,Groceries
c:\file akmal\Capstone - Ai Eng - Spendly_ Workspace\data\_ocr_real_crops\real_0283_line11.png,"TUNAI 22,000",0.9893364535651088,c:\file akmal\Capstone - Ai Eng - Spendly_ Workspace\data\Groceries\train\images\CamScanner-19-11-2024-16-49_13_jpg.rf.9d06cf649afd684329ccc8da9c4f0ed0.jpg,Groceries
c:\file akmal\Capstone - Ai Eng - Spendly_ Workspace\data\_ocr_real_crops\real_0380_line06.png,HARGA JUAL 10 500,0.9285301005417314,c:\file akmal\Capstone - Ai Eng - Spendly_ Workspace\data\Groceries\train\images\receipt-102_png_jpg.rf.95bccfaaeef731d4cb439b4b4aa074ba.jpg,Groceries
c:\file akmal\Capstone - Ai Eng - Spendly_ Workspace\data\_ocr_real_crops\real_0483_line10.png,"HARGA JUAL 54,800",0.8252468905697453,c:\file akmal\Capstone - Ai Eng - Spendly_ Workspace\data\Groceries\valid\images\CamScanner-18-11-2024-12-48_25_jpg.rf.f37da34990cc6b165095ef8ab20ab90d.jpg,Groceries
c:\file akmal\Capstone - Ai Eng - Spendly_ Workspace\data\_ocr_real_crops\real_0408_line09.png,HARGA JUAL 366 300,0.999658492443064,c:\file akmal\Capstone - Ai Eng - Spendly_ Workspace\data\Groceries\train\images\receipt-139_png_jpg.rf.bc8fafc8bdf89556f53491969e9f4565.jpg,Groceries
c:\file akmal\Capstone - Ai Eng - Spendly_ Workspace\data\_ocr_real_crops\real_0399_line11.png,TOTAL 941 600,0.9995992888343649,c:\file akmal\Capstone - Ai Eng - Spendly_ Workspace\data\Groceries\train\images\receipt-126_png_jpg.rf.9f10cfbc9a6e757fba21a902e41d4da6.jpg,Groceries
c:\file akmal\Capstone - Ai Eng - Spendly_ Workspace\data\_ocr_real_crops\real_0359_line01.png,KS TUBUN 0293493733,0.81884010828596,c:\file akmal\Capstone - Ai Eng - Spendly_ Workspace\data\Groceries\train\images\receipt-069_png_jpg.rf.c1b580a8fee1104ee9e8b4455fef9f89.jpg,Groceries
c:\file akmal\Capstone - Ai Eng - Spendly_ Workspace\data\_ocr_real_crops\real_0379_line14.png,TUNAI 235 000,0.9811198746475981,c:\file akmal\Capstone - Ai Eng - Spendly_ Workspace\data\Groceries\train\images\receipt-101_png_jpg.rf.47b1c1fdfccd930fc512e8a6681192be.jpg,Groceries
c:\file akmal\Capstone - Ai Eng - Spendly_ Workspace\data\_ocr_real_crops\real_0436_line16.png,KEMBALI 900,0.9695156952036785,c:\file akmal\Capstone - Ai Eng - Spendly_ Workspace\data\Groceries\train\images\receipt-179_png_jpg.rf.36cd22ebefc524d5bf9a56a599b91b0e.jpg,Groceries
c:\file akmal\Capstone - Ai Eng - Spendly_ Workspace\data\_ocr_real_crops\real_0497_line05.png,"Total Itemn 42, 800",0.7538640183121091,c:\file akmal\Capstone - Ai Eng - Spendly_ Workspace\data\Groceries\valid\images\CamScanner-18-11-2024-12-48_67_jpg.rf.24588507463de9947f9f0a9cf8c13ace.jpg,Groceries
c:\file akmal\Capstone - Ai Eng - Spendly_ Workspace\data\_ocr_real_crops\real_0426_line10.png,TOTAL 865 000,0.998978592605459,c:\file akmal\Capstone - Ai Eng - Spendly_ Workspace\data\Groceries\train\images\receipt-167_png_jpg.rf.89be94ea26b0cf209a54cac39effe29a.jpg,Groceries
c:\file akmal\Capstone - Ai Eng - Spendly_ Workspace\data\_ocr_real_crops\real_0485_line09.png,SB HIDI REG k 200 20,0.8078683115616303,c:\file akmal\Capstone - Ai Eng - Spendly_ Workspace\data\Groceries\valid\images\CamScanner-18-11-2024-12-48_2_jpg.rf.87f7a8b4cf41e3beb3cd2ac80501b153.jpg,Groceries
c:\file akmal\Capstone - Ai Eng - Spendly_ Workspace\data\_ocr_real_crops\real_0285_line14.png,LAYANAN KONSUMEN,0.9995050099291672,c:\file akmal\Capstone - Ai Eng - Spendly_ Workspace\data\Groceries\train\images\CamScanner-19-11-2024-16-49_16_jpg.rf.42626a3fd6907f2ced16f7546e506931.jpg,Groceries
c:\file akmal\Capstone - Ai Eng - Spendly_ Workspace\data\_ocr_real_crops\real_0406_line06.png,HARGA JUAL 63 500,0.9481963878863346,c:\file akmal\Capstone - Ai Eng - Spendly_ Workspace\data\Groceries\train\images\receipt-134_png_jpg.rf.2a1ca7a8a5665bdd9bdf4de838a632b9.jpg,Groceries
c:\file akmal\Capstone - Ai Eng - Spendly_ Workspace\data\_ocr_real_crops\real_0412_line10.png,LAYANAN KONSUMEN,0.9907581232915044,c:\file akmal\Capstone - Ai Eng - Spendly_ Workspace\data\Groceries\train\images\receipt-147_png_jpg.rf.35822cbf9479fdc956a732dee10c5120.jpg,Groceries
c:\file akmal\Capstone - Ai Eng - Spendly_ Workspace\data\_ocr_real_crops\real_0283_line10.png,"TOTAL 22,000",0.9791088610657801,c:\file akmal\Capstone - Ai Eng - Spendly_ Workspace\data\Groceries\train\images\CamScanner-19-11-2024-16-49_13_jpg.rf.9d06cf649afd684329ccc8da9c4f0ed0.jpg,Groceries
c:\file akmal\Capstone - Ai Eng - Spendly_ Workspace\data\_ocr_real_crops\real_0352_line11.png,TUNAI 975 000,0.9993035128768168,c:\file akmal\Capstone - Ai Eng - Spendly_ Workspace\data\Groceries\train\images\receipt-060_png_jpg.rf.c52a933de013d86ff6466321206e4cdb.jpg,Groceries
c:\file akmal\Capstone - Ai Eng - Spendly_ Workspace\data\_ocr_real_crops\real_0397_line12.png,TUNAI 635 000,0.8846063803816309,c:\file akmal\Capstone - Ai Eng - Spendly_ Workspace\data\Groceries\train\images\receipt-124_png_jpg.rf.959225faa4e0e4fabed738280087db17.jpg,Groceries
c:\file akmal\Capstone - Ai Eng - Spendly_ Workspace\data\_ocr_real_crops\real_0463_line15.png,KEMBALI 700,0.9995605585530302,c:\file akmal\Capstone - Ai Eng - Spendly_ Workspace\data\Groceries\train\images\receipt-412_png_jpg.rf.f8c006d7fd8b9fba216ddcc556f7d93e.jpg,Groceries
c:\file akmal\Capstone - Ai Eng - Spendly_ Workspace\data\_ocr_real_crops\real_0433_line17.png,KEMBALI 500,0.9991620693703551,c:\file akmal\Capstone - Ai Eng - Spendly_ Workspace\data\Groceries\train\images\receipt-176_png_jpg.rf.9c502549eec368ccf75b6e5161ef88fc.jpg,Groceries
c:\file akmal\Capstone - Ai Eng - Spendly_ Workspace\data\_ocr_real_crops\real_0271_line11.png,"tal Iten 29,200",0.9227233865122648,c:\file akmal\Capstone - Ai Eng - Spendly_ Workspace\data\Groceries\train\images\CamScanner-18-11-2024-12-48_82_jpg.rf.9665cc222bbfd2b8d04947b4ff798be1.jpg,Groceries
c:\file akmal\Capstone - Ai Eng - Spendly_ Workspace\data\_ocr_real_crops\real_0374_line17.png,TUNAI 300 000,0.8974348773872122,c:\file akmal\Capstone - Ai Eng - Spendly_ Workspace\data\Groceries\train\images\receipt-095_png_jpg.rf.d422b2e4cbb963393346f8fdbf10b72a.jpg,Groceries
c:\file akmal\Capstone - Ai Eng - Spendly_ Workspace\data\_ocr_real_crops\real_0405_line15.png,TUNAI 665 000,0.9702257556625474,c:\file akmal\Capstone - Ai Eng - Spendly_ Workspace\data\Groceries\train\images\receipt-133_png_jpg.rf.5b60d631acf4364b324fe11daebfa964.jpg,Groceries
c:\file akmal\Capstone - Ai Eng - Spendly_ Workspace\data\_ocr_real_crops\real_0413_line01.png,KS TUBUN 0293493733,0.7979685602495988,c:\file akmal\Capstone - Ai Eng - Spendly_ Workspace\data\Groceries\train\images\receipt-148_png_jpg.rf.699bcdf5ea004bb406fefc2bcdb4394f.jpg,Groceries
c:\file akmal\Capstone - Ai Eng - Spendly_ Workspace\data\_ocr_real_crops\real_0283_line15.png,KONTAKINDOMARET COID,0.7591012449550023,c:\file akmal\Capstone - Ai Eng - Spendly_ Workspace\data\Groceries\train\images\CamScanner-19-11-2024-16-49_13_jpg.rf.9d06cf649afd684329ccc8da9c4f0ed0.jpg,Groceries
c:\file akmal\Capstone - Ai Eng - Spendly_ Workspace\data\_ocr_real_crops\real_0383_line09.png,TOTAL 361 700,0.9995792398442269,c:\file akmal\Capstone - Ai Eng - Spendly_ Workspace\data\Groceries\train\images\receipt-107_png_jpg.rf.ca41f95e66308e3b7a389dc1263e84eb.jpg,Groceries
c:\file akmal\Capstone - Ai Eng - Spendly_ Workspace\data\_ocr_real_crops\real_0454_line12.png,KEMBALI 600,0.999649623370719,c:\file akmal\Capstone - Ai Eng - Spendly_ Workspace\data\Groceries\train\images\receipt-331_png_jpg.rf.b5de4e8ea054e83c7d71e616db0fa11b.jpg,Groceries
c:\file akmal\Capstone - Ai Eng - Spendly_ Workspace\data\_ocr_real_crops\real_0385_line10.png,TUNAI 120 000,0.9998536038435445,c:\file akmal\Capstone - Ai Eng - Spendly_ Workspace\data\Groceries\train\images\receipt-109_png_jpg.rf.234d030c922f17b69488f19a38dca774.jpg,Groceries
c:\file akmal\Capstone - Ai Eng - Spendly_ Workspace\data\_ocr_real_crops\real_0280_line14.png,TUNA I 900,0.8773362351149498,c:\file akmal\Capstone - Ai Eng - Spendly_ Workspace\data\Groceries\train\images\CamScanner-18-11-2024-12-48_99_jpg.rf.fde8eab1d207cf459b243ab6ac649537.jpg,Groceries
c:\file akmal\Capstone - Ai Eng - Spendly_ Workspace\data\_ocr_real_crops\real_0379_line16.png,LAYANAN KONSUMEN,0.9994804236606182,c:\file akmal\Capstone - Ai Eng - Spendly_ Workspace\data\Groceries\train\images\receipt-101_png_jpg.rf.47b1c1fdfccd930fc512e8a6681192be.jpg,Groceries
c:\file akmal\Capstone - Ai Eng - Spendly_ Workspace\data\_ocr_real_crops\real_0334_line14.png,TUNAI 900 000,0.9685065770006013,c:\file akmal\Capstone - Ai Eng - Spendly_ Workspace\data\Groceries\train\images\receipt-038_png_jpg.rf.98c228cc30dadfd5bd23c8ad12a2dab4.jpg,Groceries
c:\file akmal\Capstone - Ai Eng - Spendly_ Workspace\data\_ocr_real_crops\real_0317_line14.png,TOTAL 663 900,0.9194215272174059,c:\file akmal\Capstone - Ai Eng - Spendly_ Workspace\data\Groceries\train\images\receipt-013_png_jpg.rf.a9feb613c6461c0ac990176408230994.jpg,Groceries
c:\file akmal\Capstone - Ai Eng - Spendly_ Workspace\data\_ocr_real_crops\real_0383_line08.png,HARGA JUAL 361 700,0.9977820595545068,c:\file akmal\Capstone - Ai Eng - Spendly_ Workspace\data\Groceries\train\images\receipt-107_png_jpg.rf.ca41f95e66308e3b7a389dc1263e84eb.jpg,Groceries
c:\file akmal\Capstone - Ai Eng - Spendly_ Workspace\data\_ocr_real_crops\real_0411_line15.png,HARGA JUAL 980 300,0.9943129370472323,c:\file akmal\Capstone - Ai Eng - Spendly_ Workspace\data\Groceries\train\images\receipt-146_png_jpg.rf.26c4a75ab0a123b619f7f957da1131ed.jpg,Groceries
c:\file akmal\Capstone - Ai Eng - Spendly_ Workspace\data\_ocr_real_crops\real_0431_line09.png,HARGA JUAL 482 300,0.883896497808869,c:\file akmal\Capstone - Ai Eng - Spendly_ Workspace\data\Groceries\train\images\receipt-174_png_jpg.rf.aab96e7843478086611217fc8b1a0ee0.jpg,Groceries
c:\file akmal\Capstone - Ai Eng - Spendly_ Workspace\data\_ocr_real_crops\real_0411_line18.png,KEMBALI 700,0.9878608535890834,c:\file akmal\Capstone - Ai Eng - Spendly_ Workspace\data\Groceries\train\images\receipt-146_png_jpg.rf.26c4a75ab0a123b619f7f957da1131ed.jpg,Groceries
c:\file akmal\Capstone - Ai Eng - Spendly_ Workspace\data\_ocr_real_crops\real_0419_line06.png,HARGA JUAL 66 000,0.9256518830943438,c:\file akmal\Capstone - Ai Eng - Spendly_ Workspace\data\Groceries\train\images\receipt-154_png_jpg.rf.f1299a677f50507666ccbdd8ee83e28c.jpg,Groceries
c:\file akmal\Capstone - Ai Eng - Spendly_ Workspace\data\_ocr_real_crops\real_0267_line11.png,X 20 0oo Rp 20.00O,0.7199741962709238,c:\file akmal\Capstone - Ai Eng - Spendly_ Workspace\data\Groceries\train\images\6-tampilan-dari-cetak-struk_jpg.rf.2093be40c40144b79cfcae59f747aba8.jpg,Groceries
c:\file akmal\Capstone - Ai Eng - Spendly_ Workspace\data\_ocr_real_crops\real_0331_line11.png,HARGA JUAL 6/0 400,0.8763262945441925,c:\file akmal\Capstone - Ai Eng - Spendly_ Workspace\data\Groceries\train\images\receipt-033_png_jpg.rf.f02d1096e992f2a305d14dc0eca9e4f9.jpg,Groceries
c:\file akmal\Capstone - Ai Eng - Spendly_ Workspace\data\_ocr_real_crops\real_0467_line10.png,KEMBALI 800,0.9998989639773446,c:\file akmal\Capstone - Ai Eng - Spendly_ Workspace\data\Groceries\train\images\receipt-470_png_jpg.rf.9a307bfb6bcb9340ce394e03f0e32a32.jpg,Groceries
c:\file akmal\Capstone - Ai Eng - Spendly_ Workspace\data\_ocr_real_crops\real_0420_line14.png,LAYANAN KONSUMEN,0.9986369029399982,c:\file akmal\Capstone - Ai Eng - Spendly_ Workspace\data\Groceries\train\images\receipt-155_png_jpg.rf.997ceb1b392776fb4d7b2d2636bf74a6.jpg,Groceries
c:\file akmal\Capstone - Ai Eng - Spendly_ Workspace\data\_ocr_real_crops\real_0403_line10.png,TOTAL 487 600,0.9997762587721241,c:\file akmal\Capstone - Ai Eng - Spendly_ Workspace\data\Groceries\train\images\receipt-131_png_jpg.rf.a06b0dc5055940ab8740e72c4d992726.jpg,Groceries
c:\file akmal\Capstone - Ai Eng - Spendly_ Workspace\data\_ocr_real_crops\real_0297_line09.png,"Tunai 28,900",0.9642619737971447,c:\file akmal\Capstone - Ai Eng - Spendly_ Workspace\data\Groceries\train\images\CamScanner-19-11-2024-16-49_8_jpg.rf.7b8c23738fdfd3c5e407efc53489376f.jpg,Groceries
c:\file akmal\Capstone - Ai Eng - Spendly_ Workspace\data\_ocr_real_crops\real_0280_line05.png,VETERAN,0.9560422264275421,c:\file akmal\Capstone - Ai Eng - Spendly_ Workspace\data\Groceries\train\images\CamScanner-18-11-2024-12-48_99_jpg.rf.fde8eab1d207cf459b243ab6ac649537.jpg,Groceries
c:\file akmal\Capstone - Ai Eng - Spendly_ Workspace\data\_ocr_real_crops\real_0260_line13.png,LAYANAN KONSUMEN,0.8535761291102495,c:\file akmal\Capstone - Ai Eng - Spendly_ Workspace\data\Groceries\test\images\receipt-067_png_jpg.rf.930186f0b80cca504c3de8ce3f66565d.jpg,Groceries
c:\file akmal\Capstone - Ai Eng - Spendly_ Workspace\data\_ocr_real_crops\real_0377_line08.png,HARGA JUAL 115 800,0.9619551615507236,c:\file akmal\Capstone - Ai Eng - Spendly_ Workspace\data\Groceries\train\images\receipt-099_png_jpg.rf.65553cb57d97daf6ccbaf072304ec509.jpg,Groceries
c:\file akmal\Capstone - Ai Eng - Spendly_ Workspace\data\_ocr_real_crops\real_0369_line09.png,HARGA JUAL 510 000,0.9993773974388738,c:\file akmal\Capstone - Ai Eng - Spendly_ Workspace\data\Groceries\train\images\receipt-090_png_jpg.rf.9bfba42f1b29d676581c17b7e4f203b1.jpg,Groceries
c:\file akmal\Capstone - Ai Eng - Spendly_ Workspace\data\_ocr_real_crops\real_0270_line12.png,"KEMBALI 49 , 8CO",0.849414547045704,c:\file akmal\Capstone - Ai Eng - Spendly_ Workspace\data\Groceries\train\images\CamScanner-18-11-2024-12-48_7_jpg.rf.58e75b260930768aab575ff1e003d9a1.jpg,Groceries
c:\file akmal\Capstone - Ai Eng - Spendly_ Workspace\data\_ocr_real_crops\real_0316_line11.png,TUNAI 500 000,0.9995441000211819,c:\file akmal\Capstone - Ai Eng - Spendly_ Workspace\data\Groceries\train\images\receipt-012_png_jpg.rf.cb6f5976b385f567a9d8a4dd20f2fa05.jpg,Groceries
c:\file akmal\Capstone - Ai Eng - Spendly_ Workspace\data\_ocr_real_crops\real_0457_line14.png,LAYANAN KONSUMEN,0.9986369029399982,c:\file akmal\Capstone - Ai Eng - Spendly_ Workspace\data\Groceries\train\images\receipt-356_png_jpg.rf.3432c26b29da2f695c9803e736e99322.jpg,Groceries
c:\file akmal\Capstone - Ai Eng - Spendly_ Workspace\data\_ocr_real_crops\real_0486_line14.png,Total Iten 135 200,0.9267837027528574,c:\file akmal\Capstone - Ai Eng - Spendly_ Workspace\data\Groceries\valid\images\CamScanner-18-11-2024-12-48_33_jpg.rf.a349e2ac43897488be2a63a6a6be2049.jpg,Groceries
c:\file akmal\Capstone - Ai Eng - Spendly_ Workspace\data\_ocr_real_crops\real_0347_line01.png,Ks TUBUN 0293493733,0.9180280919438758,c:\file akmal\Capstone - Ai Eng - Spendly_ Workspace\data\Groceries\train\images\receipt-052_png_jpg.rf.d9b0e664da1184733005ba210ac5f8bf.jpg,Groceries
c:\file akmal\Capstone - Ai Eng - Spendly_ Workspace\data\_ocr_real_crops\real_0481_line04.png,NGASINAN,0.9771253116578009,c:\file akmal\Capstone - Ai Eng - Spendly_ Workspace\data\Groceries\valid\images\CamScanner-18-11-2024-12-48_23_jpg.rf.4bdebbb33333d666feeaadb2e475a6b5.jpg,Groceries
c:\file akmal\Capstone - Ai Eng - Spendly_ Workspace\data\_ocr_real_crops\real_0404_line15.png,LAYANAN KONSUMEN,0.9171502580912131,c:\file akmal\Capstone - Ai Eng - Spendly_ Workspace\data\Groceries\train\images\receipt-132_png_jpg.rf.37177efb9186862df0ed0eb4952c5dd6.jpg,Groceries
c:\file akmal\Capstone - Ai Eng - Spendly_ Workspace\data\_ocr_real_crops\real_0414_line12.png,HARGA JUAL 860 800,0.9190792307515001,c:\file akmal\Capstone - Ai Eng - Spendly_ Workspace\data\Groceries\train\images\receipt-149_png_jpg.rf.29a0c4de70fc120fa7fcf61f6bf22a41.jpg,Groceries
c:\file akmal\Capstone - Ai Eng - Spendly_ Workspace\data\_ocr_real_crops\real_0479_line12.png,"TUNAI 5,900.",0.9821772541056479,c:\file akmal\Capstone - Ai Eng - Spendly_ Workspace\data\Groceries\valid\images\CamScanner-18-11-2024-12-48_20_jpg.rf.a5dfa551cd448f35fb04f0aa9e651f13.jpg,Groceries
c:\file akmal\Capstone - Ai Eng - Spendly_ Workspace\data\_ocr_real_crops\real_0389_line12.png,HARGA JUAL 637 000,0.9973533830151209,c:\file akmal\Capstone - Ai Eng - Spendly_ Workspace\data\Groceries\train\images\receipt-114_png_jpg.rf.e29da0af68b8362fdd65ae675dac6534.jpg,Groceries
c:\file akmal\Capstone - Ai Eng - Spendly_ Workspace\data\_ocr_real_crops\real_0323_line15.png,TUNAI 650 000,0.9649964111405911,c:\file akmal\Capstone - Ai Eng - Spendly_ Workspace\data\Groceries\train\images\receipt-023_png_jpg.rf.f9a53adf015cb69a12370dc7b7c654f6.jpg,Groceries
c:\file akmal\Capstone - Ai Eng - Spendly_ Workspace\data\_ocr_real_crops\real_0329_line11.png,LAYANAN KONSUMEN,0.9922261037115307,c:\file akmal\Capstone - Ai Eng - Spendly_ Workspace\data\Groceries\train\images\receipt-031_png_jpg.rf.77113f34c6b72e5d1351c8fe869acc4b.jpg,Groceries
c:\file akmal\Capstone - Ai Eng - Spendly_ Workspace\data\_ocr_real_crops\real_0450_line09.png,KEMBALI 200,0.9376051545721293,c:\file akmal\Capstone - Ai Eng - Spendly_ Workspace\data\Groceries\train\images\receipt-280_png_jpg.rf.d9a64fb60637bbda026d15d8f869103d.jpg,Groceries
c:\file akmal\Capstone - Ai Eng - Spendly_ Workspace\data\_ocr_real_crops\real_0325_line09.png,HARGA JUAL 346 500,0.9100325443005356,c:\file akmal\Capstone - Ai Eng - Spendly_ Workspace\data\Groceries\train\images\receipt-025_png_jpg.rf.948f0b87f6e434be707145ac491807d9.jpg,Groceries
c:\file akmal\Capstone - Ai Eng - Spendly_ Workspace\data\_ocr_real_crops\real_0289_line11.png,"HARGA JUAL 9,000",0.9776718366319082,c:\file akmal\Capstone - Ai Eng - Spendly_ Workspace\data\Groceries\train\images\CamScanner-19-11-2024-16-49_2_jpg.rf.e50f8b2a9f6bcb453c0ad04d96878ac2.jpg,Groceries
c:\file akmal\Capstone - Ai Eng - Spendly_ Workspace\data\_ocr_real_crops\real_0285_line11.png,"TOTAL 14 ,300",0.8196140833296965,c:\file akmal\Capstone - Ai Eng - Spendly_ Workspace\data\Groceries\train\images\CamScanner-19-11-2024-16-49_16_jpg.rf.42626a3fd6907f2ced16f7546e506931.jpg,Groceries
c:\file akmal\Capstone - Ai Eng - Spendly_ Workspace\data\_ocr_real_crops\real_0477_line14.png,Kembalian,0.9959115092667549,c:\file akmal\Capstone - Ai Eng - Spendly_ Workspace\data\Groceries\valid\images\CamScanner-18-11-2024-12-48_102_jpg.rf.9800ae82943a50f49a53a3c1f42a7f54.jpg,Groceries
c:\file akmal\Capstone - Ai Eng - Spendly_ Workspace\data\_ocr_real_crops\real_0369_line12.png,KEMBALI,0.9998933485374668,c:\file akmal\Capstone - Ai Eng - Spendly_ Workspace\data\Groceries\train\images\receipt-090_png_jpg.rf.9bfba42f1b29d676581c17b7e4f203b1.jpg,Groceries
c:\file akmal\Capstone - Ai Eng - Spendly_ Workspace\data\_ocr_real_crops\real_0390_line10.png,"TOTAL 174 , 800",0.9213209148591119,c:\file akmal\Capstone - Ai Eng - Spendly_ Workspace\data\Groceries\train\images\receipt-115_png_jpg.rf.2f866bba7e1356197abd5328e63fda1f.jpg,Groceries
c:\file akmal\Capstone - Ai Eng - Spendly_ Workspace\data\_ocr_real_crops\real_0384_line10.png,KEMBALI 400,0.9985537817944288,c:\file akmal\Capstone - Ai Eng - Spendly_ Workspace\data\Groceries\train\images\receipt-108_png_jpg.rf.c44b081e41096723e9f70259d555b4dd.jpg,Groceries
c:\file akmal\Capstone - Ai Eng - Spendly_ Workspace\data\_ocr_real_crops\real_0269_line11.png,Hemat Produk 20 060,0.9964537297023437,c:\file akmal\Capstone - Ai Eng - Spendly_ Workspace\data\Groceries\train\images\Benihbaikaba144e56a189a19d272718daf5838e3bfcb6c0e_png.rf.33aa3cc8e95770f52c2a4dd11ad69677.jpg,Groceries
c:\file akmal\Capstone - Ai Eng - Spendly_ Workspace\data\_ocr_real_crops\real_0457_line05.png,SIRSAK 23500 47 000,0.9981993464177968,c:\file akmal\Capstone - Ai Eng - Spendly_ Workspace\data\Groceries\train\images\receipt-356_png_jpg.rf.3432c26b29da2f695c9803e736e99322.jpg,Groceries
c:\file akmal\Capstone - Ai Eng - Spendly_ Workspace\data\_ocr_real_crops\real_0435_line01.png,KS TUBUN 0293493733,0.81884010828596,c:\file akmal\Capstone - Ai Eng - Spendly_ Workspace\data\Groceries\train\images\receipt-178_png_jpg.rf.21fc3077ce76dad5193087da64aaf4a8.jpg,Groceries
c:\file akmal\Capstone - Ai Eng - Spendly_ Workspace\data\_ocr_real_crops\real_0395_line13.png,HARGA JUAL 005 200,0.9982445383995265,c:\file akmal\Capstone - Ai Eng - Spendly_ Workspace\data\Groceries\train\images\receipt-121_png_jpg.rf.342fd6b6fa269bd5ebc5ba5f4bd9db7c.jpg,Groceries
c:\file akmal\Capstone - Ai Eng - Spendly_ Workspace\data\_ocr_real_crops\real_0407_line13.png,KEMBALI 000,0.9997395241529836,c:\file akmal\Capstone - Ai Eng - Spendly_ Workspace\data\Groceries\train\images\receipt-135_png_jpg.rf.b5f13c684068b2fca5a3157298f8146b.jpg,Groceries
c:\file akmal\Capstone - Ai Eng - Spendly_ Workspace\data\_ocr_real_crops\real_0413_line12.png,TUNAI 325 000,0.9994335206212211,c:\file akmal\Capstone - Ai Eng - Spendly_ Workspace\data\Groceries\train\images\receipt-148_png_jpg.rf.699bcdf5ea004bb406fefc2bcdb4394f.jpg,Groceries
c:\file akmal\Capstone - Ai Eng - Spendly_ Workspace\data\_ocr_real_crops\real_0331_line15.png,LAYANAN KONSUMEN,0.9171502580912131,c:\file akmal\Capstone - Ai Eng - Spendly_ Workspace\data\Groceries\train\images\receipt-033_png_jpg.rf.f02d1096e992f2a305d14dc0eca9e4f9.jpg,Groceries
c:\file akmal\Capstone - Ai Eng - Spendly_ Workspace\data\_ocr_real_crops\real_0500_line14.png,"Jnai 26,600",0.8643955397858705,c:\file akmal\Capstone - Ai Eng - Spendly_ Workspace\data\Groceries\valid\images\CamScanner-18-11-2024-12-48_82_jpg.rf.17b49fa3da248318fe95dca45ac0d7a1.jpg,Groceries
c:\file akmal\Capstone - Ai Eng - Spendly_ Workspace\data\_ocr_real_crops\real_0288_line12.png,"TUNAI 50,000",0.8255975905971095,c:\file akmal\Capstone - Ai Eng - Spendly_ Workspace\data\Groceries\train\images\CamScanner-19-11-2024-16-49_2_jpg.rf.be90ac8be48a868a29b15c0ecb06ccb4.jpg,Groceries
c:\file akmal\Capstone - Ai Eng - Spendly_ Workspace\data\_ocr_real_crops\real_0351_line15.png,LAYANAN KONSUMEN,0.9171502580912131,c:\file akmal\Capstone - Ai Eng - Spendly_ Workspace\data\Groceries\train\images\receipt-059_png_jpg.rf.01a4a35e109b91be61a45201ad66f1ce.jpg,Groceries
c:\file akmal\Capstone - Ai Eng - Spendly_ Workspace\data\_ocr_real_crops\real_0437_line12.png,HARGA JUAL 589 300,0.9506060010094852,c:\file akmal\Capstone - Ai Eng - Spendly_ Workspace\data\Groceries\train\images\receipt-181_png_jpg.rf.bbe18020aedbcb9c545675cb3e0f3046.jpg,Groceries
c:\file akmal\Capstone - Ai Eng - Spendly_ Workspace\data\_ocr_real_crops\real_0382_line17.png,LAYANAN KONSUMEN,0.9797335212084353,c:\file akmal\Capstone - Ai Eng - Spendly_ Workspace\data\Groceries\train\images\receipt-104_png_jpg.rf.5674452a6bb0956e26482daaf18d14d0.jpg,Groceries
c:\file akmal\Capstone - Ai Eng - Spendly_ Workspace\data\_ocr_real_crops\real_0339_line14.png,KEMBALI 800,0.8914279424948134,c:\file akmal\Capstone - Ai Eng - Spendly_ Workspace\data\Groceries\train\images\receipt-044_png_jpg.rf.a8ef28ceac510aff1fcddabb2387a040.jpg,Groceries
c:\file akmal\Capstone - Ai Eng - Spendly_ Workspace\data\_ocr_real_crops\real_0358_line10.png,LAYANAN KONSUMEN,0.9907581232915044,c:\file akmal\Capstone - Ai Eng - Spendly_ Workspace\data\Groceries\train\images\receipt-068_png_jpg.rf.74288950200395a72677ce5c8908a3e9.jpg,Groceries
c:\file akmal\Capstone - Ai Eng - Spendly_ Workspace\data\_ocr_real_crops\real_0326_line07.png,"TOTAL 94 , 400",0.8250701218459139,c:\file akmal\Capstone - Ai Eng - Spendly_ Workspace\data\Groceries\train\images\receipt-026_png_jpg.rf.8547198690d5f2448e751783fa1e4d35.jpg,Groceries
c:\file akmal\Capstone - Ai Eng - Spendly_ Workspace\data\_ocr_real_crops\real_0263_line10.png,TUNAI 245 000,0.9999043735730928,c:\file akmal\Capstone - Ai Eng - Spendly_ Workspace\data\Groceries\test\images\receipt-478_png_jpg.rf.19639cab6d0d952b16f593c11c17d7d8.jpg,Groceries
c:\file akmal\Capstone - Ai Eng - Spendly_ Workspace\data\_ocr_real_crops\real_0388_line01.png,KS TUBUN 0293493733,0.7760493894665143,c:\file akmal\Capstone - Ai Eng - Spendly_ Workspace\data\Groceries\train\images\receipt-113_png_jpg.rf.6c157650611fc1e3098c190ca8d599b1.jpg,Groceries
c:\file akmal\Capstone - Ai Eng - Spendly_ Workspace\data\_ocr_real_crops\real_0266_line03.png,surabaya,0.9158785032502439,c:\file akmal\Capstone - Ai Eng - Spendly_ Workspace\data\Groceries\train\images\12-selesai-cara-transaksi-penjualan-new1_jpg.rf.e1d14e23446a6a9b4e4736bdb1f85b78.jpg,Groceries
c:\file akmal\Capstone - Ai Eng - Spendly_ Workspace\data\_ocr_real_crops\real_0425_line08.png,"TOTAL 136 , 800",0.9893236974700894,c:\file akmal\Capstone - Ai Eng - Spendly_ Workspace\data\Groceries\train\images\receipt-165_png_jpg.rf.47a8373d35a33fd8527e7475caa8bfdb.jpg,Groceries
c:\file akmal\Capstone - Ai Eng - Spendly_ Workspace\data\_ocr_real_crops\real_0412_line08.png,TUNAI 180 000,0.9997983986761567,c:\file akmal\Capstone - Ai Eng - Spendly_ Workspace\data\Groceries\train\images\receipt-147_png_jpg.rf.35822cbf9479fdc956a732dee10c5120.jpg,Groceries
c:\file akmal\Capstone - Ai Eng - Spendly_ Workspace\data\_ocr_real_crops\real_0481_line13.png,"KEMBALI 5,800",0.9853385961709187,c:\file akmal\Capstone - Ai Eng - Spendly_ Workspace\data\Groceries\valid\images\CamScanner-18-11-2024-12-48_23_jpg.rf.4bdebbb33333d666feeaadb2e475a6b5.jpg,Groceries
c:\file akmal\Capstone - Ai Eng - Spendly_ Workspace\data\_ocr_real_crops\real_0341_line01.png,KS TUBUN 0293493733,0.81884010828596,c:\file akmal\Capstone - Ai Eng - Spendly_ Workspace\data\Groceries\train\images\receipt-046_png_jpg.rf.626455d859bb3608540e89bc4a0b1e4b.jpg,Groceries
c:\file akmal\Capstone - Ai Eng - Spendly_ Workspace\data\_ocr_real_crops\real_0428_line13.png,TUNAI 625 000,0.9990284986344542,c:\file akmal\Capstone - Ai Eng - Spendly_ Workspace\data\Groceries\train\images\receipt-171_png_jpg.rf.96e56ec037e765d339e1199faf6971f1.jpg,Groceries
c:\file akmal\Capstone - Ai Eng - Spendly_ Workspace\data\_ocr_real_crops\real_0363_line14.png,TOTAL 127 500,0.8911246774041554,c:\file akmal\Capstone - Ai Eng - Spendly_ Workspace\data\Groceries\train\images\receipt-079_png_jpg.rf.7e2d492a606ca0fd5c1fa8098db22a12.jpg,Groceries
c:\file akmal\Capstone - Ai Eng - Spendly_ Workspace\data\_ocr_real_crops\real_0400_line16.png,KEMBALI 400,0.9973780295678996,c:\file akmal\Capstone - Ai Eng - Spendly_ Workspace\data\Groceries\train\images\receipt-128_png_jpg.rf.18644ad3bf886a84f0c6dc4870d65131.jpg,Groceries
c:\file akmal\Capstone - Ai Eng - Spendly_ Workspace\data\_ocr_real_crops\real_0313_line11.png,TOTAL 408 300,0.935773869998184,c:\file akmal\Capstone - Ai Eng - Spendly_ Workspace\data\Groceries\train\images\receipt-005_png_jpg.rf.33dfc11c7402f4d4c023a7fc75e42d73.jpg,Groceries
c:\file akmal\Capstone - Ai Eng - Spendly_ Workspace\data\_ocr_real_crops\real_0405_line13.png,HARGA JUAL 663 500,0.9992775799784794,c:\file akmal\Capstone - Ai Eng - Spendly_ Workspace\data\Groceries\train\images\receipt-133_png_jpg.rf.5b60d631acf4364b324fe11daebfa964.jpg,Groceries
c:\file akmal\Capstone - Ai Eng - Spendly_ Workspace\data\_ocr_real_crops\real_0355_line10.png,HARGA JUAL 375 400,0.991086659939883,c:\file akmal\Capstone - Ai Eng - Spendly_ Workspace\data\Groceries\train\images\receipt-063_png_jpg.rf.aed7b0afce45838bcc5ccb6e45c1c096.jpg,Groceries
c:\file akmal\Capstone - Ai Eng - Spendly_ Workspace\data\_ocr_real_crops\real_0289_line17.png,NON PPN DPP 100,0.9508395092955384,c:\file akmal\Capstone - Ai Eng - Spendly_ Workspace\data\Groceries\train\images\CamScanner-19-11-2024-16-49_2_jpg.rf.e50f8b2a9f6bcb453c0ad04d96878ac2.jpg,Groceries
c:\file akmal\Capstone - Ai Eng - Spendly_ Workspace\data\_ocr_real_crops\real_0435_line08.png,TUNAI 125 000,0.8659386855260163,c:\file akmal\Capstone - Ai Eng - Spendly_ Workspace\data\Groceries\train\images\receipt-178_png_jpg.rf.21fc3077ce76dad5193087da64aaf4a8.jpg,Groceries
c:\file akmal\Capstone - Ai Eng - Spendly_ Workspace\data\_ocr_real_crops\real_0416_line12.png,LAYANAN KONSUMEN,0.974376929653875,c:\file akmal\Capstone - Ai Eng - Spendly_ Workspace\data\Groceries\train\images\receipt-151_png_jpg.rf.96069620e385acdbd015a11c9375dbf9.jpg,Groceries
c:\file akmal\Capstone - Ai Eng - Spendly_ Workspace\data\_ocr_real_crops\real_0378_line10.png,HARGA JUAL 721 300,0.9992089728915274,c:\file akmal\Capstone - Ai Eng - Spendly_ Workspace\data\Groceries\train\images\receipt-100_png_jpg.rf.a5ac42aa81e84a87e47c7a49a02e5fef.jpg,Groceries
c:\file akmal\Capstone - Ai Eng - Spendly_ Workspace\data\_ocr_real_crops\real_0388_line10.png,HARGA JUAL 762 500,0.9565161786268606,c:\file akmal\Capstone - Ai Eng - Spendly_ Workspace\data\Groceries\train\images\receipt-113_png_jpg.rf.6c157650611fc1e3098c190ca8d599b1.jpg,Groceries
c:\file akmal\Capstone - Ai Eng - Spendly_ Workspace\data\_ocr_real_crops\real_0368_line15.png,KEMBALI 900,0.9989480926466345,c:\file akmal\Capstone - Ai Eng - Spendly_ Workspace\data\Groceries\train\images\receipt-089_png_jpg.rf.f655245766de70ade64dca9c6116770e.jpg,Groceries
c:\file akmal\Capstone - Ai Eng - Spendly_ Workspace\data\_ocr_real_crops\real_0502_line16.png,TOTAL 58 600,0.8990550358477317,c:\file akmal\Capstone - Ai Eng - Spendly_ Workspace\data\Groceries\valid\images\CamScanner-18-11-2024-12-48_8_jpg.rf.035fba047eeb5c9770eba6ef119c9b21.jpg,Groceries
c:\file akmal\Capstone - Ai Eng - Spendly_ Workspace\data\_ocr_real_crops\real_0263_line08.png,HARGA JUAL 243 000,0.9814498495714916,c:\file akmal\Capstone - Ai Eng - Spendly_ Workspace\data\Groceries\test\images\receipt-478_png_jpg.rf.19639cab6d0d952b16f593c11c17d7d8.jpg,Groceries
c:\file akmal\Capstone - Ai Eng - Spendly_ Workspace\data\_ocr_real_crops\real_0285_line18.png,KLIKINDOMARET,0.9994092607653765,c:\file akmal\Capstone - Ai Eng - Spendly_ Workspace\data\Groceries\train\images\CamScanner-19-11-2024-16-49_16_jpg.rf.42626a3fd6907f2ced16f7546e506931.jpg,Groceries
c:\file akmal\Capstone - Ai Eng - Spendly_ Workspace\data\_ocr_real_crops\real_0429_line09.png,KEMBALI 600,0.9458245158773662,c:\file akmal\Capstone - Ai Eng - Spendly_ Workspace\data\Groceries\train\images\receipt-172_png_jpg.rf.25cca28319ea322bf1beae22fa5ac2fe.jpg,Groceries
c:\file akmal\Capstone - Ai Eng - Spendly_ Workspace\data\_ocr_real_crops\real_0438_line13.png,KEMBALI 910,0.999675898559063,c:\file akmal\Capstone - Ai Eng - Spendly_ Workspace\data\Groceries\train\images\receipt-182_png_jpg.rf.69ecde60f0be589526e2ccae510efd1b.jpg,Groceries
c:\file akmal\Capstone - Ai Eng - Spendly_ Workspace\data\_ocr_real_crops\real_0506_line12.png,TUNAI 555 000,0.9994336123883034,c:\file akmal\Capstone - Ai Eng - Spendly_ Workspace\data\Groceries\valid\images\receipt-215_png_jpg.rf.8d47b27f9e5c7ae48c09779b3e56ef52.jpg,Groceries
c:\file akmal\Capstone - Ai Eng - Spendly_ Workspace\data\_ocr_real_crops\real_0296_line08.png,"Tota tem 2, a0o",0.7268899702549962,c:\file akmal\Capstone - Ai Eng - Spendly_ Workspace\data\Groceries\train\images\CamScanner-19-11-2024-16-49_7_jpg.rf.e7f49d315833e0a4277c653aa52893e6.jpg,Groceries
c:\file akmal\Capstone - Ai Eng - Spendly_ Workspace\data\_ocr_real_crops\real_0440_line11.png,KEMBALI 400,0.9999138335878295,c:\file akmal\Capstone - Ai Eng - Spendly_ Workspace\data\Groceries\train\images\receipt-185_png_jpg.rf.d52ec4a99507c3003c9b1edb4f5bf118.jpg,Groceries
c:\file akmal\Capstone - Ai Eng - Spendly_ Workspace\data\_ocr_real_crops\real_0505_line12.png,TUNAI 670 000,0.9993425831851043,c:\file akmal\Capstone - Ai Eng - Spendly_ Workspace\data\Groceries\valid\images\receipt-065_png_jpg.rf.4d8b8661b01ebe4b0564281759551dab.jpg,Groceries
c:\file akmal\Capstone - Ai Eng - Spendly_ Workspace\data\_ocr_real_crops\real_0375_line01.png,Ks TUBUN 0293493733,0.8109447556667914,c:\file akmal\Capstone - Ai Eng - Spendly_ Workspace\data\Groceries\train\images\receipt-096_png_jpg.rf.fc5e9564f8a26bfa6bab6cdff02abcf1.jpg,Groceries
c:\file akmal\Capstone - Ai Eng - Spendly_ Workspace\data\_ocr_real_crops\real_0294_line09.png,"Total tem 8,0O0",0.7775314812357151,c:\file akmal\Capstone - Ai Eng - Spendly_ Workspace\data\Groceries\train\images\CamScanner-19-11-2024-16-49_6_jpg.rf.8262499ee56dffb75c0e5f0bfeaf1b8c.jpg,Groceries
c:\file akmal\Capstone - Ai Eng - Spendly_ Workspace\data\_ocr_real_crops\real_0323_line01.png,Ks TUBUN 0293493733,0.9180280919438758,c:\file akmal\Capstone - Ai Eng - Spendly_ Workspace\data\Groceries\train\images\receipt-023_png_jpg.rf.f9a53adf015cb69a12370dc7b7c654f6.jpg,Groceries
c:\file akmal\Capstone - Ai Eng - Spendly_ Workspace\data\_ocr_real_crops\real_0356_line07.png,"TOTAL 444 , 600",0.9251070219738,c:\file akmal\Capstone - Ai Eng - Spendly_ Workspace\data\Groceries\train\images\receipt-064_png_jpg.rf.4a58dc028c255ce0e5151b6e30f7fdc5.jpg,Groceries
c:\file akmal\Capstone - Ai Eng - Spendly_ Workspace\data\_ocr_real_crops\real_0467_line11.png,LAYANAN KONSUMEN,0.9922261037115307,c:\file akmal\Capstone - Ai Eng - Spendly_ Workspace\data\Groceries\train\images\receipt-470_png_jpg.rf.9a307bfb6bcb9340ce394e03f0e32a32.jpg,Groceries
c:\file akmal\Capstone - Ai Eng - Spendly_ Workspace\data\_ocr_real_crops\real_0462_line08.png,TOTAL 286 300,0.993283789259837,c:\file akmal\Capstone - Ai Eng - Spendly_ Workspace\data\Groceries\train\images\receipt-396_png_jpg.rf.9a8f78cf56be2ae5367da93f5ba45640.jpg,Groceries
c:\file akmal\Capstone - Ai Eng - Spendly_ Workspace\data\_ocr_real_crops\real_0460_line01.png,KS TUBUN 0293493733,0.8117323601401263,c:\file akmal\Capstone - Ai Eng - Spendly_ Workspace\data\Groceries\train\images\receipt-368_png_jpg.rf.9c34c11704d79a0d63056a6b64f4a6cf.jpg,Groceries
c:\file akmal\Capstone - Ai Eng - Spendly_ Workspace\data\_ocr_real_crops\real_0359_line10.png,LAYANAN KONSUMEN,0.9907581232915044,c:\file akmal\Capstone - Ai Eng - Spendly_ Workspace\data\Groceries\train\images\receipt-069_png_jpg.rf.c1b580a8fee1104ee9e8b4455fef9f89.jpg,Groceries
c:\file akmal\Capstone - Ai Eng - Spendly_ Workspace\data\_ocr_real_crops\real_0353_line01.png,KS TUBUN 0293493733,0.7760493894665143,c:\file akmal\Capstone - Ai Eng - Spendly_ Workspace\data\Groceries\train\images\receipt-061_png_jpg.rf.4e11d5ffab8a2be64d71aadfd3f3b4ff.jpg,Groceries
c:\file akmal\Capstone - Ai Eng - Spendly_ Workspace\data\_ocr_real_crops\real_0290_line15.png,"KEMBALI 25 , 700",0.820647076139756,c:\file akmal\Capstone - Ai Eng - Spendly_ Workspace\data\Groceries\train\images\CamScanner-19-11-2024-16-49_4_jpg.rf.4643739bbb9a85bf18e260675a819e01.jpg,Groceries
c:\file akmal\Capstone - Ai Eng - Spendly_ Workspace\data\_ocr_real_crops\real_0263_line01.png,Ks TUBUN 0293493733,0.8109447556667914,c:\file akmal\Capstone - Ai Eng - Spendly_ Workspace\data\Groceries\test\images\receipt-478_png_jpg.rf.19639cab6d0d952b16f593c11c17d7d8.jpg,Groceries
c:\file akmal\Capstone - Ai Eng - Spendly_ Workspace\data\_ocr_real_crops\real_0364_line16.png,LAYANAN KONSUMEN,0.9978043213610552,c:\file akmal\Capstone - Ai Eng - Spendly_ Workspace\data\Groceries\train\images\receipt-083_png_jpg.rf.fdc2b9c7787a8b5041f016b101c0ac67.jpg,Groceries
c:\file akmal\Capstone - Ai Eng - Spendly_ Workspace\data\_ocr_real_crops\real_0383_line11.png,KEMBALI 300,0.9998461048864121,c:\file akmal\Capstone - Ai Eng - Spendly_ Workspace\data\Groceries\train\images\receipt-107_png_jpg.rf.ca41f95e66308e3b7a389dc1263e84eb.jpg,Groceries
c:\file akmal\Capstone - Ai Eng - Spendly_ Workspace\data\_ocr_real_crops\real_0458_line13.png,TOTAL 851 300,0.9986713195940456,c:\file akmal\Capstone - Ai Eng - Spendly_ Workspace\data\Groceries\train\images\receipt-357_png_jpg.rf.7c3c0e02d93b7ece287e700815c6a737.jpg,Groceries
c:\file akmal\Capstone - Ai Eng - Spendly_ Workspace\data\_ocr_real_crops\real_0445_line11.png,TUNAI 295 000,0.9996667894342881,c:\file akmal\Capstone - Ai Eng - Spendly_ Workspace\data\Groceries\train\images\receipt-190_png_jpg.rf.fe320af36f59007ba4822effa20b016e.jpg,Groceries
c:\file akmal\Capstone - Ai Eng - Spendly_ Workspace\data\_ocr_real_crops\real_0462_line09.png,TUNAI 290 000,0.9990420077124481,c:\file akmal\Capstone - Ai Eng - Spendly_ Workspace\data\Groceries\train\images\receipt-396_png_jpg.rf.9a8f78cf56be2ae5367da93f5ba45640.jpg,Groceries
c:\file akmal\Capstone - Ai Eng - Spendly_ Workspace\data\_ocr_real_crops\real_0435_line06.png,HARGA JUAL 121 500,0.9473120268918763,c:\file akmal\Capstone - Ai Eng - Spendly_ Workspace\data\Groceries\train\images\receipt-178_png_jpg.rf.21fc3077ce76dad5193087da64aaf4a8.jpg,Groceries
c:\file akmal\Capstone - Ai Eng - Spendly_ Workspace\data\_ocr_real_crops\real_0495_line00.png,ALFAHIDI JEBRES,0.9979059736092467,c:\file akmal\Capstone - Ai Eng - Spendly_ Workspace\data\Groceries\valid\images\CamScanner-18-11-2024-12-48_64_jpg.rf.9a8adbb81af38893572262869193ce9c.jpg,Groceries
c:\file akmal\Capstone - Ai Eng - Spendly_ Workspace\data\_ocr_real_crops\real_0319_line16.png,LAYANAN KONSUMEN,0.999502132649503,c:\file akmal\Capstone - Ai Eng - Spendly_ Workspace\data\Groceries\train\images\receipt-016_png_jpg.rf.f9c4848cabdb2c23ed66c50cd845e80d.jpg,Groceries
c:\file akmal\Capstone - Ai Eng - Spendly_ Workspace\data\_ocr_real_crops\real_0407_line11.png,TOTAL 536 000,0.9992816874186276,c:\file akmal\Capstone - Ai Eng - Spendly_ Workspace\data\Groceries\train\images\receipt-135_png_jpg.rf.b5f13c684068b2fca5a3157298f8146b.jpg,Groceries
c:\file akmal\Capstone - Ai Eng - Spendly_ Workspace\data\_ocr_real_crops\real_0310_line01.png,Ks TUBUN 0293493733,0.8109447556667914,c:\file akmal\Capstone - Ai Eng - Spendly_ Workspace\data\Groceries\train\images\receipt-002_png_jpg.rf.2c886ed2aa930c7a9941f6b9dc37aa63.jpg,Groceries
c:\file akmal\Capstone - Ai Eng - Spendly_ Workspace\data\_ocr_real_crops\real_0264_line09.png,KEMBALI 600,0.9458245158773662,c:\file akmal\Capstone - Ai Eng - Spendly_ Workspace\data\Groceries\test\images\receipt-484_png_jpg.rf.7292d82ef8903bf1b90c84f5fb2c59fa.jpg,Groceries
c:\file akmal\Capstone - Ai Eng - Spendly_ Workspace\data\_ocr_real_crops\real_0346_line01.png,Ks TUBUN 0293493733,0.9501578329912465,c:\file akmal\Capstone - Ai Eng - Spendly_ Workspace\data\Groceries\train\images\receipt-051_png_jpg.rf.cb552c9a0227dfaca0653b20f4627387.jpg,Groceries
c:\file akmal\Capstone - Ai Eng - Spendly_ Workspace\data\_ocr_real_crops\real_0502_line20.png,YON PPN DPP 46 100,0.7970738446837775,c:\file akmal\Capstone - Ai Eng - Spendly_ Workspace\data\Groceries\valid\images\CamScanner-18-11-2024-12-48_8_jpg.rf.035fba047eeb5c9770eba6ef119c9b21.jpg,Groceries
c:\file akmal\Capstone - Ai Eng - Spendly_ Workspace\data\_ocr_real_crops\real_0310_line11.png,KEMBALI 600,0.9999540210136529,c:\file akmal\Capstone - Ai Eng - Spendly_ Workspace\data\Groceries\train\images\receipt-002_png_jpg.rf.2c886ed2aa930c7a9941f6b9dc37aa63.jpg,Groceries
c:\file akmal\Capstone - Ai Eng - Spendly_ Workspace\data\_ocr_real_crops\real_0266_line12.png,Total QTY,0.944947706733384,c:\file akmal\Capstone - Ai Eng - Spendly_ Workspace\data\Groceries\train\images\12-selesai-cara-transaksi-penjualan-new1_jpg.rf.e1d14e23446a6a9b4e4736bdb1f85b78.jpg,Groceries
c:\file akmal\Capstone - Ai Eng - Spendly_ Workspace\data\_ocr_real_crops\real_0399_line10.png,HARGA JUAL 941 600,0.9412165585080985,c:\file akmal\Capstone - Ai Eng - Spendly_ Workspace\data\Groceries\train\images\receipt-126_png_jpg.rf.9f10cfbc9a6e757fba21a902e41d4da6.jpg,Groceries
c:\file akmal\Capstone - Ai Eng - Spendly_ Workspace\data\_ocr_real_crops\real_0450_line06.png,HARGA JUAL 736 800,0.9482307658828281,c:\file akmal\Capstone - Ai Eng - Spendly_ Workspace\data\Groceries\train\images\receipt-280_png_jpg.rf.d9a64fb60637bbda026d15d8f869103d.jpg,Groceries
c:\file akmal\Capstone - Ai Eng - Spendly_ Workspace\data\_ocr_real_crops\real_0351_line14.png,KEMBALI 500,0.9640581185656596,c:\file akmal\Capstone - Ai Eng - Spendly_ Workspace\data\Groceries\train\images\receipt-059_png_jpg.rf.01a4a35e109b91be61a45201ad66f1ce.jpg,Groceries
c:\file akmal\Capstone - Ai Eng - Spendly_ Workspace\data\_ocr_real_crops\real_0466_line01.png,KS TUBUN 0293493733,0.7979685602495988,c:\file akmal\Capstone - Ai Eng - Spendly_ Workspace\data\Groceries\train\images\receipt-465_png_jpg.rf.5b9b2ccfe20ad312ee4470ba0f6b0330.jpg,Groceries
c:\file akmal\Capstone - Ai Eng - Spendly_ Workspace\data\_ocr_real_crops\real_0506_line14.png,LAYANAN KONSUMEN,0.9986369029399982,c:\file akmal\Capstone - Ai Eng - Spendly_ Workspace\data\Groceries\valid\images\receipt-215_png_jpg.rf.8d47b27f9e5c7ae48c09779b3e56ef52.jpg,Groceries
c:\file akmal\Capstone - Ai Eng - Spendly_ Workspace\data\_ocr_real_crops\real_0388_line12.png,TUNAI 765 000,0.9821794186662007,c:\file akmal\Capstone - Ai Eng - Spendly_ Workspace\data\Groceries\train\images\receipt-113_png_jpg.rf.6c157650611fc1e3098c190ca8d599b1.jpg,Groceries
c:\file akmal\Capstone - Ai Eng - Spendly_ Workspace\data\_ocr_real_crops\real_0489_line00.png,ALFAHIDI DJLOPO,0.984238236630009,c:\file akmal\Capstone - Ai Eng - Spendly_ Workspace\data\Groceries\valid\images\CamScanner-18-11-2024-12-48_42_jpg.rf.49f74d915226d447d8cb0d90d3f2fd46.jpg,Groceries
c:\file akmal\Capstone - Ai Eng - Spendly_ Workspace\data\_ocr_real_crops\real_0380_line08.png,TUNAI 15 000,0.9998118926015594,c:\file akmal\Capstone - Ai Eng - Spendly_ Workspace\data\Groceries\train\images\receipt-102_png_jpg.rf.95bccfaaeef731d4cb439b4b4aa074ba.jpg,Groceries
c:\file akmal\Capstone - Ai Eng - Spendly_ Workspace\data\_ocr_real_crops\real_0493_line11.png,"Total Disc 17,800",0.9368853998144632,c:\file akmal\Capstone - Ai Eng - Spendly_ Workspace\data\Groceries\valid\images\CamScanner-18-11-2024-12-48_56_jpg.rf.c0fcecc9313c8f6389071c1f747f3d74.jpg,Groceries
c:\file akmal\Capstone - Ai Eng - Spendly_ Workspace\data\_ocr_real_crops\real_0461_line13.png,LAYANAN KONSUMEN,0.8535761291102495,c:\file akmal\Capstone - Ai Eng - Spendly_ Workspace\data\Groceries\train\images\receipt-394_png_jpg.rf.c248f526c1e08941355aa768d9901a4e.jpg,Groceries
c:\file akmal\Capstone - Ai Eng - Spendly_ Workspace\data\_ocr_real_crops\real_0485_line12.png,"Total Belanja 87,40",0.9835703732474513,c:\file akmal\Capstone - Ai Eng - Spendly_ Workspace\data\Groceries\valid\images\CamScanner-18-11-2024-12-48_2_jpg.rf.87f7a8b4cf41e3beb3cd2ac80501b153.jpg,Groceries
c:\file akmal\Capstone - Ai Eng - Spendly_ Workspace\data\_ocr_real_crops\real_0407_line14.png,LAYANAN KONSUMEN,0.9986369029399982,c:\file akmal\Capstone - Ai Eng - Spendly_ Workspace\data\Groceries\train\images\receipt-135_png_jpg.rf.b5f13c684068b2fca5a3157298f8146b.jpg,Groceries
c:\file akmal\Capstone - Ai Eng - Spendly_ Workspace\data\_ocr_real_crops\real_0291_line05.png,FRESH JAYA WIJAYA 83,0.8859907134090845,c:\file akmal\Capstone - Ai Eng - Spendly_ Workspace\data\Groceries\train\images\CamScanner-19-11-2024-16-49_4_jpg.rf.7fd4cb0f49d79b64a643bf8ded94cb39.jpg,Groceries
c:\file akmal\Capstone - Ai Eng - Spendly_ Workspace\data\_ocr_real_crops\real_0434_line10.png,KEMBALI 500,0.9998433197983799,c:\file akmal\Capstone - Ai Eng - Spendly_ Workspace\data\Groceries\train\images\receipt-177_png_jpg.rf.5271c2d2fee5dbf4bf20d250271d2ab6.jpg,Groceries
c:\file akmal\Capstone - Ai Eng - Spendly_ Workspace\data\_ocr_real_crops\real_0411_line17.png,TUNAI 985 000,0.9188066440905206,c:\file akmal\Capstone - Ai Eng - Spendly_ Workspace\data\Groceries\train\images\receipt-146_png_jpg.rf.26c4a75ab0a123b619f7f957da1131ed.jpg,Groceries
c:\file akmal\Capstone - Ai Eng - Spendly_ Workspace\data\_ocr_real_crops\real_0464_line10.png,LAYANAN KONSUMEN,0.9907581232915044,c:\file akmal\Capstone - Ai Eng - Spendly_ Workspace\data\Groceries\train\images\receipt-424_png_jpg.rf.d4cbc562d2d5a0996c0a5036b4e88875.jpg,Groceries
c:\file akmal\Capstone - Ai Eng - Spendly_ Workspace\data\_ocr_real_crops\real_0421_line09.png,HARGA JUAL 380 200,0.9000391423003866,c:\file akmal\Capstone - Ai Eng - Spendly_ Workspace\data\Groceries\train\images\receipt-156_png_jpg.rf.5f7d6c1cef82c7c1f86c4dcc7b0aeb93.jpg,Groceries
c:\file akmal\Capstone - Ai Eng - Spendly_ Workspace\data\_ocr_real_crops\real_0427_line08.png,TOTAL 502 500,0.9776668674950013,c:\file akmal\Capstone - Ai Eng - Spendly_ Workspace\data\Groceries\train\images\receipt-170_png_jpg.rf.0df8bbfefa256e5e43371c9061b80659.jpg,Groceries
c:\file akmal\Capstone - Ai Eng - Spendly_ Workspace\data\_ocr_real_crops\real_0289_line14.png,"KEMBALI 41,000",0.969373911249656,c:\file akmal\Capstone - Ai Eng - Spendly_ Workspace\data\Groceries\train\images\CamScanner-19-11-2024-16-49_2_jpg.rf.e50f8b2a9f6bcb453c0ad04d96878ac2.jpg,Groceries
c:\file akmal\Capstone - Ai Eng - Spendly_ Workspace\data\_ocr_real_crops\real_0487_line10.png,Total tem 32 5Ci0,0.8253165662413462,c:\file akmal\Capstone - Ai Eng - Spendly_ Workspace\data\Groceries\valid\images\CamScanner-18-11-2024-12-48_40_jpg.rf.3b2a38077663751c2922d6e9d5841efa.jpg,Groceries
c:\file akmal\Capstone - Ai Eng - Spendly_ Workspace\data\_ocr_real_crops\real_0358_line08.png,TUNAI 45 000,0.9998194789988912,c:\file akmal\Capstone - Ai Eng - Spendly_ Workspace\data\Groceries\train\images\receipt-068_png_jpg.rf.74288950200395a72677ce5c8908a3e9.jpg,Groceries
c:\file akmal\Capstone - Ai Eng - Spendly_ Workspace\data\_ocr_real_crops\real_0462_line10.png,KEMBALI 700,0.9988140649115802,c:\file akmal\Capstone - Ai Eng - Spendly_ Workspace\data\Groceries\train\images\receipt-396_png_jpg.rf.9a8f78cf56be2ae5367da93f5ba45640.jpg,Groceries
c:\file akmal\Capstone - Ai Eng - Spendly_ Workspace\data\_ocr_real_crops\real_0280_line12.png,"HARGA JUAL 7,900",0.945564225054259,c:\file akmal\Capstone - Ai Eng - Spendly_ Workspace\data\Groceries\train\images\CamScanner-18-11-2024-12-48_99_jpg.rf.fde8eab1d207cf459b243ab6ac649537.jpg,Groceries
c:\file akmal\Capstone - Ai Eng - Spendly_ Workspace\data\_ocr_real_crops\real_0371_line17.png,KEMBALI 300,0.9968311799420815,c:\file akmal\Capstone - Ai Eng - Spendly_ Workspace\data\Groceries\train\images\receipt-092_png_jpg.rf.690f3a9f6593946aea398df57b2fba03.jpg,Groceries
c:\file akmal\Capstone - Ai Eng - Spendly_ Workspace\data\_ocr_real_crops\real_0477_line10.png,"Total Item 12,200",0.8208825036294124,c:\file akmal\Capstone - Ai Eng - Spendly_ Workspace\data\Groceries\valid\images\CamScanner-18-11-2024-12-48_102_jpg.rf.9800ae82943a50f49a53a3c1f42a7f54.jpg,Groceries
c:\file akmal\Capstone - Ai Eng - Spendly_ Workspace\data\_ocr_real_crops\real_0270_line15.png,YANAN JNSUMEN,0.9673773195895804,c:\file akmal\Capstone - Ai Eng - Spendly_ Workspace\data\Groceries\train\images\CamScanner-18-11-2024-12-48_7_jpg.rf.58e75b260930768aab575ff1e003d9a1.jpg,Groceries
c:\file akmal\Capstone - Ai Eng - Spendly_ Workspace\data\_ocr_real_crops\real_0289_line13.png,"TUNAI 50 ,000",0.8378821417113522,c:\file akmal\Capstone - Ai Eng - Spendly_ Workspace\data\Groceries\train\images\CamScanner-19-11-2024-16-49_2_jpg.rf.e50f8b2a9f6bcb453c0ad04d96878ac2.jpg,Groceries
c:\file akmal\Capstone - Ai Eng - Spendly_ Workspace\data\_ocr_real_crops\real_0340_line15.png,TOTAL 474 100,0.9693882818394877,c:\file akmal\Capstone - Ai Eng - Spendly_ Workspace\data\Groceries\train\images\receipt-045_png_jpg.rf.f336737a07bb1c71d75cf398d9d0c4d9.jpg,Groceries
c:\file akmal\Capstone - Ai Eng - Spendly_ Workspace\data\_ocr_real_crops\real_0303_line10.png,HEMAT 48 OOO,0.802134334005799,c:\file akmal\Capstone - Ai Eng - Spendly_ Workspace\data\Groceries\train\images\EV23suKU0AAqvRp_jpg.rf.de2a4384a036b81609eed25f9e32ab07.jpg,Groceries
c:\file akmal\Capstone - Ai Eng - Spendly_ Workspace\data\_ocr_real_crops\real_0495_line16.png,Keinbalian 0,0.9820898966223692,c:\file akmal\Capstone - Ai Eng - Spendly_ Workspace\data\Groceries\valid\images\CamScanner-18-11-2024-12-48_64_jpg.rf.9a8adbb81af38893572262869193ce9c.jpg,Groceries
c:\file akmal\Capstone - Ai Eng - Spendly_ Workspace\data\_ocr_real_crops\real_0261_line09.png,TUNAI 370 000,0.9138962767706431,c:\file akmal\Capstone - Ai Eng - Spendly_ Workspace\data\Groceries\test\images\receipt-194_png_jpg.rf.fbbcb327197ccec715d944834b2ee1bc.jpg,Groceries
c:\file akmal\Capstone - Ai Eng - Spendly_ Workspace\data\_ocr_real_crops\real_0444_line08.png,TUNAI 130 000,0.9998107871872524,c:\file akmal\Capstone - Ai Eng - Spendly_ Workspace\data\Groceries\train\images\receipt-189_png_jpg.rf.9adb04b0ff91208c16da5b1175af2fc3.jpg,Groceries
c:\file akmal\Capstone - Ai Eng - Spendly_ Workspace\data\_ocr_real_crops\real_0452_line11.png,LAYANAN KONSUMEN,0.9922261037115307,c:\file akmal\Capstone - Ai Eng - Spendly_ Workspace\data\Groceries\train\images\receipt-307_png_jpg.rf.fb1abb63af9628207a682611e69d046d.jpg,Groceries
c:\file akmal\Capstone - Ai Eng - Spendly_ Workspace\data\_ocr_real_crops\real_0348_line15.png,TUNAI 575 000,0.8175146825320536,c:\file akmal\Capstone - Ai Eng - Spendly_ Workspace\data\Groceries\train\images\receipt-053_png_jpg.rf.44cffa0128661e2d5e2d569253d7ff83.jpg,Groceries
c:\file akmal\Capstone - Ai Eng - Spendly_ Workspace\data\_ocr_real_crops\real_0314_line10.png,KEMBALI,0.9999099750527488,c:\file akmal\Capstone - Ai Eng - Spendly_ Workspace\data\Groceries\train\images\receipt-006_png_jpg.rf.f44980445e6dcb6320a99f668b619a5f.jpg,Groceries
c:\file akmal\Capstone - Ai Eng - Spendly_ Workspace\data\_ocr_real_crops\real_0424_line07.png,TOTAL 228 000,0.9993648432666666,c:\file akmal\Capstone - Ai Eng - Spendly_ Workspace\data\Groceries\train\images\receipt-163_png_jpg.rf.5a2cf2404c27d376743691fa78a5a520.jpg,Groceries
c:\file akmal\Capstone - Ai Eng - Spendly_ Workspace\data\_ocr_real_crops\real_0471_line11.png,"Tota Iten 50,700",0.8369001949658839,c:\file akmal\Capstone - Ai Eng - Spendly_ Workspace\data\Groceries\train\images\receipt-HD70-27804044V42_png.rf.0cbb0bb2f978ee5b2532d160b8bec436.jpg,Groceries
c:\file akmal\Capstone - Ai Eng - Spendly_ Workspace\data\_ocr_real_crops\real_0421_line12.png,KEMBALI 800,0.9995281586619469,c:\file akmal\Capstone - Ai Eng - Spendly_ Workspace\data\Groceries\train\images\receipt-156_png_jpg.rf.5f7d6c1cef82c7c1f86c4dcc7b0aeb93.jpg,Groceries
c:\file akmal\Capstone - Ai Eng - Spendly_ Workspace\data\_ocr_real_crops\real_0495_line14.png,"Total Belaja 25,300",0.8704304528160781,c:\file akmal\Capstone - Ai Eng - Spendly_ Workspace\data\Groceries\valid\images\CamScanner-18-11-2024-12-48_64_jpg.rf.9a8adbb81af38893572262869193ce9c.jpg,Groceries
c:\file akmal\Capstone - Ai Eng - Spendly_ Workspace\data\_ocr_real_crops\real_0377_line12.png,LAYANAN KONSUMEN,0.974376929653875,c:\file akmal\Capstone - Ai Eng - Spendly_ Workspace\data\Groceries\train\images\receipt-099_png_jpg.rf.65553cb57d97daf6ccbaf072304ec509.jpg,Groceries
c:\file akmal\Capstone - Ai Eng - Spendly_ Workspace\data\_ocr_real_crops\real_0330_line15.png,TUNAI 655 000,0.9703905223934101,c:\file akmal\Capstone - Ai Eng - Spendly_ Workspace\data\Groceries\train\images\receipt-032_png_jpg.rf.53787048fffd75b5f93b3352a143cc12.jpg,Groceries
c:\file akmal\Capstone - Ai Eng - Spendly_ Workspace\data\_ocr_real_crops\real_0467_line01.png,Ks F UBUN 0293493/33,0.7689855088301818,c:\file akmal\Capstone - Ai Eng - Spendly_ Workspace\data\Groceries\train\images\receipt-470_png_jpg.rf.9a307bfb6bcb9340ce394e03f0e32a32.jpg,Groceries
c:\file akmal\Capstone - Ai Eng - Spendly_ Workspace\data\_ocr_real_crops\real_0316_line10.png,TOTAL 498 500,0.9994509852253878,c:\file akmal\Capstone - Ai Eng - Spendly_ Workspace\data\Groceries\train\images\receipt-012_png_jpg.rf.cb6f5976b385f567a9d8a4dd20f2fa05.jpg,Groceries
c:\file akmal\Capstone - Ai Eng - Spendly_ Workspace\data\_ocr_real_crops\real_0289_line12.png,"TOTAL 9,000",0.9611900597301667,c:\file akmal\Capstone - Ai Eng - Spendly_ Workspace\data\Groceries\train\images\CamScanner-19-11-2024-16-49_2_jpg.rf.e50f8b2a9f6bcb453c0ad04d96878ac2.jpg,Groceries
c:\file akmal\Capstone - Ai Eng - Spendly_ Workspace\data\_ocr_real_crops\real_0352_line10.png,TOTAL 972 000,0.8522209707394529,c:\file akmal\Capstone - Ai Eng - Spendly_ Workspace\data\Groceries\train\images\receipt-060_png_jpg.rf.c52a933de013d86ff6466321206e4cdb.jpg,Groceries
c:\file akmal\Capstone - Ai Eng - Spendly_ Workspace\data\_ocr_real_crops\real_0380_line09.png,KEMBALI 500,0.9292374969106914,c:\file akmal\Capstone - Ai Eng - Spendly_ Workspace\data\Groceries\train\images\receipt-102_png_jpg.rf.95bccfaaeef731d4cb439b4b4aa074ba.jpg,Groceries
c:\file akmal\Capstone - Ai Eng - Spendly_ Workspace\data\_ocr_real_crops\real_0508_line12.png,KEMBALI 300,0.8799342713115068,c:\file akmal\Capstone - Ai Eng - Spendly_ Workspace\data\Groceries\valid\images\receipt-269_png_jpg.rf.e9a552172a4c04eb0f8e55489c1ed229.jpg,Groceries
c:\file akmal\Capstone - Ai Eng - Spendly_ Workspace\data\_ocr_real_crops\real_0495_line09.png,"Disc- 1,900",0.7320740610939738,c:\file akmal\Capstone - Ai Eng - Spendly_ Workspace\data\Groceries\valid\images\CamScanner-18-11-2024-12-48_64_jpg.rf.9a8adbb81af38893572262869193ce9c.jpg,Groceries
c:\file akmal\Capstone - Ai Eng - Spendly_ Workspace\data\_ocr_real_crops\real_0365_line16.png,TUNAI 230 000,0.9980986035767662,c:\file akmal\Capstone - Ai Eng - Spendly_ Workspace\data\Groceries\train\images\receipt-085_png_jpg.rf.49cc433a13828b2612becdefefff9687.jpg,Groceries
c:\file akmal\Capstone - Ai Eng - Spendly_ Workspace\data\_ocr_real_crops\real_0429_line10.png,LAYANAN KONSUMEN,0.9907581232915044,c:\file akmal\Capstone - Ai Eng - Spendly_ Workspace\data\Groceries\train\images\receipt-172_png_jpg.rf.25cca28319ea322bf1beae22fa5ac2fe.jpg,Groceries
c:\file akmal\Capstone - Ai Eng - Spendly_ Workspace\data\_ocr_real_crops\real_0355_line01.png,KS TUBUN 0293493733,0.7760493894665143,c:\file akmal\Capstone - Ai Eng - Spendly_ Workspace\data\Groceries\train\images\receipt-063_png_jpg.rf.aed7b0afce45838bcc5ccb6e45c1c096.jpg,Groceries
c:\file akmal\Capstone - Ai Eng - Spendly_ Workspace\data\_ocr_real_crops\real_0484_line19.png,Kembal ian,0.7081471701993934,c:\file akmal\Capstone - Ai Eng - Spendly_ Workspace\data\Groceries\valid\images\CamScanner-18-11-2024-12-48_28_jpg.rf.1d141909da06115bf72d2505e4b3de83.jpg,Groceries
c:\file akmal\Capstone - Ai Eng - Spendly_ Workspace\data\_ocr_real_crops\real_0288_line17.png,LAYANAN KONSUMEN,0.9556010324385402,c:\file akmal\Capstone - Ai Eng - Spendly_ Workspace\data\Groceries\train\images\CamScanner-19-11-2024-16-49_2_jpg.rf.be90ac8be48a868a29b15c0ecb06ccb4.jpg,Groceries
c:\file akmal\Capstone - Ai Eng - Spendly_ Workspace\data\_ocr_real_crops\real_0340_line14.png,HARGA JUAL 474 100,0.9944758367556679,c:\file akmal\Capstone - Ai Eng - Spendly_ Workspace\data\Groceries\train\images\receipt-045_png_jpg.rf.f336737a07bb1c71d75cf398d9d0c4d9.jpg,Groceries
c:\file akmal\Capstone - Ai Eng - Spendly_ Workspace\data\_ocr_real_crops\real_0434_line08.png,"TOTAL 220, 500",0.9111953732435083,c:\file akmal\Capstone - Ai Eng - Spendly_ Workspace\data\Groceries\train\images\receipt-177_png_jpg.rf.5271c2d2fee5dbf4bf20d250271d2ab6.jpg,Groceries
c:\file akmal\Capstone - Ai Eng - Spendly_ Workspace\data\_ocr_real_crops\real_0494_line17.png,KEMBAL I 53 300,0.8748858545285687,c:\file akmal\Capstone - Ai Eng - Spendly_ Workspace\data\Groceries\valid\images\CamScanner-18-11-2024-12-48_5_jpg.rf.cf51c7ff10700b0fc7013ff4b9a240bd.jpg,Groceries
c:\file akmal\Capstone - Ai Eng - Spendly_ Workspace\data\_ocr_real_crops\real_0383_line12.png,LAYANAN KONSUMEN,0.974376929653875,c:\file akmal\Capstone - Ai Eng - Spendly_ Workspace\data\Groceries\train\images\receipt-107_png_jpg.rf.ca41f95e66308e3b7a389dc1263e84eb.jpg,Groceries
c:\file akmal\Capstone - Ai Eng - Spendly_ Workspace\data\_ocr_real_crops\real_0350_line12.png,KEMBALI 200,0.9966048080445681,c:\file akmal\Capstone - Ai Eng - Spendly_ Workspace\data\Groceries\train\images\receipt-058_png_jpg.rf.beb33c8e5e017af810ec436f1f15ac19.jpg,Groceries
c:\file akmal\Capstone - Ai Eng - Spendly_ Workspace\data\_ocr_real_crops\real_0295_line08.png,"Tota tem 2,a00",0.7502382128232375,c:\file akmal\Capstone - Ai Eng - Spendly_ Workspace\data\Groceries\train\images\CamScanner-19-11-2024-16-49_7_jpg.rf.cfd309c3b3234664bf190e1fcb64e024.jpg,Groceries
c:\file akmal\Capstone - Ai Eng - Spendly_ Workspace\data\_ocr_real_crops\real_0375_line09.png,TOTAL 312 800,0.999613147334939,c:\file akmal\Capstone - Ai Eng - Spendly_ Workspace\data\Groceries\train\images\receipt-096_png_jpg.rf.fc5e9564f8a26bfa6bab6cdff02abcf1.jpg,Groceries
c:\file akmal\Capstone - Ai Eng - Spendly_ Workspace\data\_ocr_real_crops\real_0288_line13.png,"KEMBALI 41,000",0.9310820509073661,c:\file akmal\Capstone - Ai Eng - Spendly_ Workspace\data\Groceries\train\images\CamScanner-19-11-2024-16-49_2_jpg.rf.be90ac8be48a868a29b15c0ecb06ccb4.jpg,Groceries
c:\file akmal\Capstone - Ai Eng - Spendly_ Workspace\data\_ocr_real_crops\real_0399_line12.png,TUNAI 945 000,0.9994347133336824,c:\file akmal\Capstone - Ai Eng - Spendly_ Workspace\data\Groceries\train\images\receipt-126_png_jpg.rf.9f10cfbc9a6e757fba21a902e41d4da6.jpg,Groceries
c:\file akmal\Capstone - Ai Eng - Spendly_ Workspace\data\_ocr_real_crops\real_0438_line14.png,LAYANAN KONSUMEN,0.9986369029399982,c:\file akmal\Capstone - Ai Eng - Spendly_ Workspace\data\Groceries\train\images\receipt-182_png_jpg.rf.69ecde60f0be589526e2ccae510efd1b.jpg,Groceries
c:\file akmal\Capstone - Ai Eng - Spendly_ Workspace\data\_ocr_real_crops\real_0297_line11.png,"PPN 2,864)",0.8218601655626521,c:\file akmal\Capstone - Ai Eng - Spendly_ Workspace\data\Groceries\train\images\CamScanner-19-11-2024-16-49_8_jpg.rf.7b8c23738fdfd3c5e407efc53489376f.jpg,Groceries
c:\file akmal\Capstone - Ai Eng - Spendly_ Workspace\data\_ocr_real_crops\real_0422_line10.png,HARGA JUAL 429 000,0.9987238271341117,c:\file akmal\Capstone - Ai Eng - Spendly_ Workspace\data\Groceries\train\images\receipt-158_png_jpg.rf.1bb3553685b256ff33648c58510ff829.jpg,Groceries
c:\file akmal\Capstone - Ai Eng - Spendly_ Workspace\data\_ocr_real_crops\real_0319_line12.png,HARGA JUAL 639 600,0.9441840759577272,c:\file akmal\Capstone - Ai Eng - Spendly_ Workspace\data\Groceries\train\images\receipt-016_png_jpg.rf.f9c4848cabdb2c23ed66c50cd845e80d.jpg,Groceries
c:\file akmal\Capstone - Ai Eng - Spendly_ Workspace\data\_ocr_real_crops\real_0321_line12.png,KEMBALI 700,0.9996233687656642,c:\file akmal\Capstone - Ai Eng - Spendly_ Workspace\data\Groceries\train\images\receipt-020_png_jpg.rf.6f4276bad8824942eff7222bdf5ef13e.jpg,Groceries
c:\file akmal\Capstone - Ai Eng - Spendly_ Workspace\data\_ocr_real_crops\real_0485_line13.png,"Tunai 100,0O",0.7110208444074333,c:\file akmal\Capstone - Ai Eng - Spendly_ Workspace\data\Groceries\valid\images\CamScanner-18-11-2024-12-48_2_jpg.rf.87f7a8b4cf41e3beb3cd2ac80501b153.jpg,Groceries
c:\file akmal\Capstone - Ai Eng - Spendly_ Workspace\data\_ocr_real_crops\real_0339_line15.png,LAYANAN KONSUMEN,0.9171502580912131,c:\file akmal\Capstone - Ai Eng - Spendly_ Workspace\data\Groceries\train\images\receipt-044_png_jpg.rf.a8ef28ceac510aff1fcddabb2387a040.jpg,Groceries
c:\file akmal\Capstone - Ai Eng - Spendly_ Workspace\data\_ocr_real_crops\real_0284_line12.png,"TUNAI 25 ,000",0.7109261366430417,c:\file akmal\Capstone - Ai Eng - Spendly_ Workspace\data\Groceries\train\images\CamScanner-19-11-2024-16-49_14_jpg.rf.f44017ff9dd1d9d321c8abc35c6d0e62.jpg,Groceries
c:\file akmal\Capstone - Ai Eng - Spendly_ Workspace\data\_ocr_real_crops\real_0299_line08.png,HEMAT 900,0.7376061138821344,c:\file akmal\Capstone - Ai Eng - Spendly_ Workspace\data\Groceries\train\images\E-Reciept_06122025083602_2023032905395876_1777708177915-pdf_page_1_png.rf.f35bb3ac3e71d16a5f722ea9667277f7.jpg,Groceries
c:\file akmal\Capstone - Ai Eng - Spendly_ Workspace\data\_ocr_real_crops\real_0413_line14.png,LAYANAN KONSUMEN,0.9986369029399982,c:\file akmal\Capstone - Ai Eng - Spendly_ Workspace\data\Groceries\train\images\receipt-148_png_jpg.rf.699bcdf5ea004bb406fefc2bcdb4394f.jpg,Groceries
c:\file akmal\Capstone - Ai Eng - Spendly_ Workspace\data\_ocr_real_crops\real_0313_line12.png,TUNAI 410 000,0.9993833015932375,c:\file akmal\Capstone - Ai Eng - Spendly_ Workspace\data\Groceries\train\images\receipt-005_png_jpg.rf.33dfc11c7402f4d4c023a7fc75e42d73.jpg,Groceries
c:\file akmal\Capstone - Ai Eng - Spendly_ Workspace\data\_ocr_real_crops\real_0496_line16.png,"Tuna 70,0J0",0.7748144772128939,c:\file akmal\Capstone - Ai Eng - Spendly_ Workspace\data\Groceries\valid\images\CamScanner-18-11-2024-12-48_66_jpg.rf.175d49ae70b2dcf2c2e96490452bff4a.jpg,Groceries
c:\file akmal\Capstone - Ai Eng - Spendly_ Workspace\data\_ocr_real_crops\real_0494_line24.png,KLIKINDOMARET,0.7082374606455745,c:\file akmal\Capstone - Ai Eng - Spendly_ Workspace\data\Groceries\valid\images\CamScanner-18-11-2024-12-48_5_jpg.rf.cf51c7ff10700b0fc7013ff4b9a240bd.jpg,Groceries
c:\file akmal\Capstone - Ai Eng - Spendly_ Workspace\data\_ocr_real_crops\real_0468_line09.png,TUNAI 360 000,0.9990851592732262,c:\file akmal\Capstone - Ai Eng - Spendly_ Workspace\data\Groceries\train\images\receipt-476_png_jpg.rf.43ab549a19b58a84be07f52aa2c0c50e.jpg,Groceries
c:\file akmal\Capstone - Ai Eng - Spendly_ Workspace\data\_ocr_real_crops\real_0337_line08.png,HARGA JUAL 345 000,0.996191866363789,c:\file akmal\Capstone - Ai Eng - Spendly_ Workspace\data\Groceries\train\images\receipt-042_png_jpg.rf.e53632e1045ae1eb5ae297adbd7d3056.jpg,Groceries
c:\file akmal\Capstone - Ai Eng - Spendly_ Workspace\data\_ocr_real_crops\real_0417_line01.png,Ks TUBUN 0293493733,0.871264034973329,c:\file akmal\Capstone - Ai Eng - Spendly_ Workspace\data\Groceries\train\images\receipt-152_png_jpg.rf.426c213fdfdc908d4919a2b841826923.jpg,Groceries
c:\file akmal\Capstone - Ai Eng - Spendly_ Workspace\data\_ocr_real_crops\real_0309_line01.png,Ks TUBUN 0293493733,0.8743934265643801,c:\file akmal\Capstone - Ai Eng - Spendly_ Workspace\data\Groceries\train\images\receipt-001_png_jpg.rf.f9536c7b542661cb4813857db359ca96.jpg,Groceries
c:\file akmal\Capstone - Ai Eng - Spendly_ Workspace\data\_ocr_real_crops\real_0380_line10.png,LAYANAN KONSUMEN,0.9907581232915044,c:\file akmal\Capstone - Ai Eng - Spendly_ Workspace\data\Groceries\train\images\receipt-102_png_jpg.rf.95bccfaaeef731d4cb439b4b4aa074ba.jpg,Groceries
c:\file akmal\Capstone - Ai Eng - Spendly_ Workspace\data\_ocr_real_crops\real_0260_line10.png,TOTAL 512 600,0.9997759834701538,c:\file akmal\Capstone - Ai Eng - Spendly_ Workspace\data\Groceries\test\images\receipt-067_png_jpg.rf.930186f0b80cca504c3de8ce3f66565d.jpg,Groceries
c:\file akmal\Capstone - Ai Eng - Spendly_ Workspace\data\_ocr_real_crops\real_0282_line12.png,"CUKAI DPP 22,000",0.7268642846157886,c:\file akmal\Capstone - Ai Eng - Spendly_ Workspace\data\Groceries\train\images\CamScanner-19-11-2024-16-49_13_jpg.rf.8f21a593c403b4406425e7e4d7ebec46.jpg,Groceries
c:\file akmal\Capstone - Ai Eng - Spendly_ Workspace\data\_ocr_real_crops\real_0390_line11.png,TUNAI 175 000,0.9094890401214437,c:\file akmal\Capstone - Ai Eng - Spendly_ Workspace\data\Groceries\train\images\receipt-115_png_jpg.rf.2f866bba7e1356197abd5328e63fda1f.jpg,Groceries
c:\file akmal\Capstone - Ai Eng - Spendly_ Workspace\data\_ocr_real_crops\real_0499_line07.png,Ivnal 30 50o,0.8287942451492402,c:\file akmal\Capstone - Ai Eng - Spendly_ Workspace\data\Groceries\valid\images\CamScanner-18-11-2024-12-48_78_jpg.rf.a35130c40593c2aa64acfbfa21d72a9e.jpg,Groceries
c:\file akmal\Capstone - Ai Eng - Spendly_ Workspace\data\_ocr_real_crops\real_0433_line18.png,LAYANAN KONSUMEN,0.9959732817457532,c:\file akmal\Capstone - Ai Eng - Spendly_ Workspace\data\Groceries\train\images\receipt-176_png_jpg.rf.9c502549eec368ccf75b6e5161ef88fc.jpg,Groceries
c:\file akmal\Capstone - Ai Eng - Spendly_ Workspace\data\_ocr_real_crops\real_0476_line04.png,"P,7193776 F.7193776",0.719813405058099,c:\file akmal\Capstone - Ai Eng - Spendly_ Workspace\data\Groceries\train\images\warung-pasta_jpg.rf.0d09feb3b6708579b614d5233c17f34c.jpg,Groceries
c:\file akmal\Capstone - Ai Eng - Spendly_ Workspace\data\_ocr_real_crops\real_0484_line15.png,"Total Belanja 42,300",0.994048161104455,c:\file akmal\Capstone - Ai Eng - Spendly_ Workspace\data\Groceries\valid\images\CamScanner-18-11-2024-12-48_28_jpg.rf.1d141909da06115bf72d2505e4b3de83.jpg,Groceries
c:\file akmal\Capstone - Ai Eng - Spendly_ Workspace\data\_ocr_real_crops\real_0346_line17.png,KEMBALI 100,0.9986886322959596,c:\file akmal\Capstone - Ai Eng - Spendly_ Workspace\data\Groceries\train\images\receipt-051_png_jpg.rf.cb552c9a0227dfaca0653b20f4627387.jpg,Groceries
c:\file akmal\Capstone - Ai Eng - Spendly_ Workspace\data\_ocr_real_crops\real_0465_line10.png,KEMBALI 500,0.9998433197983799,c:\file akmal\Capstone - Ai Eng - Spendly_ Workspace\data\Groceries\train\images\receipt-439_png_jpg.rf.3d7d17123f2c1ad77f26c55402f088e0.jpg,Groceries
c:\file akmal\Capstone - Ai Eng - Spendly_ Workspace\data\_ocr_real_crops\real_0384_line09.png,TUNAI 230 000,0.9986637623932856,c:\file akmal\Capstone - Ai Eng - Spendly_ Workspace\data\Groceries\train\images\receipt-108_png_jpg.rf.c44b081e41096723e9f70259d555b4dd.jpg,Groceries
c:\file akmal\Capstone - Ai Eng - Spendly_ Workspace\data\_ocr_real_crops\real_0486_line18.png,"Kenbalian 20 , 800",0.8061750064351261,c:\file akmal\Capstone - Ai Eng - Spendly_ Workspace\data\Groceries\valid\images\CamScanner-18-11-2024-12-48_33_jpg.rf.a349e2ac43897488be2a63a6a6be2049.jpg,Groceries
c:\file akmal\Capstone - Ai Eng - Spendly_ Workspace\data\_ocr_real_crops\real_0325_line13.png,LAYANAN KONSUMEN,0.8535761291102495,c:\file akmal\Capstone - Ai Eng - Spendly_ Workspace\data\Groceries\train\images\receipt-025_png_jpg.rf.948f0b87f6e434be707145ac491807d9.jpg,Groceries
c:\file akmal\Capstone - Ai Eng - Spendly_ Workspace\data\_ocr_real_crops\real_0382_line01.png,Ks TUBUN 0293493733,0.9180280919438758,c:\file akmal\Capstone - Ai Eng - Spendly_ Workspace\data\Groceries\train\images\receipt-104_png_jpg.rf.5674452a6bb0956e26482daaf18d14d0.jpg,Groceries
c:\file akmal\Capstone - Ai Eng - Spendly_ Workspace\data\_ocr_real_crops\real_0392_line09.png,TOTAL 591 500,0.9996378321591483,c:\file akmal\Capstone - Ai Eng - Spendly_ Workspace\data\Groceries\train\images\receipt-117_png_jpg.rf.bb05cab6185cb21cc89d49814e601e56.jpg,Groceries
c:\file akmal\Capstone - Ai Eng - Spendly_ Workspace\data\_ocr_real_crops\real_0437_line13.png,TOTAL 589 300,0.9892126467553126,c:\file akmal\Capstone - Ai Eng - Spendly_ Workspace\data\Groceries\train\images\receipt-181_png_jpg.rf.bbe18020aedbcb9c545675cb3e0f3046.jpg,Groceries
c:\file akmal\Capstone - Ai Eng - Spendly_ Workspace\data\_ocr_real_crops\real_0378_line12.png,TUNAI 725 000,0.9994277163601458,c:\file akmal\Capstone - Ai Eng - Spendly_ Workspace\data\Groceries\train\images\receipt-100_png_jpg.rf.a5ac42aa81e84a87e47c7a49a02e5fef.jpg,Groceries
c:\file akmal\Capstone - Ai Eng - Spendly_ Workspace\data\_ocr_real_crops\real_0379_line13.png,TOTAL 234 000,0.8511796968501013,c:\file akmal\Capstone - Ai Eng - Spendly_ Workspace\data\Groceries\train\images\receipt-101_png_jpg.rf.47b1c1fdfccd930fc512e8a6681192be.jpg,Groceries
c:\file akmal\Capstone - Ai Eng - Spendly_ Workspace\data\_ocr_real_crops\real_0505_line10.png,HARGA JUAL 670 000,0.9153928770871052,c:\file akmal\Capstone - Ai Eng - Spendly_ Workspace\data\Groceries\valid\images\receipt-065_png_jpg.rf.4d8b8661b01ebe4b0564281759551dab.jpg,Groceries
c:\file akmal\Capstone - Ai Eng - Spendly_ Workspace\data\_ocr_real_crops\real_0489_line10.png,"PPN 1,268)",0.9913872531881468,c:\file akmal\Capstone - Ai Eng - Spendly_ Workspace\data\Groceries\valid\images\CamScanner-18-11-2024-12-48_42_jpg.rf.49f74d915226d447d8cb0d90d3f2fd46.jpg,Groceries
c:\file akmal\Capstone - Ai Eng - Spendly_ Workspace\data\_ocr_real_crops\real_0407_line01.png,KS TUBUN 0293493733,0.7760493894665143,c:\file akmal\Capstone - Ai Eng - Spendly_ Workspace\data\Groceries\train\images\receipt-135_png_jpg.rf.b5f13c684068b2fca5a3157298f8146b.jpg,Groceries
c:\file akmal\Capstone - Ai Eng - Spendly_ Workspace\data\_ocr_real_crops\real_0381_line08.png,"TUNAI 35 ,000",0.9679893470734681,c:\file akmal\Capstone - Ai Eng - Spendly_ Workspace\data\Groceries\train\images\receipt-103_png_jpg.rf.45cedddca7039b64fbdb4c57d5d73a30.jpg,Groceries
c:\file akmal\Capstone - Ai Eng - Spendly_ Workspace\data\_ocr_real_crops\real_0444_line06.png,HARGA JUAL 129 000,0.9261901597804754,c:\file akmal\Capstone - Ai Eng - Spendly_ Workspace\data\Groceries\train\images\receipt-189_png_jpg.rf.9adb04b0ff91208c16da5b1175af2fc3.jpg,Groceries
c:\file akmal\Capstone - Ai Eng - Spendly_ Workspace\data\_ocr_real_crops\real_0366_line12.png,TUNAI 555 000,0.9994174176897942,c:\file akmal\Capstone - Ai Eng - Spendly_ Workspace\data\Groceries\train\images\receipt-087_png_jpg.rf.1b12c64ed26afa6989e7d811378e50de.jpg,Groceries
c:\file akmal\Capstone - Ai Eng - Spendly_ Workspace\data\_ocr_real_crops\real_0387_line08.png,TUNAI 100 000,0.9997692400351864,c:\file akmal\Capstone - Ai Eng - Spendly_ Workspace\data\Groceries\train\images\receipt-112_png_jpg.rf.20b8c11352bf7d4eb53cca1094b3e73e.jpg,Groceries
c:\file akmal\Capstone - Ai Eng - Spendly_ Workspace\data\_ocr_real_crops\real_0370_line07.png,HARGA JUAL 382 800,0.9990236462367938,c:\file akmal\Capstone - Ai Eng - Spendly_ Workspace\data\Groceries\train\images\receipt-091_png_jpg.rf.910020c4517f93c521c0860db88dc866.jpg,Groceries
c:\file akmal\Capstone - Ai Eng - Spendly_ Workspace\data\_ocr_real_crops\real_0461_line09.png,HARGA JUAL 885 100,0.9335709952494962,c:\file akmal\Capstone - Ai Eng - Spendly_ Workspace\data\Groceries\train\images\receipt-394_png_jpg.rf.c248f526c1e08941355aa768d9901a4e.jpg,Groceries
c:\file akmal\Capstone - Ai Eng - Spendly_ Workspace\data\_ocr_real_crops\real_0478_line11.png,"HARGA JUAL 36 , 300",0.9236719253423487,c:\file akmal\Capstone - Ai Eng - Spendly_ Workspace\data\Groceries\valid\images\CamScanner-18-11-2024-12-48_16_jpg.rf.7e45c3a75f438535ad3da22f8f6bf009.jpg,Groceries
c:\file akmal\Capstone - Ai Eng - Spendly_ Workspace\data\_ocr_real_crops\real_0361_line09.png,"HARGA JUAL 444 , 800",0.8909669062334649,c:\file akmal\Capstone - Ai Eng - Spendly_ Workspace\data\Groceries\train\images\receipt-075_png_jpg.rf.877e094bb61b43f1e26149bc1309b55e.jpg,Groceries
c:\file akmal\Capstone - Ai Eng - Spendly_ Workspace\data\_ocr_real_crops\real_0452_line10.png,KEMBALI 000,0.8506691346172863,c:\file akmal\Capstone - Ai Eng - Spendly_ Workspace\data\Groceries\train\images\receipt-307_png_jpg.rf.fb1abb63af9628207a682611e69d046d.jpg,Groceries
c:\file akmal\Capstone - Ai Eng - Spendly_ Workspace\data\_ocr_real_crops\real_0363_line17.png,LAYANAN KONSUMEN,0.9797335212084353,c:\file akmal\Capstone - Ai Eng - Spendly_ Workspace\data\Groceries\train\images\receipt-079_png_jpg.rf.7e2d492a606ca0fd5c1fa8098db22a12.jpg,Groceries
c:\file akmal\Capstone - Ai Eng - Spendly_ Workspace\data\_ocr_real_crops\real_0399_line01.png,KS TUBUN 0293493733,0.7979685602495988,c:\file akmal\Capstone - Ai Eng - Spendly_ Workspace\data\Groceries\train\images\receipt-126_png_jpg.rf.9f10cfbc9a6e757fba21a902e41d4da6.jpg,Groceries
c:\file akmal\Capstone - Ai Eng - Spendly_ Workspace\data\_ocr_real_crops\real_0490_line08.png,"Tunai 12,800",0.9944281218308235,c:\file akmal\Capstone - Ai Eng - Spendly_ Workspace\data\Groceries\valid\images\CamScanner-18-11-2024-12-48_42_jpg.rf.b96a2b7e366ab5fd2958281200ab14ce.jpg,Groceries
c:\file akmal\Capstone - Ai Eng - Spendly_ Workspace\data\_ocr_real_crops\real_0354_line11.png,TOTAL 574 500,0.9994240803091237,c:\file akmal\Capstone - Ai Eng - Spendly_ Workspace\data\Groceries\train\images\receipt-062_png_jpg.rf.b3d4d48c07c7b554092d88d265a71560.jpg,Groceries
c:\file akmal\Capstone - Ai Eng - Spendly_ Workspace\data\_ocr_real_crops\real_0279_line11.png,DISKON,0.764170475459298,c:\file akmal\Capstone - Ai Eng - Spendly_ Workspace\data\Groceries\train\images\CamScanner-18-11-2024-12-48_97_jpg.rf.8a0bb53ee7b930ef275af05cb777209b.jpg,Groceries
c:\file akmal\Capstone - Ai Eng - Spendly_ Workspace\data\_ocr_real_crops\real_0445_line12.png,KEMBALI 100,0.9994545935752016,c:\file akmal\Capstone - Ai Eng - Spendly_ Workspace\data\Groceries\train\images\receipt-190_png_jpg.rf.fe320af36f59007ba4822effa20b016e.jpg,Groceries
c:\file akmal\Capstone - Ai Eng - Spendly_ Workspace\data\_ocr_real_crops\real_0367_line17.png,KEMBALI 500,0.9991620693703551,c:\file akmal\Capstone - Ai Eng - Spendly_ Workspace\data\Groceries\train\images\receipt-088_png_jpg.rf.b58e4313cf8be6bf0a8935107d568b4b.jpg,Groceries
c:\file akmal\Capstone - Ai Eng - Spendly_ Workspace\data\_ocr_real_crops\real_0397_line14.png,LAYANAN KONSUMEN,0.9976565163177709,c:\file akmal\Capstone - Ai Eng - Spendly_ Workspace\data\Groceries\train\images\receipt-124_png_jpg.rf.959225faa4e0e4fabed738280087db17.jpg,Groceries
c:\file akmal\Capstone - Ai Eng - Spendly_ Workspace\data\_ocr_real_crops\real_0418_line12.png,KEMBALI 700,0.9996025969697018,c:\file akmal\Capstone - Ai Eng - Spendly_ Workspace\data\Groceries\train\images\receipt-153_png_jpg.rf.e9dc45000d6ba24d6d3269ecb0aff16c.jpg,Groceries
c:\file akmal\Capstone - Ai Eng - Spendly_ Workspace\data\_ocr_real_crops\real_0423_line14.png,TUNAI 950 000,0.996672797057557,c:\file akmal\Capstone - Ai Eng - Spendly_ Workspace\data\Groceries\train\images\receipt-160_png_jpg.rf.22a756fbceec6f89024bc7f895381274.jpg,Groceries
c:\file akmal\Capstone - Ai Eng - Spendly_ Workspace\data\_ocr_real_crops\real_0448_line11.png,LAYANAN KONSUMEN,0.9922261037115307,c:\file akmal\Capstone - Ai Eng - Spendly_ Workspace\data\Groceries\train\images\receipt-205_png_jpg.rf.d29c84f3db768da7294eeedfd238913f.jpg,Groceries
c:\file akmal\Capstone - Ai Eng - Spendly_ Workspace\data\_ocr_real_crops\real_0303_line04.png,Telp 7311827,0.9994648444918653,c:\file akmal\Capstone - Ai Eng - Spendly_ Workspace\data\Groceries\train\images\EV23suKU0AAqvRp_jpg.rf.de2a4384a036b81609eed25f9e32ab07.jpg,Groceries
c:\file akmal\Capstone - Ai Eng - Spendly_ Workspace\data\_ocr_real_crops\real_0338_line14.png,TUNAI 830 000,0.9910881481036569,c:\file akmal\Capstone - Ai Eng - Spendly_ Workspace\data\Groceries\train\images\receipt-043_png_jpg.rf.393f33489d828bab067cc83fe4854757.jpg,Groceries
c:\file akmal\Capstone - Ai Eng - Spendly_ Workspace\data\_ocr_real_crops\real_0406_line10.png,LAYANAN KONSUMEN,0.9907581232915044,c:\file akmal\Capstone - Ai Eng - Spendly_ Workspace\data\Groceries\train\images\receipt-134_png_jpg.rf.2a1ca7a8a5665bdd9bdf4de838a632b9.jpg,Groceries
c:\file akmal\Capstone - Ai Eng - Spendly_ Workspace\data\_ocr_real_crops\real_0419_line10.png,LAYANAN KONSUMEN,0.9907581232915044,c:\file akmal\Capstone - Ai Eng - Spendly_ Workspace\data\Groceries\train\images\receipt-154_png_jpg.rf.f1299a677f50507666ccbdd8ee83e28c.jpg,Groceries
c:\file akmal\Capstone - Ai Eng - Spendly_ Workspace\data\_ocr_real_crops\real_0339_line12.png,TOTAL 871 200,0.8720106453054007,c:\file akmal\Capstone - Ai Eng - Spendly_ Workspace\data\Groceries\train\images\receipt-044_png_jpg.rf.a8ef28ceac510aff1fcddabb2387a040.jpg,Groceries
c:\file akmal\Capstone - Ai Eng - Spendly_ Workspace\data\_ocr_real_crops\real_0402_line01.png,KS TUBUN 0293493733,0.8117323601401263,c:\file akmal\Capstone - Ai Eng - Spendly_ Workspace\data\Groceries\train\images\receipt-130_png_jpg.rf.cc303731260222b16de636bf3400df8f.jpg,Groceries
c:\file akmal\Capstone - Ai Eng - Spendly_ Workspace\data\_ocr_real_crops\real_0487_line14.png,"Keinbal ian 19,5Ci0",0.8045694953803304,c:\file akmal\Capstone - Ai Eng - Spendly_ Workspace\data\Groceries\valid\images\CamScanner-18-11-2024-12-48_40_jpg.rf.3b2a38077663751c2922d6e9d5841efa.jpg,Groceries
c:\file akmal\Capstone - Ai Eng - Spendly_ Workspace\data\_ocr_real_crops\real_0447_line09.png,HARGA JUAL 494 100,0.9893735144662253,c:\file akmal\Capstone - Ai Eng - Spendly_ Workspace\data\Groceries\train\images\receipt-200_png_jpg.rf.177c2bc8b7e62791a0b83677a4db46e0.jpg,Groceries
c:\file akmal\Capstone - Ai Eng - Spendly_ Workspace\data\_ocr_real_crops\real_0381_line01.png,KS TUBUN 0293493733,0.81884010828596,c:\file akmal\Capstone - Ai Eng - Spendly_ Workspace\data\Groceries\train\images\receipt-103_png_jpg.rf.45cedddca7039b64fbdb4c57d5d73a30.jpg,Groceries
c:\file akmal\Capstone - Ai Eng - Spendly_ Workspace\data\_ocr_real_crops\real_0376_line01.png,Ks TUBUN 0293493733,0.8109447556667914,c:\file akmal\Capstone - Ai Eng - Spendly_ Workspace\data\Groceries\train\images\receipt-097_png_jpg.rf.1a8a0d6c8474eaf2e3adc5239692db58.jpg,Groceries
c:\file akmal\Capstone - Ai Eng - Spendly_ Workspace\data\_ocr_real_crops\real_0435_line07.png,TOTAL 121 500,0.9971983129106287,c:\file akmal\Capstone - Ai Eng - Spendly_ Workspace\data\Groceries\train\images\receipt-178_png_jpg.rf.21fc3077ce76dad5193087da64aaf4a8.jpg,Groceries
c:\file akmal\Capstone - Ai Eng - Spendly_ Workspace\data\_ocr_real_crops\real_0395_line01.png,Ks TUBUN 0293493733,0.871264034973329,c:\file akmal\Capstone - Ai Eng - Spendly_ Workspace\data\Groceries\train\images\receipt-121_png_jpg.rf.342fd6b6fa269bd5ebc5ba5f4bd9db7c.jpg,Groceries
c:\file akmal\Capstone - Ai Eng - Spendly_ Workspace\data\_ocr_real_crops\real_0387_line10.png,LAYANAN KONSUMEN,0.9907581232915044,c:\file akmal\Capstone - Ai Eng - Spendly_ Workspace\data\Groceries\train\images\receipt-112_png_jpg.rf.20b8c11352bf7d4eb53cca1094b3e73e.jpg,Groceries
c:\file akmal\Capstone - Ai Eng - Spendly_ Workspace\data\_ocr_real_crops\real_0279_line16.png,"TUNAI 100 ,000",0.7722027130102951,c:\file akmal\Capstone - Ai Eng - Spendly_ Workspace\data\Groceries\train\images\CamScanner-18-11-2024-12-48_97_jpg.rf.8a0bb53ee7b930ef275af05cb777209b.jpg,Groceries
c:\file akmal\Capstone - Ai Eng - Spendly_ Workspace\data\_ocr_real_crops\real_0408_line12.png,KEMBALI 700,0.9996025969697018,c:\file akmal\Capstone - Ai Eng - Spendly_ Workspace\data\Groceries\train\images\receipt-139_png_jpg.rf.bc8fafc8bdf89556f53491969e9f4565.jpg,Groceries
c:\file akmal\Capstone - Ai Eng - Spendly_ Workspace\data\_ocr_real_crops\real_0340_line18.png,LAYANAN KONSUMEN,0.9959732817457532,c:\file akmal\Capstone - Ai Eng - Spendly_ Workspace\data\Groceries\train\images\receipt-045_png_jpg.rf.f336737a07bb1c71d75cf398d9d0c4d9.jpg,Groceries
c:\file akmal\Capstone - Ai Eng - Spendly_ Workspace\data\_ocr_real_crops\real_0357_line12.png,TOTAL 853 900,0.990382909536886,c:\file akmal\Capstone - Ai Eng - Spendly_ Workspace\data\Groceries\train\images\receipt-066_png_jpg.rf.9ad168fa9b59c72058ce80d33ae971a7.jpg,Groceries
c:\file akmal\Capstone - Ai Eng - Spendly_ Workspace\data\_ocr_real_crops\real_0454_line13.png,LAYANAN KONSUMEN,0.8535761291102495,c:\file akmal\Capstone - Ai Eng - Spendly_ Workspace\data\Groceries\train\images\receipt-331_png_jpg.rf.b5de4e8ea054e83c7d71e616db0fa11b.jpg,Groceries
c:\file akmal\Capstone - Ai Eng - Spendly_ Workspace\data\_ocr_real_crops\real_0452_line07.png,HARGA JUAL 188 000,0.9989174888363535,c:\file akmal\Capstone - Ai Eng - Spendly_ Workspace\data\Groceries\train\images\receipt-307_png_jpg.rf.fb1abb63af9628207a682611e69d046d.jpg,Groceries
c:\file akmal\Capstone - Ai Eng - Spendly_ Workspace\data\_ocr_real_crops\real_0430_line01.png,KS TUBUN 0293493733,0.81884010828596,c:\file akmal\Capstone - Ai Eng - Spendly_ Workspace\data\Groceries\train\images\receipt-173_png_jpg.rf.febfb7096759b446cce9afcbda3cc821.jpg,Groceries
c:\file akmal\Capstone - Ai Eng - Spendly_ Workspace\data\_ocr_real_crops\real_0404_line12.png,TOTAL 396 300,0.9826981738278256,c:\file akmal\Capstone - Ai Eng - Spendly_ Workspace\data\Groceries\train\images\receipt-132_png_jpg.rf.37177efb9186862df0ed0eb4952c5dd6.jpg,Groceries
c:\file akmal\Capstone - Ai Eng - Spendly_ Workspace\data\_ocr_real_crops\real_0298_line15.png,HEMAT 214.400,0.806600053488084,c:\file akmal\Capstone - Ai Eng - Spendly_ Workspace\data\Groceries\train\images\cherly-superindo_jpg.rf.8ec0bcdaa5a56b1196d35c16bf338e72.jpg,Groceries
c:\file akmal\Capstone - Ai Eng - Spendly_ Workspace\data\_ocr_real_crops\real_0287_line11.png,"TOTAL 14 ,300",0.8749361385113643,c:\file akmal\Capstone - Ai Eng - Spendly_ Workspace\data\Groceries\train\images\CamScanner-19-11-2024-16-49_16_jpg.rf.deb2ec9ce63454dcd04e91b099114a9e.jpg,Groceries
c:\file akmal\Capstone - Ai Eng - Spendly_ Workspace\data\_ocr_real_crops\real_0451_line10.png,TOTAL 599 600,0.9997042927592551,c:\file akmal\Capstone - Ai Eng - Spendly_ Workspace\data\Groceries\train\images\receipt-297_png_jpg.rf.b11c70329dafcc6067914bc6f3ae663d.jpg,Groceries
c:\file akmal\Capstone - Ai Eng - Spendly_ Workspace\data\_ocr_real_crops\real_0267_line03.png,2022-04-14 Afi,0.8261899753465664,c:\file akmal\Capstone - Ai Eng - Spendly_ Workspace\data\Groceries\train\images\6-tampilan-dari-cetak-struk_jpg.rf.2093be40c40144b79cfcae59f747aba8.jpg,Groceries
c:\file akmal\Capstone - Ai Eng - Spendly_ Workspace\data\_ocr_real_crops\real_0445_line09.png,HARGA JUAL 291 900,0.9332119699409156,c:\file akmal\Capstone - Ai Eng - Spendly_ Workspace\data\Groceries\train\images\receipt-190_png_jpg.rf.fe320af36f59007ba4822effa20b016e.jpg,Groceries
c:\file akmal\Capstone - Ai Eng - Spendly_ Workspace\data\_ocr_real_crops\real_0310_line12.png,LAYANAN KONSUMEN,0.974376929653875,c:\file akmal\Capstone - Ai Eng - Spendly_ Workspace\data\Groceries\train\images\receipt-002_png_jpg.rf.2c886ed2aa930c7a9941f6b9dc37aa63.jpg,Groceries
c:\file akmal\Capstone - Ai Eng - Spendly_ Workspace\data\_ocr_real_crops\real_0336_line11.png,HARGA JUAL 356 800,0.8662875583378594,c:\file akmal\Capstone - Ai Eng - Spendly_ Workspace\data\Groceries\train\images\receipt-041_png_jpg.rf.e3d13ed39f0089facf2ed4a3e01d32eb.jpg,Groceries
c:\file akmal\Capstone - Ai Eng - Spendly_ Workspace\data\_ocr_real_crops\real_0320_line10.png,KEMBALI 000,0.8506691346172863,c:\file akmal\Capstone - Ai Eng - Spendly_ Workspace\data\Groceries\train\images\receipt-018_png_jpg.rf.1a518272a19041f4a1e80a7d09e0dc96.jpg,Groceries
c:\file akmal\Capstone - Ai Eng - Spendly_ Workspace\data\_ocr_real_crops\real_0342_line12.png,LAYANAN KONSUMEN,0.974376929653875,c:\file akmal\Capstone - Ai Eng - Spendly_ Workspace\data\Groceries\train\images\receipt-047_png_jpg.rf.6e29a3cd6d1fb63c6a800cad82cea41d.jpg,Groceries
c:\file akmal\Capstone - Ai Eng - Spendly_ Workspace\data\_ocr_real_crops\real_0338_line13.png,TOTAL 828 700,0.8441760600212644,c:\file akmal\Capstone - Ai Eng - Spendly_ Workspace\data\Groceries\train\images\receipt-043_png_jpg.rf.393f33489d828bab067cc83fe4854757.jpg,Groceries
c:\file akmal\Capstone - Ai Eng - Spendly_ Workspace\data\_ocr_real_crops\real_0372_line10.png,KEMBALI 500,0.9998433197983799,c:\file akmal\Capstone - Ai Eng - Spendly_ Workspace\data\Groceries\train\images\receipt-093_png_jpg.rf.fafe39878cb60ba6cae20a7a9d2f104d.jpg,Groceries
c:\file akmal\Capstone - Ai Eng - Spendly_ Workspace\data\_ocr_real_crops\real_0470_line21.png,SMS/WA 081110640888,0.7430126078147776,c:\file akmal\Capstone - Ai Eng - Spendly_ Workspace\data\Groceries\train\images\receipt-HD11-1223103W5W3_png.rf.61d3bbc9493bc38f171685f8eae2af40.jpg,Groceries
c:\file akmal\Capstone - Ai Eng - Spendly_ Workspace\data\_ocr_real_crops\real_0457_line10.png,"HARGA JUAL 435 , 800",0.8943418225833205,c:\file akmal\Capstone - Ai Eng - Spendly_ Workspace\data\Groceries\train\images\receipt-356_png_jpg.rf.3432c26b29da2f695c9803e736e99322.jpg,Groceries
c:\file akmal\Capstone - Ai Eng - Spendly_ Workspace\data\_ocr_real_crops\real_0381_line10.png,LAYANAN KONSUMEN,0.9907581232915044,c:\file akmal\Capstone - Ai Eng - Spendly_ Workspace\data\Groceries\train\images\receipt-103_png_jpg.rf.45cedddca7039b64fbdb4c57d5d73a30.jpg,Groceries
c:\file akmal\Capstone - Ai Eng - Spendly_ Workspace\data\_ocr_real_crops\real_0468_line08.png,TOTAL 355 200,0.999805454391546,c:\file akmal\Capstone - Ai Eng - Spendly_ Workspace\data\Groceries\train\images\receipt-476_png_jpg.rf.43ab549a19b58a84be07f52aa2c0c50e.jpg,Groceries
c:\file akmal\Capstone - Ai Eng - Spendly_ Workspace\data\_ocr_real_crops\real_0360_line12.png,TOTAL 061 500,0.9986151625740366,c:\file akmal\Capstone - Ai Eng - Spendly_ Workspace\data\Groceries\train\images\receipt-072_png_jpg.rf.73436ad376105b4f377bd7302e98b09c.jpg,Groceries
c:\file akmal\Capstone - Ai Eng - Spendly_ Workspace\data\_ocr_real_crops\real_0272_line09.png,"Total Disc. 19,600",0.7591353744369496,c:\file akmal\Capstone - Ai Eng - Spendly_ Workspace\data\Groceries\train\images\CamScanner-18-11-2024-12-48_84_jpg.rf.d5c9f66f3a0e1070b85dcd6bf2a550ea.jpg,Groceries
c:\file akmal\Capstone - Ai Eng - Spendly_ Workspace\data\_ocr_real_crops\real_0262_line12.png,KEMBALI 800,0.9995281586619469,c:\file akmal\Capstone - Ai Eng - Spendly_ Workspace\data\Groceries\test\images\receipt-202_png_jpg.rf.348272ee42b0f9c493843cc37af5c342.jpg,Groceries
c:\file akmal\Capstone - Ai Eng - Spendly_ Workspace\data\_ocr_real_crops\real_0477_line13.png,"SHOPEEPAY 11 , 200",0.7620358499990172,c:\file akmal\Capstone - Ai Eng - Spendly_ Workspace\data\Groceries\valid\images\CamScanner-18-11-2024-12-48_102_jpg.rf.9800ae82943a50f49a53a3c1f42a7f54.jpg,Groceries
c:\file akmal\Capstone - Ai Eng - Spendly_ Workspace\data\_ocr_real_crops\real_0453_line08.png,TUNAI 250 000,0.9990026092700298,c:\file akmal\Capstone - Ai Eng - Spendly_ Workspace\data\Groceries\train\images\receipt-309_png_jpg.rf.544234ac6ab60d43ed0bd2a3fa9d7690.jpg,Groceries
c:\file akmal\Capstone - Ai Eng - Spendly_ Workspace\data\_ocr_real_crops\real_0355_line13.png,KEMBALI 600,0.9998582787725037,c:\file akmal\Capstone - Ai Eng - Spendly_ Workspace\data\Groceries\train\images\receipt-063_png_jpg.rf.aed7b0afce45838bcc5ccb6e45c1c096.jpg,Groceries
c:\file akmal\Capstone - Ai Eng - Spendly_ Workspace\data\_ocr_real_crops\real_0336_line12.png,TOTAL 356 800,0.9270953651021755,c:\file akmal\Capstone - Ai Eng - Spendly_ Workspace\data\Groceries\train\images\receipt-041_png_jpg.rf.e3d13ed39f0089facf2ed4a3e01d32eb.jpg,Groceries
c:\file akmal\Capstone - Ai Eng - Spendly_ Workspace\data\_ocr_real_crops\real_0295_line09.png,"Tuna 12,400",0.7916618414752681,c:\file akmal\Capstone - Ai Eng - Spendly_ Workspace\data\Groceries\train\images\CamScanner-19-11-2024-16-49_7_jpg.rf.cfd309c3b3234664bf190e1fcb64e024.jpg,Groceries
c:\file akmal\Capstone - Ai Eng - Spendly_ Workspace\data\_ocr_real_crops\real_0401_line13.png,TUNAI 845 000,0.9990387077141182,c:\file akmal\Capstone - Ai Eng - Spendly_ Workspace\data\Groceries\train\images\receipt-129_png_jpg.rf.e62f4956db51996b1f5de06cfa44e8f2.jpg,Groceries
c:\file akmal\Capstone - Ai Eng - Spendly_ Workspace\data\_ocr_real_crops\real_0304_line10.png,Nasi Goreng Spesial,0.7312815536326234,c:\file akmal\Capstone - Ai Eng - Spendly_ Workspace\data\Groceries\train\images\id-11134207-7r98w-lzbsdcbkel0e03_jpg.rf.703d9bd5d99b009ad316b1cf8f50d67d.jpg,Groceries
c:\file akmal\Capstone - Ai Eng - Spendly_ Workspace\data\_ocr_real_crops\real_0406_line07.png,TOTAL 63 500,0.9782918280369919,c:\file akmal\Capstone - Ai Eng - Spendly_ Workspace\data\Groceries\train\images\receipt-134_png_jpg.rf.2a1ca7a8a5665bdd9bdf4de838a632b9.jpg,Groceries
c:\file akmal\Capstone - Ai Eng - Spendly_ Workspace\data\_ocr_real_crops\real_0455_line10.png,KEMBALI 700,0.9988140649115802,c:\file akmal\Capstone - Ai Eng - Spendly_ Workspace\data\Groceries\train\images\receipt-332_png_jpg.rf.ff0f78fcf1fd9280d61ea9777446c187.jpg,Groceries
c:\file akmal\Capstone - Ai Eng - Spendly_ Workspace\data\_ocr_real_crops\real_0421_line10.png,TOTAL 380 200,0.8757286744993661,c:\file akmal\Capstone - Ai Eng - Spendly_ Workspace\data\Groceries\train\images\receipt-156_png_jpg.rf.5f7d6c1cef82c7c1f86c4dcc7b0aeb93.jpg,Groceries
c:\file akmal\Capstone - Ai Eng - Spendly_ Workspace\data\_ocr_real_crops\real_0329_line07.png,HARGA JUAL 281 100,0.9990365162220227,c:\file akmal\Capstone - Ai Eng - Spendly_ Workspace\data\Groceries\train\images\receipt-031_png_jpg.rf.77113f34c6b72e5d1351c8fe869acc4b.jpg,Groceries
c:\file akmal\Capstone - Ai Eng - Spendly_ Workspace\data\_ocr_real_crops\real_0394_line01.png,Ks TUBUN 0293493733,0.8775807653437823,c:\file akmal\Capstone - Ai Eng - Spendly_ Workspace\data\Groceries\train\images\receipt-120_png_jpg.rf.9749c28036e0b2386cc27882c5363e1f.jpg,Groceries
c:\file akmal\Capstone - Ai Eng - Spendly_ Workspace\data\_ocr_real_crops\real_0322_line01.png,KS TUBUN 0293493733,0.8117323601401263,c:\file akmal\Capstone - Ai Eng - Spendly_ Workspace\data\Groceries\train\images\receipt-022_png_jpg.rf.4282bf15cecf871c0c79fcbae3474d29.jpg,Groceries
c:\file akmal\Capstone - Ai Eng - Spendly_ Workspace\data\_ocr_real_crops\real_0444_line10.png,LAYANAN KONSUMEN,0.9907581232915044,c:\file akmal\Capstone - Ai Eng - Spendly_ Workspace\data\Groceries\train\images\receipt-189_png_jpg.rf.9adb04b0ff91208c16da5b1175af2fc3.jpg,Groceries
c:\file akmal\Capstone - Ai Eng - Spendly_ Workspace\data\_ocr_real_crops\real_0349_line09.png,HARGA JUAL 327 400,0.8965977951455221,c:\file akmal\Capstone - Ai Eng - Spendly_ Workspace\data\Groceries\train\images\receipt-054_png_jpg.rf.455b397e5d651148baa986e7924e60f6.jpg,Groceries
c:\file akmal\Capstone - Ai Eng - Spendly_ Workspace\data\_ocr_real_crops\real_0410_line12.png,TUNAI 580 000,0.9992366287234687,c:\file akmal\Capstone - Ai Eng - Spendly_ Workspace\data\Groceries\train\images\receipt-143_png_jpg.rf.494706150d9e1baffdea9c1444d421da.jpg,Groceries
c:\file akmal\Capstone - Ai Eng - Spendly_ Workspace\data\_ocr_real_crops\real_0317_line15.png,TUNAI 665 000,0.9702257556625474,c:\file akmal\Capstone - Ai Eng - Spendly_ Workspace\data\Groceries\train\images\receipt-013_png_jpg.rf.a9feb613c6461c0ac990176408230994.jpg,Groceries
c:\file akmal\Capstone - Ai Eng - Spendly_ Workspace\data\_ocr_real_crops\real_0441_line10.png,TOTAL 370 500,0.9993309105495403,c:\file akmal\Capstone - Ai Eng - Spendly_ Workspace\data\Groceries\train\images\receipt-186_png_jpg.rf.7136376fdf6d2894a9cf6e8e580ddc4a.jpg,Groceries
c:\file akmal\Capstone - Ai Eng - Spendly_ Workspace\data\_ocr_real_crops\real_0299_line00.png,PI LION SUPERINDO,0.7915418030123607,c:\file akmal\Capstone - Ai Eng - Spendly_ Workspace\data\Groceries\train\images\E-Reciept_06122025083602_2023032905395876_1777708177915-pdf_page_1_png.rf.f35bb3ac3e71d16a5f722ea9667277f7.jpg,Groceries
c:\file akmal\Capstone - Ai Eng - Spendly_ Workspace\data\_ocr_real_crops\real_0291_line12.png,"HARGA JUAL 24 ,300",0.9272112195166882,c:\file akmal\Capstone - Ai Eng - Spendly_ Workspace\data\Groceries\train\images\CamScanner-19-11-2024-16-49_4_jpg.rf.7fd4cb0f49d79b64a643bf8ded94cb39.jpg,Groceries
c:\file akmal\Capstone - Ai Eng - Spendly_ Workspace\data\_ocr_real_crops\real_0395_line16.png,KEMBALI 800,0.8296307939536154,c:\file akmal\Capstone - Ai Eng - Spendly_ Workspace\data\Groceries\train\images\receipt-121_png_jpg.rf.342fd6b6fa269bd5ebc5ba5f4bd9db7c.jpg,Groceries
c:\file akmal\Capstone - Ai Eng - Spendly_ Workspace\data\_ocr_real_crops\real_0340_line01.png,Ks TUBUN 0293493733,0.9501578329912465,c:\file akmal\Capstone - Ai Eng - Spendly_ Workspace\data\Groceries\train\images\receipt-045_png_jpg.rf.f336737a07bb1c71d75cf398d9d0c4d9.jpg,Groceries
c:\file akmal\Capstone - Ai Eng - Spendly_ Workspace\data\_ocr_real_crops\real_0391_line10.png,HARGA JUAL 522 000,0.9986899956316837,c:\file akmal\Capstone - Ai Eng - Spendly_ Workspace\data\Groceries\train\images\receipt-116_png_jpg.rf.655aceb4f5112367a35bacc3b21cff15.jpg,Groceries
c:\file akmal\Capstone - Ai Eng - Spendly_ Workspace\data\_ocr_real_crops\real_0464_line08.png,TUNAI 70 000,0.9997950060246256,c:\file akmal\Capstone - Ai Eng - Spendly_ Workspace\data\Groceries\train\images\receipt-424_png_jpg.rf.d4cbc562d2d5a0996c0a5036b4e88875.jpg,Groceries
c:\file akmal\Capstone - Ai Eng - Spendly_ Workspace\data\_ocr_real_crops\real_0368_line01.png,Ks TUBUN 0293493733,0.8775807653437823,c:\file akmal\Capstone - Ai Eng - Spendly_ Workspace\data\Groceries\train\images\receipt-089_png_jpg.rf.f655245766de70ade64dca9c6116770e.jpg,Groceries
c:\file akmal\Capstone - Ai Eng - Spendly_ Workspace\data\_ocr_real_crops\real_0445_line13.png,LAYANAN KONSUMEN,0.8535761291102495,c:\file akmal\Capstone - Ai Eng - Spendly_ Workspace\data\Groceries\train\images\receipt-190_png_jpg.rf.fe320af36f59007ba4822effa20b016e.jpg,Groceries
c:\file akmal\Capstone - Ai Eng - Spendly_ Workspace\data\_ocr_real_crops\real_0446_line09.png,TUNAI 385 000,0.9991735982243005,c:\file akmal\Capstone - Ai Eng - Spendly_ Workspace\data\Groceries\train\images\receipt-195_png_jpg.rf.6276e95018bedacfde3bdfb746785de0.jpg,Groceries
c:\file akmal\Capstone - Ai Eng - Spendly_ Workspace\data\_ocr_real_crops\real_0460_line11.png,HARGA JUAL 404 500,0.9397978175677894,c:\file akmal\Capstone - Ai Eng - Spendly_ Workspace\data\Groceries\train\images\receipt-368_png_jpg.rf.9c34c11704d79a0d63056a6b64f4a6cf.jpg,Groceries
c:\file akmal\Capstone - Ai Eng - Spendly_ Workspace\data\_ocr_real_crops\real_0303_line03.png,TANGERANG,0.9989942564566455,c:\file akmal\Capstone - Ai Eng - Spendly_ Workspace\data\Groceries\train\images\EV23suKU0AAqvRp_jpg.rf.de2a4384a036b81609eed25f9e32ab07.jpg,Groceries
c:\file akmal\Capstone - Ai Eng - Spendly_ Workspace\data\_ocr_real_crops\real_0266_line01.png,Toko serba Ada,0.9884274898667057,c:\file akmal\Capstone - Ai Eng - Spendly_ Workspace\data\Groceries\train\images\12-selesai-cara-transaksi-penjualan-new1_jpg.rf.e1d14e23446a6a9b4e4736bdb1f85b78.jpg,Groceries
c:\file akmal\Capstone - Ai Eng - Spendly_ Workspace\data\_ocr_real_crops\real_0403_line12.png,KEMBALI 400,0.9993258165481236,c:\file akmal\Capstone - Ai Eng - Spendly_ Workspace\data\Groceries\train\images\receipt-131_png_jpg.rf.a06b0dc5055940ab8740e72c4d992726.jpg,Groceries
c:\file akmal\Capstone - Ai Eng - Spendly_ Workspace\data\_ocr_real_crops\real_0358_line07.png,TOTAL 40 500,0.999020665234351,c:\file akmal\Capstone - Ai Eng - Spendly_ Workspace\data\Groceries\train\images\receipt-068_png_jpg.rf.74288950200395a72677ce5c8908a3e9.jpg,Groceries
c:\file akmal\Capstone - Ai Eng - Spendly_ Workspace\data\_ocr_real_crops\real_0507_line11.png,TOTAL 466 300,0.935869420708074,c:\file akmal\Capstone - Ai Eng - Spendly_ Workspace\data\Groceries\valid\images\receipt-248_png_jpg.rf.b0cffab2d2504cea368431dbb5955b1e.jpg,Groceries
c:\file akmal\Capstone - Ai Eng - Spendly_ Workspace\data\_ocr_real_crops\real_0278_line18.png,KEMBALI 16 100,0.9987150434048605,c:\file akmal\Capstone - Ai Eng - Spendly_ Workspace\data\Groceries\train\images\CamScanner-18-11-2024-12-48_97_jpg.rf.05c0004d175a196671ddc770e7eeedd0.jpg,Groceries
c:\file akmal\Capstone - Ai Eng - Spendly_ Workspace\data\_ocr_real_crops\real_0424_line08.png,TUNAI 230 000,0.9998072872161279,c:\file akmal\Capstone - Ai Eng - Spendly_ Workspace\data\Groceries\train\images\receipt-163_png_jpg.rf.5a2cf2404c27d376743691fa78a5a520.jpg,Groceries
c:\file akmal\Capstone - Ai Eng - Spendly_ Workspace\data\_ocr_real_crops\real_0367_line18.png,LAYANAN KONSUMEN,0.9959732817457532,c:\file akmal\Capstone - Ai Eng - Spendly_ Workspace\data\Groceries\train\images\receipt-088_png_jpg.rf.b58e4313cf8be6bf0a8935107d568b4b.jpg,Groceries
c:\file akmal\Capstone - Ai Eng - Spendly_ Workspace\data\_ocr_real_crops\real_0403_line13.png,LAYANAN KONSUMEN,0.8535761291102495,c:\file akmal\Capstone - Ai Eng - Spendly_ Workspace\data\Groceries\train\images\receipt-131_png_jpg.rf.a06b0dc5055940ab8740e72c4d992726.jpg,Groceries
c:\file akmal\Capstone - Ai Eng - Spendly_ Workspace\data\_ocr_real_crops\real_0312_line16.png,KEMBALI 900,0.9695156952036785,c:\file akmal\Capstone - Ai Eng - Spendly_ Workspace\data\Groceries\train\images\receipt-004_png_jpg.rf.8732fa1d7540bdd8ca054bf5b6f4e31b.jpg,Groceries
c:\file akmal\Capstone - Ai Eng - Spendly_ Workspace\data\_ocr_real_crops\real_0262_line11.png,TUNAI 650 000,0.9997426734682836,c:\file akmal\Capstone - Ai Eng - Spendly_ Workspace\data\Groceries\test\images\receipt-202_png_jpg.rf.348272ee42b0f9c493843cc37af5c342.jpg,Groceries
c:\file akmal\Capstone - Ai Eng - Spendly_ Workspace\data\_ocr_real_crops\real_0325_line11.png,TUNAI 350 000,0.9996255182088727,c:\file akmal\Capstone - Ai Eng - Spendly_ Workspace\data\Groceries\train\images\receipt-025_png_jpg.rf.948f0b87f6e434be707145ac491807d9.jpg,Groceries
c:\file akmal\Capstone - Ai Eng - Spendly_ Workspace\data\_ocr_real_crops\real_0374_line01.png,Ks TUBUN 0293493733,0.9238249159115514,c:\file akmal\Capstone - Ai Eng - Spendly_ Workspace\data\Groceries\train\images\receipt-095_png_jpg.rf.d422b2e4cbb963393346f8fdbf10b72a.jpg,Groceries
c:\file akmal\Capstone - Ai Eng - Spendly_ Workspace\data\_ocr_real_crops\real_0337_line11.png,KEMBALI,0.9999571956717214,c:\file akmal\Capstone - Ai Eng - Spendly_ Workspace\data\Groceries\train\images\receipt-042_png_jpg.rf.e53632e1045ae1eb5ae297adbd7d3056.jpg,Groceries
c:\file akmal\Capstone - Ai Eng - Spendly_ Workspace\data\_ocr_real_crops\real_0291_line21.png,KLIKINDOMARET,0.9996993906476609,c:\file akmal\Capstone - Ai Eng - Spendly_ Workspace\data\Groceries\train\images\CamScanner-19-11-2024-16-49_4_jpg.rf.7fd4cb0f49d79b64a643bf8ded94cb39.jpg,Groceries
c:\file akmal\Capstone - Ai Eng - Spendly_ Workspace\data\_ocr_real_crops\real_0414_line15.png,KEMBALI 200,0.9995293147596632,c:\file akmal\Capstone - Ai Eng - Spendly_ Workspace\data\Groceries\train\images\receipt-149_png_jpg.rf.29a0c4de70fc120fa7fcf61f6bf22a41.jpg,Groceries
c:\file akmal\Capstone - Ai Eng - Spendly_ Workspace\data\_ocr_real_crops\real_0263_line11.png,KEMBALI 000,0.9997330708875829,c:\file akmal\Capstone - Ai Eng - Spendly_ Workspace\data\Groceries\test\images\receipt-478_png_jpg.rf.19639cab6d0d952b16f593c11c17d7d8.jpg,Groceries
c:\file akmal\Capstone - Ai Eng - Spendly_ Workspace\data\_ocr_real_crops\real_0381_line09.png,KEMBALI 800,0.9997767363148693,c:\file akmal\Capstone - Ai Eng - Spendly_ Workspace\data\Groceries\train\images\receipt-103_png_jpg.rf.45cedddca7039b64fbdb4c57d5d73a30.jpg,Groceries
c:\file akmal\Capstone - Ai Eng - Spendly_ Workspace\data\_ocr_real_crops\real_0468_line10.png,KEMBALI 800,0.9988426613743567,c:\file akmal\Capstone - Ai Eng - Spendly_ Workspace\data\Groceries\train\images\receipt-476_png_jpg.rf.43ab549a19b58a84be07f52aa2c0c50e.jpg,Groceries
c:\file akmal\Capstone - Ai Eng - Spendly_ Workspace\data\_ocr_real_crops\real_0413_line10.png,HARGA JUAL 323 300,0.9992238563469966,c:\file akmal\Capstone - Ai Eng - Spendly_ Workspace\data\Groceries\train\images\receipt-148_png_jpg.rf.699bcdf5ea004bb406fefc2bcdb4394f.jpg,Groceries
c:\file akmal\Capstone - Ai Eng - Spendly_ Workspace\data\_ocr_real_crops\real_0498_line17.png,"Cara 54,4c0",0.7493126771367691,c:\file akmal\Capstone - Ai Eng - Spendly_ Workspace\data\Groceries\valid\images\CamScanner-18-11-2024-12-48_69_jpg.rf.68f841f439917862b15e6e6fe0eb7806.jpg,Groceries
c:\file akmal\Capstone - Ai Eng - Spendly_ Workspace\data\_ocr_real_crops\real_0367_line16.png,TUNAI 905 000,0.9949106574937393,c:\file akmal\Capstone - Ai Eng - Spendly_ Workspace\data\Groceries\train\images\receipt-088_png_jpg.rf.b58e4313cf8be6bf0a8935107d568b4b.jpg,Groceries
c:\file akmal\Capstone - Ai Eng - Spendly_ Workspace\data\_ocr_real_crops\real_0505_line01.png,KS TUBUN 0293493733,0.7760493894665143,c:\file akmal\Capstone - Ai Eng - Spendly_ Workspace\data\Groceries\valid\images\receipt-065_png_jpg.rf.4d8b8661b01ebe4b0564281759551dab.jpg,Groceries
c:\file akmal\Capstone - Ai Eng - Spendly_ Workspace\data\_ocr_real_crops\real_0388_line11.png,TOTAL 762 500,0.9952989223170786,c:\file akmal\Capstone - Ai Eng - Spendly_ Workspace\data\Groceries\train\images\receipt-113_png_jpg.rf.6c157650611fc1e3098c190ca8d599b1.jpg,Groceries
c:\file akmal\Capstone - Ai Eng - Spendly_ Workspace\data\_ocr_real_crops\real_0434_line11.png,LAYANAN KONSUMEN,0.9922261037115307,c:\file akmal\Capstone - Ai Eng - Spendly_ Workspace\data\Groceries\train\images\receipt-177_png_jpg.rf.5271c2d2fee5dbf4bf20d250271d2ab6.jpg,Groceries
c:\file akmal\Capstone - Ai Eng - Spendly_ Workspace\data\_ocr_real_crops\real_0295_line17.png,30-Nov 2026,0.7776272029596524,c:\file akmal\Capstone - Ai Eng - Spendly_ Workspace\data\Groceries\train\images\CamScanner-19-11-2024-16-49_7_jpg.rf.cfd309c3b3234664bf190e1fcb64e024.jpg,Groceries
c:\file akmal\Capstone - Ai Eng - Spendly_ Workspace\data\_ocr_real_crops\real_0437_line16.png,LAYANAN KONSUMEN,0.9994804236606182,c:\file akmal\Capstone - Ai Eng - Spendly_ Workspace\data\Groceries\train\images\receipt-181_png_jpg.rf.bbe18020aedbcb9c545675cb3e0f3046.jpg,Groceries
c:\file akmal\Capstone - Ai Eng - Spendly_ Workspace\data\_ocr_real_crops\real_0390_line12.png,KEMBALI 200,0.9965840362486056,c:\file akmal\Capstone - Ai Eng - Spendly_ Workspace\data\Groceries\train\images\receipt-115_png_jpg.rf.2f866bba7e1356197abd5328e63fda1f.jpg,Groceries
c:\file akmal\Capstone - Ai Eng - Spendly_ Workspace\data\_ocr_real_crops\real_0358_line09.png,KEMBALI 500,0.9292374969106914,c:\file akmal\Capstone - Ai Eng - Spendly_ Workspace\data\Groceries\train\images\receipt-068_png_jpg.rf.74288950200395a72677ce5c8908a3e9.jpg,Groceries
c:\file akmal\Capstone - Ai Eng - Spendly_ Workspace\data\_ocr_real_crops\real_0456_line14.png,KEMBALI 900,0.9640083246885722,c:\file akmal\Capstone - Ai Eng - Spendly_ Workspace\data\Groceries\train\images\receipt-341_png_jpg.rf.5733e00d8af1bfa9c174ff7f64d493c7.jpg,Groceries
c:\file akmal\Capstone - Ai Eng - Spendly_ Workspace\data\_ocr_real_crops\real_0352_line12.png,KEMBALI 000,0.9942082068679186,c:\file akmal\Capstone - Ai Eng - Spendly_ Workspace\data\Groceries\train\images\receipt-060_png_jpg.rf.c52a933de013d86ff6466321206e4cdb.jpg,Groceries
c:\file akmal\Capstone - Ai Eng - Spendly_ Workspace\data\_ocr_real_crops\real_0417_line14.png,TOTAL 686 700,0.9947823160391066,c:\file akmal\Capstone - Ai Eng - Spendly_ Workspace\data\Groceries\train\images\receipt-152_png_jpg.rf.426c213fdfdc908d4919a2b841826923.jpg,Groceries
c:\file akmal\Capstone - Ai Eng - Spendly_ Workspace\data\_ocr_real_crops\real_0398_line13.png,LAYANAN KONSUMEN,0.8535761291102495,c:\file akmal\Capstone - Ai Eng - Spendly_ Workspace\data\Groceries\train\images\receipt-125_png_jpg.rf.5f434647f469b8bc739174902b9e9936.jpg,Groceries
c:\file akmal\Capstone - Ai Eng - Spendly_ Workspace\data\_ocr_real_crops\real_0314_line09.png,TUNAI 165 000,0.9988887007005699,c:\file akmal\Capstone - Ai Eng - Spendly_ Workspace\data\Groceries\train\images\receipt-006_png_jpg.rf.f44980445e6dcb6320a99f668b619a5f.jpg,Groceries
c:\file akmal\Capstone - Ai Eng - Spendly_ Workspace\data\_ocr_real_crops\real_0263_line12.png,LAYANAN KONSUMEN,0.974376929653875,c:\file akmal\Capstone - Ai Eng - Spendly_ Workspace\data\Groceries\test\images\receipt-478_png_jpg.rf.19639cab6d0d952b16f593c11c17d7d8.jpg,Groceries
c:\file akmal\Capstone - Ai Eng - Spendly_ Workspace\data\_ocr_real_crops\real_0349_line13.png,LAYANAN KONSUMEN,0.8535761291102495,c:\file akmal\Capstone - Ai Eng - Spendly_ Workspace\data\Groceries\train\images\receipt-054_png_jpg.rf.455b397e5d651148baa986e7924e60f6.jpg,Groceries
c:\file akmal\Capstone - Ai Eng - Spendly_ Workspace\data\_ocr_real_crops\real_0478_line13.png,"TUNA  50,0o",0.7480814686214368,c:\file akmal\Capstone - Ai Eng - Spendly_ Workspace\data\Groceries\valid\images\CamScanner-18-11-2024-12-48_16_jpg.rf.7e45c3a75f438535ad3da22f8f6bf009.jpg,Groceries
c:\file akmal\Capstone - Ai Eng - Spendly_ Workspace\data\_ocr_real_crops\real_0318_line09.png,KEMBALI 000,0.9994908953848155,c:\file akmal\Capstone - Ai Eng - Spendly_ Workspace\data\Groceries\train\images\receipt-014_png_jpg.rf.4abd06733b996bc09afb0f8e3af4bc3c.jpg,Groceries
c:\file akmal\Capstone - Ai Eng - Spendly_ Workspace\data\_ocr_real_crops\real_0434_line09.png,TUNAI 225 000,0.9991644903583093,c:\file akmal\Capstone - Ai Eng - Spendly_ Workspace\data\Groceries\train\images\receipt-177_png_jpg.rf.5271c2d2fee5dbf4bf20d250271d2ab6.jpg,Groceries
c:\file akmal\Capstone - Ai Eng - Spendly_ Workspace\data\_ocr_real_crops\real_0486_line16.png,Total BeTanja 79 200,0.7272016970807587,c:\file akmal\Capstone - Ai Eng - Spendly_ Workspace\data\Groceries\valid\images\CamScanner-18-11-2024-12-48_33_jpg.rf.a349e2ac43897488be2a63a6a6be2049.jpg,Groceries
c:\file akmal\Capstone - Ai Eng - Spendly_ Workspace\data\_ocr_real_crops\real_0337_line09.png,TOTAL 345 000,0.9551841557695201,c:\file akmal\Capstone - Ai Eng - Spendly_ Workspace\data\Groceries\train\images\receipt-042_png_jpg.rf.e53632e1045ae1eb5ae297adbd7d3056.jpg,Groceries
c:\file akmal\Capstone - Ai Eng - Spendly_ Workspace\data\_ocr_real_crops\real_0408_line13.png,LAYANAN KONSUMEN,0.8535761291102495,c:\file akmal\Capstone - Ai Eng - Spendly_ Workspace\data\Groceries\train\images\receipt-139_png_jpg.rf.bc8fafc8bdf89556f53491969e9f4565.jpg,Groceries
c:\file akmal\Capstone - Ai Eng - Spendly_ Workspace\data\_ocr_real_crops\real_0330_line13.png,HARGA JUAL 655 000,0.9991583174565483,c:\file akmal\Capstone - Ai Eng - Spendly_ Workspace\data\Groceries\train\images\receipt-032_png_jpg.rf.53787048fffd75b5f93b3352a143cc12.jpg,Groceries
c:\file akmal\Capstone - Ai Eng - Spendly_ Workspace\data\_ocr_real_crops\real_0402_line13.png,TUNAI 020 000,0.9986999721761425,c:\file akmal\Capstone - Ai Eng - Spendly_ Workspace\data\Groceries\train\images\receipt-130_png_jpg.rf.cc303731260222b16de636bf3400df8f.jpg,Groceries
c:\file akmal\Capstone - Ai Eng - Spendly_ Workspace\data\_ocr_real_crops\real_0286_line12.png,"TUNAI 14,300",0.9989346292802282,c:\file akmal\Capstone - Ai Eng - Spendly_ Workspace\data\Groceries\train\images\CamScanner-19-11-2024-16-49_16_jpg.rf.cf2c220123fe4e02523983bb09c99ddf.jpg,Groceries
c:\file akmal\Capstone - Ai Eng - Spendly_ Workspace\data\_ocr_real_crops\real_0420_line01.png,KS TUBUN 0293493733,0.7979685602495988,c:\file akmal\Capstone - Ai Eng - Spendly_ Workspace\data\Groceries\train\images\receipt-155_png_jpg.rf.997ceb1b392776fb4d7b2d2636bf74a6.jpg,Groceries
c:\file akmal\Capstone - Ai Eng - Spendly_ Workspace\data\_ocr_real_crops\real_0463_line14.png,TUNAI 300 000,0.9840631542623232,c:\file akmal\Capstone - Ai Eng - Spendly_ Workspace\data\Groceries\train\images\receipt-412_png_jpg.rf.f8c006d7fd8b9fba216ddcc556f7d93e.jpg,Groceries
c:\file akmal\Capstone - Ai Eng - Spendly_ Workspace\data\_ocr_real_crops\real_0278_line11.png,PLASTIK KCL,0.9283489883963996,c:\file akmal\Capstone - Ai Eng - Spendly_ Workspace\data\Groceries\train\images\CamScanner-18-11-2024-12-48_97_jpg.rf.05c0004d175a196671ddc770e7eeedd0.jpg,Groceries
c:\file akmal\Capstone - Ai Eng - Spendly_ Workspace\data\_ocr_real_crops\real_0328_line01.png,KS TUBUN 0293493733,0.7760493894665143,c:\file akmal\Capstone - Ai Eng - Spendly_ Workspace\data\Groceries\train\images\receipt-028_png_jpg.rf.e4841baa3321ee30f372a9774c76e255.jpg,Groceries
c:\file akmal\Capstone - Ai Eng - Spendly_ Workspace\data\_ocr_real_crops\real_0493_line10.png,"Total Item 45 , 700",0.7519277637426648,c:\file akmal\Capstone - Ai Eng - Spendly_ Workspace\data\Groceries\valid\images\CamScanner-18-11-2024-12-48_56_jpg.rf.c0fcecc9313c8f6389071c1f747f3d74.jpg,Groceries
c:\file akmal\Capstone - Ai Eng - Spendly_ Workspace\data\_ocr_real_crops\real_0351_line11.png,HARGA JUAL 359 500,0.977644550824529,c:\file akmal\Capstone - Ai Eng - Spendly_ Workspace\data\Groceries\train\images\receipt-059_png_jpg.rf.01a4a35e109b91be61a45201ad66f1ce.jpg,Groceries
c:\file akmal\Capstone - Ai Eng - Spendly_ Workspace\data\_ocr_real_crops\real_0284_line11.png,"TOTAL 25 ,000",0.8905078356867852,c:\file akmal\Capstone - Ai Eng - Spendly_ Workspace\data\Groceries\train\images\CamScanner-19-11-2024-16-49_14_jpg.rf.f44017ff9dd1d9d321c8abc35c6d0e62.jpg,Groceries
c:\file akmal\Capstone - Ai Eng - Spendly_ Workspace\data\_ocr_real_crops\real_0450_line01.png,KS TUBUN 0293493733,0.81884010828596,c:\file akmal\Capstone - Ai Eng - Spendly_ Workspace\data\Groceries\train\images\receipt-280_png_jpg.rf.d9a64fb60637bbda026d15d8f869103d.jpg,Groceries
c:\file akmal\Capstone - Ai Eng - Spendly_ Workspace\data\_ocr_real_crops\real_0458_line15.png,KEMBALI 700,0.9995622790338368,c:\file akmal\Capstone - Ai Eng - Spendly_ Workspace\data\Groceries\train\images\receipt-357_png_jpg.rf.7c3c0e02d93b7ece287e700815c6a737.jpg,Groceries
c:\file akmal\Capstone - Ai Eng - Spendly_ Workspace\data\_ocr_real_crops\real_0464_line09.png,KEMBALI 100,0.9996819913965465,c:\file akmal\Capstone - Ai Eng - Spendly_ Workspace\data\Groceries\train\images\receipt-424_png_jpg.rf.d4cbc562d2d5a0996c0a5036b4e88875.jpg,Groceries
c:\file akmal\Capstone - Ai Eng - Spendly_ Workspace\data\_ocr_real_crops\real_0503_line12.png,"DISKON (7,000)",0.9615372011469189,c:\file akmal\Capstone - Ai Eng - Spendly_ Workspace\data\Groceries\valid\images\CamScanner-18-11-2024-12-48_90_jpg.rf.2f2c8e271b687c71f770ded7c02276e8.jpg,Groceries
c:\file akmal\Capstone - Ai Eng - Spendly_ Workspace\data\_ocr_real_crops\real_0418_line09.png,HARGA JUAL 396 300,0.9335907303246584,c:\file akmal\Capstone - Ai Eng - Spendly_ Workspace\data\Groceries\train\images\receipt-153_png_jpg.rf.e9dc45000d6ba24d6d3269ecb0aff16c.jpg,Groceries
c:\file akmal\Capstone - Ai Eng - Spendly_ Workspace\data\_ocr_real_crops\real_0464_line01.png,KS TUBUN 0293493733,0.81884010828596,c:\file akmal\Capstone - Ai Eng - Spendly_ Workspace\data\Groceries\train\images\receipt-424_png_jpg.rf.d4cbc562d2d5a0996c0a5036b4e88875.jpg,Groceries
c:\file akmal\Capstone - Ai Eng - Spendly_ Workspace\data\_ocr_real_crops\real_0548_line05.png,DISCOUNT Rp 101.000,0.8849592513035189,c:\file akmal\Capstone - Ai Eng - Spendly_ Workspace\data\Health\valid\images\1dental6_png.rf.3f8cbead11a495a0d9e172c61611dbea.jpg,Health
c:\file akmal\Capstone - Ai Eng - Spendly_ Workspace\data\_ocr_real_crops\real_0539_line13.png,Detail Pengiriman,0.9654746073088853,c:\file akmal\Capstone - Ai Eng - Spendly_ Workspace\data\Health\train\images\halodoc4_png.rf.c509d6d44fefe7d093d7156d4eb3ed7d.jpg,Health
c:\file akmal\Capstone - Ai Eng - Spendly_ Workspace\data\_ocr_real_crops\real_0540_line00.png,halodoc KUITANSI,0.9996792929265439,c:\file akmal\Capstone - Ai Eng - Spendly_ Workspace\data\Health\train\images\halodoc5_png.rf.80871c0ac68f1126583e1f708870fffe.jpg,Health
c:\file akmal\Capstone - Ai Eng - Spendly_ Workspace\data\_ocr_real_crops\real_0547_line01.png,Bekasi,0.9763360664324621,c:\file akmal\Capstone - Ai Eng - Spendly_ Workspace\data\Health\valid\images\1dental19_png.rf.af54a36f36514db1be5aaaa4f42e6b4b.jpg,Health
c:\file akmal\Capstone - Ai Eng - Spendly_ Workspace\data\_ocr_real_crops\real_0544_line06.png,EDC BCA,0.7909700250028413,c:\file akmal\Capstone - Ai Eng - Spendly_ Workspace\data\Health\train\images\saturdays_png.rf.4a378d611bb20f1bc84578061e0fdbfa.jpg,Health
c:\file akmal\Capstone - Ai Eng - Spendly_ Workspace\data\_ocr_real_crops\real_0548_line12.png,TOTAL Rp 250.000,0.7527684669551229,c:\file akmal\Capstone - Ai Eng - Spendly_ Workspace\data\Health\valid\images\1dental6_png.rf.3f8cbead11a495a0d9e172c61611dbea.jpg,Health
c:\file akmal\Capstone - Ai Eng - Spendly_ Workspace\data\_ocr_real_crops\real_0514_line14.png,10.39,0.9353998985323558,c:\file akmal\Capstone - Ai Eng - Spendly_ Workspace\data\Health\test\images\halodoc9_png.rf.27c9fc0c82bb2fb9d123174351ca05de.jpg,Health
c:\file akmal\Capstone - Ai Eng - Spendly_ Workspace\data\_ocr_real_crops\real_0531_line00.png,8 halodoc KUITANSI,0.7155383481475375,c:\file akmal\Capstone - Ai Eng - Spendly_ Workspace\data\Health\train\images\halodoc10_png.rf.7aace4479da6d7de5ab801c5e60a2efc.jpg,Health
c:\file akmal\Capstone - Ai Eng - Spendly_ Workspace\data\_ocr_real_crops\real_0530_line08.png,"(KF) (GEN) 10 11,000",0.8904130325979809,c:\file akmal\Capstone - Ai Eng - Spendly_ Workspace\data\Health\train\images\apotek1_png.rf.6374cd8897a37d7a77be8ab159854591.jpg,Health
c:\file akmal\Capstone - Ai Eng - Spendly_ Workspace\data\_ocr_real_crops\real_0514_line00.png,halodoc KUITANSI,0.9892521625530899,c:\file akmal\Capstone - Ai Eng - Spendly_ Workspace\data\Health\test\images\halodoc9_png.rf.27c9fc0c82bb2fb9d123174351ca05de.jpg,Health
c:\file akmal\Capstone - Ai Eng - Spendly_ Workspace\data\_ocr_real_crops\real_0522_line01.png,Bekasi,0.8118764768013345,c:\file akmal\Capstone - Ai Eng - Spendly_ Workspace\data\Health\train\images\1dental20_png.rf.c98e3be960bceb9d98707173ea48ab8e.jpg,Health
c:\file akmal\Capstone - Ai Eng - Spendly_ Workspace\data\_ocr_real_crops\real_0541_line00.png,halodoc KUITANSI,0.9992810268291068,c:\file akmal\Capstone - Ai Eng - Spendly_ Workspace\data\Health\train\images\halodoc6_png.rf.9eba0cb3187217970b2c970a9755a990.jpg,Health
c:\file akmal\Capstone - Ai Eng - Spendly_ Workspace\data\_ocr_real_crops\real_0543_line00.png,8 halodoc KUITANSI,0.7376241845725009,c:\file akmal\Capstone - Ai Eng - Spendly_ Workspace\data\Health\train\images\halodoc8_png.rf.b4278aaeb7475def2a81b77216943aab.jpg,Health
c:\file akmal\Capstone - Ai Eng - Spendly_ Workspace\data\_ocr_real_crops\real_0536_line12.png,22.16,0.9844669941446236,c:\file akmal\Capstone - Ai Eng - Spendly_ Workspace\data\Health\train\images\halodoc1_png.rf.045248ebcf8a5b741690cefebd39adf2.jpg,Health
c:\file akmal\Capstone - Ai Eng - Spendly_ Workspace\data\_ocr_real_crops\real_0535_line14.png,15.58,0.9963502188168801,c:\file akmal\Capstone - Ai Eng - Spendly_ Workspace\data\Health\train\images\halodoc15_png.rf.9ff5f971d84ae9aa5f94b78b7fa2a6a1.jpg,Health
c:\file akmal\Capstone - Ai Eng - Spendly_ Workspace\data\_ocr_real_crops\real_0533_line00.png,halodoc KUITANSI,0.7828374313628723,c:\file akmal\Capstone - Ai Eng - Spendly_ Workspace\data\Health\train\images\halodoc13_png.rf.9c0f4acb2e2fb9dc4d3774ad4824775e.jpg,Health
c:\file akmal\Capstone - Ai Eng - Spendly_ Workspace\data\_ocr_real_crops\real_0549_line00.png,halodoc KUITANSI,0.905756887523643,c:\file akmal\Capstone - Ai Eng - Spendly_ Workspace\data\Health\valid\images\halodoc11_png.rf.032ab8c3600f9a839addb28ca5815f43.jpg,Health
c:\file akmal\Capstone - Ai Eng - Spendly_ Workspace\data\_ocr_real_crops\real_0534_line00.png,halodoc KUITANSI,0.9997359358734736,c:\file akmal\Capstone - Ai Eng - Spendly_ Workspace\data\Health\train\images\halodoc14_png.rf.8dd18bad10dc39ae33a649b0baad0986.jpg,Health
c:\file akmal\Capstone - Ai Eng - Spendly_ Workspace\data\_ocr_real_crops\real_0530_line16.png,"Total 116,100",0.8935398395239159,c:\file akmal\Capstone - Ai Eng - Spendly_ Workspace\data\Health\train\images\apotek1_png.rf.6374cd8897a37d7a77be8ab159854591.jpg,Health
c:\file akmal\Capstone - Ai Eng - Spendly_ Workspace\data\_ocr_real_crops\real_0534_line14.png,15.58,0.9272521110819586,c:\file akmal\Capstone - Ai Eng - Spendly_ Workspace\data\Health\train\images\halodoc14_png.rf.8dd18bad10dc39ae33a649b0baad0986.jpg,Health
c:\file akmal\Capstone - Ai Eng - Spendly_ Workspace\data\_ocr_real_crops\real_0542_line12.png,13.31,0.9467626235942179,c:\file akmal\Capstone - Ai Eng - Spendly_ Workspace\data\Health\train\images\halodoc7_png.rf.39c92d8f777a493edf08651cbf8f65c6.jpg,Health
c:\file akmal\Capstone - Ai Eng - Spendly_ Workspace\data\_ocr_real_crops\real_0540_line12.png,"16,45",0.9903902279343757,c:\file akmal\Capstone - Ai Eng - Spendly_ Workspace\data\Health\train\images\halodoc5_png.rf.80871c0ac68f1126583e1f708870fffe.jpg,Health
c:\file akmal\Capstone - Ai Eng - Spendly_ Workspace\data\_ocr_real_crops\real_0511_line12.png,DISCOUNT Rp 200 00o,0.7416820514017395,c:\file akmal\Capstone - Ai Eng - Spendly_ Workspace\data\Health\test\images\1dental11_png.rf.46847a727f668de66dd62216c6968d7a.jpg,Health
c:\file akmal\Capstone - Ai Eng - Spendly_ Workspace\data\_ocr_real_crops\real_0542_line01.png,dr Fera Yunta,0.9112295721108474,c:\file akmal\Capstone - Ai Eng - Spendly_ Workspace\data\Health\train\images\halodoc7_png.rf.39c92d8f777a493edf08651cbf8f65c6.jpg,Health
c:\file akmal\Capstone - Ai Eng - Spendly_ Workspace\data\_ocr_real_crops\real_0550_line00.png,halodoc KUITANSI,0.7175137545159398,c:\file akmal\Capstone - Ai Eng - Spendly_ Workspace\data\Health\valid\images\halodoc16_png.rf.14dea49f045428704868c59cfd458c5b.jpg,Health
c:\file akmal\Capstone - Ai Eng - Spendly_ Workspace\data\_ocr_real_crops\real_0515_line13.png,DISCOUNT Rp 200 ooo,0.734025265336627,c:\file akmal\Capstone - Ai Eng - Spendly_ Workspace\data\Health\train\images\1dental10_png.rf.95b0d3a4d9b5ed34f23a6b9e96d340d2.jpg,Health
c:\file akmal\Capstone - Ai Eng - Spendly_ Workspace\data\_ocr_real_crops\real_0530_line21.png,GoLD,0.7164479494094849,c:\file akmal\Capstone - Ai Eng - Spendly_ Workspace\data\Health\train\images\apotek1_png.rf.6374cd8897a37d7a77be8ab159854591.jpg,Health
c:\file akmal\Capstone - Ai Eng - Spendly_ Workspace\data\_ocr_real_crops\real_0543_line11.png,Nadia Abdat,0.8741808974840827,c:\file akmal\Capstone - Ai Eng - Spendly_ Workspace\data\Health\train\images\halodoc8_png.rf.b4278aaeb7475def2a81b77216943aab.jpg,Health
c:\file akmal\Capstone - Ai Eng - Spendly_ Workspace\data\_ocr_real_crops\real_0512_line01.png,Bekasi,0.9832526946297829,c:\file akmal\Capstone - Ai Eng - Spendly_ Workspace\data\Health\test\images\1dental9_png.rf.0d7ec1aef7fb5e4cd37d8be087450ac8.jpg,Health
c:\file akmal\Capstone - Ai Eng - Spendly_ Workspace\data\_ocr_real_crops\real_0548_line10.png,SUBTOTAL Rp 260.000,0.8682267256443099,c:\file akmal\Capstone - Ai Eng - Spendly_ Workspace\data\Health\valid\images\1dental6_png.rf.3f8cbead11a495a0d9e172c61611dbea.jpg,Health
c:\file akmal\Capstone - Ai Eng - Spendly_ Workspace\data\_ocr_real_crops\real_0537_line13.png,Detail Pengiriman,0.8177463210449966,c:\file akmal\Capstone - Ai Eng - Spendly_ Workspace\data\Health\train\images\halodoc2_png.rf.a791d380764279e9305091aa36e7550f.jpg,Health
c:\file akmal\Capstone - Ai Eng - Spendly_ Workspace\data\_ocr_real_crops\real_0512_line13.png,DISCOUNT Rp 200 000,0.7392465160607931,c:\file akmal\Capstone - Ai Eng - Spendly_ Workspace\data\Health\test\images\1dental9_png.rf.0d7ec1aef7fb5e4cd37d8be087450ac8.jpg,Health
c:\file akmal\Capstone - Ai Eng - Spendly_ Workspace\data\_ocr_real_crops\real_0543_line16.png,Detail Pengiriman,0.7046785864775885,c:\file akmal\Capstone - Ai Eng - Spendly_ Workspace\data\Health\train\images\halodoc8_png.rf.b4278aaeb7475def2a81b77216943aab.jpg,Health
c:\file akmal\Capstone - Ai Eng - Spendly_ Workspace\data\_ocr_real_crops\real_0538_line13.png,11.30,0.7434963332108868,c:\file akmal\Capstone - Ai Eng - Spendly_ Workspace\data\Health\train\images\halodoc3_png.rf.8236866bcd74e422461355af3a9c33b7.jpg,Health
c:\file akmal\Capstone - Ai Eng - Spendly_ Workspace\data\_ocr_real_crops\real_0544_line07.png,PAYMENT SUMMARY,0.9971545028571859,c:\file akmal\Capstone - Ai Eng - Spendly_ Workspace\data\Health\train\images\saturdays_png.rf.4a378d611bb20f1bc84578061e0fdbfa.jpg,Health
c:\file akmal\Capstone - Ai Eng - Spendly_ Workspace\data\_ocr_real_crops\real_0530_line17.png,"Bayar 116 , 100",0.7982902951391898,c:\file akmal\Capstone - Ai Eng - Spendly_ Workspace\data\Health\train\images\apotek1_png.rf.6374cd8897a37d7a77be8ab159854591.jpg,Health
c:\file akmal\Capstone - Ai Eng - Spendly_ Workspace\data\_ocr_real_crops\real_0538_line00.png,halodoc KUITANSI,0.9997059719834,c:\file akmal\Capstone - Ai Eng - Spendly_ Workspace\data\Health\train\images\halodoc3_png.rf.8236866bcd74e422461355af3a9c33b7.jpg,Health
c:\file akmal\Capstone - Ai Eng - Spendly_ Workspace\data\_ocr_real_crops\real_0536_line00.png,halodoc KUITANSI,0.9997596700322031,c:\file akmal\Capstone - Ai Eng - Spendly_ Workspace\data\Health\train\images\halodoc1_png.rf.045248ebcf8a5b741690cefebd39adf2.jpg,Health
c:\file akmal\Capstone - Ai Eng - Spendly_ Workspace\data\_ocr_real_crops\real_0550_line13.png,15.09,0.9929018841664699,c:\file akmal\Capstone - Ai Eng - Spendly_ Workspace\data\Health\valid\images\halodoc16_png.rf.14dea49f045428704868c59cfd458c5b.jpg,Health
c:\file akmal\Capstone - Ai Eng - Spendly_ Workspace\data\_ocr_real_crops\real_0537_line00.png,8 halodoc KUITANSI,0.8382403004298485,c:\file akmal\Capstone - Ai Eng - Spendly_ Workspace\data\Health\train\images\halodoc2_png.rf.a791d380764279e9305091aa36e7550f.jpg,Health
c:\file akmal\Capstone - Ai Eng - Spendly_ Workspace\data\_ocr_real_crops\real_0528_line10.png,DISCGUNT Ro 200 000,0.7156242698849478,c:\file akmal\Capstone - Ai Eng - Spendly_ Workspace\data\Health\train\images\1dental7_png.rf.fdb528a6255c24cca7061bd3aedaa304.jpg,Health
c:\file akmal\Capstone - Ai Eng - Spendly_ Workspace\data\_ocr_real_crops\real_0533_line04.png,Detall Penglrlman,0.8085510855631891,c:\file akmal\Capstone - Ai Eng - Spendly_ Workspace\data\Health\train\images\halodoc13_png.rf.9c0f4acb2e2fb9dc4d3774ad4824775e.jpg,Health
c:\file akmal\Capstone - Ai Eng - Spendly_ Workspace\data\_ocr_real_crops\real_0541_line13.png,Detail Pengiriman,0.9332508131249935,c:\file akmal\Capstone - Ai Eng - Spendly_ Workspace\data\Health\train\images\halodoc6_png.rf.9eba0cb3187217970b2c970a9755a990.jpg,Health
c:\file akmal\Capstone - Ai Eng - Spendly_ Workspace\data\_ocr_real_crops\real_0548_line06.png,TOTAL Rp 99.000,0.8982221366074075,c:\file akmal\Capstone - Ai Eng - Spendly_ Workspace\data\Health\valid\images\1dental6_png.rf.3f8cbead11a495a0d9e172c61611dbea.jpg,Health
c:\file akmal\Capstone - Ai Eng - Spendly_ Workspace\data\_ocr_real_crops\real_0554_line00.png,10 HR,0.7102610536407963,c:\file akmal\Capstone - Ai Eng - Spendly_ Workspace\data\HouseHold\test\images\mr-diy20_png.rf.250eadc79bfc0c76826fb936510fe927.jpg,HouseHold
c:\file akmal\Capstone - Ai Eng - Spendly_ Workspace\data\_ocr_real_crops\real_0564_line21.png,PPN 38.242,0.7698179323973654,c:\file akmal\Capstone - Ai Eng - Spendly_ Workspace\data\HouseHold\train\images\azko1_jpeg.rf.4ecae4ca31a76b4937ecb13598f88bcb.jpg,HouseHold
c:\file akmal\Capstone - Ai Eng - Spendly_ Workspace\data\_ocr_real_crops\real_0560_line12.png,249 900 249 900,0.996032005707189,c:\file akmal\Capstone - Ai Eng - Spendly_ Workspace\data\HouseHold\train\images\azko16_png.rf.983b5846a713d072f4afe03283a7e660.jpg,HouseHold
c:\file akmal\Capstone - Ai Eng - Spendly_ Workspace\data\_ocr_real_crops\real_0566_line07.png,BARAT DKI JAKARTA,0.952951351085033,c:\file akmal\Capstone - Ai Eng - Spendly_ Workspace\data\HouseHold\train\images\azko3_png.rf.8537084a80d1d4dc00a87d8d62201aa2.jpg,HouseHold
c:\file akmal\Capstone - Ai Eng - Spendly_ Workspace\data\_ocr_real_crops\real_0575_line13.png,8997006512019 13,0.9905425424682951,c:\file akmal\Capstone - Ai Eng - Spendly_ Workspace\data\HouseHold\train\images\mr-diy16_png.rf.076dfdfe4f26b6ac85b9fe10be3116f4.jpg,HouseHold
c:\file akmal\Capstone - Ai Eng - Spendly_ Workspace\data\_ocr_real_crops\real_0567_line13.png,"Total 219,90",0.8358996979699307,c:\file akmal\Capstone - Ai Eng - Spendly_ Workspace\data\HouseHold\train\images\azko5_png.rf.a1a79bdf71ce8352d004d8bb678179e3.jpg,HouseHold
c:\file akmal\Capstone - Ai Eng - Spendly_ Workspace\data\_ocr_real_crops\real_0578_line10.png,8997185013567 48,0.8768449623596868,c:\file akmal\Capstone - Ai Eng - Spendly_ Workspace\data\HouseHold\train\images\mr-diy19_png.rf.0917e2b95d32e91814e6a0b92be05343.jpg,HouseHold
c:\file akmal\Capstone - Ai Eng - Spendly_ Workspace\data\_ocr_real_crops\real_0556_line07.png,BARAT DKI JAKARTA,0.9674961963684039,c:\file akmal\Capstone - Ai Eng - Spendly_ Workspace\data\HouseHold\train\images\azko12_png.rf.c7133a369eaefd6e8fbefa7a590bf6b6.jpg,HouseHold
c:\file akmal\Capstone - Ai Eng - Spendly_ Workspace\data\_ocr_real_crops\real_0569_line14.png,Total sales 249 900,0.8788181203353957,c:\file akmal\Capstone - Ai Eng - Spendly_ Workspace\data\HouseHold\train\images\azko7_png.rf.0f192e6b07f3526f0925a2e59ac963f5.jpg,HouseHold
c:\file akmal\Capstone - Ai Eng - Spendly_ Workspace\data\_ocr_real_crops\real_0585_line20.png,BKP / JKP 180 090,0.8811930884619441,c:\file akmal\Capstone - Ai Eng - Spendly_ Workspace\data\HouseHold\valid\images\azko11_png.rf.2e198f4b2764e27488b14148e95bb4da.jpg,HouseHold
c:\file akmal\Capstone - Ai Eng - Spendly_ Workspace\data\_ocr_real_crops\real_0573_line10.png,8997185023442 43,0.9701969221074727,c:\file akmal\Capstone - Ai Eng - Spendly_ Workspace\data\HouseHold\train\images\mr-diy13_png.rf.30e59f651aabac65743e118de9ae14c5.jpg,HouseHold
c:\file akmal\Capstone - Ai Eng - Spendly_ Workspace\data\_ocr_real_crops\real_0590_line14.png,8993405009850 48,0.8693990419120137,c:\file akmal\Capstone - Ai Eng - Spendly_ Workspace\data\HouseHold\valid\images\mr-diy3_png.rf.1d00684e8603f896cfe7a9ec940454db.jpg,HouseHold
c:\file akmal\Capstone - Ai Eng - Spendly_ Workspace\data\_ocr_real_crops\real_0582_line13.png,Item(s) Oty(s) 2,0.9026402829018013,c:\file akmal\Capstone - Ai Eng - Spendly_ Workspace\data\HouseHold\train\images\mr-diy7_png.rf.794f60d1aef6466f2cbd95ce1fb1bb70.jpg,HouseHold
c:\file akmal\Capstone - Ai Eng - Spendly_ Workspace\data\_ocr_real_crops\real_0560_line16.png,CardID,0.7578793745881289,c:\file akmal\Capstone - Ai Eng - Spendly_ Workspace\data\HouseHold\train\images\azko16_png.rf.983b5846a713d072f4afe03283a7e660.jpg,HouseHold
c:\file akmal\Capstone - Ai Eng - Spendly_ Workspace\data\_ocr_real_crops\real_0570_line13.png,Total 159 900,0.9899014984846319,c:\file akmal\Capstone - Ai Eng - Spendly_ Workspace\data\HouseHold\train\images\azko8_png.rf.2d812fd2e8d719f8def16fd977e17dac.jpg,HouseHold
c:\file akmal\Capstone - Ai Eng - Spendly_ Workspace\data\_ocr_real_crops\real_0575_line09.png,PLASTIC conTAINER 2L,0.8229082180583687,c:\file akmal\Capstone - Ai Eng - Spendly_ Workspace\data\HouseHold\train\images\mr-diy16_png.rf.076dfdfe4f26b6ac85b9fe10be3116f4.jpg,HouseHold
c:\file akmal\Capstone - Ai Eng - Spendly_ Workspace\data\_ocr_real_crops\real_0582_line11.png,SPOON Set ST-03,0.8069601661732521,c:\file akmal\Capstone - Ai Eng - Spendly_ Workspace\data\HouseHold\train\images\mr-diy7_png.rf.794f60d1aef6466f2cbd95ce1fb1bb70.jpg,HouseHold
c:\file akmal\Capstone - Ai Eng - Spendly_ Workspace\data\_ocr_real_crops\real_0568_line13.png,Total 89 900,0.9310686105645245,c:\file akmal\Capstone - Ai Eng - Spendly_ Workspace\data\HouseHold\train\images\azko6_png.rf.20043c12de69ad4e554be916ddc839a4.jpg,HouseHold
c:\file akmal\Capstone - Ai Eng - Spendly_ Workspace\data\_ocr_real_crops\real_0563_line19.png,Total payment 79 900,0.8832992553813064,c:\file akmal\Capstone - Ai Eng - Spendly_ Workspace\data\HouseHold\train\images\azko19_png.rf.b09a93c529721980436cdf800cc3ae7e.jpg,HouseHold
c:\file akmal\Capstone - Ai Eng - Spendly_ Workspace\data\_ocr_real_crops\real_0557_line22.png,Item Oty,0.9532379043976282,c:\file akmal\Capstone - Ai Eng - Spendly_ Workspace\data\HouseHold\train\images\azko13_png.rf.6048eb4c2bf85060fb1fa8ee9e82630b.jpg,HouseHold
c:\file akmal\Capstone - Ai Eng - Spendly_ Workspace\data\_ocr_real_crops\real_0581_line09.png,INVOICE,0.9640776023297639,c:\file akmal\Capstone - Ai Eng - Spendly_ Workspace\data\HouseHold\train\images\mr-diy6_png.rf.e2adf7e4fbb53d77d4bad75860ffd0cf.jpg,HouseHold
c:\file akmal\Capstone - Ai Eng - Spendly_ Workspace\data\_ocr_real_crops\real_0590_line11.png,8991602071242 19,0.9924416802325222,c:\file akmal\Capstone - Ai Eng - Spendly_ Workspace\data\HouseHold\valid\images\mr-diy3_png.rf.1d00684e8603f896cfe7a9ec940454db.jpg,HouseHold
c:\file akmal\Capstone - Ai Eng - Spendly_ Workspace\data\_ocr_real_crops\real_0556_line12.png,129 900 129 900,0.7395108278926881,c:\file akmal\Capstone - Ai Eng - Spendly_ Workspace\data\HouseHold\train\images\azko12_png.rf.c7133a369eaefd6e8fbefa7a590bf6b6.jpg,HouseHold
c:\file akmal\Capstone - Ai Eng - Spendly_ Workspace\data\_ocr_real_crops\real_0555_line20.png,BKP / JKP 258 296,0.8060207367014754,c:\file akmal\Capstone - Ai Eng - Spendly_ Workspace\data\HouseHold\train\images\azko10_png.rf.f4e50853b71867fce2c549953a0e484a.jpg,HouseHold
c:\file akmal\Capstone - Ai Eng - Spendly_ Workspace\data\_ocr_real_crops\real_0573_line16.png,8994214700847 19,0.9980080988365191,c:\file akmal\Capstone - Ai Eng - Spendly_ Workspace\data\HouseHold\train\images\mr-diy13_png.rf.30e59f651aabac65743e118de9ae14c5.jpg,HouseHold
c:\file akmal\Capstone - Ai Eng - Spendly_ Workspace\data\_ocr_real_crops\real_0552_line01.png,AzKO MALL PEKANBARU,0.8378140371800941,c:\file akmal\Capstone - Ai Eng - Spendly_ Workspace\data\HouseHold\test\images\azko4_png.rf.99a32bd6565ee4d338c4109e20e3574b.jpg,HouseHold
c:\file akmal\Capstone - Ai Eng - Spendly_ Workspace\data\_ocr_real_crops\real_0553_line14.png,"Total sales 79,900",0.9255288380533461,c:\file akmal\Capstone - Ai Eng - Spendly_ Workspace\data\HouseHold\test\images\azko9_png.rf.336ef53408a2a480f8afe928bf2249d1.jpg,HouseHold
c:\file akmal\Capstone - Ai Eng - Spendly_ Workspace\data\_ocr_real_crops\real_0575_line20.png,DEBIT RP 31 000,0.8441462733754529,c:\file akmal\Capstone - Ai Eng - Spendly_ Workspace\data\HouseHold\train\images\mr-diy16_png.rf.076dfdfe4f26b6ac85b9fe10be3116f4.jpg,HouseHold
c:\file akmal\Capstone - Ai Eng - Spendly_ Workspace\data\_ocr_real_crops\real_0564_line03.png,Ema ahi caregahi id,0.827751050577652,c:\file akmal\Capstone - Ai Eng - Spendly_ Workspace\data\HouseHold\train\images\azko1_jpeg.rf.4ecae4ca31a76b4937ecb13598f88bcb.jpg,HouseHold
c:\file akmal\Capstone - Ai Eng - Spendly_ Workspace\data\_ocr_real_crops\real_0553_line17.png,Holder,0.9996345932434714,c:\file akmal\Capstone - Ai Eng - Spendly_ Workspace\data\HouseHold\test\images\azko9_png.rf.336ef53408a2a480f8afe928bf2249d1.jpg,HouseHold
c:\file akmal\Capstone - Ai Eng - Spendly_ Workspace\data\_ocr_real_crops\real_0564_line17.png,Ho) der,0.7409328829643177,c:\file akmal\Capstone - Ai Eng - Spendly_ Workspace\data\HouseHold\train\images\azko1_jpeg.rf.4ecae4ca31a76b4937ecb13598f88bcb.jpg,HouseHold
c:\file akmal\Capstone - Ai Eng - Spendly_ Workspace\data\_ocr_real_crops\real_0559_line03.png,Emal ahi carepahi id,0.9228143949963399,c:\file akmal\Capstone - Ai Eng - Spendly_ Workspace\data\HouseHold\train\images\azko15_png.rf.c7bf583a44ffef0f4f38e6d21172f6b7.jpg,HouseHold
c:\file akmal\Capstone - Ai Eng - Spendly_ Workspace\data\_ocr_real_crops\real_0568_line07.png,BARAT DKI JAKARTA,0.9606351232895723,c:\file akmal\Capstone - Ai Eng - Spendly_ Workspace\data\HouseHold\train\images\azko6_png.rf.20043c12de69ad4e554be916ddc839a4.jpg,HouseHold
c:\file akmal\Capstone - Ai Eng - Spendly_ Workspace\data\_ocr_real_crops\real_0582_line05.png,KAV 48A,0.9842137808076619,c:\file akmal\Capstone - Ai Eng - Spendly_ Workspace\data\HouseHold\train\images\mr-diy7_png.rf.794f60d1aef6466f2cbd95ce1fb1bb70.jpg,HouseHold
c:\file akmal\Capstone - Ai Eng - Spendly_ Workspace\data\_ocr_real_crops\real_0586_line10.png,8991612015338 13,0.9795805039180447,c:\file akmal\Capstone - Ai Eng - Spendly_ Workspace\data\HouseHold\valid\images\mr-diy12_png.rf.22e870b95146f0a00453e667b627d98a.jpg,HouseHold
c:\file akmal\Capstone - Ai Eng - Spendly_ Workspace\data\_ocr_real_crops\real_0551_line20.png,BKP / JKP 258 296,0.8554306660511761,c:\file akmal\Capstone - Ai Eng - Spendly_ Workspace\data\HouseHold\test\images\azko20_png.rf.84f58140bd6604d26f6d9f62a114b01e.jpg,HouseHold
c:\file akmal\Capstone - Ai Eng - Spendly_ Workspace\data\_ocr_real_crops\real_0565_line13.png,Total 199 90o,0.7834526567483651,c:\file akmal\Capstone - Ai Eng - Spendly_ Workspace\data\HouseHold\train\images\azko2_png.rf.45dedefb7cc23ba6f87b86ba6b8598f6.jpg,HouseHold
c:\file akmal\Capstone - Ai Eng - Spendly_ Workspace\data\_ocr_real_crops\real_0558_line21.png,PPN 23 586,0.9697855342837589,c:\file akmal\Capstone - Ai Eng - Spendly_ Workspace\data\HouseHold\train\images\azko14_png.rf.174af70577135495097124329bd1d480.jpg,HouseHold
c:\file akmal\Capstone - Ai Eng - Spendly_ Workspace\data\_ocr_real_crops\real_0565_line12.png,"199,90o 199 900",0.8664082022631187,c:\file akmal\Capstone - Ai Eng - Spendly_ Workspace\data\HouseHold\train\images\azko2_png.rf.45dedefb7cc23ba6f87b86ba6b8598f6.jpg,HouseHold
c:\file akmal\Capstone - Ai Eng - Spendly_ Workspace\data\_ocr_real_crops\real_0565_line07.png,BARAT DK I JAKARTA,0.858397997525764,c:\file akmal\Capstone - Ai Eng - Spendly_ Workspace\data\HouseHold\train\images\azko2_png.rf.45dedefb7cc23ba6f87b86ba6b8598f6.jpg,HouseHold
c:\file akmal\Capstone - Ai Eng - Spendly_ Workspace\data\_ocr_real_crops\real_0553_line18.png,Aporoval Ro 003012,0.7779122245475766,c:\file akmal\Capstone - Ai Eng - Spendly_ Workspace\data\HouseHold\test\images\azko9_png.rf.336ef53408a2a480f8afe928bf2249d1.jpg,HouseHold
c:\file akmal\Capstone - Ai Eng - Spendly_ Workspace\data\_ocr_real_crops\real_0565_line21.png,PPN 19 810,0.9972932620406726,c:\file akmal\Capstone - Ai Eng - Spendly_ Workspace\data\HouseHold\train\images\azko2_png.rf.45dedefb7cc23ba6f87b86ba6b8598f6.jpg,HouseHold
c:\file akmal\Capstone - Ai Eng - Spendly_ Workspace\data\_ocr_real_crops\real_0585_line16.png,CardID,0.9437145249656835,c:\file akmal\Capstone - Ai Eng - Spendly_ Workspace\data\HouseHold\valid\images\azko11_png.rf.2e198f4b2764e27488b14148e95bb4da.jpg,HouseHold
c:\file akmal\Capstone - Ai Eng - Spendly_ Workspace\data\_ocr_real_crops\real_0552_line22.png,Item Oty,0.9372556694902321,c:\file akmal\Capstone - Ai Eng - Spendly_ Workspace\data\HouseHold\test\images\azko4_png.rf.99a32bd6565ee4d338c4109e20e3574b.jpg,HouseHold
c:\file akmal\Capstone - Ai Eng - Spendly_ Workspace\data\_ocr_real_crops\real_0559_line22.png,Item Oty,0.9592687261482038,c:\file akmal\Capstone - Ai Eng - Spendly_ Workspace\data\HouseHold\train\images\azko15_png.rf.c7bf583a44ffef0f4f38e6d21172f6b7.jpg,HouseHold
c:\file akmal\Capstone - Ai Eng - Spendly_ Workspace\data\_ocr_real_crops\real_0580_line08.png,Pasar Minggu),0.870831574395495,c:\file akmal\Capstone - Ai Eng - Spendly_ Workspace\data\HouseHold\train\images\mr-diy5_png.rf.950777e4339572d235777b351c6516e3.jpg,HouseHold
c:\file akmal\Capstone - Ai Eng - Spendly_ Workspace\data\_ocr_real_crops\real_0562_line12.png,319 900 319 900,0.9794334824425048,c:\file akmal\Capstone - Ai Eng - Spendly_ Workspace\data\HouseHold\train\images\azko18_png.rf.4d9a1eaa1d7cea6547b3cd81bcbdb3ef.jpg,HouseHold
c:\file akmal\Capstone - Ai Eng - Spendly_ Workspace\data\_ocr_real_crops\real_0578_line05.png,Kay 484,0.7069302313546799,c:\file akmal\Capstone - Ai Eng - Spendly_ Workspace\data\HouseHold\train\images\mr-diy19_png.rf.0917e2b95d32e91814e6a0b92be05343.jpg,HouseHold
c:\file akmal\Capstone - Ai Eng - Spendly_ Workspace\data\_ocr_real_crops\real_0562_line18.png,Approval No 002678,0.9187097735890739,c:\file akmal\Capstone - Ai Eng - Spendly_ Workspace\data\HouseHold\train\images\azko18_png.rf.4d9a1eaa1d7cea6547b3cd81bcbdb3ef.jpg,HouseHold
c:\file akmal\Capstone - Ai Eng - Spendly_ Workspace\data\_ocr_real_crops\real_0573_line00.png,03 HR D .I -y,0.7430069597027806,c:\file akmal\Capstone - Ai Eng - Spendly_ Workspace\data\HouseHold\train\images\mr-diy13_png.rf.30e59f651aabac65743e118de9ae14c5.jpg,HouseHold
c:\file akmal\Capstone - Ai Eng - Spendly_ Workspace\data\_ocr_real_crops\real_0552_line17.png,Holder,0.9995431395200747,c:\file akmal\Capstone - Ai Eng - Spendly_ Workspace\data\HouseHold\test\images\azko4_png.rf.99a32bd6565ee4d338c4109e20e3574b.jpg,HouseHold
c:\file akmal\Capstone - Ai Eng - Spendly_ Workspace\data\_ocr_real_crops\real_0568_line20.png,BKP/ JKP 80 090,0.9386247571760817,c:\file akmal\Capstone - Ai Eng - Spendly_ Workspace\data\HouseHold\train\images\azko6_png.rf.20043c12de69ad4e554be916ddc839a4.jpg,HouseHold
c:\file akmal\Capstone - Ai Eng - Spendly_ Workspace\data\_ocr_real_crops\real_0583_line11.png,PLUG ADAPTOR PA-01,0.9694910825678532,c:\file akmal\Capstone - Ai Eng - Spendly_ Workspace\data\HouseHold\train\images\mr-diy8_png.rf.d20c750de1c23fc6ff7d0ac0dbb92e37.jpg,HouseHold
c:\file akmal\Capstone - Ai Eng - Spendly_ Workspace\data\_ocr_real_crops\real_0586_line07.png,Pasar Hinggu),0.8228040684848146,c:\file akmal\Capstone - Ai Eng - Spendly_ Workspace\data\HouseHold\valid\images\mr-diy12_png.rf.22e870b95146f0a00453e667b627d98a.jpg,HouseHold
c:\file akmal\Capstone - Ai Eng - Spendly_ Workspace\data\_ocr_real_crops\real_0564_line20.png,BKP / JKP 347 658,0.9267581253112532,c:\file akmal\Capstone - Ai Eng - Spendly_ Workspace\data\HouseHold\train\images\azko1_jpeg.rf.4ecae4ca31a76b4937ecb13598f88bcb.jpg,HouseHold
c:\file akmal\Capstone - Ai Eng - Spendly_ Workspace\data\_ocr_real_crops\real_0554_line09.png,BROOH DUSTPAN SET,0.9185055809712814,c:\file akmal\Capstone - Ai Eng - Spendly_ Workspace\data\HouseHold\test\images\mr-diy20_png.rf.250eadc79bfc0c76826fb936510fe927.jpg,HouseHold
c:\file akmal\Capstone - Ai Eng - Spendly_ Workspace\data\_ocr_real_crops\real_0573_line13.png,8997010729904 25,0.9468386214834774,c:\file akmal\Capstone - Ai Eng - Spendly_ Workspace\data\HouseHold\train\images\mr-diy13_png.rf.30e59f651aabac65743e118de9ae14c5.jpg,HouseHold
c:\file akmal\Capstone - Ai Eng - Spendly_ Workspace\data\_ocr_real_crops\real_0567_line21.png,PPN 23 586,0.8720610564341401,c:\file akmal\Capstone - Ai Eng - Spendly_ Workspace\data\HouseHold\train\images\azko5_png.rf.a1a79bdf71ce8352d004d8bb678179e3.jpg,HouseHold
c:\file akmal\Capstone - Ai Eng - Spendly_ Workspace\data\_ocr_real_crops\real_0575_line14.png,"8 , 500 500",0.775603136233797,c:\file akmal\Capstone - Ai Eng - Spendly_ Workspace\data\HouseHold\train\images\mr-diy16_png.rf.076dfdfe4f26b6ac85b9fe10be3116f4.jpg,HouseHold
c:\file akmal\Capstone - Ai Eng - Spendly_ Workspace\data\_ocr_real_crops\real_0555_line12.png,289 900 289 900,0.8577648346952329,c:\file akmal\Capstone - Ai Eng - Spendly_ Workspace\data\HouseHold\train\images\azko10_png.rf.f4e50853b71867fce2c549953a0e484a.jpg,HouseHold
c:\file akmal\Capstone - Ai Eng - Spendly_ Workspace\data\_ocr_real_crops\real_0552_line18.png,Aoproval No 000789,0.8071955955927792,c:\file akmal\Capstone - Ai Eng - Spendly_ Workspace\data\HouseHold\test\images\azko4_png.rf.99a32bd6565ee4d338c4109e20e3574b.jpg,HouseHold
c:\file akmal\Capstone - Ai Eng - Spendly_ Workspace\data\_ocr_real_crops\real_0559_line19.png,Total Payment 89 9DO,0.7327966350058167,c:\file akmal\Capstone - Ai Eng - Spendly_ Workspace\data\HouseHold\train\images\azko15_png.rf.c7bf583a44ffef0f4f38e6d21172f6b7.jpg,HouseHold
c:\file akmal\Capstone - Ai Eng - Spendly_ Workspace\data\_ocr_real_crops\real_0568_line16.png,Cardid,0.7375167017307969,c:\file akmal\Capstone - Ai Eng - Spendly_ Workspace\data\HouseHold\train\images\azko6_png.rf.20043c12de69ad4e554be916ddc839a4.jpg,HouseHold
c:\file akmal\Capstone - Ai Eng - Spendly_ Workspace\data\_ocr_real_crops\real_0552_line07.png,BARAT DKI JAKARTA,0.779911010497344,c:\file akmal\Capstone - Ai Eng - Spendly_ Workspace\data\HouseHold\test\images\azko4_png.rf.99a32bd6565ee4d338c4109e20e3574b.jpg,HouseHold
c:\file akmal\Capstone - Ai Eng - Spendly_ Workspace\data\_ocr_real_crops\real_0583_line13.png,Item(s) Oty(s) 2,0.9605976871223961,c:\file akmal\Capstone - Ai Eng - Spendly_ Workspace\data\HouseHold\train\images\mr-diy8_png.rf.d20c750de1c23fc6ff7d0ac0dbb92e37.jpg,HouseHold
c:\file akmal\Capstone - Ai Eng - Spendly_ Workspace\data\_ocr_real_crops\real_0558_line20.png,"BKP/ JKP 196 , 314",0.7456722370071149,c:\file akmal\Capstone - Ai Eng - Spendly_ Workspace\data\HouseHold\train\images\azko14_png.rf.174af70577135495097124329bd1d480.jpg,HouseHold
c:\file akmal\Capstone - Ai Eng - Spendly_ Workspace\data\_ocr_real_crops\real_0586_line13.png,8997185010299 43,0.8274330035987864,c:\file akmal\Capstone - Ai Eng - Spendly_ Workspace\data\HouseHold\valid\images\mr-diy12_png.rf.22e870b95146f0a00453e667b627d98a.jpg,HouseHold
c:\file akmal\Capstone - Ai Eng - Spendly_ Workspace\data\_ocr_real_crops\real_0582_line08.png,INVOICE,0.9512202875337337,c:\file akmal\Capstone - Ai Eng - Spendly_ Workspace\data\HouseHold\train\images\mr-diy7_png.rf.794f60d1aef6466f2cbd95ce1fb1bb70.jpg,HouseHold
c:\file akmal\Capstone - Ai Eng - Spendly_ Workspace\data\_ocr_real_crops\real_0573_line09.png,STORAGE Box 12L,0.7960676998289338,c:\file akmal\Capstone - Ai Eng - Spendly_ Workspace\data\HouseHold\train\images\mr-diy13_png.rf.30e59f651aabac65743e118de9ae14c5.jpg,HouseHold
c:\file akmal\Capstone - Ai Eng - Spendly_ Workspace\data\_ocr_real_crops\real_0559_line17.png,Holder,0.9698838086573258,c:\file akmal\Capstone - Ai Eng - Spendly_ Workspace\data\HouseHold\train\images\azko15_png.rf.c7bf583a44ffef0f4f38e6d21172f6b7.jpg,HouseHold
c:\file akmal\Capstone - Ai Eng - Spendly_ Workspace\data\_ocr_real_crops\real_0552_line21.png,PPN 14 990,0.9783141841728339,c:\file akmal\Capstone - Ai Eng - Spendly_ Workspace\data\HouseHold\test\images\azko4_png.rf.99a32bd6565ee4d338c4109e20e3574b.jpg,HouseHold
c:\file akmal\Capstone - Ai Eng - Spendly_ Workspace\data\_ocr_real_crops\real_0563_line16.png,CardID,0.9503574361259353,c:\file akmal\Capstone - Ai Eng - Spendly_ Workspace\data\HouseHold\train\images\azko19_png.rf.b09a93c529721980436cdf800cc3ae7e.jpg,HouseHold
c:\file akmal\Capstone - Ai Eng - Spendly_ Workspace\data\_ocr_real_crops\real_0575_line10.png,8997185009357 43,0.7900295753332156,c:\file akmal\Capstone - Ai Eng - Spendly_ Workspace\data\HouseHold\train\images\mr-diy16_png.rf.076dfdfe4f26b6ac85b9fe10be3116f4.jpg,HouseHold
c:\file akmal\Capstone - Ai Eng - Spendly_ Workspace\data\_ocr_real_crops\real_0564_line14.png,"Total sales 385, 900",0.8311327957056166,c:\file akmal\Capstone - Ai Eng - Spendly_ Workspace\data\HouseHold\train\images\azko1_jpeg.rf.4ecae4ca31a76b4937ecb13598f88bcb.jpg,HouseHold
c:\file akmal\Capstone - Ai Eng - Spendly_ Workspace\data\_ocr_real_crops\real_0570_line22.png,Item Qty,0.8467065638928167,c:\file akmal\Capstone - Ai Eng - Spendly_ Workspace\data\HouseHold\train\images\azko8_png.rf.2d812fd2e8d719f8def16fd977e17dac.jpg,HouseHold
c:\file akmal\Capstone - Ai Eng - Spendly_ Workspace\data\_ocr_real_crops\real_0560_line21.png,PPN 26 74/,0.9055972713705023,c:\file akmal\Capstone - Ai Eng - Spendly_ Workspace\data\HouseHold\train\images\azko16_png.rf.983b5846a713d072f4afe03283a7e660.jpg,HouseHold
c:\file akmal\Capstone - Ai Eng - Spendly_ Workspace\data\_ocr_real_crops\real_0557_line13.png,"Total 149 , 900",0.7842860778208273,c:\file akmal\Capstone - Ai Eng - Spendly_ Workspace\data\HouseHold\train\images\azko13_png.rf.6048eb4c2bf85060fb1fa8ee9e82630b.jpg,HouseHold
c:\file akmal\Capstone - Ai Eng - Spendly_ Workspace\data\_ocr_real_crops\real_0563_line07.png,Barat DKI JakaRTA,0.7353649790184056,c:\file akmal\Capstone - Ai Eng - Spendly_ Workspace\data\HouseHold\train\images\azko19_png.rf.b09a93c529721980436cdf800cc3ae7e.jpg,HouseHold
c:\file akmal\Capstone - Ai Eng - Spendly_ Workspace\data\_ocr_real_crops\real_0575_line26.png,PEHBELIan,0.7379762054057462,c:\file akmal\Capstone - Ai Eng - Spendly_ Workspace\data\HouseHold\train\images\mr-diy16_png.rf.076dfdfe4f26b6ac85b9fe10be3116f4.jpg,HouseHold
c:\file akmal\Capstone - Ai Eng - Spendly_ Workspace\data\_ocr_real_crops\real_0555_line13.png,Total 289 900,0.7387821388284196,c:\file akmal\Capstone - Ai Eng - Spendly_ Workspace\data\HouseHold\train\images\azko10_png.rf.f4e50853b71867fce2c549953a0e484a.jpg,HouseHold
c:\file akmal\Capstone - Ai Eng - Spendly_ Workspace\data\_ocr_real_crops\real_0568_line22.png,Item Oty,0.9779836563324378,c:\file akmal\Capstone - Ai Eng - Spendly_ Workspace\data\HouseHold\train\images\azko6_png.rf.20043c12de69ad4e554be916ddc839a4.jpg,HouseHold
c:\file akmal\Capstone - Ai Eng - Spendly_ Workspace\data\_ocr_real_crops\real_0560_line18.png,Approval No 001890,0.7976370500518519,c:\file akmal\Capstone - Ai Eng - Spendly_ Workspace\data\HouseHold\train\images\azko16_png.rf.983b5846a713d072f4afe03283a7e660.jpg,HouseHold
c:\file akmal\Capstone - Ai Eng - Spendly_ Workspace\data\_ocr_real_crops\real_0586_line08.png,INVOICE,0.8922431314177928,c:\file akmal\Capstone - Ai Eng - Spendly_ Workspace\data\HouseHold\valid\images\mr-diy12_png.rf.22e870b95146f0a00453e667b627d98a.jpg,HouseHold
c:\file akmal\Capstone - Ai Eng - Spendly_ Workspace\data\_ocr_real_crops\real_0562_line17.png,Holder,0.999642477936256,c:\file akmal\Capstone - Ai Eng - Spendly_ Workspace\data\HouseHold\train\images\azko18_png.rf.4d9a1eaa1d7cea6547b3cd81bcbdb3ef.jpg,HouseHold
c:\file akmal\Capstone - Ai Eng - Spendly_ Workspace\data\_ocr_real_crops\real_0576_line10.png,8991612050062 28,0.7307052265818332,c:\file akmal\Capstone - Ai Eng - Spendly_ Workspace\data\HouseHold\train\images\mr-diy17_png.rf.b4a8c42852a7cbd8548f0a5c98a93e59.jpg,HouseHold
c:\file akmal\Capstone - Ai Eng - Spendly_ Workspace\data\_ocr_real_crops\real_0565_line22.png,Iten Oty,0.9058232642971479,c:\file akmal\Capstone - Ai Eng - Spendly_ Workspace\data\HouseHold\train\images\azko2_png.rf.45dedefb7cc23ba6f87b86ba6b8598f6.jpg,HouseHold
c:\file akmal\Capstone - Ai Eng - Spendly_ Workspace\data\_ocr_real_crops\real_0565_line20.png,BKP / JKP 180 090,0.9187726529317226,c:\file akmal\Capstone - Ai Eng - Spendly_ Workspace\data\HouseHold\train\images\azko2_png.rf.45dedefb7cc23ba6f87b86ba6b8598f6.jpg,HouseHold
c:\file akmal\Capstone - Ai Eng - Spendly_ Workspace\data\_ocr_real_crops\real_0560_line07.png,BARAT DKI JAKARTA,0.8436620405776317,c:\file akmal\Capstone - Ai Eng - Spendly_ Workspace\data\HouseHold\train\images\azko16_png.rf.983b5846a713d072f4afe03283a7e660.jpg,HouseHold
c:\file akmal\Capstone - Ai Eng - Spendly_ Workspace\data\_ocr_real_crops\real_0573_line05.png,Kay 484,0.7339800788539306,c:\file akmal\Capstone - Ai Eng - Spendly_ Workspace\data\HouseHold\train\images\mr-diy13_png.rf.30e59f651aabac65743e118de9ae14c5.jpg,HouseHold
c:\file akmal\Capstone - Ai Eng - Spendly_ Workspace\data\_ocr_real_crops\real_0564_line13.png,"Total 385,900",0.8842906446810174,c:\file akmal\Capstone - Ai Eng - Spendly_ Workspace\data\HouseHold\train\images\azko1_jpeg.rf.4ecae4ca31a76b4937ecb13598f88bcb.jpg,HouseHold
c:\file akmal\Capstone - Ai Eng - Spendly_ Workspace\data\_ocr_real_crops\real_0583_line05.png,KAV 484,0.8263378991479375,c:\file akmal\Capstone - Ai Eng - Spendly_ Workspace\data\HouseHold\train\images\mr-diy8_png.rf.d20c750de1c23fc6ff7d0ac0dbb92e37.jpg,HouseHold
c:\file akmal\Capstone - Ai Eng - Spendly_ Workspace\data\_ocr_real_crops\real_0587_line14.png,35.000 35 000,0.7655229855920522,c:\file akmal\Capstone - Ai Eng - Spendly_ Workspace\data\HouseHold\valid\images\mr-diy15_png.rf.e19d1b99acf8a59af407163606a5298a.jpg,HouseHold
c:\file akmal\Capstone - Ai Eng - Spendly_ Workspace\data\_ocr_real_crops\real_0587_line24.png,PEHBELIAN,0.8870272780066726,c:\file akmal\Capstone - Ai Eng - Spendly_ Workspace\data\HouseHold\valid\images\mr-diy15_png.rf.e19d1b99acf8a59af407163606a5298a.jpg,HouseHold
c:\file akmal\Capstone - Ai Eng - Spendly_ Workspace\data\_ocr_real_crops\real_0578_line12.png,AIR FRESHENER GEL,0.7941020047341275,c:\file akmal\Capstone - Ai Eng - Spendly_ Workspace\data\HouseHold\train\images\mr-diy19_png.rf.0917e2b95d32e91814e6a0b92be05343.jpg,HouseHold
c:\file akmal\Capstone - Ai Eng - Spendly_ Workspace\data\_ocr_real_crops\real_0575_line07.png,Pasar Hnggu,0.7531666380909914,c:\file akmal\Capstone - Ai Eng - Spendly_ Workspace\data\HouseHold\train\images\mr-diy16_png.rf.076dfdfe4f26b6ac85b9fe10be3116f4.jpg,HouseHold
c:\file akmal\Capstone - Ai Eng - Spendly_ Workspace\data\_ocr_real_crops\real_0569_line03.png,Erai ahi carebahi 10,0.7104018045082408,c:\file akmal\Capstone - Ai Eng - Spendly_ Workspace\data\HouseHold\train\images\azko7_png.rf.0f192e6b07f3526f0925a2e59ac963f5.jpg,HouseHold
c:\file akmal\Capstone - Ai Eng - Spendly_ Workspace\data\_ocr_real_crops\real_0559_line07.png,BARAT DKI JAKARTA,0.9034485360685759,c:\file akmal\Capstone - Ai Eng - Spendly_ Workspace\data\HouseHold\train\images\azko15_png.rf.c7bf583a44ffef0f4f38e6d21172f6b7.jpg,HouseHold
c:\file akmal\Capstone - Ai Eng - Spendly_ Workspace\data\_ocr_real_crops\real_0551_line13.png,Total 289 900,0.9048952406759555,c:\file akmal\Capstone - Ai Eng - Spendly_ Workspace\data\HouseHold\test\images\azko20_png.rf.84f58140bd6604d26f6d9f62a114b01e.jpg,HouseHold
c:\file akmal\Capstone - Ai Eng - Spendly_ Workspace\data\_ocr_real_crops\real_0559_line21.png,PPN 810,0.9850607822715914,c:\file akmal\Capstone - Ai Eng - Spendly_ Workspace\data\HouseHold\train\images\azko15_png.rf.c7bf583a44ffef0f4f38e6d21172f6b7.jpg,HouseHold
c:\file akmal\Capstone - Ai Eng - Spendly_ Workspace\data\_ocr_real_crops\real_0568_line14.png,Total sales 89 900,0.8875884528278405,c:\file akmal\Capstone - Ai Eng - Spendly_ Workspace\data\HouseHold\train\images\azko6_png.rf.20043c12de69ad4e554be916ddc839a4.jpg,HouseHold
c:\file akmal\Capstone - Ai Eng - Spendly_ Workspace\data\_ocr_real_crops\real_0567_line17.png,Holder,0.9995681568510554,c:\file akmal\Capstone - Ai Eng - Spendly_ Workspace\data\HouseHold\train\images\azko5_png.rf.a1a79bdf71ce8352d004d8bb678179e3.jpg,HouseHold
c:\file akmal\Capstone - Ai Eng - Spendly_ Workspace\data\_ocr_real_crops\real_0567_line22.png,Item Qty,0.9358089871475475,c:\file akmal\Capstone - Ai Eng - Spendly_ Workspace\data\HouseHold\train\images\azko5_png.rf.a1a79bdf71ce8352d004d8bb678179e3.jpg,HouseHold
c:\file akmal\Capstone - Ai Eng - Spendly_ Workspace\data\_ocr_real_crops\real_0562_line22.png,Item Oty,0.8498317518376205,c:\file akmal\Capstone - Ai Eng - Spendly_ Workspace\data\HouseHold\train\images\azko18_png.rf.4d9a1eaa1d7cea6547b3cd81bcbdb3ef.jpg,HouseHold
c:\file akmal\Capstone - Ai Eng - Spendly_ Workspace\data\_ocr_real_crops\real_0564_line01.png,AZKO MaLl PEKANBARU,0.7459312992843152,c:\file akmal\Capstone - Ai Eng - Spendly_ Workspace\data\HouseHold\train\images\azko1_jpeg.rf.4ecae4ca31a76b4937ecb13598f88bcb.jpg,HouseHold
c:\file akmal\Capstone - Ai Eng - Spendly_ Workspace\data\_ocr_real_crops\real_0567_line18.png,Approval No 001234,0.9247591465462337,c:\file akmal\Capstone - Ai Eng - Spendly_ Workspace\data\HouseHold\train\images\azko5_png.rf.a1a79bdf71ce8352d004d8bb678179e3.jpg,HouseHold
c:\file akmal\Capstone - Ai Eng - Spendly_ Workspace\data\_ocr_real_crops\real_0571_line09.png,FLOOR CLoTH PEL 1PC,0.7581303400631629,c:\file akmal\Capstone - Ai Eng - Spendly_ Workspace\data\HouseHold\train\images\mr-diy10_png.rf.b9c626b2868f1c7ced535d47e15b10c5.jpg,HouseHold
c:\file akmal\Capstone - Ai Eng - Spendly_ Workspace\data\_ocr_real_crops\real_0588_line07.png,Pasar Minggu),0.9999177284733052,c:\file akmal\Capstone - Ai Eng - Spendly_ Workspace\data\HouseHold\valid\images\mr-diy1_jpeg.rf.d62cbc9b0e77f482afeecf2282f965ed.jpg,HouseHold
c:\file akmal\Capstone - Ai Eng - Spendly_ Workspace\data\_ocr_real_crops\real_0559_line18.png,Approval No 001567,0.9430379597448754,c:\file akmal\Capstone - Ai Eng - Spendly_ Workspace\data\HouseHold\train\images\azko15_png.rf.c7bf583a44ffef0f4f38e6d21172f6b7.jpg,HouseHold
c:\file akmal\Capstone - Ai Eng - Spendly_ Workspace\data\_ocr_real_crops\real_0564_line22.png,Item Oty,0.983701470472877,c:\file akmal\Capstone - Ai Eng - Spendly_ Workspace\data\HouseHold\train\images\azko1_jpeg.rf.4ecae4ca31a76b4937ecb13598f88bcb.jpg,HouseHold
c:\file akmal\Capstone - Ai Eng - Spendly_ Workspace\data\_ocr_real_crops\real_0553_line22.png,Icen Oty,0.8129274571306593,c:\file akmal\Capstone - Ai Eng - Spendly_ Workspace\data\HouseHold\test\images\azko9_png.rf.336ef53408a2a480f8afe928bf2249d1.jpg,HouseHold
c:\file akmal\Capstone - Ai Eng - Spendly_ Workspace\data\_ocr_real_crops\real_0579_line16.png,Itcm(s) Oty(s) 3,0.7708903507415635,c:\file akmal\Capstone - Ai Eng - Spendly_ Workspace\data\HouseHold\train\images\mr-diy4_png.rf.b5f0ccfdbc156fe7bb2239cf8a7cd0a7.jpg,HouseHold
c:\file akmal\Capstone - Ai Eng - Spendly_ Workspace\data\_ocr_real_crops\real_0575_line05.png,Jakarta Selatan 2930,0.7643463993116376,c:\file akmal\Capstone - Ai Eng - Spendly_ Workspace\data\HouseHold\train\images\mr-diy16_png.rf.076dfdfe4f26b6ac85b9fe10be3116f4.jpg,HouseHold
c:\file akmal\Capstone - Ai Eng - Spendly_ Workspace\data\_ocr_real_crops\real_0583_line15.png,DEBIT Rp 40 0oo,0.7718872732114197,c:\file akmal\Capstone - Ai Eng - Spendly_ Workspace\data\HouseHold\train\images\mr-diy8_png.rf.d20c750de1c23fc6ff7d0ac0dbb92e37.jpg,HouseHold
c:\file akmal\Capstone - Ai Eng - Spendly_ Workspace\data\_ocr_real_crops\real_0572_line11.png,8991602071242 19,0.9716977718828747,c:\file akmal\Capstone - Ai Eng - Spendly_ Workspace\data\HouseHold\train\images\mr-diy11_png.rf.fb6741cf4bdb40d0047dbbdddf943ac8.jpg,HouseHold
c:\file akmal\Capstone - Ai Eng - Spendly_ Workspace\data\_ocr_real_crops\real_0588_line10.png,2C168 6/60,0.8935499443702339,c:\file akmal\Capstone - Ai Eng - Spendly_ Workspace\data\HouseHold\valid\images\mr-diy1_jpeg.rf.d62cbc9b0e77f482afeecf2282f965ed.jpg,HouseHold
c:\file akmal\Capstone - Ai Eng - Spendly_ Workspace\data\_ocr_real_crops\real_0551_line18.png,Approval No 003456,0.7956947771672072,c:\file akmal\Capstone - Ai Eng - Spendly_ Workspace\data\HouseHold\test\images\azko20_png.rf.84f58140bd6604d26f6d9f62a114b01e.jpg,HouseHold
c:\file akmal\Capstone - Ai Eng - Spendly_ Workspace\data\_ocr_real_crops\real_0557_line14.png,Total sale5 149 900,0.8078162393633588,c:\file akmal\Capstone - Ai Eng - Spendly_ Workspace\data\HouseHold\train\images\azko13_png.rf.6048eb4c2bf85060fb1fa8ee9e82630b.jpg,HouseHold
c:\file akmal\Capstone - Ai Eng - Spendly_ Workspace\data\_ocr_real_crops\real_0587_line18.png,CHANGE Rp 0o,0.7894593117031613,c:\file akmal\Capstone - Ai Eng - Spendly_ Workspace\data\HouseHold\valid\images\mr-diy15_png.rf.e19d1b99acf8a59af407163606a5298a.jpg,HouseHold
c:\file akmal\Capstone - Ai Eng - Spendly_ Workspace\data\_ocr_real_crops\real_0571_line15.png,CASH RP 50 000,0.8153973461458386,c:\file akmal\Capstone - Ai Eng - Spendly_ Workspace\data\HouseHold\train\images\mr-diy10_png.rf.b9c626b2868f1c7ced535d47e15b10c5.jpg,HouseHold
c:\file akmal\Capstone - Ai Eng - Spendly_ Workspace\data\_ocr_real_crops\real_0570_line12.png,159 900 159 900,0.8445083001755688,c:\file akmal\Capstone - Ai Eng - Spendly_ Workspace\data\HouseHold\train\images\azko8_png.rf.2d812fd2e8d719f8def16fd977e17dac.jpg,HouseHold
c:\file akmal\Capstone - Ai Eng - Spendly_ Workspace\data\_ocr_real_crops\real_0558_line18.png,Approval No 001234,0.8647675478616685,c:\file akmal\Capstone - Ai Eng - Spendly_ Workspace\data\HouseHold\train\images\azko14_png.rf.174af70577135495097124329bd1d480.jpg,HouseHold
c:\file akmal\Capstone - Ai Eng - Spendly_ Workspace\data\_ocr_real_crops\real_0569_line13.png,Total 249 900,0.8310596217406138,c:\file akmal\Capstone - Ai Eng - Spendly_ Workspace\data\HouseHold\train\images\azko7_png.rf.0f192e6b07f3526f0925a2e59ac963f5.jpg,HouseHold
c:\file akmal\Capstone - Ai Eng - Spendly_ Workspace\data\_ocr_real_crops\real_0560_line20.png,BKP/ JKP 223 153,0.8106011199797291,c:\file akmal\Capstone - Ai Eng - Spendly_ Workspace\data\HouseHold\train\images\azko16_png.rf.983b5846a713d072f4afe03283a7e660.jpg,HouseHold
c:\file akmal\Capstone - Ai Eng - Spendly_ Workspace\data\_ocr_real_crops\real_0564_line18.png,Approva No oooooo,0.8586362624365904,c:\file akmal\Capstone - Ai Eng - Spendly_ Workspace\data\HouseHold\train\images\azko1_jpeg.rf.4ecae4ca31a76b4937ecb13598f88bcb.jpg,HouseHold
c:\file akmal\Capstone - Ai Eng - Spendly_ Workspace\data\_ocr_real_crops\real_0585_line17.png,Holder,0.9991961920624459,c:\file akmal\Capstone - Ai Eng - Spendly_ Workspace\data\HouseHold\valid\images\azko11_png.rf.2e198f4b2764e27488b14148e95bb4da.jpg,HouseHold
c:\file akmal\Capstone - Ai Eng - Spendly_ Workspace\data\_ocr_real_crops\real_0571_line08.png,INVOICE,0.9086871737793684,c:\file akmal\Capstone - Ai Eng - Spendly_ Workspace\data\HouseHold\train\images\mr-diy10_png.rf.b9c626b2868f1c7ced535d47e15b10c5.jpg,HouseHold
c:\file akmal\Capstone - Ai Eng - Spendly_ Workspace\data\_ocr_real_crops\real_0554_line05.png,Jakarta selatan 2930,0.9778152910967316,c:\file akmal\Capstone - Ai Eng - Spendly_ Workspace\data\HouseHold\test\images\mr-diy20_png.rf.250eadc79bfc0c76826fb936510fe927.jpg,HouseHold
c:\file akmal\Capstone - Ai Eng - Spendly_ Workspace\data\_ocr_real_crops\real_0552_line13.png,"Total 149 , 900",0.7930445039650705,c:\file akmal\Capstone - Ai Eng - Spendly_ Workspace\data\HouseHold\test\images\azko4_png.rf.99a32bd6565ee4d338c4109e20e3574b.jpg,HouseHold
c:\file akmal\Capstone - Ai Eng - Spendly_ Workspace\data\_ocr_real_crops\real_0554_line13.png,8997006510152 19,0.9994988573430789,c:\file akmal\Capstone - Ai Eng - Spendly_ Workspace\data\HouseHold\test\images\mr-diy20_png.rf.250eadc79bfc0c76826fb936510fe927.jpg,HouseHold
c:\file akmal\Capstone - Ai Eng - Spendly_ Workspace\data\_ocr_real_crops\real_0553_line21.png,PPN 561,0.9844919271792532,c:\file akmal\Capstone - Ai Eng - Spendly_ Workspace\data\HouseHold\test\images\azko9_png.rf.336ef53408a2a480f8afe928bf2249d1.jpg,HouseHold
c:\file akmal\Capstone - Ai Eng - Spendly_ Workspace\data\_ocr_real_crops\real_0566_line20.png,BKP/ JKP 116 125,0.8608310312880109,c:\file akmal\Capstone - Ai Eng - Spendly_ Workspace\data\HouseHold\train\images\azko3_png.rf.8537084a80d1d4dc00a87d8d62201aa2.jpg,HouseHold
c:\file akmal\Capstone - Ai Eng - Spendly_ Workspace\data\_ocr_real_crops\real_0556_line20.png,BKP/ JKP 116 126,0.8419967267772156,c:\file akmal\Capstone - Ai Eng - Spendly_ Workspace\data\HouseHold\train\images\azko12_png.rf.c7133a369eaefd6e8fbefa7a590bf6b6.jpg,HouseHold
c:\file akmal\Capstone - Ai Eng - Spendly_ Workspace\data\_ocr_real_crops\real_0562_line21.png,PPn 34 275,0.803501058345162,c:\file akmal\Capstone - Ai Eng - Spendly_ Workspace\data\HouseHold\train\images\azko18_png.rf.4d9a1eaa1d7cea6547b3cd81bcbdb3ef.jpg,HouseHold
c:\file akmal\Capstone - Ai Eng - Spendly_ Workspace\data\_ocr_real_crops\real_0570_line17.png,Holder,0.9982581067616729,c:\file akmal\Capstone - Ai Eng - Spendly_ Workspace\data\HouseHold\train\images\azko8_png.rf.2d812fd2e8d719f8def16fd977e17dac.jpg,HouseHold
c:\file akmal\Capstone - Ai Eng - Spendly_ Workspace\data\_ocr_real_crops\real_0572_line14.png,8993405009850 48,0.9605210973166404,c:\file akmal\Capstone - Ai Eng - Spendly_ Workspace\data\HouseHold\train\images\mr-diy11_png.rf.fb6741cf4bdb40d0047dbbdddf943ac8.jpg,HouseHold
c:\file akmal\Capstone - Ai Eng - Spendly_ Workspace\data\_ocr_real_crops\real_0555_line18.png,Approval No 003456,0.963889787663471,c:\file akmal\Capstone - Ai Eng - Spendly_ Workspace\data\HouseHold\train\images\azko10_png.rf.f4e50853b71867fce2c549953a0e484a.jpg,HouseHold
c:\file akmal\Capstone - Ai Eng - Spendly_ Workspace\data\_ocr_real_crops\real_0585_line18.png,Approval No 000123,0.9052685501333232,c:\file akmal\Capstone - Ai Eng - Spendly_ Workspace\data\HouseHold\valid\images\azko11_png.rf.2e198f4b2764e27488b14148e95bb4da.jpg,HouseHold
c:\file akmal\Capstone - Ai Eng - Spendly_ Workspace\data\_ocr_real_crops\real_0572_line09.png,INVOICE-,0.8458039212632015,c:\file akmal\Capstone - Ai Eng - Spendly_ Workspace\data\HouseHold\train\images\mr-diy11_png.rf.fb6741cf4bdb40d0047dbbdddf943ac8.jpg,HouseHold
c:\file akmal\Capstone - Ai Eng - Spendly_ Workspace\data\_ocr_real_crops\real_0567_line12.png,"219 9DO 219,900",0.7388924899519829,c:\file akmal\Capstone - Ai Eng - Spendly_ Workspace\data\HouseHold\train\images\azko5_png.rf.a1a79bdf71ce8352d004d8bb678179e3.jpg,HouseHold
c:\file akmal\Capstone - Ai Eng - Spendly_ Workspace\data\_ocr_real_crops\real_0553_line19.png,Total Paynedt 79 900,0.7866325154477891,c:\file akmal\Capstone - Ai Eng - Spendly_ Workspace\data\HouseHold\test\images\azko9_png.rf.336ef53408a2a480f8afe928bf2249d1.jpg,HouseHold
c:\file akmal\Capstone - Ai Eng - Spendly_ Workspace\data\_ocr_real_crops\real_0588_line12.png,Item( s) Oty( s),0.828059470537144,c:\file akmal\Capstone - Ai Eng - Spendly_ Workspace\data\HouseHold\valid\images\mr-diy1_jpeg.rf.d62cbc9b0e77f482afeecf2282f965ed.jpg,HouseHold
c:\file akmal\Capstone - Ai Eng - Spendly_ Workspace\data\_ocr_real_crops\real_0567_line20.png,BKP / JKP 196 314,0.8588587759057255,c:\file akmal\Capstone - Ai Eng - Spendly_ Workspace\data\HouseHold\train\images\azko5_png.rf.a1a79bdf71ce8352d004d8bb678179e3.jpg,HouseHold
c:\file akmal\Capstone - Ai Eng - Spendly_ Workspace\data\_ocr_real_crops\real_0569_line18.png,Approval No 001890,0.9109658489672627,c:\file akmal\Capstone - Ai Eng - Spendly_ Workspace\data\HouseHold\train\images\azko7_png.rf.0f192e6b07f3526f0925a2e59ac963f5.jpg,HouseHold
c:\file akmal\Capstone - Ai Eng - Spendly_ Workspace\data\_ocr_real_crops\real_0551_line01.png,AZKO MALL PEKANBARU,0.9458961250110832,c:\file akmal\Capstone - Ai Eng - Spendly_ Workspace\data\HouseHold\test\images\azko20_png.rf.84f58140bd6604d26f6d9f62a114b01e.jpg,HouseHold
c:\file akmal\Capstone - Ai Eng - Spendly_ Workspace\data\_ocr_real_crops\real_0583_line09.png,LEd BULB 9w PUTIH,0.7958649017996225,c:\file akmal\Capstone - Ai Eng - Spendly_ Workspace\data\HouseHold\train\images\mr-diy8_png.rf.d20c750de1c23fc6ff7d0ac0dbb92e37.jpg,HouseHold
c:\file akmal\Capstone - Ai Eng - Spendly_ Workspace\data\_ocr_real_crops\real_0563_line14.png,Total salcs 79 900,0.8332339369641106,c:\file akmal\Capstone - Ai Eng - Spendly_ Workspace\data\HouseHold\train\images\azko19_png.rf.b09a93c529721980436cdf800cc3ae7e.jpg,HouseHold
c:\file akmal\Capstone - Ai Eng - Spendly_ Workspace\data\_ocr_real_crops\real_0585_line12.png,199 900 199 900,0.8846279055401712,c:\file akmal\Capstone - Ai Eng - Spendly_ Workspace\data\HouseHold\valid\images\azko11_png.rf.2e198f4b2764e27488b14148e95bb4da.jpg,HouseHold
c:\file akmal\Capstone - Ai Eng - Spendly_ Workspace\data\_ocr_real_crops\real_0576_line13.png,8291612031107 28,0.8333208883816112,c:\file akmal\Capstone - Ai Eng - Spendly_ Workspace\data\HouseHold\train\images\mr-diy17_png.rf.b4a8c42852a7cbd8548f0a5c98a93e59.jpg,HouseHold
c:\file akmal\Capstone - Ai Eng - Spendly_ Workspace\data\_ocr_real_crops\real_0563_line12.png,"79 900 79,90o",0.762623009901127,c:\file akmal\Capstone - Ai Eng - Spendly_ Workspace\data\HouseHold\train\images\azko19_png.rf.b09a93c529721980436cdf800cc3ae7e.jpg,HouseHold
c:\file akmal\Capstone - Ai Eng - Spendly_ Workspace\data\_ocr_real_crops\real_0554_line17.png,DEBIT Rp 37 ooo,0.7912988649109488,c:\file akmal\Capstone - Ai Eng - Spendly_ Workspace\data\HouseHold\test\images\mr-diy20_png.rf.250eadc79bfc0c76826fb936510fe927.jpg,HouseHold
c:\file akmal\Capstone - Ai Eng - Spendly_ Workspace\data\_ocr_real_crops\real_0558_line12.png,219 900 219 900,0.9085450750860665,c:\file akmal\Capstone - Ai Eng - Spendly_ Workspace\data\HouseHold\train\images\azko14_png.rf.174af70577135495097124329bd1d480.jpg,HouseHold
c:\file akmal\Capstone - Ai Eng - Spendly_ Workspace\data\_ocr_real_crops\real_0568_line18.png,Approval No 001567,0.9770790286116203,c:\file akmal\Capstone - Ai Eng - Spendly_ Workspace\data\HouseHold\train\images\azko6_png.rf.20043c12de69ad4e554be916ddc839a4.jpg,HouseHold
c:\file akmal\Capstone - Ai Eng - Spendly_ Workspace\data\_ocr_real_crops\real_0578_line16.png,8993244101150 13,0.8603611652082459,c:\file akmal\Capstone - Ai Eng - Spendly_ Workspace\data\HouseHold\train\images\mr-diy19_png.rf.0917e2b95d32e91814e6a0b92be05343.jpg,HouseHold
c:\file akmal\Capstone - Ai Eng - Spendly_ Workspace\data\_ocr_real_crops\real_0587_line10.png,8997006507897 53,0.9801696954074473,c:\file akmal\Capstone - Ai Eng - Spendly_ Workspace\data\HouseHold\valid\images\mr-diy15_png.rf.e19d1b99acf8a59af407163606a5298a.jpg,HouseHold
c:\file akmal\Capstone - Ai Eng - Spendly_ Workspace\data\_ocr_real_crops\real_0552_line12.png,149 900 149 900,0.8444166635687861,c:\file akmal\Capstone - Ai Eng - Spendly_ Workspace\data\HouseHold\test\images\azko4_png.rf.99a32bd6565ee4d338c4109e20e3574b.jpg,HouseHold
c:\file akmal\Capstone - Ai Eng - Spendly_ Workspace\data\_ocr_real_crops\real_0590_line12.png,12 Doo 12 00o,0.7767977240552502,c:\file akmal\Capstone - Ai Eng - Spendly_ Workspace\data\HouseHold\valid\images\mr-diy3_png.rf.1d00684e8603f896cfe7a9ec940454db.jpg,HouseHold
c:\file akmal\Capstone - Ai Eng - Spendly_ Workspace\data\_ocr_real_crops\real_0583_line08.png,INVOICE,0.9266017814329373,c:\file akmal\Capstone - Ai Eng - Spendly_ Workspace\data\HouseHold\train\images\mr-diy8_png.rf.d20c750de1c23fc6ff7d0ac0dbb92e37.jpg,HouseHold
c:\file akmal\Capstone - Ai Eng - Spendly_ Workspace\data\_ocr_real_crops\real_0553_line20.png,BKP / JKP 71 339,0.7915817603468195,c:\file akmal\Capstone - Ai Eng - Spendly_ Workspace\data\HouseHold\test\images\azko9_png.rf.336ef53408a2a480f8afe928bf2249d1.jpg,HouseHold
c:\file akmal\Capstone - Ai Eng - Spendly_ Workspace\data\_ocr_real_crops\real_0572_line12.png,"12 Coo 12,000",0.7187147193629574,c:\file akmal\Capstone - Ai Eng - Spendly_ Workspace\data\HouseHold\train\images\mr-diy11_png.rf.fb6741cf4bdb40d0047dbbdddf943ac8.jpg,HouseHold
c:\file akmal\Capstone - Ai Eng - Spendly_ Workspace\data\_ocr_real_crops\real_0551_line17.png,Holder,0.9349167607843376,c:\file akmal\Capstone - Ai Eng - Spendly_ Workspace\data\HouseHold\test\images\azko20_png.rf.84f58140bd6604d26f6d9f62a114b01e.jpg,HouseHold
c:\file akmal\Capstone - Ai Eng - Spendly_ Workspace\data\_ocr_real_crops\real_0565_line17.png,Holder,0.9989228204499981,c:\file akmal\Capstone - Ai Eng - Spendly_ Workspace\data\HouseHold\train\images\azko2_png.rf.45dedefb7cc23ba6f87b86ba6b8598f6.jpg,HouseHold
c:\file akmal\Capstone - Ai Eng - Spendly_ Workspace\data\_ocr_real_crops\real_0554_line07.png,Pasar Hinggu),0.9512732886267778,c:\file akmal\Capstone - Ai Eng - Spendly_ Workspace\data\HouseHold\test\images\mr-diy20_png.rf.250eadc79bfc0c76826fb936510fe927.jpg,HouseHold
c:\file akmal\Capstone - Ai Eng - Spendly_ Workspace\data\_ocr_real_crops\real_0577_line00.png,U HR. D.I.Y,0.7218414256313328,c:\file akmal\Capstone - Ai Eng - Spendly_ Workspace\data\HouseHold\train\images\mr-diy18_png.rf.fe0e3e07630af57e1ac61cd41e8c44e1.jpg,HouseHold
c:\file akmal\Capstone - Ai Eng - Spendly_ Workspace\data\_ocr_real_crops\real_0569_line22.png,Item Qty,0.8244740479716741,c:\file akmal\Capstone - Ai Eng - Spendly_ Workspace\data\HouseHold\train\images\azko7_png.rf.0f192e6b07f3526f0925a2e59ac963f5.jpg,HouseHold
c:\file akmal\Capstone - Ai Eng - Spendly_ Workspace\data\_ocr_real_crops\real_0570_line20.png,BKP/ JKP 142 793,0.9685855716838018,c:\file akmal\Capstone - Ai Eng - Spendly_ Workspace\data\HouseHold\train\images\azko8_png.rf.2d812fd2e8d719f8def16fd977e17dac.jpg,HouseHold
c:\file akmal\Capstone - Ai Eng - Spendly_ Workspace\data\_ocr_real_crops\real_0577_line12.png,AIR FRESHENER Gel,0.7759192408557956,c:\file akmal\Capstone - Ai Eng - Spendly_ Workspace\data\HouseHold\train\images\mr-diy18_png.rf.fe0e3e07630af57e1ac61cd41e8c44e1.jpg,HouseHold
c:\file akmal\Capstone - Ai Eng - Spendly_ Workspace\data\_ocr_real_crops\real_0567_line14.png,"Total sales 219,900",0.9894595058848271,c:\file akmal\Capstone - Ai Eng - Spendly_ Workspace\data\HouseHold\train\images\azko5_png.rf.a1a79bdf71ce8352d004d8bb678179e3.jpg,HouseHold
c:\file akmal\Capstone - Ai Eng - Spendly_ Workspace\data\_ocr_real_crops\real_0558_line13.png,Total 219 900,0.9268295211597648,c:\file akmal\Capstone - Ai Eng - Spendly_ Workspace\data\HouseHold\train\images\azko14_png.rf.174af70577135495097124329bd1d480.jpg,HouseHold
c:\file akmal\Capstone - Ai Eng - Spendly_ Workspace\data\_ocr_real_crops\real_0567_line07.png,BARAT OKI JAKARTA,0.8487942199891382,c:\file akmal\Capstone - Ai Eng - Spendly_ Workspace\data\HouseHold\train\images\azko5_png.rf.a1a79bdf71ce8352d004d8bb678179e3.jpg,HouseHold
c:\file akmal\Capstone - Ai Eng - Spendly_ Workspace\data\_ocr_real_crops\real_0566_line12.png,129 900 129 900,0.9864707689359291,c:\file akmal\Capstone - Ai Eng - Spendly_ Workspace\data\HouseHold\train\images\azko3_png.rf.8537084a80d1d4dc00a87d8d62201aa2.jpg,HouseHold
c:\file akmal\Capstone - Ai Eng - Spendly_ Workspace\data\_ocr_real_crops\real_0588_line00.png,MR D I .Y,0.9538427140835157,c:\file akmal\Capstone - Ai Eng - Spendly_ Workspace\data\HouseHold\valid\images\mr-diy1_jpeg.rf.d62cbc9b0e77f482afeecf2282f965ed.jpg,HouseHold
c:\file akmal\Capstone - Ai Eng - Spendly_ Workspace\data\_ocr_real_crops\real_0585_line14.png,Total sales 199 90O,0.8366126519300982,c:\file akmal\Capstone - Ai Eng - Spendly_ Workspace\data\HouseHold\valid\images\azko11_png.rf.2e198f4b2764e27488b14148e95bb4da.jpg,HouseHold
c:\file akmal\Capstone - Ai Eng - Spendly_ Workspace\data\_ocr_real_crops\real_0559_line12.png,89 900 89 900,0.8421917211667845,c:\file akmal\Capstone - Ai Eng - Spendly_ Workspace\data\HouseHold\train\images\azko15_png.rf.c7bf583a44ffef0f4f38e6d21172f6b7.jpg,HouseHold
c:\file akmal\Capstone - Ai Eng - Spendly_ Workspace\data\_ocr_real_crops\real_0581_line12.png,Item(s) Oty(s) : 1,0.7132156676506521,c:\file akmal\Capstone - Ai Eng - Spendly_ Workspace\data\HouseHold\train\images\mr-diy6_png.rf.e2adf7e4fbb53d77d4bad75860ffd0cf.jpg,HouseHold
c:\file akmal\Capstone - Ai Eng - Spendly_ Workspace\data\_ocr_real_crops\real_0558_line17.png,Holder,0.9469872844595857,c:\file akmal\Capstone - Ai Eng - Spendly_ Workspace\data\HouseHold\train\images\azko14_png.rf.174af70577135495097124329bd1d480.jpg,HouseHold
c:\file akmal\Capstone - Ai Eng - Spendly_ Workspace\data\_ocr_real_crops\real_0555_line22.png,Item Oty,0.9920950048144461,c:\file akmal\Capstone - Ai Eng - Spendly_ Workspace\data\HouseHold\train\images\azko10_png.rf.f4e50853b71867fce2c549953a0e484a.jpg,HouseHold
c:\file akmal\Capstone - Ai Eng - Spendly_ Workspace\data\_ocr_real_crops\real_0574_line00.png,04 MR 0.I,0.7929521728567056,c:\file akmal\Capstone - Ai Eng - Spendly_ Workspace\data\HouseHold\train\images\mr-diy14_png.rf.d197a862849ca3f6d355136b7ca9ba29.jpg,HouseHold
c:\file akmal\Capstone - Ai Eng - Spendly_ Workspace\data\_ocr_real_crops\real_0569_line12.png,249 9Do 249 900,0.8933054897813745,c:\file akmal\Capstone - Ai Eng - Spendly_ Workspace\data\HouseHold\train\images\azko7_png.rf.0f192e6b07f3526f0925a2e59ac963f5.jpg,HouseHold
c:\file akmal\Capstone - Ai Eng - Spendly_ Workspace\data\_ocr_real_crops\real_0555_line17.png,Holder,0.9995980898539883,c:\file akmal\Capstone - Ai Eng - Spendly_ Workspace\data\HouseHold\train\images\azko10_png.rf.f4e50853b71867fce2c549953a0e484a.jpg,HouseHold
c:\file akmal\Capstone - Ai Eng - Spendly_ Workspace\data\_ocr_real_crops\real_0565_line18.png,Approval No 000123,0.8193357615297235,c:\file akmal\Capstone - Ai Eng - Spendly_ Workspace\data\HouseHold\train\images\azko2_png.rf.45dedefb7cc23ba6f87b86ba6b8598f6.jpg,HouseHold
c:\file akmal\Capstone - Ai Eng - Spendly_ Workspace\data\_ocr_real_crops\real_0568_line21.png,PPN 810,0.9997208151872495,c:\file akmal\Capstone - Ai Eng - Spendly_ Workspace\data\HouseHold\train\images\azko6_png.rf.20043c12de69ad4e554be916ddc839a4.jpg,HouseHold
c:\file akmal\Capstone - Ai Eng - Spendly_ Workspace\data\_ocr_real_crops\real_0553_line16.png,CardID,0.9286831814499611,c:\file akmal\Capstone - Ai Eng - Spendly_ Workspace\data\HouseHold\test\images\azko9_png.rf.336ef53408a2a480f8afe928bf2249d1.jpg,HouseHold
c:\file akmal\Capstone - Ai Eng - Spendly_ Workspace\data\_ocr_real_crops\real_0580_line09.png,INVOICE-,0.8239538558142816,c:\file akmal\Capstone - Ai Eng - Spendly_ Workspace\data\HouseHold\train\images\mr-diy5_png.rf.950777e4339572d235777b351c6516e3.jpg,HouseHold
c:\file akmal\Capstone - Ai Eng - Spendly_ Workspace\data\_ocr_real_crops\real_0579_line06.png,KAY 484,0.9845387282467084,c:\file akmal\Capstone - Ai Eng - Spendly_ Workspace\data\HouseHold\train\images\mr-diy4_png.rf.b5f0ccfdbc156fe7bb2239cf8a7cd0a7.jpg,HouseHold
c:\file akmal\Capstone - Ai Eng - Spendly_ Workspace\data\_ocr_real_crops\real_0560_line14.png,Total 5ales 249 900,0.7805765936496053,c:\file akmal\Capstone - Ai Eng - Spendly_ Workspace\data\HouseHold\train\images\azko16_png.rf.983b5846a713d072f4afe03283a7e660.jpg,HouseHold
c:\file akmal\Capstone - Ai Eng - Spendly_ Workspace\data\_ocr_real_crops\real_0555_line14.png,Total sales 289 900,0.862682162940346,c:\file akmal\Capstone - Ai Eng - Spendly_ Workspace\data\HouseHold\train\images\azko10_png.rf.f4e50853b71867fce2c549953a0e484a.jpg,HouseHold
c:\file akmal\Capstone - Ai Eng - Spendly_ Workspace\data\_ocr_real_crops\real_0585_line07.png,BARAT DKI JAKARTA,0.9505987935157764,c:\file akmal\Capstone - Ai Eng - Spendly_ Workspace\data\HouseHold\valid\images\azko11_png.rf.2e198f4b2764e27488b14148e95bb4da.jpg,HouseHold
c:\file akmal\Capstone - Ai Eng - Spendly_ Workspace\data\_ocr_real_crops\real_0556_line13.png,Total 129 900,0.8859135155765783,c:\file akmal\Capstone - Ai Eng - Spendly_ Workspace\data\HouseHold\train\images\azko12_png.rf.c7133a369eaefd6e8fbefa7a590bf6b6.jpg,HouseHold
c:\file akmal\Capstone - Ai Eng - Spendly_ Workspace\data\_ocr_real_crops\real_0562_line20.png,BKP / JKP 285 625,0.9233536982841128,c:\file akmal\Capstone - Ai Eng - Spendly_ Workspace\data\HouseHold\train\images\azko18_png.rf.4d9a1eaa1d7cea6547b3cd81bcbdb3ef.jpg,HouseHold
c:\file akmal\Capstone - Ai Eng - Spendly_ Workspace\data\_ocr_real_crops\real_0581_line08.png,Pasar Hinggu),0.7738555047743625,c:\file akmal\Capstone - Ai Eng - Spendly_ Workspace\data\HouseHold\train\images\mr-diy6_png.rf.e2adf7e4fbb53d77d4bad75860ffd0cf.jpg,HouseHold
c:\file akmal\Capstone - Ai Eng - Spendly_ Workspace\data\_ocr_real_crops\real_0584_line08.png,INVOICE,0.7220313584438643,c:\file akmal\Capstone - Ai Eng - Spendly_ Workspace\data\HouseHold\train\images\mr-diy9_png.rf.a879012d928d8e6944ba949d6bde5f74.jpg,HouseHold
c:\file akmal\Capstone - Ai Eng - Spendly_ Workspace\data\_ocr_real_crops\real_0569_line21.png,PPN 26 747,0.9767393085240329,c:\file akmal\Capstone - Ai Eng - Spendly_ Workspace\data\HouseHold\train\images\azko7_png.rf.0f192e6b07f3526f0925a2e59ac963f5.jpg,HouseHold
c:\file akmal\Capstone - Ai Eng - Spendly_ Workspace\data\_ocr_real_crops\real_0555_line21.png,PPN 31 604,0.8845011271085813,c:\file akmal\Capstone - Ai Eng - Spendly_ Workspace\data\HouseHold\train\images\azko10_png.rf.f4e50853b71867fce2c549953a0e484a.jpg,HouseHold
c:\file akmal\Capstone - Ai Eng - Spendly_ Workspace\data\_ocr_real_crops\real_0568_line12.png,89 900 89 900,0.9917394052209579,c:\file akmal\Capstone - Ai Eng - Spendly_ Workspace\data\HouseHold\train\images\azko6_png.rf.20043c12de69ad4e554be916ddc839a4.jpg,HouseHold
c:\file akmal\Capstone - Ai Eng - Spendly_ Workspace\data\_ocr_real_crops\real_0574_line16.png,8991612040056 13,0.9918406097665651,c:\file akmal\Capstone - Ai Eng - Spendly_ Workspace\data\HouseHold\train\images\mr-diy14_png.rf.d197a862849ca3f6d355136b7ca9ba29.jpg,HouseHold
c:\file akmal\Capstone - Ai Eng - Spendly_ Workspace\data\_ocr_real_crops\real_0578_line13.png,8994214701457 19,0.9783753630958041,c:\file akmal\Capstone - Ai Eng - Spendly_ Workspace\data\HouseHold\train\images\mr-diy19_png.rf.0917e2b95d32e91814e6a0b92be05343.jpg,HouseHold
c:\file akmal\Capstone - Ai Eng - Spendly_ Workspace\data\_ocr_real_crops\real_0551_line14.png,Total sales 289 900,0.9945193832152004,c:\file akmal\Capstone - Ai Eng - Spendly_ Workspace\data\HouseHold\test\images\azko20_png.rf.84f58140bd6604d26f6d9f62a114b01e.jpg,HouseHold
c:\file akmal\Capstone - Ai Eng - Spendly_ Workspace\data\_ocr_real_crops\real_0563_line20.png,BKP / JKP 71 339,0.8909668730309663,c:\file akmal\Capstone - Ai Eng - Spendly_ Workspace\data\HouseHold\train\images\azko19_png.rf.b09a93c529721980436cdf800cc3ae7e.jpg,HouseHold
c:\file akmal\Capstone - Ai Eng - Spendly_ Workspace\data\_ocr_real_crops\real_0557_line07.png,BARAT DKI JAKARTA,0.8899557543593429,c:\file akmal\Capstone - Ai Eng - Spendly_ Workspace\data\HouseHold\train\images\azko13_png.rf.6048eb4c2bf85060fb1fa8ee9e82630b.jpg,HouseHold
c:\file akmal\Capstone - Ai Eng - Spendly_ Workspace\data\_ocr_real_crops\real_0566_line21.png,"PPN 12,774",0.9662269073480261,c:\file akmal\Capstone - Ai Eng - Spendly_ Workspace\data\HouseHold\train\images\azko3_png.rf.8537084a80d1d4dc00a87d8d62201aa2.jpg,HouseHold
c:\file akmal\Capstone - Ai Eng - Spendly_ Workspace\data\_ocr_real_crops\real_0551_line12.png,289 900 289 g00,0.7065052321161386,c:\file akmal\Capstone - Ai Eng - Spendly_ Workspace\data\HouseHold\test\images\azko20_png.rf.84f58140bd6604d26f6d9f62a114b01e.jpg,HouseHold
c:\file akmal\Capstone - Ai Eng - Spendly_ Workspace\data\_ocr_real_crops\real_0582_line00.png,HR D . I,0.7688051113360377,c:\file akmal\Capstone - Ai Eng - Spendly_ Workspace\data\HouseHold\train\images\mr-diy7_png.rf.794f60d1aef6466f2cbd95ce1fb1bb70.jpg,HouseHold
c:\file akmal\Capstone - Ai Eng - Spendly_ Workspace\data\_ocr_real_crops\real_0563_line18.png,Approva No 003012,0.819969988620486,c:\file akmal\Capstone - Ai Eng - Spendly_ Workspace\data\HouseHold\train\images\azko19_png.rf.b09a93c529721980436cdf800cc3ae7e.jpg,HouseHold
c:\file akmal\Capstone - Ai Eng - Spendly_ Workspace\data\_ocr_real_crops\real_0556_line17.png,Holder,0.9955551626225446,c:\file akmal\Capstone - Ai Eng - Spendly_ Workspace\data\HouseHold\train\images\azko12_png.rf.c7133a369eaefd6e8fbefa7a590bf6b6.jpg,HouseHold
c:\file akmal\Capstone - Ai Eng - Spendly_ Workspace\data\_ocr_real_crops\real_0570_line07.png,BARAT DK I JAKARTA,0.7884064903004339,c:\file akmal\Capstone - Ai Eng - Spendly_ Workspace\data\HouseHold\train\images\azko8_png.rf.2d812fd2e8d719f8def16fd977e17dac.jpg,HouseHold
c:\file akmal\Capstone - Ai Eng - Spendly_ Workspace\data\_ocr_real_crops\real_0560_line13.png,"Total 249, 900",0.923699851671922,c:\file akmal\Capstone - Ai Eng - Spendly_ Workspace\data\HouseHold\train\images\azko16_png.rf.983b5846a713d072f4afe03283a7e660.jpg,HouseHold
c:\file akmal\Capstone - Ai Eng - Spendly_ Workspace\data\_ocr_real_crops\real_0577_line10.png,8997185013567 48,0.8616490857027022,c:\file akmal\Capstone - Ai Eng - Spendly_ Workspace\data\HouseHold\train\images\mr-diy18_png.rf.fe0e3e07630af57e1ac61cd41e8c44e1.jpg,HouseHold
c:\file akmal\Capstone - Ai Eng - Spendly_ Workspace\data\_ocr_real_crops\real_0554_line10.png,8991612060046 48,0.9878971157925991,c:\file akmal\Capstone - Ai Eng - Spendly_ Workspace\data\HouseHold\test\images\mr-diy20_png.rf.250eadc79bfc0c76826fb936510fe927.jpg,HouseHold
c:\file akmal\Capstone - Ai Eng - Spendly_ Workspace\data\_ocr_real_crops\real_0584_line09.png,CLOTH CLIP 24PCs,0.7426106591897902,c:\file akmal\Capstone - Ai Eng - Spendly_ Workspace\data\HouseHold\train\images\mr-diy9_png.rf.a879012d928d8e6944ba949d6bde5f74.jpg,HouseHold
c:\file akmal\Capstone - Ai Eng - Spendly_ Workspace\data\_ocr_real_crops\real_0551_line21.png,PPN 31 604,0.9408080782284801,c:\file akmal\Capstone - Ai Eng - Spendly_ Workspace\data\HouseHold\test\images\azko20_png.rf.84f58140bd6604d26f6d9f62a114b01e.jpg,HouseHold
c:\file akmal\Capstone - Ai Eng - Spendly_ Workspace\data\_ocr_real_crops\real_0571_line07.png,Pasar Minggu),0.9995959081619282,c:\file akmal\Capstone - Ai Eng - Spendly_ Workspace\data\HouseHold\train\images\mr-diy10_png.rf.b9c626b2868f1c7ced535d47e15b10c5.jpg,HouseHold
c:\file akmal\Capstone - Ai Eng - Spendly_ Workspace\data\_ocr_real_crops\real_0575_line15.png,Scotch BRITE SPONGE,0.7120058911112932,c:\file akmal\Capstone - Ai Eng - Spendly_ Workspace\data\HouseHold\train\images\mr-diy16_png.rf.076dfdfe4f26b6ac85b9fe10be3116f4.jpg,HouseHold
c:\file akmal\Capstone - Ai Eng - Spendly_ Workspace\data\_ocr_real_crops\real_0585_line13.png,Total 199 9D0,0.7704406493217313,c:\file akmal\Capstone - Ai Eng - Spendly_ Workspace\data\HouseHold\valid\images\azko11_png.rf.2e198f4b2764e27488b14148e95bb4da.jpg,HouseHold
c:\file akmal\Capstone - Ai Eng - Spendly_ Workspace\data\_ocr_real_crops\real_0564_line07.png,BARAT DK I Jakarta.,0.8105270790564473,c:\file akmal\Capstone - Ai Eng - Spendly_ Workspace\data\HouseHold\train\images\azko1_jpeg.rf.4ecae4ca31a76b4937ecb13598f88bcb.jpg,HouseHold
c:\file akmal\Capstone - Ai Eng - Spendly_ Workspace\data\_ocr_real_crops\real_0562_line13.png,Total 319 90o0,0.728569103801267,c:\file akmal\Capstone - Ai Eng - Spendly_ Workspace\data\HouseHold\train\images\azko18_png.rf.4d9a1eaa1d7cea6547b3cd81bcbdb3ef.jpg,HouseHold
c:\file akmal\Capstone - Ai Eng - Spendly_ Workspace\data\_ocr_real_crops\real_0560_line17.png,Holder,0.9993088750762409,c:\file akmal\Capstone - Ai Eng - Spendly_ Workspace\data\HouseHold\train\images\azko16_png.rf.983b5846a713d072f4afe03283a7e660.jpg,HouseHold
c:\file akmal\Capstone - Ai Eng - Spendly_ Workspace\data\_ocr_real_crops\real_0566_line14.png,Total sales 129 900,0.9330486976713306,c:\file akmal\Capstone - Ai Eng - Spendly_ Workspace\data\HouseHold\train\images\azko3_png.rf.8537084a80d1d4dc00a87d8d62201aa2.jpg,HouseHold
c:\file akmal\Capstone - Ai Eng - Spendly_ Workspace\data\_ocr_real_crops\real_0556_line21.png,PPN 12 774,0.9917338746034857,c:\file akmal\Capstone - Ai Eng - Spendly_ Workspace\data\HouseHold\train\images\azko12_png.rf.c7133a369eaefd6e8fbefa7a590bf6b6.jpg,HouseHold
c:\file akmal\Capstone - Ai Eng - Spendly_ Workspace\data\_ocr_real_crops\real_0561_line18.png,Approval No 002345,0.7828169610212122,c:\file akmal\Capstone - Ai Eng - Spendly_ Workspace\data\HouseHold\train\images\azko17_png.rf.87b49844780493a2a46b34412caa2b9c.jpg,HouseHold
c:\file akmal\Capstone - Ai Eng - Spendly_ Workspace\data\_ocr_real_crops\real_0551_line22.png,Item Oty,0.9835826824950267,c:\file akmal\Capstone - Ai Eng - Spendly_ Workspace\data\HouseHold\test\images\azko20_png.rf.84f58140bd6604d26f6d9f62a114b01e.jpg,HouseHold
c:\file akmal\Capstone - Ai Eng - Spendly_ Workspace\data\_ocr_real_crops\real_0552_line14.png,Total sal25 149 900,0.796326474727163,c:\file akmal\Capstone - Ai Eng - Spendly_ Workspace\data\HouseHold\test\images\azko4_png.rf.99a32bd6565ee4d338c4109e20e3574b.jpg,HouseHold
c:\file akmal\Capstone - Ai Eng - Spendly_ Workspace\data\_ocr_real_crops\real_0557_line21.png,PPN 14 990,0.9277892330202917,c:\file akmal\Capstone - Ai Eng - Spendly_ Workspace\data\HouseHold\train\images\azko13_png.rf.6048eb4c2bf85060fb1fa8ee9e82630b.jpg,HouseHold
c:\file akmal\Capstone - Ai Eng - Spendly_ Workspace\data\_ocr_real_crops\real_0585_line21.png,PPN 19 B10,0.7821509155568184,c:\file akmal\Capstone - Ai Eng - Spendly_ Workspace\data\HouseHold\valid\images\azko11_png.rf.2e198f4b2764e27488b14148e95bb4da.jpg,HouseHold
c:\file akmal\Capstone - Ai Eng - Spendly_ Workspace\data\_ocr_real_crops\real_0566_line18.png,Approval No 000456,0.8437264331912671,c:\file akmal\Capstone - Ai Eng - Spendly_ Workspace\data\HouseHold\train\images\azko3_png.rf.8537084a80d1d4dc00a87d8d62201aa2.jpg,HouseHold
c:\file akmal\Capstone - Ai Eng - Spendly_ Workspace\data\_ocr_real_crops\real_0552_line20.png,BKP / JKP 133 874,0.9763021298570079,c:\file akmal\Capstone - Ai Eng - Spendly_ Workspace\data\HouseHold\test\images\azko4_png.rf.99a32bd6565ee4d338c4109e20e3574b.jpg,HouseHold
c:\file akmal\Capstone - Ai Eng - Spendly_ Workspace\data\_ocr_real_crops\real_0570_line14.png,Total sale5 159 900,0.7482897895182068,c:\file akmal\Capstone - Ai Eng - Spendly_ Workspace\data\HouseHold\train\images\azko8_png.rf.2d812fd2e8d719f8def16fd977e17dac.jpg,HouseHold
c:\file akmal\Capstone - Ai Eng - Spendly_ Workspace\data\_ocr_real_crops\real_0559_line14.png,Tatal sales 89 90O,0.723353343198051,c:\file akmal\Capstone - Ai Eng - Spendly_ Workspace\data\HouseHold\train\images\azko15_png.rf.c7bf583a44ffef0f4f38e6d21172f6b7.jpg,HouseHold
c:\file akmal\Capstone - Ai Eng - Spendly_ Workspace\data\_ocr_real_crops\real_0587_line00.png,05 HR D- . Y,0.7118505998073376,c:\file akmal\Capstone - Ai Eng - Spendly_ Workspace\data\HouseHold\valid\images\mr-diy15_png.rf.e19d1b99acf8a59af407163606a5298a.jpg,HouseHold
c:\file akmal\Capstone - Ai Eng - Spendly_ Workspace\data\_ocr_real_crops\real_0566_line22.png,tem Dty,0.8045154954410397,c:\file akmal\Capstone - Ai Eng - Spendly_ Workspace\data\HouseHold\train\images\azko3_png.rf.8537084a80d1d4dc00a87d8d62201aa2.jpg,HouseHold
c:\file akmal\Capstone - Ai Eng - Spendly_ Workspace\data\_ocr_real_crops\real_0585_line22.png,Iten Oty,0.850520085064331,c:\file akmal\Capstone - Ai Eng - Spendly_ Workspace\data\HouseHold\valid\images\azko11_png.rf.2e198f4b2764e27488b14148e95bb4da.jpg,HouseHold
c:\file akmal\Capstone - Ai Eng - Spendly_ Workspace\data\_ocr_real_crops\real_0582_line16.png,CHANGE Rp 00o,0.776908062533204,c:\file akmal\Capstone - Ai Eng - Spendly_ Workspace\data\HouseHold\train\images\mr-diy7_png.rf.794f60d1aef6466f2cbd95ce1fb1bb70.jpg,HouseHold
c:\file akmal\Capstone - Ai Eng - Spendly_ Workspace\data\_ocr_real_crops\real_0587_line15.png,Item(s) 2 Oty(s) : 2,0.7433716368267421,c:\file akmal\Capstone - Ai Eng - Spendly_ Workspace\data\HouseHold\valid\images\mr-diy15_png.rf.e19d1b99acf8a59af407163606a5298a.jpg,HouseHold
c:\file akmal\Capstone - Ai Eng - Spendly_ Workspace\data\_ocr_real_crops\real_0558_line14.png,Total 8a12s 219 900,0.77994063791377,c:\file akmal\Capstone - Ai Eng - Spendly_ Workspace\data\HouseHold\train\images\azko14_png.rf.174af70577135495097124329bd1d480.jpg,HouseHold
c:\file akmal\Capstone - Ai Eng - Spendly_ Workspace\data\_ocr_real_crops\real_0557_line12.png,149 900 149 900,0.8635770926140973,c:\file akmal\Capstone - Ai Eng - Spendly_ Workspace\data\HouseHold\train\images\azko13_png.rf.6048eb4c2bf85060fb1fa8ee9e82630b.jpg,HouseHold
c:\file akmal\Capstone - Ai Eng - Spendly_ Workspace\data\_ocr_real_crops\real_0563_line22.png,Item Oty,0.8983248630178875,c:\file akmal\Capstone - Ai Eng - Spendly_ Workspace\data\HouseHold\train\images\azko19_png.rf.b09a93c529721980436cdf800cc3ae7e.jpg,HouseHold
c:\file akmal\Capstone - Ai Eng - Spendly_ Workspace\data\_ocr_real_crops\real_0556_line18.png,Approval No 000456,0.8908570061049591,c:\file akmal\Capstone - Ai Eng - Spendly_ Workspace\data\HouseHold\train\images\azko12_png.rf.c7133a369eaefd6e8fbefa7a590bf6b6.jpg,HouseHold
c:\file akmal\Capstone - Ai Eng - Spendly_ Workspace\data\_ocr_real_crops\real_0584_line11.png,SPRAY BOTTLE S0OAL,0.7382563688963418,c:\file akmal\Capstone - Ai Eng - Spendly_ Workspace\data\HouseHold\train\images\mr-diy9_png.rf.a879012d928d8e6944ba949d6bde5f74.jpg,HouseHold
c:\file akmal\Capstone - Ai Eng - Spendly_ Workspace\data\_ocr_real_crops\real_0571_line13.png,Item(s) Qty(s) 2,0.914891013297748,c:\file akmal\Capstone - Ai Eng - Spendly_ Workspace\data\HouseHold\train\images\mr-diy10_png.rf.b9c626b2868f1c7ced535d47e15b10c5.jpg,HouseHold
c:\file akmal\Capstone - Ai Eng - Spendly_ Workspace\data\_ocr_real_crops\real_0584_line13.png,Item(s) Oty(s) 2,0.8798100468849887,c:\file akmal\Capstone - Ai Eng - Spendly_ Workspace\data\HouseHold\train\images\mr-diy9_png.rf.a879012d928d8e6944ba949d6bde5f74.jpg,HouseHold
c:\file akmal\Capstone - Ai Eng - Spendly_ Workspace\data\_ocr_real_crops\real_0574_line13.png,8997207722056 25,0.9929385427352889,c:\file akmal\Capstone - Ai Eng - Spendly_ Workspace\data\HouseHold\train\images\mr-diy14_png.rf.d197a862849ca3f6d355136b7ca9ba29.jpg,HouseHold
c:\file akmal\Capstone - Ai Eng - Spendly_ Workspace\data\_ocr_real_crops\real_0552_line16.png,CardID,0.8587945515053984,c:\file akmal\Capstone - Ai Eng - Spendly_ Workspace\data\HouseHold\test\images\azko4_png.rf.99a32bd6565ee4d338c4109e20e3574b.jpg,HouseHold
c:\file akmal\Capstone - Ai Eng - Spendly_ Workspace\data\_ocr_real_crops\real_0577_line16.png,8993244101150 13,0.9576009685027949,c:\file akmal\Capstone - Ai Eng - Spendly_ Workspace\data\HouseHold\train\images\mr-diy18_png.rf.fe0e3e07630af57e1ac61cd41e8c44e1.jpg,HouseHold
c:\file akmal\Capstone - Ai Eng - Spendly_ Workspace\data\_ocr_real_crops\real_0587_line05.png,Kay 484,0.7324859206401761,c:\file akmal\Capstone - Ai Eng - Spendly_ Workspace\data\HouseHold\valid\images\mr-diy15_png.rf.e19d1b99acf8a59af407163606a5298a.jpg,HouseHold
c:\file akmal\Capstone - Ai Eng - Spendly_ Workspace\data\_ocr_real_crops\real_0581_line01.png,MR D . I.Y,0.7409793412449215,c:\file akmal\Capstone - Ai Eng - Spendly_ Workspace\data\HouseHold\train\images\mr-diy6_png.rf.e2adf7e4fbb53d77d4bad75860ffd0cf.jpg,HouseHold
c:\file akmal\Capstone - Ai Eng - Spendly_ Workspace\data\_ocr_real_crops\real_0570_line21.png,PPN 17 107,0.933646371643528,c:\file akmal\Capstone - Ai Eng - Spendly_ Workspace\data\HouseHold\train\images\azko8_png.rf.2d812fd2e8d719f8def16fd977e17dac.jpg,HouseHold
c:\file akmal\Capstone - Ai Eng - Spendly_ Workspace\data\_ocr_real_crops\real_0557_line20.png,BKP / JKP 133 874,0.8706755458001841,c:\file akmal\Capstone - Ai Eng - Spendly_ Workspace\data\HouseHold\train\images\azko13_png.rf.6048eb4c2bf85060fb1fa8ee9e82630b.jpg,HouseHold
c:\file akmal\Capstone - Ai Eng - Spendly_ Workspace\data\_ocr_real_crops\real_0580_line14.png,Item(s) OtY(s) 2,0.7856563126190496,c:\file akmal\Capstone - Ai Eng - Spendly_ Workspace\data\HouseHold\train\images\mr-diy5_png.rf.950777e4339572d235777b351c6516e3.jpg,HouseHold
c:\file akmal\Capstone - Ai Eng - Spendly_ Workspace\data\_ocr_real_crops\real_0556_line14.png,Toral sales 129 900,0.8781230846797917,c:\file akmal\Capstone - Ai Eng - Spendly_ Workspace\data\HouseHold\train\images\azko12_png.rf.c7133a369eaefd6e8fbefa7a590bf6b6.jpg,HouseHold
c:\file akmal\Capstone - Ai Eng - Spendly_ Workspace\data\_ocr_real_crops\real_0561_line12.png,159 900 159 900,0.9654308361308302,c:\file akmal\Capstone - Ai Eng - Spendly_ Workspace\data\HouseHold\train\images\azko17_png.rf.87b49844780493a2a46b34412caa2b9c.jpg,HouseHold
c:\file akmal\Capstone - Ai Eng - Spendly_ Workspace\data\_ocr_real_crops\real_0584_line05.png,KAV 48A,0.7492793877700432,c:\file akmal\Capstone - Ai Eng - Spendly_ Workspace\data\HouseHold\train\images\mr-diy9_png.rf.a879012d928d8e6944ba949d6bde5f74.jpg,HouseHold
c:\file akmal\Capstone - Ai Eng - Spendly_ Workspace\data\_ocr_real_crops\real_0553_line12.png,79 900 79 900,0.9320889820552587,c:\file akmal\Capstone - Ai Eng - Spendly_ Workspace\data\HouseHold\test\images\azko9_png.rf.336ef53408a2a480f8afe928bf2249d1.jpg,HouseHold
c:\file akmal\Capstone - Ai Eng - Spendly_ Workspace\data\_ocr_real_crops\real_0557_line17.png,Holder,0.9994258871576142,c:\file akmal\Capstone - Ai Eng - Spendly_ Workspace\data\HouseHold\train\images\azko13_png.rf.6048eb4c2bf85060fb1fa8ee9e82630b.jpg,HouseHold
c:\file akmal\Capstone - Ai Eng - Spendly_ Workspace\data\_ocr_real_crops\real_0576_line17.png,Cesh Ro 50 00o,0.7425615633366656,c:\file akmal\Capstone - Ai Eng - Spendly_ Workspace\data\HouseHold\train\images\mr-diy17_png.rf.b4a8c42852a7cbd8548f0a5c98a93e59.jpg,HouseHold
c:\file akmal\Capstone - Ai Eng - Spendly_ Workspace\data\_ocr_real_crops\real_0569_line20.png,BKP / JKP 223 153,0.9834724172896431,c:\file akmal\Capstone - Ai Eng - Spendly_ Workspace\data\HouseHold\train\images\azko7_png.rf.0f192e6b07f3526f0925a2e59ac963f5.jpg,HouseHold
c:\file akmal\Capstone - Ai Eng - Spendly_ Workspace\data\_ocr_real_crops\real_0588_line14.png,"DEBIT Rp 35 , 000",0.965706898460725,c:\file akmal\Capstone - Ai Eng - Spendly_ Workspace\data\HouseHold\valid\images\mr-diy1_jpeg.rf.d62cbc9b0e77f482afeecf2282f965ed.jpg,HouseHold
c:\file akmal\Capstone - Ai Eng - Spendly_ Workspace\data\_ocr_real_crops\real_0574_line07.png,Pasar Hinggu),0.8532752981842812,c:\file akmal\Capstone - Ai Eng - Spendly_ Workspace\data\HouseHold\train\images\mr-diy14_png.rf.d197a862849ca3f6d355136b7ca9ba29.jpg,HouseHold
c:\file akmal\Capstone - Ai Eng - Spendly_ Workspace\data\_ocr_real_crops\real_0574_line26.png,PEHBELIAN,0.8025358414222664,c:\file akmal\Capstone - Ai Eng - Spendly_ Workspace\data\HouseHold\train\images\mr-diy14_png.rf.d197a862849ca3f6d355136b7ca9ba29.jpg,HouseHold
c:\file akmal\Capstone - Ai Eng - Spendly_ Workspace\data\_ocr_real_crops\real_0587_line13.png,8997006503201 48,0.8106530286372777,c:\file akmal\Capstone - Ai Eng - Spendly_ Workspace\data\HouseHold\valid\images\mr-diy15_png.rf.e19d1b99acf8a59af407163606a5298a.jpg,HouseHold
c:\file akmal\Capstone - Ai Eng - Spendly_ Workspace\data\_ocr_real_crops\real_0568_line17.png,Holder,0.9979273252809696,c:\file akmal\Capstone - Ai Eng - Spendly_ Workspace\data\HouseHold\train\images\azko6_png.rf.20043c12de69ad4e554be916ddc839a4.jpg,HouseHold
c:\file akmal\Capstone - Ai Eng - Spendly_ Workspace\data\_ocr_real_crops\real_0566_line17.png,Holder,0.847252326603983,c:\file akmal\Capstone - Ai Eng - Spendly_ Workspace\data\HouseHold\train\images\azko3_png.rf.8537084a80d1d4dc00a87d8d62201aa2.jpg,HouseHold
c:\file akmal\Capstone - Ai Eng - Spendly_ Workspace\data\_ocr_real_crops\real_0568_line19.png,Total Paynent 89 900,0.8820417727790659,c:\file akmal\Capstone - Ai Eng - Spendly_ Workspace\data\HouseHold\train\images\azko6_png.rf.20043c12de69ad4e554be916ddc839a4.jpg,HouseHold
c:\file akmal\Capstone - Ai Eng - Spendly_ Workspace\data\_ocr_real_crops\real_0563_line13.png,Total 79 900,0.8198684645418378,c:\file akmal\Capstone - Ai Eng - Spendly_ Workspace\data\HouseHold\train\images\azko19_png.rf.b09a93c529721980436cdf800cc3ae7e.jpg,HouseHold
c:\file akmal\Capstone - Ai Eng - Spendly_ Workspace\data\_ocr_real_crops\real_0560_line22.png,Item Qty,0.8140266158049657,c:\file akmal\Capstone - Ai Eng - Spendly_ Workspace\data\HouseHold\train\images\azko16_png.rf.983b5846a713d072f4afe03283a7e660.jpg,HouseHold
c:\file akmal\Capstone - Ai Eng - Spendly_ Workspace\data\_ocr_real_crops\real_0579_line12.png,CLEANING BRUSH C8-02,0.7144966171268461,c:\file akmal\Capstone - Ai Eng - Spendly_ Workspace\data\HouseHold\train\images\mr-diy4_png.rf.b5f0ccfdbc156fe7bb2239cf8a7cd0a7.jpg,HouseHold
c:\file akmal\Capstone - Ai Eng - Spendly_ Workspace\data\_ocr_real_crops\real_0565_line14.png,Total sales 199 90O,0.8472667342002629,c:\file akmal\Capstone - Ai Eng - Spendly_ Workspace\data\HouseHold\train\images\azko2_png.rf.45dedefb7cc23ba6f87b86ba6b8598f6.jpg,HouseHold
c:\file akmal\Capstone - Ai Eng - Spendly_ Workspace\data\_ocr_real_crops\real_0590_line25.png,PEHBELIan,0.853833558552577,c:\file akmal\Capstone - Ai Eng - Spendly_ Workspace\data\HouseHold\valid\images\mr-diy3_png.rf.1d00684e8603f896cfe7a9ec940454db.jpg,HouseHold
c:\file akmal\Capstone - Ai Eng - Spendly_ Workspace\data\_ocr_real_crops\real_0553_line07.png,BARAT DKI JAKARTA,0.8946422244563261,c:\file akmal\Capstone - Ai Eng - Spendly_ Workspace\data\HouseHold\test\images\azko9_png.rf.336ef53408a2a480f8afe928bf2249d1.jpg,HouseHold
c:\file akmal\Capstone - Ai Eng - Spendly_ Workspace\data\_ocr_real_crops\real_0574_line10.png,8991612042210 25,0.8955268974051644,c:\file akmal\Capstone - Ai Eng - Spendly_ Workspace\data\HouseHold\train\images\mr-diy14_png.rf.d197a862849ca3f6d355136b7ca9ba29.jpg,HouseHold
c:\file akmal\Capstone - Ai Eng - Spendly_ Workspace\data\_ocr_real_crops\real_0559_line13.png,Total 89 900,0.9667646140960079,c:\file akmal\Capstone - Ai Eng - Spendly_ Workspace\data\HouseHold\train\images\azko15_png.rf.c7bf583a44ffef0f4f38e6d21172f6b7.jpg,HouseHold
c:\file akmal\Capstone - Ai Eng - Spendly_ Workspace\data\_ocr_real_crops\real_0563_line21.png,PPN 561,0.9961910366066205,c:\file akmal\Capstone - Ai Eng - Spendly_ Workspace\data\HouseHold\train\images\azko19_png.rf.b09a93c529721980436cdf800cc3ae7e.jpg,HouseHold
c:\file akmal\Capstone - Ai Eng - Spendly_ Workspace\data\_ocr_real_crops\real_0590_line18.png,CASH Rp 50 000,0.8788941628472013,c:\file akmal\Capstone - Ai Eng - Spendly_ Workspace\data\HouseHold\valid\images\mr-diy3_png.rf.1d00684e8603f896cfe7a9ec940454db.jpg,HouseHold
c:\file akmal\Capstone - Ai Eng - Spendly_ Workspace\data\_ocr_real_crops\real_0563_line17.png,Holder,0.9974333896128255,c:\file akmal\Capstone - Ai Eng - Spendly_ Workspace\data\HouseHold\train\images\azko19_png.rf.b09a93c529721980436cdf800cc3ae7e.jpg,HouseHold
c:\file akmal\Capstone - Ai Eng - Spendly_ Workspace\data\_ocr_real_crops\real_0627_line04.png,AUT GARUT,0.8945573663928258,c:\file akmal\Capstone - Ai Eng - Spendly_ Workspace\data\Lifestyle\valid\images\WhatsApp-Image-2026-05-06-at-16-20-47_jpeg.rf.2a30261d0231be42129f5b9013b7f725.jpg,Lifestyle
c:\file akmal\Capstone - Ai Eng - Spendly_ Workspace\data\_ocr_real_crops\real_0630_line03.png,lis,0.7505552172660828,c:\file akmal\Capstone - Ai Eng - Spendly_ Workspace\data\Lifestyle\valid\images\WhatsApp-Image-2026-05-06-at-16-20-57-2-_jpeg.rf.5ef45f40eb5f3cb619adcbdc11f77ddd.jpg,Lifestyle
c:\file akmal\Capstone - Ai Eng - Spendly_ Workspace\data\_ocr_real_crops\real_0597_line15.png,"TOTAL Rp 848,000",0.7080012171659753,c:\file akmal\Capstone - Ai Eng - Spendly_ Workspace\data\Lifestyle\train\images\Screenshot-2026-05-07-000255_png.rf.b03f84ce5ca711f9b743ff907c674215.jpg,Lifestyle
c:\file akmal\Capstone - Ai Eng - Spendly_ Workspace\data\_ocr_real_crops\real_0610_line02.png,08-Mar,0.7969610234982558,c:\file akmal\Capstone - Ai Eng - Spendly_ Workspace\data\Lifestyle\train\images\WhatsApp-Image-2026-05-06-at-16-20-45_jpeg.rf.19ebe38ceb52cc97c9257878cd6c61a1.jpg,Lifestyle
c:\file akmal\Capstone - Ai Eng - Spendly_ Workspace\data\_ocr_real_crops\real_0624_line00.png,sirpolis,0.8170463266155523,c:\file akmal\Capstone - Ai Eng - Spendly_ Workspace\data\Lifestyle\train\images\WhatsApp-Image-2026-05-06-at-16-21-03-1-_jpeg.rf.87759067aba3436eb1ed7df17e89a616.jpg,Lifestyle
c:\file akmal\Capstone - Ai Eng - Spendly_ Workspace\data\_ocr_real_crops\real_0620_line04.png,CONCRETEUT (2D),0.9757605845495937,c:\file akmal\Capstone - Ai Eng - Spendly_ Workspace\data\Lifestyle\train\images\WhatsApp-Image-2026-05-06-at-16-20-58-2-_jpeg.rf.71362b4ba8f27fa7c518e2c1027f1afb.jpg,Lifestyle
c:\file akmal\Capstone - Ai Eng - Spendly_ Workspace\data\_ocr_real_crops\real_0604_line02.png,0472 Thu Feb,0.8405070762111363,c:\file akmal\Capstone - Ai Eng - Spendly_ Workspace\data\Lifestyle\train\images\WhatsApp-Image-2026-05-06-at-16-20-41-2-_jpeg.rf.4fd31bdac9a510401fea481f3bcf5c78.jpg,Lifestyle
c:\file akmal\Capstone - Ai Eng - Spendly_ Workspace\data\_ocr_real_crops\real_0621_line00.png,cinepolis cinpolis,0.8637429091938156,c:\file akmal\Capstone - Ai Eng - Spendly_ Workspace\data\Lifestyle\train\images\WhatsApp-Image-2026-05-06-at-16-20-59_jpeg.rf.0c5c320c8474c16d118e623651f20762.jpg,Lifestyle
c:\file akmal\Capstone - Ai Eng - Spendly_ Workspace\data\_ocr_real_crops\real_0618_line06.png,npolis cinepoli,0.7701909546262145,c:\file akmal\Capstone - Ai Eng - Spendly_ Workspace\data\Lifestyle\train\images\WhatsApp-Image-2026-05-06-at-16-20-56-1-_jpeg.rf.862c80073a2bdc9ee49ea2f19375e041.jpg,Lifestyle
c:\file akmal\Capstone - Ai Eng - Spendly_ Workspace\data\_ocr_real_crops\real_0612_line05.png,BOLEHKAH SEKALI SAJA,0.8151933567245991,c:\file akmal\Capstone - Ai Eng - Spendly_ Workspace\data\Lifestyle\train\images\WhatsApp-Image-2026-05-06-at-16-20-46-2-_jpeg.rf.ed976f1b04e554b5699f35fbf8250434.jpg,Lifestyle
c:\file akmal\Capstone - Ai Eng - Spendly_ Workspace\data\_ocr_real_crops\real_0614_line02.png,18:45,0.9540344211717321,c:\file akmal\Capstone - Ai Eng - Spendly_ Workspace\data\Lifestyle\train\images\WhatsApp-Image-2026-05-06-at-16-20-48-1-_jpeg.rf.558a9a1fc97923a78ed55a07b4484619.jpg,Lifestyle
c:\file akmal\Capstone - Ai Eng - Spendly_ Workspace\data\_ocr_real_crops\real_0609_line00.png,TRANSMART,0.9996868921588006,c:\file akmal\Capstone - Ai Eng - Spendly_ Workspace\data\Lifestyle\train\images\WhatsApp-Image-2026-05-06-at-16-20-45-3-_jpeg.rf.5a12d0fd9362bc790410f19e4bbfb8b5.jpg,Lifestyle
c:\file akmal\Capstone - Ai Eng - Spendly_ Workspace\data\_ocr_real_crops\real_0614_line00.png,TRANSMI,0.7852811237315873,c:\file akmal\Capstone - Ai Eng - Spendly_ Workspace\data\Lifestyle\train\images\WhatsApp-Image-2026-05-06-at-16-20-48-1-_jpeg.rf.558a9a1fc97923a78ed55a07b4484619.jpg,Lifestyle
c:\file akmal\Capstone - Ai Eng - Spendly_ Workspace\data\_ocr_real_crops\real_0609_line17.png,212451 14 2,0.8934122786991369,c:\file akmal\Capstone - Ai Eng - Spendly_ Workspace\data\Lifestyle\train\images\WhatsApp-Image-2026-05-06-at-16-20-45-3-_jpeg.rf.5a12d0fd9362bc790410f19e4bbfb8b5.jpg,Lifestyle
c:\file akmal\Capstone - Ai Eng - Spendly_ Workspace\data\_ocr_real_crops\real_0614_line06.png,18:45,0.9570810333936481,c:\file akmal\Capstone - Ai Eng - Spendly_ Workspace\data\Lifestyle\train\images\WhatsApp-Image-2026-05-06-at-16-20-48-1-_jpeg.rf.558a9a1fc97923a78ed55a07b4484619.jpg,Lifestyle
c:\file akmal\Capstone - Ai Eng - Spendly_ Workspace\data\_ocr_real_crops\real_0609_line06.png,TRANSMART,0.9996264029271115,c:\file akmal\Capstone - Ai Eng - Spendly_ Workspace\data\Lifestyle\train\images\WhatsApp-Image-2026-05-06-at-16-20-45-3-_jpeg.rf.5a12d0fd9362bc790410f19e4bbfb8b5.jpg,Lifestyle
c:\file akmal\Capstone - Ai Eng - Spendly_ Workspace\data\_ocr_real_crops\real_0626_line00.png,AYANI,0.998878880745226,c:\file akmal\Capstone - Ai Eng - Spendly_ Workspace\data\Lifestyle\valid\images\WhatsApp-Image-2026-05-06-at-16-20-41_jpeg.rf.d061090c65c4f634bb7f5fe9384c2022.jpg,Lifestyle
c:\file akmal\Capstone - Ai Eng - Spendly_ Workspace\data\_ocr_real_crops\real_0591_line15.png,TOTAL RP 698 0oo,0.7195142179774445,c:\file akmal\Capstone - Ai Eng - Spendly_ Workspace\data\Lifestyle\test\images\Screenshot-2026-05-07-000222_png.rf.697ca58a545f786a9921bbbec102a431.jpg,Lifestyle
c:\file akmal\Capstone - Ai Eng - Spendly_ Workspace\data\_ocr_real_crops\real_0618_line08.png,(13),0.999284469224593,c:\file akmal\Capstone - Ai Eng - Spendly_ Workspace\data\Lifestyle\train\images\WhatsApp-Image-2026-05-06-at-16-20-56-1-_jpeg.rf.862c80073a2bdc9ee49ea2f19375e041.jpg,Lifestyle
c:\file akmal\Capstone - Ai Eng - Spendly_ Workspace\data\_ocr_real_crops\real_0602_line15.png,Total RP 598 0oo,0.8603102935646335,c:\file akmal\Capstone - Ai Eng - Spendly_ Workspace\data\Lifestyle\train\images\Screenshot-2026-05-07-000353_png.rf.2baca79fc2fb5ea76115840dcac28714.jpg,Lifestyle
c:\file akmal\Capstone - Ai Eng - Spendly_ Workspace\data\_ocr_real_crops\real_0609_line13.png,TRANSMART,0.9993405446872149,c:\file akmal\Capstone - Ai Eng - Spendly_ Workspace\data\Lifestyle\train\images\WhatsApp-Image-2026-05-06-at-16-20-45-3-_jpeg.rf.5a12d0fd9362bc790410f19e4bbfb8b5.jpg,Lifestyle
c:\file akmal\Capstone - Ai Eng - Spendly_ Workspace\data\_ocr_real_crops\real_0592_line02.png,LEM,0.9930972479522004,c:\file akmal\Capstone - Ai Eng - Spendly_ Workspace\data\Lifestyle\test\images\WhatsApp-Image-2026-05-06-at-16-20-50_jpeg.rf.ca3b49f3017eff80669896b786bd4a33.jpg,Lifestyle
c:\file akmal\Capstone - Ai Eng - Spendly_ Workspace\data\_ocr_real_crops\real_0630_line05.png,cinpolis sinpolis,0.878315773847723,c:\file akmal\Capstone - Ai Eng - Spendly_ Workspace\data\Lifestyle\valid\images\WhatsApp-Image-2026-05-06-at-16-20-57-2-_jpeg.rf.5ef45f40eb5f3cb619adcbdc11f77ddd.jpg,Lifestyle
c:\file akmal\Capstone - Ai Eng - Spendly_ Workspace\data\_ocr_real_crops\real_0618_line00.png,cinpolis cinepolis,0.7374566117921577,c:\file akmal\Capstone - Ai Eng - Spendly_ Workspace\data\Lifestyle\train\images\WhatsApp-Image-2026-05-06-at-16-20-56-1-_jpeg.rf.862c80073a2bdc9ee49ea2f19375e041.jpg,Lifestyle
c:\file akmal\Capstone - Ai Eng - Spendly_ Workspace\data\_ocr_real_crops\real_0594_line15.png,TOTAL Rp 548 o0o,0.7221849215355848,c:\file akmal\Capstone - Ai Eng - Spendly_ Workspace\data\Lifestyle\train\images\Screenshot-2026-05-07-000210_png.rf.dfc326f837324dafce4e36aa8e4cb84b.jpg,Lifestyle
c:\file akmal\Capstone - Ai Eng - Spendly_ Workspace\data\_ocr_real_crops\real_0623_line02.png,DORAEMONZ,0.882565147401778,c:\file akmal\Capstone - Ai Eng - Spendly_ Workspace\data\Lifestyle\train\images\WhatsApp-Image-2026-05-06-at-16-21-00-2-_jpeg.rf.24e18cda920a4b66688995150cde8b16.jpg,Lifestyle
c:\file akmal\Capstone - Ai Eng - Spendly_ Workspace\data\_ocr_real_crops\real_0628_line04.png,CIPLAZ,0.9775687715930813,c:\file akmal\Capstone - Ai Eng - Spendly_ Workspace\data\Lifestyle\valid\images\WhatsApp-Image-2026-05-06-at-16-20-51_jpeg.rf.3630352782683bf7badaffe1fcf86db3.jpg,Lifestyle
c:\file akmal\Capstone - Ai Eng - Spendly_ Workspace\data\_ocr_real_crops\real_0595_line15.png,"TOTAL Rp 498,000",0.7292959149283403,c:\file akmal\Capstone - Ai Eng - Spendly_ Workspace\data\Lifestyle\train\images\Screenshot-2026-05-07-000235_png.rf.0dbe6ce3350a3b070585603ac18a51af.jpg,Lifestyle
c:\file akmal\Capstone - Ai Eng - Spendly_ Workspace\data\_ocr_real_crops\real_0627_line08.png,GARUI,0.969977191649544,c:\file akmal\Capstone - Ai Eng - Spendly_ Workspace\data\Lifestyle\valid\images\WhatsApp-Image-2026-05-06-at-16-20-47_jpeg.rf.2a30261d0231be42129f5b9013b7f725.jpg,Lifestyle
c:\file akmal\Capstone - Ai Eng - Spendly_ Workspace\data\_ocr_real_crops\real_0618_line02.png,(13),0.9443146727582283,c:\file akmal\Capstone - Ai Eng - Spendly_ Workspace\data\Lifestyle\train\images\WhatsApp-Image-2026-05-06-at-16-20-56-1-_jpeg.rf.862c80073a2bdc9ee49ea2f19375e041.jpg,Lifestyle
c:\file akmal\Capstone - Ai Eng - Spendly_ Workspace\data\_ocr_real_crops\real_0624_line02.png,SAYAP-SAYA (2D),0.9913822420668826,c:\file akmal\Capstone - Ai Eng - Spendly_ Workspace\data\Lifestyle\train\images\WhatsApp-Image-2026-05-06-at-16-21-03-1-_jpeg.rf.87759067aba3436eb1ed7df17e89a616.jpg,Lifestyle
c:\file akmal\Capstone - Ai Eng - Spendly_ Workspace\data\_ocr_real_crops\real_0609_line10.png,11:45,0.7271349074058309,c:\file akmal\Capstone - Ai Eng - Spendly_ Workspace\data\Lifestyle\train\images\WhatsApp-Image-2026-05-06-at-16-20-45-3-_jpeg.rf.5a12d0fd9362bc790410f19e4bbfb8b5.jpg,Lifestyle
c:\file akmal\Capstone - Ai Eng - Spendly_ Workspace\data\_ocr_real_crops\real_0618_line01.png,AVATAR 2(30),0.9530209419470479,c:\file akmal\Capstone - Ai Eng - Spendly_ Workspace\data\Lifestyle\train\images\WhatsApp-Image-2026-05-06-at-16-20-56-1-_jpeg.rf.862c80073a2bdc9ee49ea2f19375e041.jpg,Lifestyle
c:\file akmal\Capstone - Ai Eng - Spendly_ Workspace\data\_ocr_real_crops\real_0614_line04.png,TRANSMART,0.8795461962325805,c:\file akmal\Capstone - Ai Eng - Spendly_ Workspace\data\Lifestyle\train\images\WhatsApp-Image-2026-05-06-at-16-20-48-1-_jpeg.rf.558a9a1fc97923a78ed55a07b4484619.jpg,Lifestyle
c:\file akmal\Capstone - Ai Eng - Spendly_ Workspace\data\_ocr_real_crops\real_0615_line03.png,BENCOOLEN,0.8754936886633268,c:\file akmal\Capstone - Ai Eng - Spendly_ Workspace\data\Lifestyle\train\images\WhatsApp-Image-2026-05-06-at-16-20-51-1-_jpeg.rf.ba1ab3aca0c991ab5b9689e101e802ba.jpg,Lifestyle
c:\file akmal\Capstone - Ai Eng - Spendly_ Workspace\data\_ocr_real_crops\real_0605_line01.png,CENTRE POINT,0.8713012200853144,c:\file akmal\Capstone - Ai Eng - Spendly_ Workspace\data\Lifestyle\train\images\WhatsApp-Image-2026-05-06-at-16-20-43-2-_jpeg.rf.6593cd9a06c161a7b08cc664a751e3db.jpg,Lifestyle
c:\file akmal\Capstone - Ai Eng - Spendly_ Workspace\data\_ocr_real_crops\real_0610_line05.png,HOPPERS,0.9619361058547945,c:\file akmal\Capstone - Ai Eng - Spendly_ Workspace\data\Lifestyle\train\images\WhatsApp-Image-2026-05-06-at-16-20-45_jpeg.rf.19ebe38ceb52cc97c9257878cd6c61a1.jpg,Lifestyle
c:\file akmal\Capstone - Ai Eng - Spendly_ Workspace\data\_ocr_real_crops\real_0621_line03.png,13 127,0.9948245582908029,c:\file akmal\Capstone - Ai Eng - Spendly_ Workspace\data\Lifestyle\train\images\WhatsApp-Image-2026-05-06-at-16-20-59_jpeg.rf.0c5c320c8474c16d118e623651f20762.jpg,Lifestyle
c:\file akmal\Capstone - Ai Eng - Spendly_ Workspace\data\_ocr_real_crops\real_0630_line08.png,ciners cinepolis,0.9071079935919808,c:\file akmal\Capstone - Ai Eng - Spendly_ Workspace\data\Lifestyle\valid\images\WhatsApp-Image-2026-05-06-at-16-20-57-2-_jpeg.rf.5ef45f40eb5f3cb619adcbdc11f77ddd.jpg,Lifestyle
c:\file akmal\Capstone - Ai Eng - Spendly_ Workspace\data\_ocr_real_crops\real_0632_line06.png,RP BAYAR RP 203.000,0.994691286546909,c:\file akmal\Capstone - Ai Eng - Spendly_ Workspace\data\Listrik\test\images\IMG-20260503-WA0062_jpg.rf.077072fbd09be91abe6de90682e2c284.jpg,Listrik
c:\file akmal\Capstone - Ai Eng - Spendly_ Workspace\data\_ocr_real_crops\real_0686_line00.png,m-Commerce:,0.9872912704842098,c:\file akmal\Capstone - Ai Eng - Spendly_ Workspace\data\Listrik\valid\images\IMG-20260503-WA0066_jpg.rf.77f706b2d98ede299c96f1ccfa480208.jpg,Listrik
c:\file akmal\Capstone - Ai Eng - Spendly_ Workspace\data\_ocr_real_crops\real_0652_line10.png,Informasi Pembayaran,0.9579870378271518,c:\file akmal\Capstone - Ai Eng - Spendly_ Workspace\data\Listrik\train\images\IMG-20260503-WA0072_jpg.rf.ca44b4afd1460154d63ce11b88175afc.jpg,Listrik
c:\file akmal\Capstone - Ai Eng - Spendly_ Workspace\data\_ocr_real_crops\real_0685_line00.png,m-Commerce:,0.9872912704842098,c:\file akmal\Capstone - Ai Eng - Spendly_ Workspace\data\Listrik\valid\images\IMG-20260503-WA0065_jpg.rf.db3ddff503d2d60f0209bbd6498edfcd.jpg,Listrik
c:\file akmal\Capstone - Ai Eng - Spendly_ Workspace\data\_ocr_real_crops\real_0664_line08.png,Tarit / Daya 1300,0.8157719968350228,c:\file akmal\Capstone - Ai Eng - Spendly_ Workspace\data\Listrik\train\images\pln16_png.rf.7d3dd134e26f9882eacc8bd3f730ef1d.jpg,Listrik
c:\file akmal\Capstone - Ai Eng - Spendly_ Workspace\data\_ocr_real_crops\real_0663_line16.png,jumlahkwh 33.7,0.8314401899604016,c:\file akmal\Capstone - Ai Eng - Spendly_ Workspace\data\Listrik\train\images\pln15_png.rf.a61f4ee8afecc1fa780d1bc08d06e20a.jpg,Listrik
c:\file akmal\Capstone - Ai Eng - Spendly_ Workspace\data\_ocr_real_crops\real_0633_line06.png,RP BAYAR RP 503.000,0.9917224547728744,c:\file akmal\Capstone - Ai Eng - Spendly_ Workspace\data\Listrik\test\images\IMG-20260503-WA0067_jpg.rf.475ee93dd64f79d60f0ebefb418a25ff.jpg,Listrik
c:\file akmal\Capstone - Ai Eng - Spendly_ Workspace\data\_ocr_real_crops\real_0659_line19.png,INCENTIVE,0.9985908867815803,c:\file akmal\Capstone - Ai Eng - Spendly_ Workspace\data\Listrik\train\images\pln10_png.rf.4d1c2bd54896ca7bda1fd8798e8b0647.jpg,Listrik
c:\file akmal\Capstone - Ai Eng - Spendly_ Workspace\data\_ocr_real_crops\real_0656_line01.png,Rincian Pesanan,0.8631083872640618,c:\file akmal\Capstone - Ai Eng - Spendly_ Workspace\data\Listrik\train\images\IMG-20260503-WA0077_jpg.rf.e2aed2f0d221dfc89e969133ca0babab.jpg,Listrik
c:\file akmal\Capstone - Ai Eng - Spendly_ Workspace\data\_ocr_real_crops\real_0668_line08.png,NAMA MULYADI,0.9977470761180356,c:\file akmal\Capstone - Ai Eng - Spendly_ Workspace\data\Listrik\train\images\pln1_png.rf.d8aeedbd61efa590604240d51f99fa80.jpg,Listrik
c:\file akmal\Capstone - Ai Eng - Spendly_ Workspace\data\_ocr_real_crops\real_0676_line01.png,Invoice Listrik PLN,0.9989793374305889,c:\file akmal\Capstone - Ai Eng - Spendly_ Workspace\data\Listrik\train\images\pln9_png.rf.9ab0d770ff7e5131eb06494c626c4510.jpg,Listrik
c:\file akmal\Capstone - Ai Eng - Spendly_ Workspace\data\_ocr_real_crops\real_0674_line11.png,"Malerai Rp 0,00",0.8817122485559485,c:\file akmal\Capstone - Ai Eng - Spendly_ Workspace\data\Listrik\train\images\pln7_png.rf.b1770fcb376ab8916d588aaaed66e114.jpg,Listrik
c:\file akmal\Capstone - Ai Eng - Spendly_ Workspace\data\_ocr_real_crops\real_0668_line00.png,tokopedia,0.9997411004015518,c:\file akmal\Capstone - Ai Eng - Spendly_ Workspace\data\Listrik\train\images\pln1_png.rf.d8aeedbd61efa590604240d51f99fa80.jpg,Listrik
c:\file akmal\Capstone - Ai Eng - Spendly_ Workspace\data\_ocr_real_crops\real_0655_line02.png,Token PN 500.000,0.9023525913006408,c:\file akmal\Capstone - Ai Eng - Spendly_ Workspace\data\Listrik\train\images\IMG-20260503-WA0076_jpg.rf.266f89ddc67cd3a57c8b86988cd8f9b6.jpg,Listrik
c:\file akmal\Capstone - Ai Eng - Spendly_ Workspace\data\_ocr_real_crops\real_0675_line08.png,Tarit / Daya 1300,0.8046265142823129,c:\file akmal\Capstone - Ai Eng - Spendly_ Workspace\data\Listrik\train\images\pln8_png.rf.4b58c8d3791eb11175c14702db95173c.jpg,Listrik
c:\file akmal\Capstone - Ai Eng - Spendly_ Workspace\data\_ocr_real_crops\real_0673_line14.png,Biaya Admin Rps 800,0.75163564410759,c:\file akmal\Capstone - Ai Eng - Spendly_ Workspace\data\Listrik\train\images\pln6_png.rf.58ea6f9391a3aff513ced71b71245893.jpg,Listrik
c:\file akmal\Capstone - Ai Eng - Spendly_ Workspace\data\_ocr_real_crops\real_0682_line02.png,Rpsoooo,0.9257456212017429,c:\file akmal\Capstone - Ai Eng - Spendly_ Workspace\data\Listrik\train\images\WhatsApp-Image-2026-05-05-at-10-54-09-3-_jpeg.rf.cc4c60db4b9528a0be6f66719144a89d.jpg,Listrik
c:\file akmal\Capstone - Ai Eng - Spendly_ Workspace\data\_ocr_real_crops\real_0634_line03.png,PLN PRABAYAR,0.9973804972477676,c:\file akmal\Capstone - Ai Eng - Spendly_ Workspace\data\Listrik\test\images\IMG-20260503-WA0069_jpg.rf.b30254a2e724e504bc915ee5a93df855.jpg,Listrik
c:\file akmal\Capstone - Ai Eng - Spendly_ Workspace\data\_ocr_real_crops\real_0648_line03.png,PLN PRABAYAR,0.9973804972477676,c:\file akmal\Capstone - Ai Eng - Spendly_ Workspace\data\Listrik\train\images\IMG-20260503-WA0060_jpg.rf.5fd1cfcd46c0704951a9eb3031addf6b.jpg,Listrik
c:\file akmal\Capstone - Ai Eng - Spendly_ Workspace\data\_ocr_real_crops\real_0676_line11.png,"Malerai Rp 0,00",0.8284596806448328,c:\file akmal\Capstone - Ai Eng - Spendly_ Workspace\data\Listrik\train\images\pln9_png.rf.9ab0d770ff7e5131eb06494c626c4510.jpg,Listrik
c:\file akmal\Capstone - Ai Eng - Spendly_ Workspace\data\_ocr_real_crops\real_0662_line01.png,Invoice Listrik PLN,0.9392718130739343,c:\file akmal\Capstone - Ai Eng - Spendly_ Workspace\data\Listrik\train\images\pln14_png.rf.3c7bc094fa6c3cef886127508d97455e.jpg,Listrik
c:\file akmal\Capstone - Ai Eng - Spendly_ Workspace\data\_ocr_real_crops\real_0689_line01.png,Rincian Pesanan,0.8830373330662225,c:\file akmal\Capstone - Ai Eng - Spendly_ Workspace\data\Listrik\valid\images\IMG-20260503-WA0073_jpg.rf.93dacc0658c28fdc955f3be8ef8cdb72.jpg,Listrik
c:\file akmal\Capstone - Ai Eng - Spendly_ Workspace\data\_ocr_real_crops\real_0690_line01.png,Rincian Pesanan,0.856149105736875,c:\file akmal\Capstone - Ai Eng - Spendly_ Workspace\data\Listrik\valid\images\IMG-20260503-WA0078_jpg.rf.7eac917278014ce36da51cc93298e1d7.jpg,Listrik
c:\file akmal\Capstone - Ai Eng - Spendly_ Workspace\data\_ocr_real_crops\real_0685_line08.png,TOKEN 5574,0.9298596965838399,c:\file akmal\Capstone - Ai Eng - Spendly_ Workspace\data\Listrik\valid\images\IMG-20260503-WA0065_jpg.rf.db3ddff503d2d60f0209bbd6498edfcd.jpg,Listrik
c:\file akmal\Capstone - Ai Eng - Spendly_ Workspace\data\_ocr_real_crops\real_0669_line12.png,enda Rpo,0.9313293487358363,c:\file akmal\Capstone - Ai Eng - Spendly_ Workspace\data\Listrik\train\images\pln20_jpeg.rf.bc9377116889bb36d744bbc405ba9aaa.jpg,Listrik
c:\file akmal\Capstone - Ai Eng - Spendly_ Workspace\data\_ocr_real_crops\real_0663_line00.png,tokopedia,0.9998426375468952,c:\file akmal\Capstone - Ai Eng - Spendly_ Workspace\data\Listrik\train\images\pln15_png.rf.a61f4ee8afecc1fa780d1bc08d06e20a.jpg,Listrik
c:\file akmal\Capstone - Ai Eng - Spendly_ Workspace\data\_ocr_real_crops\real_0636_line09.png,sumber dapa,0.7481813538670173,c:\file akmal\Capstone - Ai Eng - Spendly_ Workspace\data\Listrik\test\images\WhatsApp-Image-2026-05-05-at-10-54-09-1-_jpeg.rf.1f979b9ce06d15cc01ffb17ae69b58ae.jpg,Listrik
c:\file akmal\Capstone - Ai Eng - Spendly_ Workspace\data\_ocr_real_crops\real_0635_line18.png,Metode Pembayaran,0.7639226366915802,c:\file akmal\Capstone - Ai Eng - Spendly_ Workspace\data\Listrik\test\images\pln2_png.rf.3af8d625081d36ac243f8d1a93e73917.jpg,Listrik
c:\file akmal\Capstone - Ai Eng - Spendly_ Workspace\data\_ocr_real_crops\real_0674_line19.png,Blaye Admnin Ap3 100,0.7045157533109163,c:\file akmal\Capstone - Ai Eng - Spendly_ Workspace\data\Listrik\train\images\pln7_png.rf.b1770fcb376ab8916d588aaaed66e114.jpg,Listrik
c:\file akmal\Capstone - Ai Eng - Spendly_ Workspace\data\_ocr_real_crops\real_0633_line08.png,TOKEN 2726 1449,0.9834505119985373,c:\file akmal\Capstone - Ai Eng - Spendly_ Workspace\data\Listrik\test\images\IMG-20260503-WA0067_jpg.rf.475ee93dd64f79d60f0ebefb418a25ff.jpg,Listrik
c:\file akmal\Capstone - Ai Eng - Spendly_ Workspace\data\_ocr_real_crops\real_0649_line11.png,42634E99O7BC9OA1,0.9112389419215328,c:\file akmal\Capstone - Ai Eng - Spendly_ Workspace\data\Listrik\train\images\IMG-20260503-WA0063_jpg.rf.527daaebb684c7eb6e5efebc4e8c6d6d.jpg,Listrik
c:\file akmal\Capstone - Ai Eng - Spendly_ Workspace\data\_ocr_real_crops\real_0667_line14.png,Angsuran Rp 0.00,0.8913040010364977,c:\file akmal\Capstone - Ai Eng - Spendly_ Workspace\data\Listrik\train\images\pln19_png.rf.229a4acd3bec0467eb9f3f70a3c0397c.jpg,Listrik
c:\file akmal\Capstone - Ai Eng - Spendly_ Workspace\data\_ocr_real_crops\real_0671_line11.png,BL/ TH JUL25,0.9496929102442415,c:\file akmal\Capstone - Ai Eng - Spendly_ Workspace\data\Listrik\train\images\pln4_png.rf.757ca8a83da32b7c09eac8be4231e075.jpg,Listrik
c:\file akmal\Capstone - Ai Eng - Spendly_ Workspace\data\_ocr_real_crops\real_0661_line01.png,Invoice Listrik PLN,0.8725276345273569,c:\file akmal\Capstone - Ai Eng - Spendly_ Workspace\data\Listrik\train\images\pln12_png.rf.976e941179925f3f34705db75b39d83a.jpg,Listrik
c:\file akmal\Capstone - Ai Eng - Spendly_ Workspace\data\_ocr_real_crops\real_0653_line06.png,Nana Pelanggan,0.7988548780849909,c:\file akmal\Capstone - Ai Eng - Spendly_ Workspace\data\Listrik\train\images\IMG-20260503-WA0074_jpg.rf.3fdf79c29e993fc51fb57f9efebb3c70.jpg,Listrik
c:\file akmal\Capstone - Ai Eng - Spendly_ Workspace\data\_ocr_real_crops\real_0687_line03.png,PLN PRABAYAR,0.764477903055209,c:\file akmal\Capstone - Ai Eng - Spendly_ Workspace\data\Listrik\valid\images\IMG-20260503-WA0068_jpg.rf.2a1c74ac1bf55c8e0911d28fd4269827.jpg,Listrik
c:\file akmal\Capstone - Ai Eng - Spendly_ Workspace\data\_ocr_real_crops\real_0674_line12.png,PPN Rp 0.00,0.8997832326190562,c:\file akmal\Capstone - Ai Eng - Spendly_ Workspace\data\Listrik\train\images\pln7_png.rf.b1770fcb376ab8916d588aaaed66e114.jpg,Listrik
c:\file akmal\Capstone - Ai Eng - Spendly_ Workspace\data\_ocr_real_crops\real_0670_line01.png,Invoice Listrik PLN,0.8020712064551542,c:\file akmal\Capstone - Ai Eng - Spendly_ Workspace\data\Listrik\train\images\pln3_png.rf.8408cc96c6dcc6f4775e2605db4fc4e8.jpg,Listrik
c:\file akmal\Capstone - Ai Eng - Spendly_ Workspace\data\_ocr_real_crops\real_0662_line00.png,tokopedia,0.9996088758103874,c:\file akmal\Capstone - Ai Eng - Spendly_ Workspace\data\Listrik\train\images\pln14_png.rf.3c7bc094fa6c3cef886127508d97455e.jpg,Listrik
c:\file akmal\Capstone - Ai Eng - Spendly_ Workspace\data\_ocr_real_crops\real_0659_line16.png,Tagihan 437022,0.9944335943709666,c:\file akmal\Capstone - Ai Eng - Spendly_ Workspace\data\Listrik\train\images\pln10_png.rf.4d1c2bd54896ca7bda1fd8798e8b0647.jpg,Listrik
c:\file akmal\Capstone - Ai Eng - Spendly_ Workspace\data\_ocr_real_crops\real_0662_line11.png,"Maleral Rp 0,00",0.7954644370405404,c:\file akmal\Capstone - Ai Eng - Spendly_ Workspace\data\Listrik\train\images\pln14_png.rf.3c7bc094fa6c3cef886127508d97455e.jpg,Listrik
c:\file akmal\Capstone - Ai Eng - Spendly_ Workspace\data\_ocr_real_crops\real_0686_line06.png,RP BAYAR RP 103.000,0.976804972851652,c:\file akmal\Capstone - Ai Eng - Spendly_ Workspace\data\Listrik\valid\images\IMG-20260503-WA0066_jpg.rf.77f706b2d98ede299c96f1ccfa480208.jpg,Listrik
c:\file akmal\Capstone - Ai Eng - Spendly_ Workspace\data\_ocr_real_crops\real_0650_line11.png,619956E345F36834,0.7485729535621238,c:\file akmal\Capstone - Ai Eng - Spendly_ Workspace\data\Listrik\train\images\IMG-20260503-WA0064_jpg.rf.4fd9c0902ad79c47f41602700ddad999.jpg,Listrik
c:\file akmal\Capstone - Ai Eng - Spendly_ Workspace\data\_ocr_real_crops\real_0658_line01.png,Rincian Pesanan,0.8468960025003138,c:\file akmal\Capstone - Ai Eng - Spendly_ Workspace\data\Listrik\train\images\IMG-20260503-WA0080_jpg.rf.9a64037d34f1291c9927d300a08f55cb.jpg,Listrik
c:\file akmal\Capstone - Ai Eng - Spendly_ Workspace\data\_ocr_real_crops\real_0672_line01.png,Invoice Listrik PLN,0.9968170905954168,c:\file akmal\Capstone - Ai Eng - Spendly_ Workspace\data\Listrik\train\images\pln5_png.rf.f83cb7e4698d40d990e9ed4dc2db7cca.jpg,Listrik
c:\file akmal\Capstone - Ai Eng - Spendly_ Workspace\data\_ocr_real_crops\real_0663_line13.png,"PPJ Rp 4.546,00",0.7548483806607484,c:\file akmal\Capstone - Ai Eng - Spendly_ Workspace\data\Listrik\train\images\pln15_png.rf.a61f4ee8afecc1fa780d1bc08d06e20a.jpg,Listrik
c:\file akmal\Capstone - Ai Eng - Spendly_ Workspace\data\_ocr_real_crops\real_0666_line08.png,NAMA MULYADI,0.9359927691017069,c:\file akmal\Capstone - Ai Eng - Spendly_ Workspace\data\Listrik\train\images\pln18_png.rf.58e78e0688e4db0d744b3fdbd18f190f.jpg,Listrik
c:\file akmal\Capstone - Ai Eng - Spendly_ Workspace\data\_ocr_real_crops\real_0661_line11.png,BL/ TH JAN26,0.9147304801963123,c:\file akmal\Capstone - Ai Eng - Spendly_ Workspace\data\Listrik\train\images\pln12_png.rf.976e941179925f3f34705db75b39d83a.jpg,Listrik
c:\file akmal\Capstone - Ai Eng - Spendly_ Workspace\data\_ocr_real_crops\real_0666_line10.png,BUTH APR26,0.8131957794170106,c:\file akmal\Capstone - Ai Eng - Spendly_ Workspace\data\Listrik\train\images\pln18_png.rf.58e78e0688e4db0d744b3fdbd18f190f.jpg,Listrik
c:\file akmal\Capstone - Ai Eng - Spendly_ Workspace\data\_ocr_real_crops\real_0667_line11.png,"Materal Pp 0,00",0.8811272313072345,c:\file akmal\Capstone - Ai Eng - Spendly_ Workspace\data\Listrik\train\images\pln19_png.rf.229a4acd3bec0467eb9f3f70a3c0397c.jpg,Listrik
c:\file akmal\Capstone - Ai Eng - Spendly_ Workspace\data\_ocr_real_crops\real_0647_line00.png,m-Commerce: 5,0.9933346069853605,c:\file akmal\Capstone - Ai Eng - Spendly_ Workspace\data\Listrik\train\images\IMG-20260503-WA0059_jpg.rf.e021cdbed0d637853057f95bc6dda820.jpg,Listrik
c:\file akmal\Capstone - Ai Eng - Spendly_ Workspace\data\_ocr_real_crops\real_0635_line11.png,BL/ TH MAY25,0.8397633012722562,c:\file akmal\Capstone - Ai Eng - Spendly_ Workspace\data\Listrik\test\images\pln2_png.rf.3af8d625081d36ac243f8d1a93e73917.jpg,Listrik
c:\file akmal\Capstone - Ai Eng - Spendly_ Workspace\data\_ocr_real_crops\real_0653_line02.png,Token PlN 20.000,0.7008615641289756,c:\file akmal\Capstone - Ai Eng - Spendly_ Workspace\data\Listrik\train\images\IMG-20260503-WA0074_jpg.rf.3fdf79c29e993fc51fb57f9efebb3c70.jpg,Listrik
c:\file akmal\Capstone - Ai Eng - Spendly_ Workspace\data\_ocr_real_crops\real_0665_line00.png,tokopedia,0.9964961096871497,c:\file akmal\Capstone - Ai Eng - Spendly_ Workspace\data\Listrik\train\images\pln17_png.rf.ab10e1be38b8e2bc65c0133edac7bb90.jpg,Listrik
c:\file akmal\Capstone - Ai Eng - Spendly_ Workspace\data\_ocr_real_crops\real_0636_line08.png,surabaya (Kota),0.9679172806535459,c:\file akmal\Capstone - Ai Eng - Spendly_ Workspace\data\Listrik\test\images\WhatsApp-Image-2026-05-05-at-10-54-09-1-_jpeg.rf.1f979b9ce06d15cc01ffb17ae69b58ae.jpg,Listrik
c:\file akmal\Capstone - Ai Eng - Spendly_ Workspace\data\_ocr_real_crops\real_0634_line06.png,RP BAYAR RP 503.000,0.9917224547728744,c:\file akmal\Capstone - Ai Eng - Spendly_ Workspace\data\Listrik\test\images\IMG-20260503-WA0069_jpg.rf.b30254a2e724e504bc915ee5a93df855.jpg,Listrik
c:\file akmal\Capstone - Ai Eng - Spendly_ Workspace\data\_ocr_real_crops\real_0676_line12.png,PPN Rp 0.00,0.7348330658379456,c:\file akmal\Capstone - Ai Eng - Spendly_ Workspace\data\Listrik\train\images\pln9_png.rf.9ab0d770ff7e5131eb06494c626c4510.jpg,Listrik
c:\file akmal\Capstone - Ai Eng - Spendly_ Workspace\data\_ocr_real_crops\real_0661_line14.png,Biaya Admin Ap3.800,0.9003993540556032,c:\file akmal\Capstone - Ai Eng - Spendly_ Workspace\data\Listrik\train\images\pln12_png.rf.976e941179925f3f34705db75b39d83a.jpg,Listrik
c:\file akmal\Capstone - Ai Eng - Spendly_ Workspace\data\_ocr_real_crops\real_0673_line00.png,tokopedia,0.9990547648227144,c:\file akmal\Capstone - Ai Eng - Spendly_ Workspace\data\Listrik\train\images\pln6_png.rf.58ea6f9391a3aff513ced71b71245893.jpg,Listrik
c:\file akmal\Capstone - Ai Eng - Spendly_ Workspace\data\_ocr_real_crops\real_0653_line01.png,Rincian Pesanan,0.9600638970243548,c:\file akmal\Capstone - Ai Eng - Spendly_ Workspace\data\Listrik\train\images\IMG-20260503-WA0074_jpg.rf.3fdf79c29e993fc51fb57f9efebb3c70.jpg,Listrik
c:\file akmal\Capstone - Ai Eng - Spendly_ Workspace\data\_ocr_real_crops\real_0631_line10.png,REF 9503120260224180,0.7766659914214366,c:\file akmal\Capstone - Ai Eng - Spendly_ Workspace\data\Listrik\test\images\IMG-20260503-WA0061_jpg.rf.6500653f9bc657c9e4c8497c641a66eb.jpg,Listrik
c:\file akmal\Capstone - Ai Eng - Spendly_ Workspace\data\_ocr_real_crops\real_0667_line09.png,Taril Daya RM9OO,0.8265417947613249,c:\file akmal\Capstone - Ai Eng - Spendly_ Workspace\data\Listrik\train\images\pln19_png.rf.229a4acd3bec0467eb9f3f70a3c0397c.jpg,Listrik
c:\file akmal\Capstone - Ai Eng - Spendly_ Workspace\data\_ocr_real_crops\real_0650_line03.png,PLN PRABAYAR,0.764477903055209,c:\file akmal\Capstone - Ai Eng - Spendly_ Workspace\data\Listrik\train\images\IMG-20260503-WA0064_jpg.rf.4fd9c0902ad79c47f41602700ddad999.jpg,Listrik
c:\file akmal\Capstone - Ai Eng - Spendly_ Workspace\data\_ocr_real_crops\real_0686_line03.png,PLN PRABAYAR,0.764477903055209,c:\file akmal\Capstone - Ai Eng - Spendly_ Workspace\data\Listrik\valid\images\IMG-20260503-WA0066_jpg.rf.77f706b2d98ede299c96f1ccfa480208.jpg,Listrik
c:\file akmal\Capstone - Ai Eng - Spendly_ Workspace\data\_ocr_real_crops\real_0674_line14.png,Angsuran Rp 0.00,0.9716979825313252,c:\file akmal\Capstone - Ai Eng - Spendly_ Workspace\data\Listrik\train\images\pln7_png.rf.b1770fcb376ab8916d588aaaed66e114.jpg,Listrik
c:\file akmal\Capstone - Ai Eng - Spendly_ Workspace\data\_ocr_real_crops\real_0667_line12.png,PPN Rp 0.00,0.7496583350783494,c:\file akmal\Capstone - Ai Eng - Spendly_ Workspace\data\Listrik\train\images\pln19_png.rf.229a4acd3bec0467eb9f3f70a3c0397c.jpg,Listrik
c:\file akmal\Capstone - Ai Eng - Spendly_ Workspace\data\_ocr_real_crops\real_0652_line02.png,Token PN 200.000,0.8781498524957794,c:\file akmal\Capstone - Ai Eng - Spendly_ Workspace\data\Listrik\train\images\IMG-20260503-WA0072_jpg.rf.ca44b4afd1460154d63ce11b88175afc.jpg,Listrik
c:\file akmal\Capstone - Ai Eng - Spendly_ Workspace\data\_ocr_real_crops\real_0663_line12.png,"PPN Pp 0,00",0.791664291217901,c:\file akmal\Capstone - Ai Eng - Spendly_ Workspace\data\Listrik\train\images\pln15_png.rf.a61f4ee8afecc1fa780d1bc08d06e20a.jpg,Listrik
c:\file akmal\Capstone - Ai Eng - Spendly_ Workspace\data\_ocr_real_crops\real_0676_line00.png,tokopedia,0.9967572612488544,c:\file akmal\Capstone - Ai Eng - Spendly_ Workspace\data\Listrik\train\images\pln9_png.rf.9ab0d770ff7e5131eb06494c626c4510.jpg,Listrik
c:\file akmal\Capstone - Ai Eng - Spendly_ Workspace\data\_ocr_real_crops\real_0636_line14.png,Total Rp8o275,0.8220628317311722,c:\file akmal\Capstone - Ai Eng - Spendly_ Workspace\data\Listrik\test\images\WhatsApp-Image-2026-05-05-at-10-54-09-1-_jpeg.rf.1f979b9ce06d15cc01ffb17ae69b58ae.jpg,Listrik
c:\file akmal\Capstone - Ai Eng - Spendly_ Workspace\data\_ocr_real_crops\real_0633_line00.png,m-Commerce:,0.9872912704842098,c:\file akmal\Capstone - Ai Eng - Spendly_ Workspace\data\Listrik\test\images\IMG-20260503-WA0067_jpg.rf.475ee93dd64f79d60f0ebefb418a25ff.jpg,Listrik
c:\file akmal\Capstone - Ai Eng - Spendly_ Workspace\data\_ocr_real_crops\real_0646_line03.png,PLN PRABAYAR,0.9973804972477676,c:\file akmal\Capstone - Ai Eng - Spendly_ Workspace\data\Listrik\train\images\IMG-20260503-WA0056_jpg.rf.85b70d42262490ee130e32e1efc37d5d.jpg,Listrik
c:\file akmal\Capstone - Ai Eng - Spendly_ Workspace\data\_ocr_real_crops\real_0636_line07.png,Akhishop,0.9668362473912355,c:\file akmal\Capstone - Ai Eng - Spendly_ Workspace\data\Listrik\test\images\WhatsApp-Image-2026-05-05-at-10-54-09-1-_jpeg.rf.1f979b9ce06d15cc01ffb17ae69b58ae.jpg,Listrik
c:\file akmal\Capstone - Ai Eng - Spendly_ Workspace\data\_ocr_real_crops\real_0647_line11.png,86F,0.9995399156116505,c:\file akmal\Capstone - Ai Eng - Spendly_ Workspace\data\Listrik\train\images\IMG-20260503-WA0059_jpg.rf.e021cdbed0d637853057f95bc6dda820.jpg,Listrik
c:\file akmal\Capstone - Ai Eng - Spendly_ Workspace\data\_ocr_real_crops\real_0659_line07.png,Nama MULYADI,0.9567251111318178,c:\file akmal\Capstone - Ai Eng - Spendly_ Workspace\data\Listrik\train\images\pln10_png.rf.4d1c2bd54896ca7bda1fd8798e8b0647.jpg,Listrik
c:\file akmal\Capstone - Ai Eng - Spendly_ Workspace\data\_ocr_real_crops\real_0662_line09.png,"Taril , Daya RiM9OO",0.7692568541887309,c:\file akmal\Capstone - Ai Eng - Spendly_ Workspace\data\Listrik\train\images\pln14_png.rf.3c7bc094fa6c3cef886127508d97455e.jpg,Listrik
c:\file akmal\Capstone - Ai Eng - Spendly_ Workspace\data\_ocr_real_crops\real_0668_line10.png,AP TAG PLN Ap4o2 060,0.781613104289511,c:\file akmal\Capstone - Ai Eng - Spendly_ Workspace\data\Listrik\train\images\pln1_png.rf.d8aeedbd61efa590604240d51f99fa80.jpg,Listrik
c:\file akmal\Capstone - Ai Eng - Spendly_ Workspace\data\_ocr_real_crops\real_0649_line00.png,m-Commerce:,0.9872912704842098,c:\file akmal\Capstone - Ai Eng - Spendly_ Workspace\data\Listrik\train\images\IMG-20260503-WA0063_jpg.rf.527daaebb684c7eb6e5efebc4e8c6d6d.jpg,Listrik
c:\file akmal\Capstone - Ai Eng - Spendly_ Workspace\data\_ocr_real_crops\real_0665_line01.png,Invoice Listrik PLN,0.8511571573699668,c:\file akmal\Capstone - Ai Eng - Spendly_ Workspace\data\Listrik\train\images\pln17_png.rf.ab10e1be38b8e2bc65c0133edac7bb90.jpg,Listrik
c:\file akmal\Capstone - Ai Eng - Spendly_ Workspace\data\_ocr_real_crops\real_0674_line13.png,"PPJ Rp 9.091,00",0.8814786148500722,c:\file akmal\Capstone - Ai Eng - Spendly_ Workspace\data\Listrik\train\images\pln7_png.rf.b1770fcb376ab8916d588aaaed66e114.jpg,Listrik
c:\file akmal\Capstone - Ai Eng - Spendly_ Workspace\data\_ocr_real_crops\real_0656_line03.png,Nomnor Token,0.703694305407088,c:\file akmal\Capstone - Ai Eng - Spendly_ Workspace\data\Listrik\train\images\IMG-20260503-WA0077_jpg.rf.e2aed2f0d221dfc89e969133ca0babab.jpg,Listrik
c:\file akmal\Capstone - Ai Eng - Spendly_ Workspace\data\_ocr_real_crops\real_0647_line08.png,TOKEN 3677,0.9999306624623735,c:\file akmal\Capstone - Ai Eng - Spendly_ Workspace\data\Listrik\train\images\IMG-20260503-WA0059_jpg.rf.e021cdbed0d637853057f95bc6dda820.jpg,Listrik
c:\file akmal\Capstone - Ai Eng - Spendly_ Workspace\data\_ocr_real_crops\real_0669_line16.png,pembayaran Yang sah,0.7710682280216619,c:\file akmal\Capstone - Ai Eng - Spendly_ Workspace\data\Listrik\train\images\pln20_jpeg.rf.bc9377116889bb36d744bbc405ba9aaa.jpg,Listrik
c:\file akmal\Capstone - Ai Eng - Spendly_ Workspace\data\_ocr_real_crops\real_0657_line10.png,Informasi Pembayaran,0.9726693224640808,c:\file akmal\Capstone - Ai Eng - Spendly_ Workspace\data\Listrik\train\images\IMG-20260503-WA0079_jpg.rf.ab4179b05bb18da2d99d83256553c292.jpg,Listrik
c:\file akmal\Capstone - Ai Eng - Spendly_ Workspace\data\_ocr_real_crops\real_0666_line07.png,IDPEL 523031081164,0.9974250550711372,c:\file akmal\Capstone - Ai Eng - Spendly_ Workspace\data\Listrik\train\images\pln18_png.rf.58e78e0688e4db0d744b3fdbd18f190f.jpg,Listrik
c:\file akmal\Capstone - Ai Eng - Spendly_ Workspace\data\_ocr_real_crops\real_0635_line19.png,BCA Virtual Account,0.9507779917515408,c:\file akmal\Capstone - Ai Eng - Spendly_ Workspace\data\Listrik\test\images\pln2_png.rf.3af8d625081d36ac243f8d1a93e73917.jpg,Listrik
c:\file akmal\Capstone - Ai Eng - Spendly_ Workspace\data\_ocr_real_crops\real_0668_line01.png,Invoice Listrik PLN,0.9833880528333075,c:\file akmal\Capstone - Ai Eng - Spendly_ Workspace\data\Listrik\train\images\pln1_png.rf.d8aeedbd61efa590604240d51f99fa80.jpg,Listrik
c:\file akmal\Capstone - Ai Eng - Spendly_ Workspace\data\_ocr_real_crops\real_0663_line19.png,Biaya Admin Rp 600,0.8829396258609996,c:\file akmal\Capstone - Ai Eng - Spendly_ Workspace\data\Listrik\train\images\pln15_png.rf.a61f4ee8afecc1fa780d1bc08d06e20a.jpg,Listrik
c:\file akmal\Capstone - Ai Eng - Spendly_ Workspace\data\_ocr_real_crops\real_0666_line00.png,tokopedia,0.9997966186106785,c:\file akmal\Capstone - Ai Eng - Spendly_ Workspace\data\Listrik\train\images\pln18_png.rf.58e78e0688e4db0d744b3fdbd18f190f.jpg,Listrik
c:\file akmal\Capstone - Ai Eng - Spendly_ Workspace\data\_ocr_real_crops\real_0631_line03.png,PLN PRABAYAR,0.9973804972477676,c:\file akmal\Capstone - Ai Eng - Spendly_ Workspace\data\Listrik\test\images\IMG-20260503-WA0061_jpg.rf.6500653f9bc657c9e4c8497c641a66eb.jpg,Listrik
c:\file akmal\Capstone - Ai Eng - Spendly_ Workspace\data\_ocr_real_crops\real_0657_line01.png,Rincian Pesanan,0.9770058446847836,c:\file akmal\Capstone - Ai Eng - Spendly_ Workspace\data\Listrik\train\images\IMG-20260503-WA0079_jpg.rf.ab4179b05bb18da2d99d83256553c292.jpg,Listrik
c:\file akmal\Capstone - Ai Eng - Spendly_ Workspace\data\_ocr_real_crops\real_0648_line06.png,RP BAYAR RP 203.000,0.9947126123586285,c:\file akmal\Capstone - Ai Eng - Spendly_ Workspace\data\Listrik\train\images\IMG-20260503-WA0060_jpg.rf.5fd1cfcd46c0704951a9eb3031addf6b.jpg,Listrik
c:\file akmal\Capstone - Ai Eng - Spendly_ Workspace\data\_ocr_real_crops\real_0671_line16.png,TOPED Api.600,0.7317886927061898,c:\file akmal\Capstone - Ai Eng - Spendly_ Workspace\data\Listrik\train\images\pln4_png.rf.757ca8a83da32b7c09eac8be4231e075.jpg,Listrik
c:\file akmal\Capstone - Ai Eng - Spendly_ Workspace\data\_ocr_real_crops\real_0664_line14.png,Biaya Admin Rp3 800,0.7712199192906481,c:\file akmal\Capstone - Ai Eng - Spendly_ Workspace\data\Listrik\train\images\pln16_png.rf.7d3dd134e26f9882eacc8bd3f730ef1d.jpg,Listrik
c:\file akmal\Capstone - Ai Eng - Spendly_ Workspace\data\_ocr_real_crops\real_0660_line08.png,Tarif / Daya 1300,0.8386555842823279,c:\file akmal\Capstone - Ai Eng - Spendly_ Workspace\data\Listrik\train\images\pln11_png.rf.3d7b80c8cf38a9a28fbf9bd515551f70.jpg,Listrik
c:\file akmal\Capstone - Ai Eng - Spendly_ Workspace\data\_ocr_real_crops\real_0659_line17.png,Penalty,0.9991991005660791,c:\file akmal\Capstone - Ai Eng - Spendly_ Workspace\data\Listrik\train\images\pln10_png.rf.4d1c2bd54896ca7bda1fd8798e8b0647.jpg,Listrik
c:\file akmal\Capstone - Ai Eng - Spendly_ Workspace\data\_ocr_real_crops\real_0668_line07.png,IDPEL 523031081164,0.9973760035219268,c:\file akmal\Capstone - Ai Eng - Spendly_ Workspace\data\Listrik\train\images\pln1_png.rf.d8aeedbd61efa590604240d51f99fa80.jpg,Listrik
c:\file akmal\Capstone - Ai Eng - Spendly_ Workspace\data\_ocr_real_crops\real_0646_line06.png,RP BAYAR RP 203.000,0.9946910336740687,c:\file akmal\Capstone - Ai Eng - Spendly_ Workspace\data\Listrik\train\images\IMG-20260503-WA0056_jpg.rf.85b70d42262490ee130e32e1efc37d5d.jpg,Listrik
c:\file akmal\Capstone - Ai Eng - Spendly_ Workspace\data\_ocr_real_crops\real_0687_line06.png,RP BAYAR RP 503.000,0.9947233801907492,c:\file akmal\Capstone - Ai Eng - Spendly_ Workspace\data\Listrik\valid\images\IMG-20260503-WA0068_jpg.rf.2a1c74ac1bf55c8e0911d28fd4269827.jpg,Listrik
c:\file akmal\Capstone - Ai Eng - Spendly_ Workspace\data\_ocr_real_crops\real_0650_line12.png,3D2,0.9788619222141555,c:\file akmal\Capstone - Ai Eng - Spendly_ Workspace\data\Listrik\train\images\IMG-20260503-WA0064_jpg.rf.4fd9c0902ad79c47f41602700ddad999.jpg,Listrik
c:\file akmal\Capstone - Ai Eng - Spendly_ Workspace\data\_ocr_real_crops\real_0635_line00.png,tokopedia,0.9945313036959735,c:\file akmal\Capstone - Ai Eng - Spendly_ Workspace\data\Listrik\test\images\pln2_png.rf.3af8d625081d36ac243f8d1a93e73917.jpg,Listrik
c:\file akmal\Capstone - Ai Eng - Spendly_ Workspace\data\_ocr_real_crops\real_0667_line19.png,Biaya Admin Rp3 100,0.7412358096440087,c:\file akmal\Capstone - Ai Eng - Spendly_ Workspace\data\Listrik\train\images\pln19_png.rf.229a4acd3bec0467eb9f3f70a3c0397c.jpg,Listrik
c:\file akmal\Capstone - Ai Eng - Spendly_ Workspace\data\_ocr_real_crops\real_0663_line21.png,PROMOTERUS Rpsoo,0.8109612674473686,c:\file akmal\Capstone - Ai Eng - Spendly_ Workspace\data\Listrik\train\images\pln15_png.rf.a61f4ee8afecc1fa780d1bc08d06e20a.jpg,Listrik
c:\file akmal\Capstone - Ai Eng - Spendly_ Workspace\data\_ocr_real_crops\real_0646_line00.png,m-Commerce:,0.9872912704842098,c:\file akmal\Capstone - Ai Eng - Spendly_ Workspace\data\Listrik\train\images\IMG-20260503-WA0056_jpg.rf.85b70d42262490ee130e32e1efc37d5d.jpg,Listrik
c:\file akmal\Capstone - Ai Eng - Spendly_ Workspace\data\_ocr_real_crops\real_0632_line11.png,6E21,0.9388225472845557,c:\file akmal\Capstone - Ai Eng - Spendly_ Workspace\data\Listrik\test\images\IMG-20260503-WA0062_jpg.rf.077072fbd09be91abe6de90682e2c284.jpg,Listrik
c:\file akmal\Capstone - Ai Eng - Spendly_ Workspace\data\_ocr_real_crops\real_0688_line10.png,Informasi Pembayaran,0.9776564907359496,c:\file akmal\Capstone - Ai Eng - Spendly_ Workspace\data\Listrik\valid\images\IMG-20260503-WA0070_jpg.rf.c18cb5564661fc311d32a3e64f85e3a5.jpg,Listrik
c:\file akmal\Capstone - Ai Eng - Spendly_ Workspace\data\_ocr_real_crops\real_0675_line14.png,Biaya Admin Rp3 800,0.9286687277676602,c:\file akmal\Capstone - Ai Eng - Spendly_ Workspace\data\Listrik\train\images\pln8_png.rf.4b58c8d3791eb11175c14702db95173c.jpg,Listrik
c:\file akmal\Capstone - Ai Eng - Spendly_ Workspace\data\_ocr_real_crops\real_0631_line12.png,8187,0.9999997615814209,c:\file akmal\Capstone - Ai Eng - Spendly_ Workspace\data\Listrik\test\images\IMG-20260503-WA0061_jpg.rf.6500653f9bc657c9e4c8497c641a66eb.jpg,Listrik
c:\file akmal\Capstone - Ai Eng - Spendly_ Workspace\data\_ocr_real_crops\real_0636_line03.png,Rp8o.275,0.8288489685795373,c:\file akmal\Capstone - Ai Eng - Spendly_ Workspace\data\Listrik\test\images\WhatsApp-Image-2026-05-05-at-10-54-09-1-_jpeg.rf.1f979b9ce06d15cc01ffb17ae69b58ae.jpg,Listrik
c:\file akmal\Capstone - Ai Eng - Spendly_ Workspace\data\_ocr_real_crops\real_0667_line00.png,tokopedia,0.9992777394295451,c:\file akmal\Capstone - Ai Eng - Spendly_ Workspace\data\Listrik\train\images\pln19_png.rf.229a4acd3bec0467eb9f3f70a3c0397c.jpg,Listrik
c:\file akmal\Capstone - Ai Eng - Spendly_ Workspace\data\_ocr_real_crops\real_0687_line08.png,TOKEN 3140 5868,0.9996505306850644,c:\file akmal\Capstone - Ai Eng - Spendly_ Workspace\data\Listrik\valid\images\IMG-20260503-WA0068_jpg.rf.2a1c74ac1bf55c8e0911d28fd4269827.jpg,Listrik
c:\file akmal\Capstone - Ai Eng - Spendly_ Workspace\data\_ocr_real_crops\real_0668_line20.png,Metode Pembayaran,0.998730051854028,c:\file akmal\Capstone - Ai Eng - Spendly_ Workspace\data\Listrik\train\images\pln1_png.rf.d8aeedbd61efa590604240d51f99fa80.jpg,Listrik
c:\file akmal\Capstone - Ai Eng - Spendly_ Workspace\data\_ocr_real_crops\real_0631_line09.png,TOKEN 3332 9264,0.8692281430143396,c:\file akmal\Capstone - Ai Eng - Spendly_ Workspace\data\Listrik\test\images\IMG-20260503-WA0061_jpg.rf.6500653f9bc657c9e4c8497c641a66eb.jpg,Listrik
c:\file akmal\Capstone - Ai Eng - Spendly_ Workspace\data\_ocr_real_crops\real_0640_line01.png,Rp101.650,0.7079162462875325,c:\file akmal\Capstone - Ai Eng - Spendly_ Workspace\data\Listrik\train\images\IMG-20260503-WA0026_jpg.rf.e82130cf3386ff4e80ac04f890578721.jpg,Listrik
c:\file akmal\Capstone - Ai Eng - Spendly_ Workspace\data\_ocr_real_crops\real_0664_line00.png,tokopedia,0.9977431672295191,c:\file akmal\Capstone - Ai Eng - Spendly_ Workspace\data\Listrik\train\images\pln16_png.rf.7d3dd134e26f9882eacc8bd3f730ef1d.jpg,Listrik
c:\file akmal\Capstone - Ai Eng - Spendly_ Workspace\data\_ocr_real_crops\real_0670_line14.png,Biaya Admin Rp3 800,0.9242853316679035,c:\file akmal\Capstone - Ai Eng - Spendly_ Workspace\data\Listrik\train\images\pln3_png.rf.8408cc96c6dcc6f4775e2605db4fc4e8.jpg,Listrik
c:\file akmal\Capstone - Ai Eng - Spendly_ Workspace\data\_ocr_real_crops\real_0665_line11.png,BL/ TH MAR26,0.9047709258567972,c:\file akmal\Capstone - Ai Eng - Spendly_ Workspace\data\Listrik\train\images\pln17_png.rf.ab10e1be38b8e2bc65c0133edac7bb90.jpg,Listrik
c:\file akmal\Capstone - Ai Eng - Spendly_ Workspace\data\_ocr_real_crops\real_0670_line08.png,Tarif / Daya 1300,0.9038724592407892,c:\file akmal\Capstone - Ai Eng - Spendly_ Workspace\data\Listrik\train\images\pln3_png.rf.8408cc96c6dcc6f4775e2605db4fc4e8.jpg,Listrik
c:\file akmal\Capstone - Ai Eng - Spendly_ Workspace\data\_ocr_real_crops\real_0663_line22.png,Total Bayar Rp52,0.9741745284129042,c:\file akmal\Capstone - Ai Eng - Spendly_ Workspace\data\Listrik\train\images\pln15_png.rf.a61f4ee8afecc1fa780d1bc08d06e20a.jpg,Listrik
c:\file akmal\Capstone - Ai Eng - Spendly_ Workspace\data\_ocr_real_crops\real_0632_line08.png,TOKEN 0400 1784,0.9583739545822336,c:\file akmal\Capstone - Ai Eng - Spendly_ Workspace\data\Listrik\test\images\IMG-20260503-WA0062_jpg.rf.077072fbd09be91abe6de90682e2c284.jpg,Listrik
c:\file akmal\Capstone - Ai Eng - Spendly_ Workspace\data\_ocr_real_crops\real_0651_line01.png,Rincian Pesanan,0.8888837921512552,c:\file akmal\Capstone - Ai Eng - Spendly_ Workspace\data\Listrik\train\images\IMG-20260503-WA0071_jpg.rf.125701ed7a0f31056a21e10be897d0e5.jpg,Listrik
c:\file akmal\Capstone - Ai Eng - Spendly_ Workspace\data\_ocr_real_crops\real_0666_line01.png,Invoice Listrik PLN,0.9280599341274797,c:\file akmal\Capstone - Ai Eng - Spendly_ Workspace\data\Listrik\train\images\pln18_png.rf.58e78e0688e4db0d744b3fdbd18f190f.jpg,Listrik
c:\file akmal\Capstone - Ai Eng - Spendly_ Workspace\data\_ocr_real_crops\real_0671_line00.png,tokopedia,0.9995579628379629,c:\file akmal\Capstone - Ai Eng - Spendly_ Workspace\data\Listrik\train\images\pln4_png.rf.757ca8a83da32b7c09eac8be4231e075.jpg,Listrik
c:\file akmal\Capstone - Ai Eng - Spendly_ Workspace\data\_ocr_real_crops\real_0675_line00.png,tokopedia,0.9983968268077104,c:\file akmal\Capstone - Ai Eng - Spendly_ Workspace\data\Listrik\train\images\pln8_png.rf.4b58c8d3791eb11175c14702db95173c.jpg,Listrik
c:\file akmal\Capstone - Ai Eng - Spendly_ Workspace\data\_ocr_real_crops\real_0631_line00.png,m-Commerce:,0.9872912704842098,c:\file akmal\Capstone - Ai Eng - Spendly_ Workspace\data\Listrik\test\images\IMG-20260503-WA0061_jpg.rf.6500653f9bc657c9e4c8497c641a66eb.jpg,Listrik
c:\file akmal\Capstone - Ai Eng - Spendly_ Workspace\data\_ocr_real_crops\real_0685_line02.png,30/01/2026,0.9790884009514321,c:\file akmal\Capstone - Ai Eng - Spendly_ Workspace\data\Listrik\valid\images\IMG-20260503-WA0065_jpg.rf.db3ddff503d2d60f0209bbd6498edfcd.jpg,Listrik
c:\file akmal\Capstone - Ai Eng - Spendly_ Workspace\data\_ocr_real_crops\real_0672_line11.png,BL/ TH AUG25,0.9397657658839471,c:\file akmal\Capstone - Ai Eng - Spendly_ Workspace\data\Listrik\train\images\pln5_png.rf.f83cb7e4698d40d990e9ed4dc2db7cca.jpg,Listrik
c:\file akmal\Capstone - Ai Eng - Spendly_ Workspace\data\_ocr_real_crops\real_0653_line10.png,Informasipembayaran,0.7382048980550874,c:\file akmal\Capstone - Ai Eng - Spendly_ Workspace\data\Listrik\train\images\IMG-20260503-WA0074_jpg.rf.3fdf79c29e993fc51fb57f9efebb3c70.jpg,Listrik
c:\file akmal\Capstone - Ai Eng - Spendly_ Workspace\data\_ocr_real_crops\real_0673_line01.png,Invoice Listrik PLN,0.85040423804017,c:\file akmal\Capstone - Ai Eng - Spendly_ Workspace\data\Listrik\train\images\pln6_png.rf.58ea6f9391a3aff513ced71b71245893.jpg,Listrik
c:\file akmal\Capstone - Ai Eng - Spendly_ Workspace\data\_ocr_real_crops\real_0652_line01.png,Rincian Pesanan,0.979237302350386,c:\file akmal\Capstone - Ai Eng - Spendly_ Workspace\data\Listrik\train\images\IMG-20260503-WA0072_jpg.rf.ca44b4afd1460154d63ce11b88175afc.jpg,Listrik
c:\file akmal\Capstone - Ai Eng - Spendly_ Workspace\data\_ocr_real_crops\real_0648_line02.png,26/02/2026,0.9999900078261522,c:\file akmal\Capstone - Ai Eng - Spendly_ Workspace\data\Listrik\train\images\IMG-20260503-WA0060_jpg.rf.5fd1cfcd46c0704951a9eb3031addf6b.jpg,Listrik
c:\file akmal\Capstone - Ai Eng - Spendly_ Workspace\data\_ocr_real_crops\real_0667_line16.png,jumlahkwh 134.5,0.9894891617143016,c:\file akmal\Capstone - Ai Eng - Spendly_ Workspace\data\Listrik\train\images\pln19_png.rf.229a4acd3bec0467eb9f3f70a3c0397c.jpg,Listrik
c:\file akmal\Capstone - Ai Eng - Spendly_ Workspace\data\_ocr_real_crops\real_0647_line06.png,RP BAYAR RP 203.000,0.9922236405801931,c:\file akmal\Capstone - Ai Eng - Spendly_ Workspace\data\Listrik\train\images\IMG-20260503-WA0059_jpg.rf.e021cdbed0d637853057f95bc6dda820.jpg,Listrik
c:\file akmal\Capstone - Ai Eng - Spendly_ Workspace\data\_ocr_real_crops\real_0665_line15.png,Blaya Admin Rp3 800,0.8584072310834285,c:\file akmal\Capstone - Ai Eng - Spendly_ Workspace\data\Listrik\train\images\pln17_png.rf.ab10e1be38b8e2bc65c0133edac7bb90.jpg,Listrik
c:\file akmal\Capstone - Ai Eng - Spendly_ Workspace\data\_ocr_real_crops\real_0635_line08.png,Taril  Daya 1300,0.8062198252752298,c:\file akmal\Capstone - Ai Eng - Spendly_ Workspace\data\Listrik\test\images\pln2_png.rf.3af8d625081d36ac243f8d1a93e73917.jpg,Listrik
c:\file akmal\Capstone - Ai Eng - Spendly_ Workspace\data\_ocr_real_crops\real_0676_line13.png,"PPJ Rp 9.091,00",0.8564718648894825,c:\file akmal\Capstone - Ai Eng - Spendly_ Workspace\data\Listrik\train\images\pln9_png.rf.9ab0d770ff7e5131eb06494c626c4510.jpg,Listrik
c:\file akmal\Capstone - Ai Eng - Spendly_ Workspace\data\_ocr_real_crops\real_0671_line01.png,Invoice Listrik PLN,0.7513033074665291,c:\file akmal\Capstone - Ai Eng - Spendly_ Workspace\data\Listrik\train\images\pln4_png.rf.757ca8a83da32b7c09eac8be4231e075.jpg,Listrik
c:\file akmal\Capstone - Ai Eng - Spendly_ Workspace\data\_ocr_real_crops\real_0659_line00.png,tokopedia,0.9998441079099536,c:\file akmal\Capstone - Ai Eng - Spendly_ Workspace\data\Listrik\train\images\pln10_png.rf.4d1c2bd54896ca7bda1fd8798e8b0647.jpg,Listrik
c:\file akmal\Capstone - Ai Eng - Spendly_ Workspace\data\_ocr_real_crops\real_0647_line03.png,PLN PRABAYAR,0.764477903055209,c:\file akmal\Capstone - Ai Eng - Spendly_ Workspace\data\Listrik\train\images\IMG-20260503-WA0059_jpg.rf.e021cdbed0d637853057f95bc6dda820.jpg,Listrik
c:\file akmal\Capstone - Ai Eng - Spendly_ Workspace\data\_ocr_real_crops\real_0690_line10.png,Infornasi Pembayaran,0.8058378997522115,c:\file akmal\Capstone - Ai Eng - Spendly_ Workspace\data\Listrik\valid\images\IMG-20260503-WA0078_jpg.rf.7eac917278014ce36da51cc93298e1d7.jpg,Listrik
c:\file akmal\Capstone - Ai Eng - Spendly_ Workspace\data\_ocr_real_crops\real_0648_line08.png,TOKEN 3245 4706,0.9533549034474371,c:\file akmal\Capstone - Ai Eng - Spendly_ Workspace\data\Listrik\train\images\IMG-20260503-WA0060_jpg.rf.5fd1cfcd46c0704951a9eb3031addf6b.jpg,Listrik
c:\file akmal\Capstone - Ai Eng - Spendly_ Workspace\data\_ocr_real_crops\real_0661_line08.png,Tarit Daya A1 / 1300,0.7497823197455743,c:\file akmal\Capstone - Ai Eng - Spendly_ Workspace\data\Listrik\train\images\pln12_png.rf.976e941179925f3f34705db75b39d83a.jpg,Listrik
c:\file akmal\Capstone - Ai Eng - Spendly_ Workspace\data\_ocr_real_crops\real_0672_line14.png,Biaya Admin Ap3 800,0.82272130854439,c:\file akmal\Capstone - Ai Eng - Spendly_ Workspace\data\Listrik\train\images\pln5_png.rf.f83cb7e4698d40d990e9ed4dc2db7cca.jpg,Listrik
c:\file akmal\Capstone - Ai Eng - Spendly_ Workspace\data\_ocr_real_crops\real_0648_line00.png,m-Commerce:,0.9872912704842098,c:\file akmal\Capstone - Ai Eng - Spendly_ Workspace\data\Listrik\train\images\IMG-20260503-WA0060_jpg.rf.5fd1cfcd46c0704951a9eb3031addf6b.jpg,Listrik
c:\file akmal\Capstone - Ai Eng - Spendly_ Workspace\data\_ocr_real_crops\real_0669_line00.png,ShopeePay Invoice,0.9271622375452144,c:\file akmal\Capstone - Ai Eng - Spendly_ Workspace\data\Listrik\train\images\pln20_jpeg.rf.bc9377116889bb36d744bbc405ba9aaa.jpg,Listrik
c:\file akmal\Capstone - Ai Eng - Spendly_ Workspace\data\_ocr_real_crops\real_0631_line07.png,RP BAYAR RP 103.000,0.8617781153498791,c:\file akmal\Capstone - Ai Eng - Spendly_ Workspace\data\Listrik\test\images\IMG-20260503-WA0061_jpg.rf.6500653f9bc657c9e4c8497c641a66eb.jpg,Listrik
c:\file akmal\Capstone - Ai Eng - Spendly_ Workspace\data\_ocr_real_crops\real_0663_line01.png,Invoice Listrik PLN,0.9830814755575475,c:\file akmal\Capstone - Ai Eng - Spendly_ Workspace\data\Listrik\train\images\pln15_png.rf.a61f4ee8afecc1fa780d1bc08d06e20a.jpg,Listrik
c:\file akmal\Capstone - Ai Eng - Spendly_ Workspace\data\_ocr_real_crops\real_0649_line07.png,RP BAYAR RP 103.000,0.8617783682227195,c:\file akmal\Capstone - Ai Eng - Spendly_ Workspace\data\Listrik\train\images\IMG-20260503-WA0063_jpg.rf.527daaebb684c7eb6e5efebc4e8c6d6d.jpg,Listrik
c:\file akmal\Capstone - Ai Eng - Spendly_ Workspace\data\_ocr_real_crops\real_0667_line01.png,Invoice Listrik PLN,0.9779263369000581,c:\file akmal\Capstone - Ai Eng - Spendly_ Workspace\data\Listrik\train\images\pln19_png.rf.229a4acd3bec0467eb9f3f70a3c0397c.jpg,Listrik
c:\file akmal\Capstone - Ai Eng - Spendly_ Workspace\data\_ocr_real_crops\real_0685_line03.png,PLN PRABAYAR,0.764477903055209,c:\file akmal\Capstone - Ai Eng - Spendly_ Workspace\data\Listrik\valid\images\IMG-20260503-WA0065_jpg.rf.db3ddff503d2d60f0209bbd6498edfcd.jpg,Listrik
c:\file akmal\Capstone - Ai Eng - Spendly_ Workspace\data\_ocr_real_crops\real_0674_line01.png,Invoice Llstrik PLN,0.7646813585528872,c:\file akmal\Capstone - Ai Eng - Spendly_ Workspace\data\Listrik\train\images\pln7_png.rf.b1770fcb376ab8916d588aaaed66e114.jpg,Listrik
c:\file akmal\Capstone - Ai Eng - Spendly_ Workspace\data\_ocr_real_crops\real_0686_line02.png,14/01/2026,0.9957969801300665,c:\file akmal\Capstone - Ai Eng - Spendly_ Workspace\data\Listrik\valid\images\IMG-20260503-WA0066_jpg.rf.77f706b2d98ede299c96f1ccfa480208.jpg,Listrik
c:\file akmal\Capstone - Ai Eng - Spendly_ Workspace\data\_ocr_real_crops\real_0648_line10.png,554067D29441D51F,0.9094474173593959,c:\file akmal\Capstone - Ai Eng - Spendly_ Workspace\data\Listrik\train\images\IMG-20260503-WA0060_jpg.rf.5fd1cfcd46c0704951a9eb3031addf6b.jpg,Listrik
c:\file akmal\Capstone - Ai Eng - Spendly_ Workspace\data\_ocr_real_crops\real_0658_line03.png,Nomnor Token,0.703694305407088,c:\file akmal\Capstone - Ai Eng - Spendly_ Workspace\data\Listrik\train\images\IMG-20260503-WA0080_jpg.rf.9a64037d34f1291c9927d300a08f55cb.jpg,Listrik
c:\file akmal\Capstone - Ai Eng - Spendly_ Workspace\data\_ocr_real_crops\real_0646_line02.png,25/04/2026,0.9999891054494755,c:\file akmal\Capstone - Ai Eng - Spendly_ Workspace\data\Listrik\train\images\IMG-20260503-WA0056_jpg.rf.85b70d42262490ee130e32e1efc37d5d.jpg,Listrik
c:\file akmal\Capstone - Ai Eng - Spendly_ Workspace\data\_ocr_real_crops\real_0632_line00.png,m-Commerce: 2,0.99358877402768,c:\file akmal\Capstone - Ai Eng - Spendly_ Workspace\data\Listrik\test\images\IMG-20260503-WA0062_jpg.rf.077072fbd09be91abe6de90682e2c284.jpg,Listrik
c:\file akmal\Capstone - Ai Eng - Spendly_ Workspace\data\_ocr_real_crops\real_0663_line14.png,"Angsuran Rp 0,00",0.8984675033215566,c:\file akmal\Capstone - Ai Eng - Spendly_ Workspace\data\Listrik\train\images\pln15_png.rf.a61f4ee8afecc1fa780d1bc08d06e20a.jpg,Listrik
c:\file akmal\Capstone - Ai Eng - Spendly_ Workspace\data\_ocr_real_crops\real_0660_line11.png,BL/ TH DEC25,0.9678392537571276,c:\file akmal\Capstone - Ai Eng - Spendly_ Workspace\data\Listrik\train\images\pln11_png.rf.3d7b80c8cf38a9a28fbf9bd515551f70.jpg,Listrik
c:\file akmal\Capstone - Ai Eng - Spendly_ Workspace\data\_ocr_real_crops\real_0659_line09.png,Jumlah Tagihan,0.8765102994746512,c:\file akmal\Capstone - Ai Eng - Spendly_ Workspace\data\Listrik\train\images\pln10_png.rf.4d1c2bd54896ca7bda1fd8798e8b0647.jpg,Listrik
c:\file akmal\Capstone - Ai Eng - Spendly_ Workspace\data\_ocr_real_crops\real_0676_line19.png,Biaya Admin Rp3.100,0.8959162177793111,c:\file akmal\Capstone - Ai Eng - Spendly_ Workspace\data\Listrik\train\images\pln9_png.rf.9ab0d770ff7e5131eb06494c626c4510.jpg,Listrik
c:\file akmal\Capstone - Ai Eng - Spendly_ Workspace\data\_ocr_real_crops\real_0685_line06.png,RP BAYAR RP 103.000,0.8617781153498791,c:\file akmal\Capstone - Ai Eng - Spendly_ Workspace\data\Listrik\valid\images\IMG-20260503-WA0065_jpg.rf.db3ddff503d2d60f0209bbd6498edfcd.jpg,Listrik
c:\file akmal\Capstone - Ai Eng - Spendly_ Workspace\data\_ocr_real_crops\real_0660_line01.png,Invoice Listrik PLN,0.927941480434504,c:\file akmal\Capstone - Ai Eng - Spendly_ Workspace\data\Listrik\train\images\pln11_png.rf.3d7b80c8cf38a9a28fbf9bd515551f70.jpg,Listrik
c:\file akmal\Capstone - Ai Eng - Spendly_ Workspace\data\_ocr_real_crops\real_0632_line03.png,PLN PRABAYAR,0.764477903055209,c:\file akmal\Capstone - Ai Eng - Spendly_ Workspace\data\Listrik\test\images\IMG-20260503-WA0062_jpg.rf.077072fbd09be91abe6de90682e2c284.jpg,Listrik
c:\file akmal\Capstone - Ai Eng - Spendly_ Workspace\data\_ocr_real_crops\real_0633_line02.png,03/01/2026,0.9999794764350886,c:\file akmal\Capstone - Ai Eng - Spendly_ Workspace\data\Listrik\test\images\IMG-20260503-WA0067_jpg.rf.475ee93dd64f79d60f0ebefb418a25ff.jpg,Listrik
c:\file akmal\Capstone - Ai Eng - Spendly_ Workspace\data\_ocr_real_crops\real_0650_line10.png,REF 9503120260203065,0.9924523792958607,c:\file akmal\Capstone - Ai Eng - Spendly_ Workspace\data\Listrik\train\images\IMG-20260503-WA0064_jpg.rf.4fd9c0902ad79c47f41602700ddad999.jpg,Listrik
c:\file akmal\Capstone - Ai Eng - Spendly_ Workspace\data\_ocr_real_crops\real_0676_line08.png,Nama Customer SUYONO,0.9969073464775681,c:\file akmal\Capstone - Ai Eng - Spendly_ Workspace\data\Listrik\train\images\pln9_png.rf.9ab0d770ff7e5131eb06494c626c4510.jpg,Listrik
c:\file akmal\Capstone - Ai Eng - Spendly_ Workspace\data\_ocr_real_crops\real_0666_line18.png,PLN Terdekat,0.8623223407156562,c:\file akmal\Capstone - Ai Eng - Spendly_ Workspace\data\Listrik\train\images\pln18_png.rf.58e78e0688e4db0d744b3fdbd18f190f.jpg,Listrik
c:\file akmal\Capstone - Ai Eng - Spendly_ Workspace\data\_ocr_real_crops\real_0633_line09.png,REF 9503120260103070,0.9916850618093013,c:\file akmal\Capstone - Ai Eng - Spendly_ Workspace\data\Listrik\test\images\IMG-20260503-WA0067_jpg.rf.475ee93dd64f79d60f0ebefb418a25ff.jpg,Listrik
c:\file akmal\Capstone - Ai Eng - Spendly_ Workspace\data\_ocr_real_crops\real_0673_line11.png,BL / TH SEP25,0.8054989612977106,c:\file akmal\Capstone - Ai Eng - Spendly_ Workspace\data\Listrik\train\images\pln6_png.rf.58ea6f9391a3aff513ced71b71245893.jpg,Listrik
c:\file akmal\Capstone - Ai Eng - Spendly_ Workspace\data\_ocr_real_crops\real_0655_line01.png,Rincian Pesanan,0.8888837921512552,c:\file akmal\Capstone - Ai Eng - Spendly_ Workspace\data\Listrik\train\images\IMG-20260503-WA0076_jpg.rf.266f89ddc67cd3a57c8b86988cd8f9b6.jpg,Listrik
c:\file akmal\Capstone - Ai Eng - Spendly_ Workspace\data\_ocr_real_crops\real_0688_line01.png,Rincian Pesanan,0.8501674585551726,c:\file akmal\Capstone - Ai Eng - Spendly_ Workspace\data\Listrik\valid\images\IMG-20260503-WA0070_jpg.rf.c18cb5564661fc311d32a3e64f85e3a5.jpg,Listrik
c:\file akmal\Capstone - Ai Eng - Spendly_ Workspace\data\_ocr_real_crops\real_0667_line08.png,Nama Customer SUYONO,0.982299580121702,c:\file akmal\Capstone - Ai Eng - Spendly_ Workspace\data\Listrik\train\images\pln19_png.rf.229a4acd3bec0467eb9f3f70a3c0397c.jpg,Listrik
c:\file akmal\Capstone - Ai Eng - Spendly_ Workspace\data\_ocr_real_crops\real_0675_line01.png,Invoice Listrik PLN,0.9962047211704758,c:\file akmal\Capstone - Ai Eng - Spendly_ Workspace\data\Listrik\train\images\pln8_png.rf.4b58c8d3791eb11175c14702db95173c.jpg,Listrik
c:\file akmal\Capstone - Ai Eng - Spendly_ Workspace\data\_ocr_real_crops\real_0685_line10.png,457703CFEA24BEO5,0.7982031655626604,c:\file akmal\Capstone - Ai Eng - Spendly_ Workspace\data\Listrik\valid\images\IMG-20260503-WA0065_jpg.rf.db3ddff503d2d60f0209bbd6498edfcd.jpg,Listrik
c:\file akmal\Capstone - Ai Eng - Spendly_ Workspace\data\_ocr_real_crops\real_0651_line10.png,Informasi Pembayaran,0.9490569020970683,c:\file akmal\Capstone - Ai Eng - Spendly_ Workspace\data\Listrik\train\images\IMG-20260503-WA0071_jpg.rf.125701ed7a0f31056a21e10be897d0e5.jpg,Listrik
c:\file akmal\Capstone - Ai Eng - Spendly_ Workspace\data\_ocr_real_crops\real_0649_line09.png,TOKEN 8862 7405,0.9821610707462466,c:\file akmal\Capstone - Ai Eng - Spendly_ Workspace\data\Listrik\train\images\IMG-20260503-WA0063_jpg.rf.527daaebb684c7eb6e5efebc4e8c6d6d.jpg,Listrik
c:\file akmal\Capstone - Ai Eng - Spendly_ Workspace\data\_ocr_real_crops\real_0663_line09.png,Tanl Daya RMigoo,0.7497901747745596,c:\file akmal\Capstone - Ai Eng - Spendly_ Workspace\data\Listrik\train\images\pln15_png.rf.a61f4ee8afecc1fa780d1bc08d06e20a.jpg,Listrik
c:\file akmal\Capstone - Ai Eng - Spendly_ Workspace\data\_ocr_real_crops\real_0648_line11.png,78F,0.9987500268762076,c:\file akmal\Capstone - Ai Eng - Spendly_ Workspace\data\Listrik\train\images\IMG-20260503-WA0060_jpg.rf.5fd1cfcd46c0704951a9eb3031addf6b.jpg,Listrik
c:\file akmal\Capstone - Ai Eng - Spendly_ Workspace\data\_ocr_real_crops\real_0674_line16.png,jumlahkwh 67.3,0.7009609048803809,c:\file akmal\Capstone - Ai Eng - Spendly_ Workspace\data\Listrik\train\images\pln7_png.rf.b1770fcb376ab8916d588aaaed66e114.jpg,Listrik
c:\file akmal\Capstone - Ai Eng - Spendly_ Workspace\data\_ocr_real_crops\real_0689_line10.png,Infornasi Pembayaran,0.8280320158423013,c:\file akmal\Capstone - Ai Eng - Spendly_ Workspace\data\Listrik\valid\images\IMG-20260503-WA0073_jpg.rf.93dacc0658c28fdc955f3be8ef8cdb72.jpg,Listrik
c:\file akmal\Capstone - Ai Eng - Spendly_ Workspace\data\_ocr_real_crops\real_0674_line08.png,Nama Customer SUYONO,0.9863601688120807,c:\file akmal\Capstone - Ai Eng - Spendly_ Workspace\data\Listrik\train\images\pln7_png.rf.b1770fcb376ab8916d588aaaed66e114.jpg,Listrik
c:\file akmal\Capstone - Ai Eng - Spendly_ Workspace\data\_ocr_real_crops\real_0650_line09.png,TOKEN 6580,0.999941981685248,c:\file akmal\Capstone - Ai Eng - Spendly_ Workspace\data\Listrik\train\images\IMG-20260503-WA0064_jpg.rf.4fd9c0902ad79c47f41602700ddad999.jpg,Listrik
c:\file akmal\Capstone - Ai Eng - Spendly_ Workspace\data\_ocr_real_crops\real_0648_line09.png,REF 9503120260226014,0.7679038203433103,c:\file akmal\Capstone - Ai Eng - Spendly_ Workspace\data\Listrik\train\images\IMG-20260503-WA0060_jpg.rf.5fd1cfcd46c0704951a9eb3031addf6b.jpg,Listrik
c:\file akmal\Capstone - Ai Eng - Spendly_ Workspace\data\_ocr_real_crops\real_0660_line00.png,tokopedia,0.9988133962829383,c:\file akmal\Capstone - Ai Eng - Spendly_ Workspace\data\Listrik\train\images\pln11_png.rf.3d7b80c8cf38a9a28fbf9bd515551f70.jpg,Listrik
c:\file akmal\Capstone - Ai Eng - Spendly_ Workspace\data\_ocr_real_crops\real_0634_line10.png,OO9I2EFE4EBF4554,0.8024878204467231,c:\file akmal\Capstone - Ai Eng - Spendly_ Workspace\data\Listrik\test\images\IMG-20260503-WA0069_jpg.rf.b30254a2e724e504bc915ee5a93df855.jpg,Listrik
c:\file akmal\Capstone - Ai Eng - Spendly_ Workspace\data\_ocr_real_crops\real_0650_line07.png,RP BAYAR RP 103.000,0.8617781153498791,c:\file akmal\Capstone - Ai Eng - Spendly_ Workspace\data\Listrik\train\images\IMG-20260503-WA0064_jpg.rf.4fd9c0902ad79c47f41602700ddad999.jpg,Listrik
c:\file akmal\Capstone - Ai Eng - Spendly_ Workspace\data\_ocr_real_crops\real_0672_line00.png,tokopedia,0.999323174063391,c:\file akmal\Capstone - Ai Eng - Spendly_ Workspace\data\Listrik\train\images\pln5_png.rf.f83cb7e4698d40d990e9ed4dc2db7cca.jpg,Listrik
c:\file akmal\Capstone - Ai Eng - Spendly_ Workspace\data\_ocr_real_crops\real_0687_line10.png,0582421ADF38C311,0.950742663287693,c:\file akmal\Capstone - Ai Eng - Spendly_ Workspace\data\Listrik\valid\images\IMG-20260503-WA0068_jpg.rf.2a1c74ac1bf55c8e0911d28fd4269827.jpg,Listrik
c:\file akmal\Capstone - Ai Eng - Spendly_ Workspace\data\_ocr_real_crops\real_0676_line14.png,"Angsuran Ap 0,00",0.8491932358907819,c:\file akmal\Capstone - Ai Eng - Spendly_ Workspace\data\Listrik\train\images\pln9_png.rf.9ab0d770ff7e5131eb06494c626c4510.jpg,Listrik
c:\file akmal\Capstone - Ai Eng - Spendly_ Workspace\data\_ocr_real_crops\real_0666_line15.png,pembayaran yang sah,0.9705466752233365,c:\file akmal\Capstone - Ai Eng - Spendly_ Workspace\data\Listrik\train\images\pln18_png.rf.58e78e0688e4db0d744b3fdbd18f190f.jpg,Listrik
c:\file akmal\Capstone - Ai Eng - Spendly_ Workspace\data\_ocr_real_crops\real_0646_line08.png,TOKEN 0550,0.9998656281352907,c:\file akmal\Capstone - Ai Eng - Spendly_ Workspace\data\Listrik\train\images\IMG-20260503-WA0056_jpg.rf.85b70d42262490ee130e32e1efc37d5d.jpg,Listrik
c:\file akmal\Capstone - Ai Eng - Spendly_ Workspace\data\_ocr_real_crops\real_0671_line08.png,Tart / Daya 1300,0.7245296576234499,c:\file akmal\Capstone - Ai Eng - Spendly_ Workspace\data\Listrik\train\images\pln4_png.rf.757ca8a83da32b7c09eac8be4231e075.jpg,Listrik
c:\file akmal\Capstone - Ai Eng - Spendly_ Workspace\data\_ocr_real_crops\real_0686_line08.png,TOKEN 3999,0.9724740097793508,c:\file akmal\Capstone - Ai Eng - Spendly_ Workspace\data\Listrik\valid\images\IMG-20260503-WA0066_jpg.rf.77f706b2d98ede299c96f1ccfa480208.jpg,Listrik
c:\file akmal\Capstone - Ai Eng - Spendly_ Workspace\data\_ocr_real_crops\real_0631_line02.png,24/02/2026,0.9999906510473472,c:\file akmal\Capstone - Ai Eng - Spendly_ Workspace\data\Listrik\test\images\IMG-20260503-WA0061_jpg.rf.6500653f9bc657c9e4c8497c641a66eb.jpg,Listrik
c:\file akmal\Capstone - Ai Eng - Spendly_ Workspace\data\_ocr_real_crops\real_0649_line03.png,PLN PRABAYAR,0.764477903055209,c:\file akmal\Capstone - Ai Eng - Spendly_ Workspace\data\Listrik\train\images\IMG-20260503-WA0063_jpg.rf.527daaebb684c7eb6e5efebc4e8c6d6d.jpg,Listrik
c:\file akmal\Capstone - Ai Eng - Spendly_ Workspace\data\_ocr_real_crops\real_0669_line13.png,Blaya dmin Rpo,0.7324401558988602,c:\file akmal\Capstone - Ai Eng - Spendly_ Workspace\data\Listrik\train\images\pln20_jpeg.rf.bc9377116889bb36d744bbc405ba9aaa.jpg,Listrik
c:\file akmal\Capstone - Ai Eng - Spendly_ Workspace\data\_ocr_real_crops\real_0666_line16.png,Biaya Admin Ap3 800,0.7820076334806192,c:\file akmal\Capstone - Ai Eng - Spendly_ Workspace\data\Listrik\train\images\pln18_png.rf.58e78e0688e4db0d744b3fdbd18f190f.jpg,Listrik
c:\file akmal\Capstone - Ai Eng - Spendly_ Workspace\data\_ocr_real_crops\real_0670_line00.png,tokopedia,0.9988776076938267,c:\file akmal\Capstone - Ai Eng - Spendly_ Workspace\data\Listrik\train\images\pln3_png.rf.8408cc96c6dcc6f4775e2605db4fc4e8.jpg,Listrik
c:\file akmal\Capstone - Ai Eng - Spendly_ Workspace\data\_ocr_real_crops\real_0662_line14.png,"Angsuran Ap 0,00",0.8806006331329087,c:\file akmal\Capstone - Ai Eng - Spendly_ Workspace\data\Listrik\train\images\pln14_png.rf.3c7bc094fa6c3cef886127508d97455e.jpg,Listrik
c:\file akmal\Capstone - Ai Eng - Spendly_ Workspace\data\_ocr_real_crops\real_0662_line08.png,Nama Customer SUYONO,0.9374616186128577,c:\file akmal\Capstone - Ai Eng - Spendly_ Workspace\data\Listrik\train\images\pln14_png.rf.3c7bc094fa6c3cef886127508d97455e.jpg,Listrik
c:\file akmal\Capstone - Ai Eng - Spendly_ Workspace\data\_ocr_real_crops\real_0664_line01.png,Invoice Listrik PLN,0.9995605363286727,c:\file akmal\Capstone - Ai Eng - Spendly_ Workspace\data\Listrik\train\images\pln16_png.rf.7d3dd134e26f9882eacc8bd3f730ef1d.jpg,Listrik
c:\file akmal\Capstone - Ai Eng - Spendly_ Workspace\data\_ocr_real_crops\real_0659_line20.png,METERAEAD,0.8406341412540753,c:\file akmal\Capstone - Ai Eng - Spendly_ Workspace\data\Listrik\train\images\pln10_png.rf.4d1c2bd54896ca7bda1fd8798e8b0647.jpg,Listrik
c:\file akmal\Capstone - Ai Eng - Spendly_ Workspace\data\_ocr_real_crops\real_0686_line10.png,05969357CF7A37E2,0.963796889918317,c:\file akmal\Capstone - Ai Eng - Spendly_ Workspace\data\Listrik\valid\images\IMG-20260503-WA0066_jpg.rf.77f706b2d98ede299c96f1ccfa480208.jpg,Listrik
c:\file akmal\Capstone - Ai Eng - Spendly_ Workspace\data\_ocr_real_crops\real_0655_line10.png,Informasi Pembayaran,0.9490569020970683,c:\file akmal\Capstone - Ai Eng - Spendly_ Workspace\data\Listrik\train\images\IMG-20260503-WA0076_jpg.rf.266f89ddc67cd3a57c8b86988cd8f9b6.jpg,Listrik
c:\file akmal\Capstone - Ai Eng - Spendly_ Workspace\data\_ocr_real_crops\real_0665_line08.png,Tanf / Daya 1300,0.8327113554174537,c:\file akmal\Capstone - Ai Eng - Spendly_ Workspace\data\Listrik\train\images\pln17_png.rf.ab10e1be38b8e2bc65c0133edac7bb90.jpg,Listrik
c:\file akmal\Capstone - Ai Eng - Spendly_ Workspace\data\_ocr_real_crops\real_0691_line23.png,R2 Bayor 203500,0.718791321220216,c:\file akmal\Capstone - Ai Eng - Spendly_ Workspace\data\Listrik\valid\images\WhatsApp-Image-2026-05-05-at-10-54-08-2-_jpeg.rf.05fd105ee6b3ba1fc071911b4a8ba1d0.jpg,Listrik
c:\file akmal\Capstone - Ai Eng - Spendly_ Workspace\data\_ocr_real_crops\real_0634_line08.png,TOKEN 5202 9732,0.9999109459981514,c:\file akmal\Capstone - Ai Eng - Spendly_ Workspace\data\Listrik\test\images\IMG-20260503-WA0069_jpg.rf.b30254a2e724e504bc915ee5a93df855.jpg,Listrik
c:\file akmal\Capstone - Ai Eng - Spendly_ Workspace\data\_ocr_real_crops\real_0676_line16.png,jumlankwh 67.3,0.7343670311621648,c:\file akmal\Capstone - Ai Eng - Spendly_ Workspace\data\Listrik\train\images\pln9_png.rf.9ab0d770ff7e5131eb06494c626c4510.jpg,Listrik
c:\file akmal\Capstone - Ai Eng - Spendly_ Workspace\data\_ocr_real_crops\real_0654_line01.png,Rincian Pesanan,0.8807636419806679,c:\file akmal\Capstone - Ai Eng - Spendly_ Workspace\data\Listrik\train\images\IMG-20260503-WA0075_jpg.rf.58ea07f646d5ce965e7607b159cf1b0a.jpg,Listrik
c:\file akmal\Capstone - Ai Eng - Spendly_ Workspace\data\_ocr_real_crops\real_0663_line08.png,Nama Customer SUYONO,0.9570032396683603,c:\file akmal\Capstone - Ai Eng - Spendly_ Workspace\data\Listrik\train\images\pln15_png.rf.a61f4ee8afecc1fa780d1bc08d06e20a.jpg,Listrik
c:\file akmal\Capstone - Ai Eng - Spendly_ Workspace\data\_ocr_real_crops\real_0633_line03.png,PLN PRABAYAR,0.764477903055209,c:\file akmal\Capstone - Ai Eng - Spendly_ Workspace\data\Listrik\test\images\IMG-20260503-WA0067_jpg.rf.475ee93dd64f79d60f0ebefb418a25ff.jpg,Listrik
c:\file akmal\Capstone - Ai Eng - Spendly_ Workspace\data\_ocr_real_crops\real_0661_line00.png,tokopedia,0.9983751131867177,c:\file akmal\Capstone - Ai Eng - Spendly_ Workspace\data\Listrik\train\images\pln12_png.rf.976e941179925f3f34705db75b39d83a.jpg,Listrik
c:\file akmal\Capstone - Ai Eng - Spendly_ Workspace\data\_ocr_real_crops\real_0675_line11.png,BL/ TH OCT25,0.8560606550461651,c:\file akmal\Capstone - Ai Eng - Spendly_ Workspace\data\Listrik\train\images\pln8_png.rf.4b58c8d3791eb11175c14702db95173c.jpg,Listrik
c:\file akmal\Capstone - Ai Eng - Spendly_ Workspace\data\_ocr_real_crops\real_0662_line12.png,PPN Rp 0 00,0.7322337928106698,c:\file akmal\Capstone - Ai Eng - Spendly_ Workspace\data\Listrik\train\images\pln14_png.rf.3c7bc094fa6c3cef886127508d97455e.jpg,Listrik
