filepath,label,split,augmented
c:\file akmal\Capstone - Ai Eng - Spendly_ Workspace\data\Beauty\train\images\guardian2_png.rf.f68625ad842b7be50d132fe4db62b4b1.jpg,Beauty,train,False
c:\file akmal\Capstone - Ai Eng - Spendly_ Workspace\data\Beauty\train\images\sociolla13_png.rf.f178cb9fa4590b6327d5a84e51c48df6.jpg,Beauty,train,False
c:\file akmal\Capstone - Ai Eng - Spendly_ Workspace\data\Beauty\train\images\guardian19_png.rf.407277e919a026c62d9ef40b9f6de664.jpg,Beauty,train,False
c:\file akmal\Capstone - Ai Eng - Spendly_ Workspace\data\Beauty\valid\images\watsons2_png.rf.6c545d2f06befb38ac89e8a4e285584c.jpg,Beauty,train,False
c:\file akmal\Capstone - Ai Eng - Spendly_ Workspace\data\Beauty\valid\images\sociolla10_png.rf.a5d6d8fb6654874ebc2b9fc66f0e1312.jpg,Beauty,train,False
c:\file akmal\Capstone - Ai Eng - Spendly_ Workspace\data\Beauty\train\images\sociolla9_png.rf.fb09ff2ab59f5e60d2dbc063ab1defcf.jpg,Beauty,train,False
c:\file akmal\Capstone - Ai Eng - Spendly_ Workspace\data\Beauty\valid\images\watsons20_png.rf.37dfc4b031bf5688bbb740863ce13a58.jpg,Beauty,train,False
c:\file akmal\Capstone - Ai Eng - Spendly_ Workspace\data\Beauty\train\images\sociolla1_png.rf.ab072d28f8e091b33549535e4e10eee8.jpg,Beauty,train,False
c:\file akmal\Capstone - Ai Eng - Spendly_ Workspace\data\Beauty\train\images\sociolla3_png.rf.bd03a7fb8e4918513b7cb130da770cc3.jpg,Beauty,train,False
c:\file akmal\Capstone - Ai Eng - Spendly_ Workspace\data\Beauty\train\images\sociolla16_png.rf.8c95b43fbc050497f3f4e8530da9cf2a.jpg,Beauty,train,False
c:\file akmal\Capstone - Ai Eng - Spendly_ Workspace\data\Beauty\valid\images\watsons15_png.rf.4e996c8c27781703eceb1bbf4ae08983.jpg,Beauty,train,False
c:\file akmal\Capstone - Ai Eng - Spendly_ Workspace\data\Beauty\train\images\watsons12_png.rf.48bd2ff9c230672766f28ac0dee3e061.jpg,Beauty,train,False
c:\file akmal\Capstone - Ai Eng - Spendly_ Workspace\data\Beauty\train\images\watsons14_png.rf.ee6222a20a1a499ba9b61a9e9342ebc1.jpg,Beauty,train,False
c:\file akmal\Capstone - Ai Eng - Spendly_ Workspace\data\Beauty\train\images\watsons5_png.rf.5d8e12d4fadc5600f60daa9852c99d5e.jpg,Beauty,train,False
c:\file akmal\Capstone - Ai Eng - Spendly_ Workspace\data\Beauty\train\images\guardian5_png.rf.9de2a4aa07f6376df70315cabbe65de1.jpg,Beauty,train,False
c:\file akmal\Capstone - Ai Eng - Spendly_ Workspace\data\Beauty\train\images\sociolla18_png.rf.ab28d3bf3d7caacd07ed7211225e9b0e.jpg,Beauty,train,False
c:\file akmal\Capstone - Ai Eng - Spendly_ Workspace\data\Beauty\test\images\sociolla4_png.rf.5bb881823b37dffcefab7770dde4533f.jpg,Beauty,train,False
c:\file akmal\Capstone - Ai Eng - Spendly_ Workspace\data\Beauty\train\images\watsons8_png.rf.00ef5ad450493077bdfcf2eea4c1b32c.jpg,Beauty,train,False
c:\file akmal\Capstone - Ai Eng - Spendly_ Workspace\data\Beauty\train\images\sociolla2_png.rf.981a0e250ea84ae2cd44e004c8074ad9.jpg,Beauty,train,False
c:\file akmal\Capstone - Ai Eng - Spendly_ Workspace\data\Beauty\train\images\watsons18_png.rf.c4a6f2709f1cc5104a55c8a0cbfb8592.jpg,Beauty,train,False
c:\file akmal\Capstone - Ai Eng - Spendly_ Workspace\data\Beauty\train\images\sociolla7_png.rf.1653f2b8843e6c2b8d659b20d27969a3.jpg,Beauty,train,False
c:\file akmal\Capstone - Ai Eng - Spendly_ Workspace\data\Beauty\valid\images\sociolla6_png.rf.3d352a266bdfa61db77c927b3fa98bd7.jpg,Beauty,train,False
c:\file akmal\Capstone - Ai Eng - Spendly_ Workspace\data\Beauty\train\images\watsons6_png.rf.75f894247de9028f30d7efaf727d7c8d.jpg,Beauty,train,False
c:\file akmal\Capstone - Ai Eng - Spendly_ Workspace\data\Beauty\train\images\guardian17_png.rf.7ab9e6fdcd1e6c0259f275a3d510f3be.jpg,Beauty,train,False
c:\file akmal\Capstone - Ai Eng - Spendly_ Workspace\data\Beauty\valid\images\sociolla19_png.rf.a02b59e7a59e78bafc90df3db70c7d58.jpg,Beauty,train,False
c:\file akmal\Capstone - Ai Eng - Spendly_ Workspace\data\Beauty\test\images\guardian10_png.rf.3ef684fec3bc3393d8a1d5c232a344e4.jpg,Beauty,train,False
c:\file akmal\Capstone - Ai Eng - Spendly_ Workspace\data\Beauty\train\images\watsons10_png.rf.4e815669898a0023387b2aa39ea2be6f.jpg,Beauty,train,False
c:\file akmal\Capstone - Ai Eng - Spendly_ Workspace\data\Beauty\test\images\guardian1_png.rf.501b4c49a925f135473609b35f92070d.jpg,Beauty,train,False
c:\file akmal\Capstone - Ai Eng - Spendly_ Workspace\data\Beauty\valid\images\sociolla14_png.rf.dca01899f350433c181aa8a9804743f0.jpg,Beauty,train,False
c:\file akmal\Capstone - Ai Eng - Spendly_ Workspace\data\Beauty\train\images\watsons4_png.rf.ff22e5b2067f8a0429fd6a9325a94606.jpg,Beauty,train,False
c:\file akmal\Capstone - Ai Eng - Spendly_ Workspace\data\Beauty\train\images\guardian7_png.rf.c30b2322563f5fde1935231cee22ab27.jpg,Beauty,train,False
c:\file akmal\Capstone - Ai Eng - Spendly_ Workspace\data\Beauty\test\images\watsons16_png.rf.3789e3ece70b8e99ef80b773631dfa88.jpg,Beauty,train,False
c:\file akmal\Capstone - Ai Eng - Spendly_ Workspace\data\Beauty\train\images\watsons1_png.rf.e0d1718fb31c398907b1263db2f4e2c7.jpg,Beauty,train,False
c:\file akmal\Capstone - Ai Eng - Spendly_ Workspace\data\Beauty\test\images\guardian6_png.rf.deaa0d9cd745d4a5d56ee244dfd8dbef.jpg,Beauty,train,False
c:\file akmal\Capstone - Ai Eng - Spendly_ Workspace\data\Beauty\train\images\sociolla5_png.rf.89bc2469e2b2e9a561ac9eff31b502a7.jpg,Beauty,train,False
c:\file akmal\Capstone - Ai Eng - Spendly_ Workspace\data\Beauty\train\images\guardian9_png.rf.31a25e08161a15476d6ed46b74e8af16.jpg,Beauty,train,False
c:\file akmal\Capstone - Ai Eng - Spendly_ Workspace\data\Beauty\train\images\watsons7_png.rf.963105a64840e4874024ebfbf023a4d7.jpg,Beauty,train,False
c:\file akmal\Capstone - Ai Eng - Spendly_ Workspace\data\Beauty\train\images\guardian11_png.rf.4624dbda39eceaaa6967bc81ee627987.jpg,Beauty,train,False
c:\file akmal\Capstone - Ai Eng - Spendly_ Workspace\data\Beauty\train\images\guardian12_png.rf.abf7e098a5607fb50395f24478f62cc3.jpg,Beauty,train,False
c:\file akmal\Capstone - Ai Eng - Spendly_ Workspace\data\_processed\Beauty\train\aug_Beauty_0000.jpg,Beauty,train,True
c:\file akmal\Capstone - Ai Eng - Spendly_ Workspace\data\_processed\Beauty\train\aug_Beauty_0001.jpg,Beauty,train,True
c:\file akmal\Capstone - Ai Eng - Spendly_ Workspace\data\_processed\Beauty\train\aug_Beauty_0002.jpg,Beauty,train,True
c:\file akmal\Capstone - Ai Eng - Spendly_ Workspace\data\_processed\Beauty\train\aug_Beauty_0003.jpg,Beauty,train,True
c:\file akmal\Capstone - Ai Eng - Spendly_ Workspace\data\_processed\Beauty\train\aug_Beauty_0004.jpg,Beauty,train,True
c:\file akmal\Capstone - Ai Eng - Spendly_ Workspace\data\_processed\Beauty\train\aug_Beauty_0005.jpg,Beauty,train,True
c:\file akmal\Capstone - Ai Eng - Spendly_ Workspace\data\_processed\Beauty\train\aug_Beauty_0006.jpg,Beauty,train,True
c:\file akmal\Capstone - Ai Eng - Spendly_ Workspace\data\_processed\Beauty\train\aug_Beauty_0007.jpg,Beauty,train,True
c:\file akmal\Capstone - Ai Eng - Spendly_ Workspace\data\_processed\Beauty\train\aug_Beauty_0008.jpg,Beauty,train,True
c:\file akmal\Capstone - Ai Eng - Spendly_ Workspace\data\_processed\Beauty\train\aug_Beauty_0009.jpg,Beauty,train,True
c:\file akmal\Capstone - Ai Eng - Spendly_ Workspace\data\_processed\Beauty\train\aug_Beauty_0010.jpg,Beauty,train,True
c:\file akmal\Capstone - Ai Eng - Spendly_ Workspace\data\_processed\Beauty\train\aug_Beauty_0011.jpg,Beauty,train,True
c:\file akmal\Capstone - Ai Eng - Spendly_ Workspace\data\_processed\Beauty\train\aug_Beauty_0012.jpg,Beauty,train,True
c:\file akmal\Capstone - Ai Eng - Spendly_ Workspace\data\_processed\Beauty\train\aug_Beauty_0013.jpg,Beauty,train,True
c:\file akmal\Capstone - Ai Eng - Spendly_ Workspace\data\_processed\Beauty\train\aug_Beauty_0014.jpg,Beauty,train,True
c:\file akmal\Capstone - Ai Eng - Spendly_ Workspace\data\_processed\Beauty\train\aug_Beauty_0015.jpg,Beauty,train,True
c:\file akmal\Capstone - Ai Eng - Spendly_ Workspace\data\_processed\Beauty\train\aug_Beauty_0016.jpg,Beauty,train,True
c:\file akmal\Capstone - Ai Eng - Spendly_ Workspace\data\_processed\Beauty\train\aug_Beauty_0017.jpg,Beauty,train,True
c:\file akmal\Capstone - Ai Eng - Spendly_ Workspace\data\_processed\Beauty\train\aug_Beauty_0018.jpg,Beauty,train,True
c:\file akmal\Capstone - Ai Eng - Spendly_ Workspace\data\_processed\Beauty\train\aug_Beauty_0019.jpg,Beauty,train,True
c:\file akmal\Capstone - Ai Eng - Spendly_ Workspace\data\_processed\Beauty\train\aug_Beauty_0020.jpg,Beauty,train,True
c:\file akmal\Capstone - Ai Eng - Spendly_ Workspace\data\_processed\Beauty\train\aug_Beauty_0021.jpg,Beauty,train,True
c:\file akmal\Capstone - Ai Eng - Spendly_ Workspace\data\_processed\Beauty\train\aug_Beauty_0022.jpg,Beauty,train,True
c:\file akmal\Capstone - Ai Eng - Spendly_ Workspace\data\_processed\Beauty\train\aug_Beauty_0023.jpg,Beauty,train,True
c:\file akmal\Capstone - Ai Eng - Spendly_ Workspace\data\_processed\Beauty\train\aug_Beauty_0024.jpg,Beauty,train,True
c:\file akmal\Capstone - Ai Eng - Spendly_ Workspace\data\_processed\Beauty\train\aug_Beauty_0025.jpg,Beauty,train,True
c:\file akmal\Capstone - Ai Eng - Spendly_ Workspace\data\_processed\Beauty\train\aug_Beauty_0026.jpg,Beauty,train,True
c:\file akmal\Capstone - Ai Eng - Spendly_ Workspace\data\_processed\Beauty\train\aug_Beauty_0027.jpg,Beauty,train,True
c:\file akmal\Capstone - Ai Eng - Spendly_ Workspace\data\_processed\Beauty\train\aug_Beauty_0028.jpg,Beauty,train,True
c:\file akmal\Capstone - Ai Eng - Spendly_ Workspace\data\_processed\Beauty\train\aug_Beauty_0029.jpg,Beauty,train,True
c:\file akmal\Capstone - Ai Eng - Spendly_ Workspace\data\_processed\Beauty\train\aug_Beauty_0030.jpg,Beauty,train,True
c:\file akmal\Capstone - Ai Eng - Spendly_ Workspace\data\_processed\Beauty\train\aug_Beauty_0031.jpg,Beauty,train,True
c:\file akmal\Capstone - Ai Eng - Spendly_ Workspace\data\_processed\Beauty\train\aug_Beauty_0032.jpg,Beauty,train,True
c:\file akmal\Capstone - Ai Eng - Spendly_ Workspace\data\_processed\Beauty\train\aug_Beauty_0033.jpg,Beauty,train,True
c:\file akmal\Capstone - Ai Eng - Spendly_ Workspace\data\_processed\Beauty\train\aug_Beauty_0034.jpg,Beauty,train,True
c:\file akmal\Capstone - Ai Eng - Spendly_ Workspace\data\_processed\Beauty\train\aug_Beauty_0035.jpg,Beauty,train,True
c:\file akmal\Capstone - Ai Eng - Spendly_ Workspace\data\_processed\Beauty\train\aug_Beauty_0036.jpg,Beauty,train,True
c:\file akmal\Capstone - Ai Eng - Spendly_ Workspace\data\_processed\Beauty\train\aug_Beauty_0037.jpg,Beauty,train,True
c:\file akmal\Capstone - Ai Eng - Spendly_ Workspace\data\_processed\Beauty\train\aug_Beauty_0038.jpg,Beauty,train,True
c:\file akmal\Capstone - Ai Eng - Spendly_ Workspace\data\_processed\Beauty\train\aug_Beauty_0039.jpg,Beauty,train,True
c:\file akmal\Capstone - Ai Eng - Spendly_ Workspace\data\_processed\Beauty\train\aug_Beauty_0040.jpg,Beauty,train,True
c:\file akmal\Capstone - Ai Eng - Spendly_ Workspace\data\_processed\Beauty\train\aug_Beauty_0041.jpg,Beauty,train,True
c:\file akmal\Capstone - Ai Eng - Spendly_ Workspace\data\_processed\Beauty\train\aug_Beauty_0042.jpg,Beauty,train,True
c:\file akmal\Capstone - Ai Eng - Spendly_ Workspace\data\_processed\Beauty\train\aug_Beauty_0043.jpg,Beauty,train,True
c:\file akmal\Capstone - Ai Eng - Spendly_ Workspace\data\_processed\Beauty\train\aug_Beauty_0044.jpg,Beauty,train,True
c:\file akmal\Capstone - Ai Eng - Spendly_ Workspace\data\_processed\Beauty\train\aug_Beauty_0045.jpg,Beauty,train,True
c:\file akmal\Capstone - Ai Eng - Spendly_ Workspace\data\_processed\Beauty\train\aug_Beauty_0046.jpg,Beauty,train,True
c:\file akmal\Capstone - Ai Eng - Spendly_ Workspace\data\_processed\Beauty\train\aug_Beauty_0047.jpg,Beauty,train,True
c:\file akmal\Capstone - Ai Eng - Spendly_ Workspace\data\_processed\Beauty\train\aug_Beauty_0048.jpg,Beauty,train,True
c:\file akmal\Capstone - Ai Eng - Spendly_ Workspace\data\_processed\Beauty\train\aug_Beauty_0049.jpg,Beauty,train,True
c:\file akmal\Capstone - Ai Eng - Spendly_ Workspace\data\_processed\Beauty\train\aug_Beauty_0050.jpg,Beauty,train,True
c:\file akmal\Capstone - Ai Eng - Spendly_ Workspace\data\_processed\Beauty\train\aug_Beauty_0051.jpg,Beauty,train,True
c:\file akmal\Capstone - Ai Eng - Spendly_ Workspace\data\_processed\Beauty\train\aug_Beauty_0052.jpg,Beauty,train,True
c:\file akmal\Capstone - Ai Eng - Spendly_ Workspace\data\_processed\Beauty\train\aug_Beauty_0053.jpg,Beauty,train,True
c:\file akmal\Capstone - Ai Eng - Spendly_ Workspace\data\_processed\Beauty\train\aug_Beauty_0054.jpg,Beauty,train,True
c:\file akmal\Capstone - Ai Eng - Spendly_ Workspace\data\_processed\Beauty\train\aug_Beauty_0055.jpg,Beauty,train,True
c:\file akmal\Capstone - Ai Eng - Spendly_ Workspace\data\_processed\Beauty\train\aug_Beauty_0056.jpg,Beauty,train,True
c:\file akmal\Capstone - Ai Eng - Spendly_ Workspace\data\_processed\Beauty\train\aug_Beauty_0057.jpg,Beauty,train,True
c:\file akmal\Capstone - Ai Eng - Spendly_ Workspace\data\_processed\Beauty\train\aug_Beauty_0058.jpg,Beauty,train,True
c:\file akmal\Capstone - Ai Eng - Spendly_ Workspace\data\_processed\Beauty\train\aug_Beauty_0059.jpg,Beauty,train,True
c:\file akmal\Capstone - Ai Eng - Spendly_ Workspace\data\_processed\Beauty\train\aug_Beauty_0060.jpg,Beauty,train,True
c:\file akmal\Capstone - Ai Eng - Spendly_ Workspace\data\_processed\Beauty\train\aug_Beauty_0061.jpg,Beauty,train,True
c:\file akmal\Capstone - Ai Eng - Spendly_ Workspace\data\_processed\Beauty\train\aug_Beauty_0062.jpg,Beauty,train,True
c:\file akmal\Capstone - Ai Eng - Spendly_ Workspace\data\_processed\Beauty\train\aug_Beauty_0063.jpg,Beauty,train,True
c:\file akmal\Capstone - Ai Eng - Spendly_ Workspace\data\_processed\Beauty\train\aug_Beauty_0064.jpg,Beauty,train,True
c:\file akmal\Capstone - Ai Eng - Spendly_ Workspace\data\_processed\Beauty\train\aug_Beauty_0065.jpg,Beauty,train,True
c:\file akmal\Capstone - Ai Eng - Spendly_ Workspace\data\_processed\Beauty\train\aug_Beauty_0066.jpg,Beauty,train,True
c:\file akmal\Capstone - Ai Eng - Spendly_ Workspace\data\_processed\Beauty\train\aug_Beauty_0067.jpg,Beauty,train,True
c:\file akmal\Capstone - Ai Eng - Spendly_ Workspace\data\_processed\Beauty\train\aug_Beauty_0068.jpg,Beauty,train,True
c:\file akmal\Capstone - Ai Eng - Spendly_ Workspace\data\_processed\Beauty\train\aug_Beauty_0069.jpg,Beauty,train,True
c:\file akmal\Capstone - Ai Eng - Spendly_ Workspace\data\_processed\Beauty\train\aug_Beauty_0070.jpg,Beauty,train,True
c:\file akmal\Capstone - Ai Eng - Spendly_ Workspace\data\_processed\Beauty\train\aug_Beauty_0071.jpg,Beauty,train,True
c:\file akmal\Capstone - Ai Eng - Spendly_ Workspace\data\_processed\Beauty\train\aug_Beauty_0072.jpg,Beauty,train,True
c:\file akmal\Capstone - Ai Eng - Spendly_ Workspace\data\_processed\Beauty\train\aug_Beauty_0073.jpg,Beauty,train,True
c:\file akmal\Capstone - Ai Eng - Spendly_ Workspace\data\_processed\Beauty\train\aug_Beauty_0074.jpg,Beauty,train,True
c:\file akmal\Capstone - Ai Eng - Spendly_ Workspace\data\_processed\Beauty\train\aug_Beauty_0075.jpg,Beauty,train,True
c:\file akmal\Capstone - Ai Eng - Spendly_ Workspace\data\_processed\Beauty\train\aug_Beauty_0076.jpg,Beauty,train,True
c:\file akmal\Capstone - Ai Eng - Spendly_ Workspace\data\_processed\Beauty\train\aug_Beauty_0077.jpg,Beauty,train,True
c:\file akmal\Capstone - Ai Eng - Spendly_ Workspace\data\_processed\Beauty\train\aug_Beauty_0078.jpg,Beauty,train,True
c:\file akmal\Capstone - Ai Eng - Spendly_ Workspace\data\_processed\Beauty\train\aug_Beauty_0079.jpg,Beauty,train,True
c:\file akmal\Capstone - Ai Eng - Spendly_ Workspace\data\_processed\Beauty\train\aug_Beauty_0080.jpg,Beauty,train,True
c:\file akmal\Capstone - Ai Eng - Spendly_ Workspace\data\_processed\Beauty\train\aug_Beauty_0081.jpg,Beauty,train,True
c:\file akmal\Capstone - Ai Eng - Spendly_ Workspace\data\_processed\Beauty\train\aug_Beauty_0082.jpg,Beauty,train,True
c:\file akmal\Capstone - Ai Eng - Spendly_ Workspace\data\_processed\Beauty\train\aug_Beauty_0083.jpg,Beauty,train,True
c:\file akmal\Capstone - Ai Eng - Spendly_ Workspace\data\_processed\Beauty\train\aug_Beauty_0084.jpg,Beauty,train,True
c:\file akmal\Capstone - Ai Eng - Spendly_ Workspace\data\_processed\Beauty\train\aug_Beauty_0085.jpg,Beauty,train,True
c:\file akmal\Capstone - Ai Eng - Spendly_ Workspace\data\_processed\Beauty\train\aug_Beauty_0086.jpg,Beauty,train,True
c:\file akmal\Capstone - Ai Eng - Spendly_ Workspace\data\_processed\Beauty\train\aug_Beauty_0087.jpg,Beauty,train,True
c:\file akmal\Capstone - Ai Eng - Spendly_ Workspace\data\_processed\Beauty\train\aug_Beauty_0088.jpg,Beauty,train,True
c:\file akmal\Capstone - Ai Eng - Spendly_ Workspace\data\_processed\Beauty\train\aug_Beauty_0089.jpg,Beauty,train,True
c:\file akmal\Capstone - Ai Eng - Spendly_ Workspace\data\_processed\Beauty\train\aug_Beauty_0090.jpg,Beauty,train,True
c:\file akmal\Capstone - Ai Eng - Spendly_ Workspace\data\_processed\Beauty\train\aug_Beauty_0091.jpg,Beauty,train,True
c:\file akmal\Capstone - Ai Eng - Spendly_ Workspace\data\_processed\Beauty\train\aug_Beauty_0092.jpg,Beauty,train,True
c:\file akmal\Capstone - Ai Eng - Spendly_ Workspace\data\_processed\Beauty\train\aug_Beauty_0093.jpg,Beauty,train,True
c:\file akmal\Capstone - Ai Eng - Spendly_ Workspace\data\_processed\Beauty\train\aug_Beauty_0094.jpg,Beauty,train,True
c:\file akmal\Capstone - Ai Eng - Spendly_ Workspace\data\_processed\Beauty\train\aug_Beauty_0095.jpg,Beauty,train,True
c:\file akmal\Capstone - Ai Eng - Spendly_ Workspace\data\_processed\Beauty\train\aug_Beauty_0096.jpg,Beauty,train,True
c:\file akmal\Capstone - Ai Eng - Spendly_ Workspace\data\_processed\Beauty\train\aug_Beauty_0097.jpg,Beauty,train,True
c:\file akmal\Capstone - Ai Eng - Spendly_ Workspace\data\_processed\Beauty\train\aug_Beauty_0098.jpg,Beauty,train,True
c:\file akmal\Capstone - Ai Eng - Spendly_ Workspace\data\_processed\Beauty\train\aug_Beauty_0099.jpg,Beauty,train,True
c:\file akmal\Capstone - Ai Eng - Spendly_ Workspace\data\_processed\Beauty\train\aug_Beauty_0100.jpg,Beauty,train,True
c:\file akmal\Capstone - Ai Eng - Spendly_ Workspace\data\_processed\Beauty\train\aug_Beauty_0101.jpg,Beauty,train,True
c:\file akmal\Capstone - Ai Eng - Spendly_ Workspace\data\_processed\Beauty\train\aug_Beauty_0102.jpg,Beauty,train,True
c:\file akmal\Capstone - Ai Eng - Spendly_ Workspace\data\_processed\Beauty\train\aug_Beauty_0103.jpg,Beauty,train,True
c:\file akmal\Capstone - Ai Eng - Spendly_ Workspace\data\_processed\Beauty\train\aug_Beauty_0104.jpg,Beauty,train,True
c:\file akmal\Capstone - Ai Eng - Spendly_ Workspace\data\_processed\Beauty\train\aug_Beauty_0105.jpg,Beauty,train,True
c:\file akmal\Capstone - Ai Eng - Spendly_ Workspace\data\_processed\Beauty\train\aug_Beauty_0106.jpg,Beauty,train,True
c:\file akmal\Capstone - Ai Eng - Spendly_ Workspace\data\_processed\Beauty\train\aug_Beauty_0107.jpg,Beauty,train,True
c:\file akmal\Capstone - Ai Eng - Spendly_ Workspace\data\_processed\Beauty\train\aug_Beauty_0108.jpg,Beauty,train,True
c:\file akmal\Capstone - Ai Eng - Spendly_ Workspace\data\_processed\Beauty\train\aug_Beauty_0109.jpg,Beauty,train,True
c:\file akmal\Capstone - Ai Eng - Spendly_ Workspace\data\_processed\Beauty\train\aug_Beauty_0110.jpg,Beauty,train,True
c:\file akmal\Capstone - Ai Eng - Spendly_ Workspace\data\_processed\Beauty\train\aug_Beauty_0111.jpg,Beauty,train,True
c:\file akmal\Capstone - Ai Eng - Spendly_ Workspace\data\_processed\Beauty\train\aug_Beauty_0112.jpg,Beauty,train,True
c:\file akmal\Capstone - Ai Eng - Spendly_ Workspace\data\_processed\Beauty\train\aug_Beauty_0113.jpg,Beauty,train,True
c:\file akmal\Capstone - Ai Eng - Spendly_ Workspace\data\_processed\Beauty\train\aug_Beauty_0114.jpg,Beauty,train,True
c:\file akmal\Capstone - Ai Eng - Spendly_ Workspace\data\_processed\Beauty\train\aug_Beauty_0115.jpg,Beauty,train,True
c:\file akmal\Capstone - Ai Eng - Spendly_ Workspace\data\_processed\Beauty\train\aug_Beauty_0116.jpg,Beauty,train,True
c:\file akmal\Capstone - Ai Eng - Spendly_ Workspace\data\_processed\Beauty\train\aug_Beauty_0117.jpg,Beauty,train,True
c:\file akmal\Capstone - Ai Eng - Spendly_ Workspace\data\_processed\Beauty\train\aug_Beauty_0118.jpg,Beauty,train,True
c:\file akmal\Capstone - Ai Eng - Spendly_ Workspace\data\_processed\Beauty\train\aug_Beauty_0119.jpg,Beauty,train,True
c:\file akmal\Capstone - Ai Eng - Spendly_ Workspace\data\_processed\Beauty\train\aug_Beauty_0120.jpg,Beauty,train,True
c:\file akmal\Capstone - Ai Eng - Spendly_ Workspace\data\_processed\Beauty\train\aug_Beauty_0121.jpg,Beauty,train,True
c:\file akmal\Capstone - Ai Eng - Spendly_ Workspace\data\_processed\Beauty\train\aug_Beauty_0122.jpg,Beauty,train,True
c:\file akmal\Capstone - Ai Eng - Spendly_ Workspace\data\_processed\Beauty\train\aug_Beauty_0123.jpg,Beauty,train,True
c:\file akmal\Capstone - Ai Eng - Spendly_ Workspace\data\_processed\Beauty\train\aug_Beauty_0124.jpg,Beauty,train,True
c:\file akmal\Capstone - Ai Eng - Spendly_ Workspace\data\_processed\Beauty\train\aug_Beauty_0125.jpg,Beauty,train,True
c:\file akmal\Capstone - Ai Eng - Spendly_ Workspace\data\_processed\Beauty\train\aug_Beauty_0126.jpg,Beauty,train,True
c:\file akmal\Capstone - Ai Eng - Spendly_ Workspace\data\_processed\Beauty\train\aug_Beauty_0127.jpg,Beauty,train,True
c:\file akmal\Capstone - Ai Eng - Spendly_ Workspace\data\_processed\Beauty\train\aug_Beauty_0128.jpg,Beauty,train,True
c:\file akmal\Capstone - Ai Eng - Spendly_ Workspace\data\_processed\Beauty\train\aug_Beauty_0129.jpg,Beauty,train,True
c:\file akmal\Capstone - Ai Eng - Spendly_ Workspace\data\_processed\Beauty\train\aug_Beauty_0130.jpg,Beauty,train,True
c:\file akmal\Capstone - Ai Eng - Spendly_ Workspace\data\_processed\Beauty\train\aug_Beauty_0131.jpg,Beauty,train,True
c:\file akmal\Capstone - Ai Eng - Spendly_ Workspace\data\_processed\Beauty\train\aug_Beauty_0132.jpg,Beauty,train,True
c:\file akmal\Capstone - Ai Eng - Spendly_ Workspace\data\_processed\Beauty\train\aug_Beauty_0133.jpg,Beauty,train,True
c:\file akmal\Capstone - Ai Eng - Spendly_ Workspace\data\_processed\Beauty\train\aug_Beauty_0134.jpg,Beauty,train,True
c:\file akmal\Capstone - Ai Eng - Spendly_ Workspace\data\_processed\Beauty\train\aug_Beauty_0135.jpg,Beauty,train,True
c:\file akmal\Capstone - Ai Eng - Spendly_ Workspace\data\_processed\Beauty\train\aug_Beauty_0136.jpg,Beauty,train,True
c:\file akmal\Capstone - Ai Eng - Spendly_ Workspace\data\_processed\Beauty\train\aug_Beauty_0137.jpg,Beauty,train,True
c:\file akmal\Capstone - Ai Eng - Spendly_ Workspace\data\_processed\Beauty\train\aug_Beauty_0138.jpg,Beauty,train,True
c:\file akmal\Capstone - Ai Eng - Spendly_ Workspace\data\_processed\Beauty\train\aug_Beauty_0139.jpg,Beauty,train,True
c:\file akmal\Capstone - Ai Eng - Spendly_ Workspace\data\_processed\Beauty\train\aug_Beauty_0140.jpg,Beauty,train,True
c:\file akmal\Capstone - Ai Eng - Spendly_ Workspace\data\_processed\Beauty\train\aug_Beauty_0141.jpg,Beauty,train,True
c:\file akmal\Capstone - Ai Eng - Spendly_ Workspace\data\_processed\Beauty\train\aug_Beauty_0142.jpg,Beauty,train,True
c:\file akmal\Capstone - Ai Eng - Spendly_ Workspace\data\_processed\Beauty\train\aug_Beauty_0143.jpg,Beauty,train,True
c:\file akmal\Capstone - Ai Eng - Spendly_ Workspace\data\_processed\Beauty\train\aug_Beauty_0144.jpg,Beauty,train,True
c:\file akmal\Capstone - Ai Eng - Spendly_ Workspace\data\_processed\Beauty\train\aug_Beauty_0145.jpg,Beauty,train,True
c:\file akmal\Capstone - Ai Eng - Spendly_ Workspace\data\_processed\Beauty\train\aug_Beauty_0146.jpg,Beauty,train,True
c:\file akmal\Capstone - Ai Eng - Spendly_ Workspace\data\_processed\Beauty\train\aug_Beauty_0147.jpg,Beauty,train,True
c:\file akmal\Capstone - Ai Eng - Spendly_ Workspace\data\_processed\Beauty\train\aug_Beauty_0148.jpg,Beauty,train,True
c:\file akmal\Capstone - Ai Eng - Spendly_ Workspace\data\_processed\Beauty\train\aug_Beauty_0149.jpg,Beauty,train,True
c:\file akmal\Capstone - Ai Eng - Spendly_ Workspace\data\_processed\Beauty\train\aug_Beauty_0150.jpg,Beauty,train,True
c:\file akmal\Capstone - Ai Eng - Spendly_ Workspace\data\_processed\Beauty\train\aug_Beauty_0151.jpg,Beauty,train,True
c:\file akmal\Capstone - Ai Eng - Spendly_ Workspace\data\_processed\Beauty\train\aug_Beauty_0152.jpg,Beauty,train,True
c:\file akmal\Capstone - Ai Eng - Spendly_ Workspace\data\_processed\Beauty\train\aug_Beauty_0153.jpg,Beauty,train,True
c:\file akmal\Capstone - Ai Eng - Spendly_ Workspace\data\_processed\Beauty\train\aug_Beauty_0154.jpg,Beauty,train,True
c:\file akmal\Capstone - Ai Eng - Spendly_ Workspace\data\_processed\Beauty\train\aug_Beauty_0155.jpg,Beauty,train,True
c:\file akmal\Capstone - Ai Eng - Spendly_ Workspace\data\_processed\Beauty\train\aug_Beauty_0156.jpg,Beauty,train,True
c:\file akmal\Capstone - Ai Eng - Spendly_ Workspace\data\_processed\Beauty\train\aug_Beauty_0157.jpg,Beauty,train,True
c:\file akmal\Capstone - Ai Eng - Spendly_ Workspace\data\_processed\Beauty\train\aug_Beauty_0158.jpg,Beauty,train,True
c:\file akmal\Capstone - Ai Eng - Spendly_ Workspace\data\_processed\Beauty\train\aug_Beauty_0159.jpg,Beauty,train,True
c:\file akmal\Capstone - Ai Eng - Spendly_ Workspace\data\_processed\Beauty\train\aug_Beauty_0160.jpg,Beauty,train,True
c:\file akmal\Capstone - Ai Eng - Spendly_ Workspace\data\F&B\train\images\fore13_png.rf.614a3054bdaef1ba86de378e2807ef3d.jpg,F&B,train,False
c:\file akmal\Capstone - Ai Eng - Spendly_ Workspace\data\F&B\test\images\mako1_png.rf.39156945b54de01632414f7715083d17.jpg,F&B,train,False
c:\file akmal\Capstone - Ai Eng - Spendly_ Workspace\data\F&B\train\images\fore5_png.rf.946055e46213c84fec49312754172b3f.jpg,F&B,train,False
c:\file akmal\Capstone - Ai Eng - Spendly_ Workspace\data\F&B\train\images\mcd2_jpg.rf.0793dc489ad927161473e33c96cb7dfa.jpg,F&B,train,False
c:\file akmal\Capstone - Ai Eng - Spendly_ Workspace\data\F&B\train\images\mako2_png.rf.017ff54f2d571e2ab97b7272c12c88c0.jpg,F&B,train,False
c:\file akmal\Capstone - Ai Eng - Spendly_ Workspace\data\F&B\train\images\mcd12_png.rf.4d5c9dca7be5c9f2432f3011a222f19c.jpg,F&B,train,False
c:\file akmal\Capstone - Ai Eng - Spendly_ Workspace\data\F&B\train\images\bk7_png.rf.12b578f2ab11e7322c777e947be45b7f.jpg,F&B,train,False
c:\file akmal\Capstone - Ai Eng - Spendly_ Workspace\data\F&B\valid\images\bk18_png.rf.0fcd605e1085c31bc788b75c15c59a4d.jpg,F&B,train,False
c:\file akmal\Capstone - Ai Eng - Spendly_ Workspace\data\F&B\train\images\tongtji7_png.rf.0f83cd1ffb6305f09ad246e8b30a9926.jpg,F&B,train,False
c:\file akmal\Capstone - Ai Eng - Spendly_ Workspace\data\F&B\valid\images\solaria8_png.rf.924b94cd644793f6eb29e8999a572f21.jpg,F&B,train,False
c:\file akmal\Capstone - Ai Eng - Spendly_ Workspace\data\F&B\train\images\solaria6_png.rf.7b0e93c8d4b5237145a1059cdc7f6733.jpg,F&B,train,False
c:\file akmal\Capstone - Ai Eng - Spendly_ Workspace\data\F&B\train\images\sbux7_jpg.rf.026b93dbbebb141d07bffe8dee823658.jpg,F&B,train,False
c:\file akmal\Capstone - Ai Eng - Spendly_ Workspace\data\F&B\train\images\sbux3_jpeg.rf.4028f7172a333be7f79c8a3f0c75fc38.jpg,F&B,train,False
c:\file akmal\Capstone - Ai Eng - Spendly_ Workspace\data\F&B\train\images\tongtji8_png.rf.5ee97c26a454fee582ca03d2f3d3264c.jpg,F&B,train,False
c:\file akmal\Capstone - Ai Eng - Spendly_ Workspace\data\F&B\train\images\fore7_png.rf.1afb4996fa9c9b9669f7a4daf4aa5a0a.jpg,F&B,train,False
c:\file akmal\Capstone - Ai Eng - Spendly_ Workspace\data\F&B\train\images\sbux1_jpeg.rf.e42997938a47135985f09b51a0d2981d.jpg,F&B,train,False
c:\file akmal\Capstone - Ai Eng - Spendly_ Workspace\data\F&B\valid\images\mako20_jpeg.rf.99e5024e3bce5c481e7b494cad15323b.jpg,F&B,train,False
c:\file akmal\Capstone - Ai Eng - Spendly_ Workspace\data\F&B\valid\images\sbux17_jpg.rf.dccf583976fd9b874853ca03200f65e5.jpg,F&B,train,False
c:\file akmal\Capstone - Ai Eng - Spendly_ Workspace\data\F&B\train\images\fore6_png.rf.66eaee8a86ab8f5ba67049c3fe851559.jpg,F&B,train,False
c:\file akmal\Capstone - Ai Eng - Spendly_ Workspace\data\F&B\valid\images\bk9_png.rf.932b15e549e26c0cb6570de5232f63db.jpg,F&B,train,False
c:\file akmal\Capstone - Ai Eng - Spendly_ Workspace\data\F&B\valid\images\sbux18_jpg.rf.895a80603f455a441448b33cf2ef5cc0.jpg,F&B,train,False
c:\file akmal\Capstone - Ai Eng - Spendly_ Workspace\data\F&B\train\images\sbux19_png.rf.3653ac28f03f3a8171ed072ef1d921cc.jpg,F&B,train,False
c:\file akmal\Capstone - Ai Eng - Spendly_ Workspace\data\F&B\train\images\solaria16_png.rf.e305fa6b0fb21290f5fc0fc55910aaf0.jpg,F&B,train,False
c:\file akmal\Capstone - Ai Eng - Spendly_ Workspace\data\F&B\train\images\mcd1_jpg.rf.85b7ce9e33cebec9517fd71d487a1f8e.jpg,F&B,train,False
c:\file akmal\Capstone - Ai Eng - Spendly_ Workspace\data\F&B\valid\images\sbux4_png.rf.9ecb6f0448c60028fe946af20928aa4e.jpg,F&B,train,False
c:\file akmal\Capstone - Ai Eng - Spendly_ Workspace\data\F&B\train\images\mcd7_png.rf.d85771000bef0fad3e40d4f986c0307b.jpg,F&B,train,False
c:\file akmal\Capstone - Ai Eng - Spendly_ Workspace\data\F&B\valid\images\mako10_png.rf.71b04da7fe9bd165954c3c101db8c1f8.jpg,F&B,train,False
c:\file akmal\Capstone - Ai Eng - Spendly_ Workspace\data\F&B\valid\images\tongtji17_png.rf.b7c723fa528d8ea8b2a8c2859036e604.jpg,F&B,train,False
c:\file akmal\Capstone - Ai Eng - Spendly_ Workspace\data\F&B\train\images\tongtji16_png.rf.e094678e0fbc2f53b0d4e87592ceaf03.jpg,F&B,train,False
c:\file akmal\Capstone - Ai Eng - Spendly_ Workspace\data\F&B\valid\images\fore12_png.rf.e413d771abdfbbe23e28e063a2978086.jpg,F&B,train,False
c:\file akmal\Capstone - Ai Eng - Spendly_ Workspace\data\F&B\train\images\fore8_png.rf.77c4758ce8a2c713f35c3a3b07126e48.jpg,F&B,train,False
c:\file akmal\Capstone - Ai Eng - Spendly_ Workspace\data\F&B\train\images\mcd16_png.rf.8c8656253b199ed6e07727782a5f6bc8.jpg,F&B,train,False
c:\file akmal\Capstone - Ai Eng - Spendly_ Workspace\data\F&B\train\images\mako18_png.rf.d01ae218af1e7cc147a98043e4732e73.jpg,F&B,train,False
c:\file akmal\Capstone - Ai Eng - Spendly_ Workspace\data\F&B\valid\images\tongtji6_png.rf.bcf1a75fbf3e81656e85812b9d2dd223.jpg,F&B,train,False
c:\file akmal\Capstone - Ai Eng - Spendly_ Workspace\data\F&B\valid\images\tongtji10_png.rf.5b83e953fd9868e8fa92f6bc79781996.jpg,F&B,train,False
c:\file akmal\Capstone - Ai Eng - Spendly_ Workspace\data\F&B\train\images\tongtji5_png.rf.3e272128a3519d4a37a1c02877149984.jpg,F&B,train,False
c:\file akmal\Capstone - Ai Eng - Spendly_ Workspace\data\F&B\valid\images\tongtji11_png.rf.908147c8f74bfffa89ad9d0d51f462a1.jpg,F&B,train,False
c:\file akmal\Capstone - Ai Eng - Spendly_ Workspace\data\F&B\test\images\mako3_png.rf.b02214a0723988da9cd317792beeaf83.jpg,F&B,train,False
c:\file akmal\Capstone - Ai Eng - Spendly_ Workspace\data\F&B\test\images\mako8_png.rf.b3d1f530f292958bb089ff66ee1009b4.jpg,F&B,train,False
c:\file akmal\Capstone - Ai Eng - Spendly_ Workspace\data\F&B\test\images\fore17_png.rf.0f1f8b58b7b9cf7cd1e36313bab53f6a.jpg,F&B,train,False
c:\file akmal\Capstone - Ai Eng - Spendly_ Workspace\data\F&B\train\images\solaria13_png.rf.bcffb500279af1b050a7a1903673e533.jpg,F&B,train,False
c:\file akmal\Capstone - Ai Eng - Spendly_ Workspace\data\F&B\train\images\bk8_png.rf.55d1bb430587a5380b59d8e4cedd9fae.jpg,F&B,train,False
c:\file akmal\Capstone - Ai Eng - Spendly_ Workspace\data\F&B\train\images\mcd4_png.rf.ef0a26f12ea646d62bf91fb17b88c10a.jpg,F&B,train,False
c:\file akmal\Capstone - Ai Eng - Spendly_ Workspace\data\F&B\train\images\mcd10_png.rf.68ff97f01fa2fe77065f1e2c58ad01a4.jpg,F&B,train,False
c:\file akmal\Capstone - Ai Eng - Spendly_ Workspace\data\F&B\train\images\tongtji14_png.rf.7321bba6ec8505b5cdf1ab4819a28692.jpg,F&B,train,False
c:\file akmal\Capstone - Ai Eng - Spendly_ Workspace\data\F&B\train\images\mako11_png.rf.e8b63d93df6812de5c135979d18de3f9.jpg,F&B,train,False
c:\file akmal\Capstone - Ai Eng - Spendly_ Workspace\data\F&B\train\images\bk11_png.rf.5e73331cbad284ac73af4c95f03e7b30.jpg,F&B,train,False
c:\file akmal\Capstone - Ai Eng - Spendly_ Workspace\data\F&B\train\images\solaria1_jpeg.rf.37da04e7560252bcc0b54055cb5c482c.jpg,F&B,train,False
c:\file akmal\Capstone - Ai Eng - Spendly_ Workspace\data\F&B\train\images\sbux8_jpg.rf.6410fe78dd7dc52708e8d78b053f7a41.jpg,F&B,train,False
c:\file akmal\Capstone - Ai Eng - Spendly_ Workspace\data\F&B\train\images\fore14_png.rf.5c25c5212ad104c85909207234a069c8.jpg,F&B,train,False
c:\file akmal\Capstone - Ai Eng - Spendly_ Workspace\data\F&B\train\images\tongtji9_png.rf.8bc32cb2106b1351a6b5897ab148e88a.jpg,F&B,train,False
c:\file akmal\Capstone - Ai Eng - Spendly_ Workspace\data\F&B\train\images\tongtji3_png.rf.117206963311615bebe6676e30799a79.jpg,F&B,train,False
c:\file akmal\Capstone - Ai Eng - Spendly_ Workspace\data\F&B\test\images\mcd9_png.rf.3e3fe0f0fb655345247327f8b8d98aae.jpg,F&B,train,False
c:\file akmal\Capstone - Ai Eng - Spendly_ Workspace\data\F&B\train\images\bk4_png.rf.17f1266878a8c9d37c9b0b792c7e778a.jpg,F&B,train,False
c:\file akmal\Capstone - Ai Eng - Spendly_ Workspace\data\F&B\train\images\mcd8_png.rf.9d2713188728c716e96e98c48b75d7d9.jpg,F&B,train,False
c:\file akmal\Capstone - Ai Eng - Spendly_ Workspace\data\F&B\train\images\solaria11_png.rf.3d87e3ebcaa3f13c242ec30658339803.jpg,F&B,train,False
c:\file akmal\Capstone - Ai Eng - Spendly_ Workspace\data\F&B\valid\images\mako15_png.rf.373f209545956869d4e33557f8fa033f.jpg,F&B,train,False
c:\file akmal\Capstone - Ai Eng - Spendly_ Workspace\data\F&B\train\images\bk1_png.rf.28857a6db21d231898a989c30c920ddb.jpg,F&B,train,False
c:\file akmal\Capstone - Ai Eng - Spendly_ Workspace\data\F&B\train\images\sbux20_png.rf.c171b5c40b220d75f4ee0015668a26fb.jpg,F&B,train,False
c:\file akmal\Capstone - Ai Eng - Spendly_ Workspace\data\F&B\train\images\bk13_png.rf.d8920ea3593fa67b5ef4fd4c2411b5d9.jpg,F&B,train,False
c:\file akmal\Capstone - Ai Eng - Spendly_ Workspace\data\F&B\train\images\tongtji2_png.rf.56cb59370d5c149e40accad94d67b794.jpg,F&B,train,False
c:\file akmal\Capstone - Ai Eng - Spendly_ Workspace\data\F&B\train\images\solaria9_png.rf.f992a23ed257d0ec548f127f32b70567.jpg,F&B,train,False
c:\file akmal\Capstone - Ai Eng - Spendly_ Workspace\data\F&B\valid\images\bk15_png.rf.c69791d33585fe9c9648c05bf73bf504.jpg,F&B,train,False
c:\file akmal\Capstone - Ai Eng - Spendly_ Workspace\data\F&B\train\images\bk5_png.rf.19bb935f266e4bcaaca3fe407d79425d.jpg,F&B,train,False
c:\file akmal\Capstone - Ai Eng - Spendly_ Workspace\data\F&B\valid\images\mcd17_png.rf.11dc4e868d2e23033fd77a8ee5f08a2b.jpg,F&B,train,False
c:\file akmal\Capstone - Ai Eng - Spendly_ Workspace\data\F&B\train\images\sbux14_jpg.rf.a22f0f2776aef3d29284016613600508.jpg,F&B,train,False
c:\file akmal\Capstone - Ai Eng - Spendly_ Workspace\data\F&B\train\images\tongtji1_jpeg.rf.bdd21bb1162439a1bc0da09ad061675a.jpg,F&B,train,False
c:\file akmal\Capstone - Ai Eng - Spendly_ Workspace\data\F&B\train\images\solaria2_png.rf.9b49ea7ca52fdefddad561000b9216ba.jpg,F&B,train,False
c:\file akmal\Capstone - Ai Eng - Spendly_ Workspace\data\F&B\train\images\sbux16_jpg.rf.6a300cd68ead4cc056015853010b25c7.jpg,F&B,train,False
c:\file akmal\Capstone - Ai Eng - Spendly_ Workspace\data\F&B\train\images\mako12_png.rf.429785457dbcd40e5c3b4b2c6c717643.jpg,F&B,train,False
c:\file akmal\Capstone - Ai Eng - Spendly_ Workspace\data\F&B\train\images\kopken1_png.rf.68d60d691e2c50c64bf78f5093669f0b.jpg,F&B,train,False
c:\file akmal\Capstone - Ai Eng - Spendly_ Workspace\data\F&B\valid\images\solaria7_png.rf.3678260af11664e36822ecce3f5764bd.jpg,F&B,train,False
c:\file akmal\Capstone - Ai Eng - Spendly_ Workspace\data\F&B\train\images\fore10_png.rf.1a5f6d4a9717c0fb81cb39c383d2e75f.jpg,F&B,train,False
c:\file akmal\Capstone - Ai Eng - Spendly_ Workspace\data\F&B\valid\images\mcd14_png.rf.ec8fc91cbe49879524ca47a022f94df8.jpg,F&B,train,False
c:\file akmal\Capstone - Ai Eng - Spendly_ Workspace\data\F&B\train\images\bk14_png.rf.f32ff9d42c6f68029e6b7b37ff71dae1.jpg,F&B,train,False
c:\file akmal\Capstone - Ai Eng - Spendly_ Workspace\data\F&B\train\images\bk19_png.rf.79df4b9a5802796bef74004accd7ee6d.jpg,F&B,train,False
c:\file akmal\Capstone - Ai Eng - Spendly_ Workspace\data\F&B\train\images\fore1_jpeg.rf.7e9eb12ed553a9f777d59744a2695e32.jpg,F&B,train,False
c:\file akmal\Capstone - Ai Eng - Spendly_ Workspace\data\F&B\train\images\tongtji4_png.rf.aebf9b7894862bbf726a1f249676d75c.jpg,F&B,train,False
c:\file akmal\Capstone - Ai Eng - Spendly_ Workspace\data\F&B\test\images\mcd13_png.rf.13e8a7990ec4540ea3d1a10d3ee373c7.jpg,F&B,train,False
c:\file akmal\Capstone - Ai Eng - Spendly_ Workspace\data\F&B\train\images\bk3_png.rf.fddb62fd64e661937120be8d18f5df1f.jpg,F&B,train,False
c:\file akmal\Capstone - Ai Eng - Spendly_ Workspace\data\F&B\train\images\tongtji15_png.rf.75f0eae35d53cb3ed1f43c74ad84625a.jpg,F&B,train,False
c:\file akmal\Capstone - Ai Eng - Spendly_ Workspace\data\F&B\train\images\tongtji12_png.rf.35f66821321fbe23066ded225dc8301a.jpg,F&B,train,False
c:\file akmal\Capstone - Ai Eng - Spendly_ Workspace\data\F&B\test\images\mcd6_png.rf.d9f278500aa90d8d718ffe069508979f.jpg,F&B,train,False
c:\file akmal\Capstone - Ai Eng - Spendly_ Workspace\data\F&B\valid\images\solaria10_png.rf.341a0c5de2069b704d55c83393dd3f58.jpg,F&B,train,False
c:\file akmal\Capstone - Ai Eng - Spendly_ Workspace\data\F&B\train\images\mcd20_png.rf.e2a115d299db10e7ee01647ea707d83f.jpg,F&B,train,False
c:\file akmal\Capstone - Ai Eng - Spendly_ Workspace\data\F&B\train\images\sbux15_jpg.rf.4d36925866b2d615afa73b92e62bba38.jpg,F&B,train,False
c:\file akmal\Capstone - Ai Eng - Spendly_ Workspace\data\F&B\train\images\fore2_png.rf.e0b308bb22726cb880d91c578f36a47d.jpg,F&B,train,False
c:\file akmal\Capstone - Ai Eng - Spendly_ Workspace\data\F&B\train\images\mcd11_png.rf.c950096c4831dd57d3be70e36fe2555a.jpg,F&B,train,False
c:\file akmal\Capstone - Ai Eng - Spendly_ Workspace\data\F&B\test\images\bk6_png.rf.e34da0ca4e159ee4a8758c7d05821494.jpg,F&B,train,False
c:\file akmal\Capstone - Ai Eng - Spendly_ Workspace\data\F&B\valid\images\bk20_png.rf.bff103d0b061814dbd9bf4ee8431d8c2.jpg,F&B,train,False
c:\file akmal\Capstone - Ai Eng - Spendly_ Workspace\data\F&B\train\images\sbux11_jpg.rf.67ff38f6921335a8d044ab7bad9561d8.jpg,F&B,train,False
c:\file akmal\Capstone - Ai Eng - Spendly_ Workspace\data\F&B\train\images\bk17_png.rf.f7d4219a5b83caf39219c1d4a40dda7b.jpg,F&B,train,False
c:\file akmal\Capstone - Ai Eng - Spendly_ Workspace\data\F&B\train\images\fore20_png.rf.df375ef2a8ec971bac59cc850438be2f.jpg,F&B,train,False
c:\file akmal\Capstone - Ai Eng - Spendly_ Workspace\data\F&B\train\images\sbux10_jpg.rf.555aa04bffedbb5553f50465ef6f4deb.jpg,F&B,train,False
c:\file akmal\Capstone - Ai Eng - Spendly_ Workspace\data\F&B\train\images\mako14_png.rf.e7e83b08383c6d7f108ec71afc901c4d.jpg,F&B,train,False
c:\file akmal\Capstone - Ai Eng - Spendly_ Workspace\data\F&B\test\images\sbux12_jpg.rf.3b748fe56b7a1af48e156df3d090dda1.jpg,F&B,train,False
c:\file akmal\Capstone - Ai Eng - Spendly_ Workspace\data\F&B\valid\images\sbux5_png.rf.680d6161e9ef04155d85bf93ad3a25b5.jpg,F&B,train,False
c:\file akmal\Capstone - Ai Eng - Spendly_ Workspace\data\F&B\train\images\solaria20_png.rf.cd90417d7c5d9c4d546787d75a41cf47.jpg,F&B,train,False
c:\file akmal\Capstone - Ai Eng - Spendly_ Workspace\data\F&B\valid\images\fore3_png.rf.097cd8946f2548ca52acfdda25962d20.jpg,F&B,train,False
c:\file akmal\Capstone - Ai Eng - Spendly_ Workspace\data\_processed\F&B\train\aug_F&B_0000.jpg,F&B,train,True
c:\file akmal\Capstone - Ai Eng - Spendly_ Workspace\data\_processed\F&B\train\aug_F&B_0001.jpg,F&B,train,True
c:\file akmal\Capstone - Ai Eng - Spendly_ Workspace\data\_processed\F&B\train\aug_F&B_0002.jpg,F&B,train,True
c:\file akmal\Capstone - Ai Eng - Spendly_ Workspace\data\_processed\F&B\train\aug_F&B_0003.jpg,F&B,train,True
c:\file akmal\Capstone - Ai Eng - Spendly_ Workspace\data\_processed\F&B\train\aug_F&B_0004.jpg,F&B,train,True
c:\file akmal\Capstone - Ai Eng - Spendly_ Workspace\data\_processed\F&B\train\aug_F&B_0005.jpg,F&B,train,True
c:\file akmal\Capstone - Ai Eng - Spendly_ Workspace\data\_processed\F&B\train\aug_F&B_0006.jpg,F&B,train,True
c:\file akmal\Capstone - Ai Eng - Spendly_ Workspace\data\_processed\F&B\train\aug_F&B_0007.jpg,F&B,train,True
c:\file akmal\Capstone - Ai Eng - Spendly_ Workspace\data\_processed\F&B\train\aug_F&B_0008.jpg,F&B,train,True
c:\file akmal\Capstone - Ai Eng - Spendly_ Workspace\data\_processed\F&B\train\aug_F&B_0009.jpg,F&B,train,True
c:\file akmal\Capstone - Ai Eng - Spendly_ Workspace\data\_processed\F&B\train\aug_F&B_0010.jpg,F&B,train,True
c:\file akmal\Capstone - Ai Eng - Spendly_ Workspace\data\_processed\F&B\train\aug_F&B_0011.jpg,F&B,train,True
c:\file akmal\Capstone - Ai Eng - Spendly_ Workspace\data\_processed\F&B\train\aug_F&B_0012.jpg,F&B,train,True
c:\file akmal\Capstone - Ai Eng - Spendly_ Workspace\data\_processed\F&B\train\aug_F&B_0013.jpg,F&B,train,True
c:\file akmal\Capstone - Ai Eng - Spendly_ Workspace\data\_processed\F&B\train\aug_F&B_0014.jpg,F&B,train,True
c:\file akmal\Capstone - Ai Eng - Spendly_ Workspace\data\_processed\F&B\train\aug_F&B_0015.jpg,F&B,train,True
c:\file akmal\Capstone - Ai Eng - Spendly_ Workspace\data\_processed\F&B\train\aug_F&B_0016.jpg,F&B,train,True
c:\file akmal\Capstone - Ai Eng - Spendly_ Workspace\data\_processed\F&B\train\aug_F&B_0017.jpg,F&B,train,True
c:\file akmal\Capstone - Ai Eng - Spendly_ Workspace\data\_processed\F&B\train\aug_F&B_0018.jpg,F&B,train,True
c:\file akmal\Capstone - Ai Eng - Spendly_ Workspace\data\_processed\F&B\train\aug_F&B_0019.jpg,F&B,train,True
c:\file akmal\Capstone - Ai Eng - Spendly_ Workspace\data\_processed\F&B\train\aug_F&B_0020.jpg,F&B,train,True
c:\file akmal\Capstone - Ai Eng - Spendly_ Workspace\data\_processed\F&B\train\aug_F&B_0021.jpg,F&B,train,True
c:\file akmal\Capstone - Ai Eng - Spendly_ Workspace\data\_processed\F&B\train\aug_F&B_0022.jpg,F&B,train,True
c:\file akmal\Capstone - Ai Eng - Spendly_ Workspace\data\_processed\F&B\train\aug_F&B_0023.jpg,F&B,train,True
c:\file akmal\Capstone - Ai Eng - Spendly_ Workspace\data\_processed\F&B\train\aug_F&B_0024.jpg,F&B,train,True
c:\file akmal\Capstone - Ai Eng - Spendly_ Workspace\data\_processed\F&B\train\aug_F&B_0025.jpg,F&B,train,True
c:\file akmal\Capstone - Ai Eng - Spendly_ Workspace\data\_processed\F&B\train\aug_F&B_0026.jpg,F&B,train,True
c:\file akmal\Capstone - Ai Eng - Spendly_ Workspace\data\_processed\F&B\train\aug_F&B_0027.jpg,F&B,train,True
c:\file akmal\Capstone - Ai Eng - Spendly_ Workspace\data\_processed\F&B\train\aug_F&B_0028.jpg,F&B,train,True
c:\file akmal\Capstone - Ai Eng - Spendly_ Workspace\data\_processed\F&B\train\aug_F&B_0029.jpg,F&B,train,True
c:\file akmal\Capstone - Ai Eng - Spendly_ Workspace\data\_processed\F&B\train\aug_F&B_0030.jpg,F&B,train,True
c:\file akmal\Capstone - Ai Eng - Spendly_ Workspace\data\_processed\F&B\train\aug_F&B_0031.jpg,F&B,train,True
c:\file akmal\Capstone - Ai Eng - Spendly_ Workspace\data\_processed\F&B\train\aug_F&B_0032.jpg,F&B,train,True
c:\file akmal\Capstone - Ai Eng - Spendly_ Workspace\data\_processed\F&B\train\aug_F&B_0033.jpg,F&B,train,True
c:\file akmal\Capstone - Ai Eng - Spendly_ Workspace\data\_processed\F&B\train\aug_F&B_0034.jpg,F&B,train,True
c:\file akmal\Capstone - Ai Eng - Spendly_ Workspace\data\_processed\F&B\train\aug_F&B_0035.jpg,F&B,train,True
c:\file akmal\Capstone - Ai Eng - Spendly_ Workspace\data\_processed\F&B\train\aug_F&B_0036.jpg,F&B,train,True
c:\file akmal\Capstone - Ai Eng - Spendly_ Workspace\data\_processed\F&B\train\aug_F&B_0037.jpg,F&B,train,True
c:\file akmal\Capstone - Ai Eng - Spendly_ Workspace\data\_processed\F&B\train\aug_F&B_0038.jpg,F&B,train,True
c:\file akmal\Capstone - Ai Eng - Spendly_ Workspace\data\_processed\F&B\train\aug_F&B_0039.jpg,F&B,train,True
c:\file akmal\Capstone - Ai Eng - Spendly_ Workspace\data\_processed\F&B\train\aug_F&B_0040.jpg,F&B,train,True
c:\file akmal\Capstone - Ai Eng - Spendly_ Workspace\data\_processed\F&B\train\aug_F&B_0041.jpg,F&B,train,True
c:\file akmal\Capstone - Ai Eng - Spendly_ Workspace\data\_processed\F&B\train\aug_F&B_0042.jpg,F&B,train,True
c:\file akmal\Capstone - Ai Eng - Spendly_ Workspace\data\_processed\F&B\train\aug_F&B_0043.jpg,F&B,train,True
c:\file akmal\Capstone - Ai Eng - Spendly_ Workspace\data\_processed\F&B\train\aug_F&B_0044.jpg,F&B,train,True
c:\file akmal\Capstone - Ai Eng - Spendly_ Workspace\data\_processed\F&B\train\aug_F&B_0045.jpg,F&B,train,True
c:\file akmal\Capstone - Ai Eng - Spendly_ Workspace\data\_processed\F&B\train\aug_F&B_0046.jpg,F&B,train,True
c:\file akmal\Capstone - Ai Eng - Spendly_ Workspace\data\_processed\F&B\train\aug_F&B_0047.jpg,F&B,train,True
c:\file akmal\Capstone - Ai Eng - Spendly_ Workspace\data\_processed\F&B\train\aug_F&B_0048.jpg,F&B,train,True
c:\file akmal\Capstone - Ai Eng - Spendly_ Workspace\data\_processed\F&B\train\aug_F&B_0049.jpg,F&B,train,True
c:\file akmal\Capstone - Ai Eng - Spendly_ Workspace\data\_processed\F&B\train\aug_F&B_0050.jpg,F&B,train,True
c:\file akmal\Capstone - Ai Eng - Spendly_ Workspace\data\_processed\F&B\train\aug_F&B_0051.jpg,F&B,train,True
c:\file akmal\Capstone - Ai Eng - Spendly_ Workspace\data\_processed\F&B\train\aug_F&B_0052.jpg,F&B,train,True
c:\file akmal\Capstone - Ai Eng - Spendly_ Workspace\data\_processed\F&B\train\aug_F&B_0053.jpg,F&B,train,True
c:\file akmal\Capstone - Ai Eng - Spendly_ Workspace\data\_processed\F&B\train\aug_F&B_0054.jpg,F&B,train,True
c:\file akmal\Capstone - Ai Eng - Spendly_ Workspace\data\_processed\F&B\train\aug_F&B_0055.jpg,F&B,train,True
c:\file akmal\Capstone - Ai Eng - Spendly_ Workspace\data\_processed\F&B\train\aug_F&B_0056.jpg,F&B,train,True
c:\file akmal\Capstone - Ai Eng - Spendly_ Workspace\data\_processed\F&B\train\aug_F&B_0057.jpg,F&B,train,True
c:\file akmal\Capstone - Ai Eng - Spendly_ Workspace\data\_processed\F&B\train\aug_F&B_0058.jpg,F&B,train,True
c:\file akmal\Capstone - Ai Eng - Spendly_ Workspace\data\_processed\F&B\train\aug_F&B_0059.jpg,F&B,train,True
c:\file akmal\Capstone - Ai Eng - Spendly_ Workspace\data\_processed\F&B\train\aug_F&B_0060.jpg,F&B,train,True
c:\file akmal\Capstone - Ai Eng - Spendly_ Workspace\data\_processed\F&B\train\aug_F&B_0061.jpg,F&B,train,True
c:\file akmal\Capstone - Ai Eng - Spendly_ Workspace\data\_processed\F&B\train\aug_F&B_0062.jpg,F&B,train,True
c:\file akmal\Capstone - Ai Eng - Spendly_ Workspace\data\_processed\F&B\train\aug_F&B_0063.jpg,F&B,train,True
c:\file akmal\Capstone - Ai Eng - Spendly_ Workspace\data\_processed\F&B\train\aug_F&B_0064.jpg,F&B,train,True
c:\file akmal\Capstone - Ai Eng - Spendly_ Workspace\data\_processed\F&B\train\aug_F&B_0065.jpg,F&B,train,True
c:\file akmal\Capstone - Ai Eng - Spendly_ Workspace\data\_processed\F&B\train\aug_F&B_0066.jpg,F&B,train,True
c:\file akmal\Capstone - Ai Eng - Spendly_ Workspace\data\_processed\F&B\train\aug_F&B_0067.jpg,F&B,train,True
c:\file akmal\Capstone - Ai Eng - Spendly_ Workspace\data\_processed\F&B\train\aug_F&B_0068.jpg,F&B,train,True
c:\file akmal\Capstone - Ai Eng - Spendly_ Workspace\data\_processed\F&B\train\aug_F&B_0069.jpg,F&B,train,True
c:\file akmal\Capstone - Ai Eng - Spendly_ Workspace\data\_processed\F&B\train\aug_F&B_0070.jpg,F&B,train,True
c:\file akmal\Capstone - Ai Eng - Spendly_ Workspace\data\_processed\F&B\train\aug_F&B_0071.jpg,F&B,train,True
c:\file akmal\Capstone - Ai Eng - Spendly_ Workspace\data\_processed\F&B\train\aug_F&B_0072.jpg,F&B,train,True
c:\file akmal\Capstone - Ai Eng - Spendly_ Workspace\data\_processed\F&B\train\aug_F&B_0073.jpg,F&B,train,True
c:\file akmal\Capstone - Ai Eng - Spendly_ Workspace\data\_processed\F&B\train\aug_F&B_0074.jpg,F&B,train,True
c:\file akmal\Capstone - Ai Eng - Spendly_ Workspace\data\_processed\F&B\train\aug_F&B_0075.jpg,F&B,train,True
c:\file akmal\Capstone - Ai Eng - Spendly_ Workspace\data\_processed\F&B\train\aug_F&B_0076.jpg,F&B,train,True
c:\file akmal\Capstone - Ai Eng - Spendly_ Workspace\data\_processed\F&B\train\aug_F&B_0077.jpg,F&B,train,True
c:\file akmal\Capstone - Ai Eng - Spendly_ Workspace\data\_processed\F&B\train\aug_F&B_0078.jpg,F&B,train,True
c:\file akmal\Capstone - Ai Eng - Spendly_ Workspace\data\_processed\F&B\train\aug_F&B_0079.jpg,F&B,train,True
c:\file akmal\Capstone - Ai Eng - Spendly_ Workspace\data\_processed\F&B\train\aug_F&B_0080.jpg,F&B,train,True
c:\file akmal\Capstone - Ai Eng - Spendly_ Workspace\data\_processed\F&B\train\aug_F&B_0081.jpg,F&B,train,True
c:\file akmal\Capstone - Ai Eng - Spendly_ Workspace\data\_processed\F&B\train\aug_F&B_0082.jpg,F&B,train,True
c:\file akmal\Capstone - Ai Eng - Spendly_ Workspace\data\_processed\F&B\train\aug_F&B_0083.jpg,F&B,train,True
c:\file akmal\Capstone - Ai Eng - Spendly_ Workspace\data\_processed\F&B\train\aug_F&B_0084.jpg,F&B,train,True
c:\file akmal\Capstone - Ai Eng - Spendly_ Workspace\data\_processed\F&B\train\aug_F&B_0085.jpg,F&B,train,True
c:\file akmal\Capstone - Ai Eng - Spendly_ Workspace\data\_processed\F&B\train\aug_F&B_0086.jpg,F&B,train,True
c:\file akmal\Capstone - Ai Eng - Spendly_ Workspace\data\_processed\F&B\train\aug_F&B_0087.jpg,F&B,train,True
c:\file akmal\Capstone - Ai Eng - Spendly_ Workspace\data\_processed\F&B\train\aug_F&B_0088.jpg,F&B,train,True
c:\file akmal\Capstone - Ai Eng - Spendly_ Workspace\data\_processed\F&B\train\aug_F&B_0089.jpg,F&B,train,True
c:\file akmal\Capstone - Ai Eng - Spendly_ Workspace\data\_processed\F&B\train\aug_F&B_0090.jpg,F&B,train,True
c:\file akmal\Capstone - Ai Eng - Spendly_ Workspace\data\_processed\F&B\train\aug_F&B_0091.jpg,F&B,train,True
c:\file akmal\Capstone - Ai Eng - Spendly_ Workspace\data\_processed\F&B\train\aug_F&B_0092.jpg,F&B,train,True
c:\file akmal\Capstone - Ai Eng - Spendly_ Workspace\data\_processed\F&B\train\aug_F&B_0093.jpg,F&B,train,True
c:\file akmal\Capstone - Ai Eng - Spendly_ Workspace\data\_processed\F&B\train\aug_F&B_0094.jpg,F&B,train,True
c:\file akmal\Capstone - Ai Eng - Spendly_ Workspace\data\_processed\F&B\train\aug_F&B_0095.jpg,F&B,train,True
c:\file akmal\Capstone - Ai Eng - Spendly_ Workspace\data\_processed\F&B\train\aug_F&B_0096.jpg,F&B,train,True
c:\file akmal\Capstone - Ai Eng - Spendly_ Workspace\data\_processed\F&B\train\aug_F&B_0097.jpg,F&B,train,True
c:\file akmal\Capstone - Ai Eng - Spendly_ Workspace\data\_processed\F&B\train\aug_F&B_0098.jpg,F&B,train,True
c:\file akmal\Capstone - Ai Eng - Spendly_ Workspace\data\_processed\F&B\train\aug_F&B_0099.jpg,F&B,train,True
c:\file akmal\Capstone - Ai Eng - Spendly_ Workspace\data\_processed\F&B\train\aug_F&B_0100.jpg,F&B,train,True
c:\file akmal\Capstone - Ai Eng - Spendly_ Workspace\data\Gas\train\images\UC-KENDAL-26-MARET-2026-pdf_page_1_png.rf.6208c06b9ad9757522e10d189c6d2acd.jpg,Gas,train,False
c:\file akmal\Capstone - Ai Eng - Spendly_ Workspace\data\Gas\train\images\bensin-affan2_jpeg.rf.abf2927b78fad941aaf03ec0f16a20de.jpg,Gas,train,False
c:\file akmal\Capstone - Ai Eng - Spendly_ Workspace\data\Gas\train\images\camscaner-bensin-lana1_png.rf.870ae4c0b90c3948689c08648cd826d6.jpg,Gas,train,False
c:\file akmal\Capstone - Ai Eng - Spendly_ Workspace\data\Gas\train\images\camscaner-bensin-nofita2_png.rf.7bdfedd19895db8fd1552c4591678e43.jpg,Gas,train,False
c:\file akmal\Capstone - Ai Eng - Spendly_ Workspace\data\Gas\train\images\shell13_png.rf.6a71fc3d92319f9eb6ec8558d77b117f.jpg,Gas,train,False
c:\file akmal\Capstone - Ai Eng - Spendly_ Workspace\data\Gas\train\images\camscaner-bensin-rizky_png.rf.9e73297d6460ce21d1ea1de39ab338a1.jpg,Gas,train,False
c:\file akmal\Capstone - Ai Eng - Spendly_ Workspace\data\Gas\train\images\camscaner-bensin-rizky3_png.rf.e54af9fd4a41a3c46e2f04927e7ad146.jpg,Gas,train,False
c:\file akmal\Capstone - Ai Eng - Spendly_ Workspace\data\Gas\train\images\UC-TEMANGGUNG-25-MARET-2026-pdf_page_1_png.rf.9ef0278c8721a4286ebdaee9f2db6c75.jpg,Gas,train,False
c:\file akmal\Capstone - Ai Eng - Spendly_ Workspace\data\Gas\train\images\camscaner-bensin-yani3_png.rf.06f308b07660625313d0316ff65e142e.jpg,Gas,train,False
c:\file akmal\Capstone - Ai Eng - Spendly_ Workspace\data\Gas\valid\images\shell17_png.rf.1c28d9d1b3400b437818277224876ef6.jpg,Gas,train,False
c:\file akmal\Capstone - Ai Eng - Spendly_ Workspace\data\Gas\train\images\UC-GROBOGAN-24-FEB-26-pdf_page_1_png.rf.b1aa984cf636b94da997e1137ce0debc.jpg,Gas,train,False
c:\file akmal\Capstone - Ai Eng - Spendly_ Workspace\data\Gas\train\images\UC-KENDAL-07-JAN-2026-pdf_page_1_png.rf.d0ba670186ac1f43452faa25ecf9f08d.jpg,Gas,train,False
c:\file akmal\Capstone - Ai Eng - Spendly_ Workspace\data\Gas\train\images\camscaner-bensin-rizky5_png.rf.22478f17e14b6642034168636561166a.jpg,Gas,train,False
c:\file akmal\Capstone - Ai Eng - Spendly_ Workspace\data\Gas\train\images\shell1_jpeg.rf.4696b6f3bd387b15cb48688a5e522a6e.jpg,Gas,train,False
c:\file akmal\Capstone - Ai Eng - Spendly_ Workspace\data\Gas\train\images\shell14_png.rf.4c97f0aabcd56fa9c2d4db28959afcbb.jpg,Gas,train,False
c:\file akmal\Capstone - Ai Eng - Spendly_ Workspace\data\Gas\train\images\UC-GUBUG-07-FEB-2026-pdf_page_1_png.rf.7551d5e80428690f0fe5ef25a7d1e4fa.jpg,Gas,train,False
c:\file akmal\Capstone - Ai Eng - Spendly_ Workspace\data\Gas\train\images\shell7_png.rf.c66e2625ca891200f6636daa569143ea.jpg,Gas,train,False
c:\file akmal\Capstone - Ai Eng - Spendly_ Workspace\data\Gas\train\images\camscaner-bensin-yani2_png.rf.02ca267ad31dc31344f3af5f282a1d7b.jpg,Gas,train,False
c:\file akmal\Capstone - Ai Eng - Spendly_ Workspace\data\Gas\train\images\shell16_png.rf.2a74a817a64789ea4f9f64261c2af304.jpg,Gas,train,False
c:\file akmal\Capstone - Ai Eng - Spendly_ Workspace\data\Gas\train\images\camscaner-bensin-nofita3_png.rf.69c1dd416c65db4fd856425c5767dd0a.jpg,Gas,train,False
c:\file akmal\Capstone - Ai Eng - Spendly_ Workspace\data\Gas\train\images\UC-BATANG-BENSIN-18-MARET-2026-pdf_page_1_png.rf.6581b1af2c1dd4775ba0eb0688664512.jpg,Gas,train,False
c:\file akmal\Capstone - Ai Eng - Spendly_ Workspace\data\Gas\train\images\UC-GROBOGAN-10-MARET-2026-pdf_page_1_png.rf.5e758a59d0923bfb592d97a00894aac4.jpg,Gas,train,False
c:\file akmal\Capstone - Ai Eng - Spendly_ Workspace\data\Gas\test\images\UC-DEMAK-19-FEB-2026-pdf_page_1_png.rf.4f2eb2a7e4e3fd98bfcfc8ff579c354b.jpg,Gas,train,False
c:\file akmal\Capstone - Ai Eng - Spendly_ Workspace\data\Gas\valid\images\shell2_jpeg.rf.78e0474920d53749de24686a4334fdd8.jpg,Gas,train,False
c:\file akmal\Capstone - Ai Eng - Spendly_ Workspace\data\Gas\valid\images\UC-DEMAK-24-JAN-2026-pdf_page_1_png.rf.bb07e29b16b5bd1947d5734bda7e2905.jpg,Gas,train,False
c:\file akmal\Capstone - Ai Eng - Spendly_ Workspace\data\Gas\valid\images\camscaner-bensin-rizky4_png.rf.524bcca71c529cef19aeb3293ba62254.jpg,Gas,train,False
c:\file akmal\Capstone - Ai Eng - Spendly_ Workspace\data\Gas\valid\images\shell15_png.rf.f4e42483508e4309ea290aa6ef71aa2a.jpg,Gas,train,False
c:\file akmal\Capstone - Ai Eng - Spendly_ Workspace\data\Gas\train\images\shell19_png.rf.1378746f6c4ebf71f6510c03d4b74b24.jpg,Gas,train,False
c:\file akmal\Capstone - Ai Eng - Spendly_ Workspace\data\Gas\train\images\camscaner-bensin-yani4_png.rf.04a3cb2bbba5dcdc664ecdb15fd76202.jpg,Gas,train,False
c:\file akmal\Capstone - Ai Eng - Spendly_ Workspace\data\Gas\train\images\bensin-affan3_jpeg.rf.c2ad8ec140607d0a34740b3df9555dfb.jpg,Gas,train,False
c:\file akmal\Capstone - Ai Eng - Spendly_ Workspace\data\Gas\train\images\shell5_png.rf.ca3c0a6bdd2cd11daee5c3748c6f747f.jpg,Gas,train,False
c:\file akmal\Capstone - Ai Eng - Spendly_ Workspace\data\Gas\test\images\UC-BATANG-13-FEB-2026-pdf_page_3_png.rf.eee5983b606cec2d9f904ea9b5fca55c.jpg,Gas,train,False
c:\file akmal\Capstone - Ai Eng - Spendly_ Workspace\data\Gas\train\images\camscaner-bensin-lana2_png.rf.58c92beba62c063dac2de847d275c704.jpg,Gas,train,False
c:\file akmal\Capstone - Ai Eng - Spendly_ Workspace\data\Gas\train\images\UC-DEMAK-3-MARET-2026-pdf_page_1_png.rf.de326daafa4f21bfa91c61c97a0f3895.jpg,Gas,train,False
c:\file akmal\Capstone - Ai Eng - Spendly_ Workspace\data\Gas\train\images\camscaner-bensin-nofita1_png.rf.b9066e43f4996c969ebebb95c4c49b3c.jpg,Gas,train,False
c:\file akmal\Capstone - Ai Eng - Spendly_ Workspace\data\Gas\train\images\shell9_png.rf.f421d5afc542a0e7efea861a8391b60e.jpg,Gas,train,False
c:\file akmal\Capstone - Ai Eng - Spendly_ Workspace\data\Gas\test\images\UC-BATANG-13-FEB-2026-pdf_page_1_png.rf.0a456166f24dae4655c4b07cb1604d4a.jpg,Gas,train,False
c:\file akmal\Capstone - Ai Eng - Spendly_ Workspace\data\Gas\train\images\UC-GROBOGAN-02-JAN-2026-pdf_page_1_png.rf.a1877efaa37cbc3be316939bd14010a6.jpg,Gas,train,False
c:\file akmal\Capstone - Ai Eng - Spendly_ Workspace\data\Gas\train\images\shell10_png.rf.94d182ea017b798d091c28c3cd03c454.jpg,Gas,train,False
c:\file akmal\Capstone - Ai Eng - Spendly_ Workspace\data\Gas\valid\images\shell20_png.rf.eabe8fd3e9f3d9accc388613de52b907.jpg,Gas,train,False
c:\file akmal\Capstone - Ai Eng - Spendly_ Workspace\data\Gas\train\images\camscaner-bensin-rizky2_png.rf.182e6c63876ab99026d52c21b96b8391.jpg,Gas,train,False
c:\file akmal\Capstone - Ai Eng - Spendly_ Workspace\data\Gas\train\images\bensin-affan4_jpeg.rf.70575a8b4ef3f8e9f0f39d9ca640e56f.jpg,Gas,train,False
c:\file akmal\Capstone - Ai Eng - Spendly_ Workspace\data\Gas\train\images\UC-BATANG-DINNER-18-MARET-2026-pdf_page_1_png.rf.8b2ee1a65efdaca9faa4c7716297f6b9.jpg,Gas,train,False
c:\file akmal\Capstone - Ai Eng - Spendly_ Workspace\data\Gas\train\images\camscaner-bensin-nofita5_png.rf.93a6225963698ecbbacf3878de898066.jpg,Gas,train,False
c:\file akmal\Capstone - Ai Eng - Spendly_ Workspace\data\_processed\Gas\train\aug_Gas_0000.jpg,Gas,train,True
c:\file akmal\Capstone - Ai Eng - Spendly_ Workspace\data\_processed\Gas\train\aug_Gas_0001.jpg,Gas,train,True
c:\file akmal\Capstone - Ai Eng - Spendly_ Workspace\data\_processed\Gas\train\aug_Gas_0002.jpg,Gas,train,True
c:\file akmal\Capstone - Ai Eng - Spendly_ Workspace\data\_processed\Gas\train\aug_Gas_0003.jpg,Gas,train,True
c:\file akmal\Capstone - Ai Eng - Spendly_ Workspace\data\_processed\Gas\train\aug_Gas_0004.jpg,Gas,train,True
c:\file akmal\Capstone - Ai Eng - Spendly_ Workspace\data\_processed\Gas\train\aug_Gas_0005.jpg,Gas,train,True
c:\file akmal\Capstone - Ai Eng - Spendly_ Workspace\data\_processed\Gas\train\aug_Gas_0006.jpg,Gas,train,True
c:\file akmal\Capstone - Ai Eng - Spendly_ Workspace\data\_processed\Gas\train\aug_Gas_0007.jpg,Gas,train,True
c:\file akmal\Capstone - Ai Eng - Spendly_ Workspace\data\_processed\Gas\train\aug_Gas_0008.jpg,Gas,train,True
c:\file akmal\Capstone - Ai Eng - Spendly_ Workspace\data\_processed\Gas\train\aug_Gas_0009.jpg,Gas,train,True
c:\file akmal\Capstone - Ai Eng - Spendly_ Workspace\data\_processed\Gas\train\aug_Gas_0010.jpg,Gas,train,True
c:\file akmal\Capstone - Ai Eng - Spendly_ Workspace\data\_processed\Gas\train\aug_Gas_0011.jpg,Gas,train,True
c:\file akmal\Capstone - Ai Eng - Spendly_ Workspace\data\_processed\Gas\train\aug_Gas_0012.jpg,Gas,train,True
c:\file akmal\Capstone - Ai Eng - Spendly_ Workspace\data\_processed\Gas\train\aug_Gas_0013.jpg,Gas,train,True
c:\file akmal\Capstone - Ai Eng - Spendly_ Workspace\data\_processed\Gas\train\aug_Gas_0014.jpg,Gas,train,True
c:\file akmal\Capstone - Ai Eng - Spendly_ Workspace\data\_processed\Gas\train\aug_Gas_0015.jpg,Gas,train,True
c:\file akmal\Capstone - Ai Eng - Spendly_ Workspace\data\_processed\Gas\train\aug_Gas_0016.jpg,Gas,train,True
c:\file akmal\Capstone - Ai Eng - Spendly_ Workspace\data\_processed\Gas\train\aug_Gas_0017.jpg,Gas,train,True
c:\file akmal\Capstone - Ai Eng - Spendly_ Workspace\data\_processed\Gas\train\aug_Gas_0018.jpg,Gas,train,True
c:\file akmal\Capstone - Ai Eng - Spendly_ Workspace\data\_processed\Gas\train\aug_Gas_0019.jpg,Gas,train,True
c:\file akmal\Capstone - Ai Eng - Spendly_ Workspace\data\_processed\Gas\train\aug_Gas_0020.jpg,Gas,train,True
c:\file akmal\Capstone - Ai Eng - Spendly_ Workspace\data\_processed\Gas\train\aug_Gas_0021.jpg,Gas,train,True
c:\file akmal\Capstone - Ai Eng - Spendly_ Workspace\data\_processed\Gas\train\aug_Gas_0022.jpg,Gas,train,True
c:\file akmal\Capstone - Ai Eng - Spendly_ Workspace\data\_processed\Gas\train\aug_Gas_0023.jpg,Gas,train,True
c:\file akmal\Capstone - Ai Eng - Spendly_ Workspace\data\_processed\Gas\train\aug_Gas_0024.jpg,Gas,train,True
c:\file akmal\Capstone - Ai Eng - Spendly_ Workspace\data\_processed\Gas\train\aug_Gas_0025.jpg,Gas,train,True
c:\file akmal\Capstone - Ai Eng - Spendly_ Workspace\data\_processed\Gas\train\aug_Gas_0026.jpg,Gas,train,True
c:\file akmal\Capstone - Ai Eng - Spendly_ Workspace\data\_processed\Gas\train\aug_Gas_0027.jpg,Gas,train,True
c:\file akmal\Capstone - Ai Eng - Spendly_ Workspace\data\_processed\Gas\train\aug_Gas_0028.jpg,Gas,train,True
c:\file akmal\Capstone - Ai Eng - Spendly_ Workspace\data\_processed\Gas\train\aug_Gas_0029.jpg,Gas,train,True
c:\file akmal\Capstone - Ai Eng - Spendly_ Workspace\data\_processed\Gas\train\aug_Gas_0030.jpg,Gas,train,True
c:\file akmal\Capstone - Ai Eng - Spendly_ Workspace\data\_processed\Gas\train\aug_Gas_0031.jpg,Gas,train,True
c:\file akmal\Capstone - Ai Eng - Spendly_ Workspace\data\_processed\Gas\train\aug_Gas_0032.jpg,Gas,train,True
c:\file akmal\Capstone - Ai Eng - Spendly_ Workspace\data\_processed\Gas\train\aug_Gas_0033.jpg,Gas,train,True
c:\file akmal\Capstone - Ai Eng - Spendly_ Workspace\data\_processed\Gas\train\aug_Gas_0034.jpg,Gas,train,True
c:\file akmal\Capstone - Ai Eng - Spendly_ Workspace\data\_processed\Gas\train\aug_Gas_0035.jpg,Gas,train,True
c:\file akmal\Capstone - Ai Eng - Spendly_ Workspace\data\_processed\Gas\train\aug_Gas_0036.jpg,Gas,train,True
c:\file akmal\Capstone - Ai Eng - Spendly_ Workspace\data\_processed\Gas\train\aug_Gas_0037.jpg,Gas,train,True
c:\file akmal\Capstone - Ai Eng - Spendly_ Workspace\data\_processed\Gas\train\aug_Gas_0038.jpg,Gas,train,True
c:\file akmal\Capstone - Ai Eng - Spendly_ Workspace\data\_processed\Gas\train\aug_Gas_0039.jpg,Gas,train,True
c:\file akmal\Capstone - Ai Eng - Spendly_ Workspace\data\_processed\Gas\train\aug_Gas_0040.jpg,Gas,train,True
c:\file akmal\Capstone - Ai Eng - Spendly_ Workspace\data\_processed\Gas\train\aug_Gas_0041.jpg,Gas,train,True
c:\file akmal\Capstone - Ai Eng - Spendly_ Workspace\data\_processed\Gas\train\aug_Gas_0042.jpg,Gas,train,True
c:\file akmal\Capstone - Ai Eng - Spendly_ Workspace\data\_processed\Gas\train\aug_Gas_0043.jpg,Gas,train,True
c:\file akmal\Capstone - Ai Eng - Spendly_ Workspace\data\_processed\Gas\train\aug_Gas_0044.jpg,Gas,train,True
c:\file akmal\Capstone - Ai Eng - Spendly_ Workspace\data\_processed\Gas\train\aug_Gas_0045.jpg,Gas,train,True
c:\file akmal\Capstone - Ai Eng - Spendly_ Workspace\data\_processed\Gas\train\aug_Gas_0046.jpg,Gas,train,True
c:\file akmal\Capstone - Ai Eng - Spendly_ Workspace\data\_processed\Gas\train\aug_Gas_0047.jpg,Gas,train,True
c:\file akmal\Capstone - Ai Eng - Spendly_ Workspace\data\_processed\Gas\train\aug_Gas_0048.jpg,Gas,train,True
c:\file akmal\Capstone - Ai Eng - Spendly_ Workspace\data\_processed\Gas\train\aug_Gas_0049.jpg,Gas,train,True
c:\file akmal\Capstone - Ai Eng - Spendly_ Workspace\data\_processed\Gas\train\aug_Gas_0050.jpg,Gas,train,True
c:\file akmal\Capstone - Ai Eng - Spendly_ Workspace\data\_processed\Gas\train\aug_Gas_0051.jpg,Gas,train,True
c:\file akmal\Capstone - Ai Eng - Spendly_ Workspace\data\_processed\Gas\train\aug_Gas_0052.jpg,Gas,train,True
c:\file akmal\Capstone - Ai Eng - Spendly_ Workspace\data\_processed\Gas\train\aug_Gas_0053.jpg,Gas,train,True
c:\file akmal\Capstone - Ai Eng - Spendly_ Workspace\data\_processed\Gas\train\aug_Gas_0054.jpg,Gas,train,True
c:\file akmal\Capstone - Ai Eng - Spendly_ Workspace\data\_processed\Gas\train\aug_Gas_0055.jpg,Gas,train,True
c:\file akmal\Capstone - Ai Eng - Spendly_ Workspace\data\_processed\Gas\train\aug_Gas_0056.jpg,Gas,train,True
c:\file akmal\Capstone - Ai Eng - Spendly_ Workspace\data\_processed\Gas\train\aug_Gas_0057.jpg,Gas,train,True
c:\file akmal\Capstone - Ai Eng - Spendly_ Workspace\data\_processed\Gas\train\aug_Gas_0058.jpg,Gas,train,True
c:\file akmal\Capstone - Ai Eng - Spendly_ Workspace\data\_processed\Gas\train\aug_Gas_0059.jpg,Gas,train,True
c:\file akmal\Capstone - Ai Eng - Spendly_ Workspace\data\_processed\Gas\train\aug_Gas_0060.jpg,Gas,train,True
c:\file akmal\Capstone - Ai Eng - Spendly_ Workspace\data\_processed\Gas\train\aug_Gas_0061.jpg,Gas,train,True
c:\file akmal\Capstone - Ai Eng - Spendly_ Workspace\data\_processed\Gas\train\aug_Gas_0062.jpg,Gas,train,True
c:\file akmal\Capstone - Ai Eng - Spendly_ Workspace\data\_processed\Gas\train\aug_Gas_0063.jpg,Gas,train,True
c:\file akmal\Capstone - Ai Eng - Spendly_ Workspace\data\_processed\Gas\train\aug_Gas_0064.jpg,Gas,train,True
c:\file akmal\Capstone - Ai Eng - Spendly_ Workspace\data\_processed\Gas\train\aug_Gas_0065.jpg,Gas,train,True
c:\file akmal\Capstone - Ai Eng - Spendly_ Workspace\data\_processed\Gas\train\aug_Gas_0066.jpg,Gas,train,True
c:\file akmal\Capstone - Ai Eng - Spendly_ Workspace\data\_processed\Gas\train\aug_Gas_0067.jpg,Gas,train,True
c:\file akmal\Capstone - Ai Eng - Spendly_ Workspace\data\_processed\Gas\train\aug_Gas_0068.jpg,Gas,train,True
c:\file akmal\Capstone - Ai Eng - Spendly_ Workspace\data\_processed\Gas\train\aug_Gas_0069.jpg,Gas,train,True
c:\file akmal\Capstone - Ai Eng - Spendly_ Workspace\data\_processed\Gas\train\aug_Gas_0070.jpg,Gas,train,True
c:\file akmal\Capstone - Ai Eng - Spendly_ Workspace\data\_processed\Gas\train\aug_Gas_0071.jpg,Gas,train,True
c:\file akmal\Capstone - Ai Eng - Spendly_ Workspace\data\_processed\Gas\train\aug_Gas_0072.jpg,Gas,train,True
c:\file akmal\Capstone - Ai Eng - Spendly_ Workspace\data\_processed\Gas\train\aug_Gas_0073.jpg,Gas,train,True
c:\file akmal\Capstone - Ai Eng - Spendly_ Workspace\data\_processed\Gas\train\aug_Gas_0074.jpg,Gas,train,True
c:\file akmal\Capstone - Ai Eng - Spendly_ Workspace\data\_processed\Gas\train\aug_Gas_0075.jpg,Gas,train,True
c:\file akmal\Capstone - Ai Eng - Spendly_ Workspace\data\_processed\Gas\train\aug_Gas_0076.jpg,Gas,train,True
c:\file akmal\Capstone - Ai Eng - Spendly_ Workspace\data\_processed\Gas\train\aug_Gas_0077.jpg,Gas,train,True
c:\file akmal\Capstone - Ai Eng - Spendly_ Workspace\data\_processed\Gas\train\aug_Gas_0078.jpg,Gas,train,True
c:\file akmal\Capstone - Ai Eng - Spendly_ Workspace\data\_processed\Gas\train\aug_Gas_0079.jpg,Gas,train,True
c:\file akmal\Capstone - Ai Eng - Spendly_ Workspace\data\_processed\Gas\train\aug_Gas_0080.jpg,Gas,train,True
c:\file akmal\Capstone - Ai Eng - Spendly_ Workspace\data\_processed\Gas\train\aug_Gas_0081.jpg,Gas,train,True
c:\file akmal\Capstone - Ai Eng - Spendly_ Workspace\data\_processed\Gas\train\aug_Gas_0082.jpg,Gas,train,True
c:\file akmal\Capstone - Ai Eng - Spendly_ Workspace\data\_processed\Gas\train\aug_Gas_0083.jpg,Gas,train,True
c:\file akmal\Capstone - Ai Eng - Spendly_ Workspace\data\_processed\Gas\train\aug_Gas_0084.jpg,Gas,train,True
c:\file akmal\Capstone - Ai Eng - Spendly_ Workspace\data\_processed\Gas\train\aug_Gas_0085.jpg,Gas,train,True
c:\file akmal\Capstone - Ai Eng - Spendly_ Workspace\data\_processed\Gas\train\aug_Gas_0086.jpg,Gas,train,True
c:\file akmal\Capstone - Ai Eng - Spendly_ Workspace\data\_processed\Gas\train\aug_Gas_0087.jpg,Gas,train,True
c:\file akmal\Capstone - Ai Eng - Spendly_ Workspace\data\_processed\Gas\train\aug_Gas_0088.jpg,Gas,train,True
c:\file akmal\Capstone - Ai Eng - Spendly_ Workspace\data\_processed\Gas\train\aug_Gas_0089.jpg,Gas,train,True
c:\file akmal\Capstone - Ai Eng - Spendly_ Workspace\data\_processed\Gas\train\aug_Gas_0090.jpg,Gas,train,True
c:\file akmal\Capstone - Ai Eng - Spendly_ Workspace\data\_processed\Gas\train\aug_Gas_0091.jpg,Gas,train,True
c:\file akmal\Capstone - Ai Eng - Spendly_ Workspace\data\_processed\Gas\train\aug_Gas_0092.jpg,Gas,train,True
c:\file akmal\Capstone - Ai Eng - Spendly_ Workspace\data\_processed\Gas\train\aug_Gas_0093.jpg,Gas,train,True
c:\file akmal\Capstone - Ai Eng - Spendly_ Workspace\data\_processed\Gas\train\aug_Gas_0094.jpg,Gas,train,True
c:\file akmal\Capstone - Ai Eng - Spendly_ Workspace\data\_processed\Gas\train\aug_Gas_0095.jpg,Gas,train,True
c:\file akmal\Capstone - Ai Eng - Spendly_ Workspace\data\_processed\Gas\train\aug_Gas_0096.jpg,Gas,train,True
c:\file akmal\Capstone - Ai Eng - Spendly_ Workspace\data\_processed\Gas\train\aug_Gas_0097.jpg,Gas,train,True
c:\file akmal\Capstone - Ai Eng - Spendly_ Workspace\data\_processed\Gas\train\aug_Gas_0098.jpg,Gas,train,True
c:\file akmal\Capstone - Ai Eng - Spendly_ Workspace\data\_processed\Gas\train\aug_Gas_0099.jpg,Gas,train,True
c:\file akmal\Capstone - Ai Eng - Spendly_ Workspace\data\_processed\Gas\train\aug_Gas_0100.jpg,Gas,train,True
c:\file akmal\Capstone - Ai Eng - Spendly_ Workspace\data\_processed\Gas\train\aug_Gas_0101.jpg,Gas,train,True
c:\file akmal\Capstone - Ai Eng - Spendly_ Workspace\data\_processed\Gas\train\aug_Gas_0102.jpg,Gas,train,True
c:\file akmal\Capstone - Ai Eng - Spendly_ Workspace\data\_processed\Gas\train\aug_Gas_0103.jpg,Gas,train,True
c:\file akmal\Capstone - Ai Eng - Spendly_ Workspace\data\_processed\Gas\train\aug_Gas_0104.jpg,Gas,train,True
c:\file akmal\Capstone - Ai Eng - Spendly_ Workspace\data\_processed\Gas\train\aug_Gas_0105.jpg,Gas,train,True
c:\file akmal\Capstone - Ai Eng - Spendly_ Workspace\data\_processed\Gas\train\aug_Gas_0106.jpg,Gas,train,True
c:\file akmal\Capstone - Ai Eng - Spendly_ Workspace\data\_processed\Gas\train\aug_Gas_0107.jpg,Gas,train,True
c:\file akmal\Capstone - Ai Eng - Spendly_ Workspace\data\_processed\Gas\train\aug_Gas_0108.jpg,Gas,train,True
c:\file akmal\Capstone - Ai Eng - Spendly_ Workspace\data\_processed\Gas\train\aug_Gas_0109.jpg,Gas,train,True
c:\file akmal\Capstone - Ai Eng - Spendly_ Workspace\data\_processed\Gas\train\aug_Gas_0110.jpg,Gas,train,True
c:\file akmal\Capstone - Ai Eng - Spendly_ Workspace\data\_processed\Gas\train\aug_Gas_0111.jpg,Gas,train,True
c:\file akmal\Capstone - Ai Eng - Spendly_ Workspace\data\_processed\Gas\train\aug_Gas_0112.jpg,Gas,train,True
c:\file akmal\Capstone - Ai Eng - Spendly_ Workspace\data\_processed\Gas\train\aug_Gas_0113.jpg,Gas,train,True
c:\file akmal\Capstone - Ai Eng - Spendly_ Workspace\data\_processed\Gas\train\aug_Gas_0114.jpg,Gas,train,True
c:\file akmal\Capstone - Ai Eng - Spendly_ Workspace\data\_processed\Gas\train\aug_Gas_0115.jpg,Gas,train,True
c:\file akmal\Capstone - Ai Eng - Spendly_ Workspace\data\_processed\Gas\train\aug_Gas_0116.jpg,Gas,train,True
c:\file akmal\Capstone - Ai Eng - Spendly_ Workspace\data\_processed\Gas\train\aug_Gas_0117.jpg,Gas,train,True
c:\file akmal\Capstone - Ai Eng - Spendly_ Workspace\data\_processed\Gas\train\aug_Gas_0118.jpg,Gas,train,True
c:\file akmal\Capstone - Ai Eng - Spendly_ Workspace\data\_processed\Gas\train\aug_Gas_0119.jpg,Gas,train,True
c:\file akmal\Capstone - Ai Eng - Spendly_ Workspace\data\_processed\Gas\train\aug_Gas_0120.jpg,Gas,train,True
c:\file akmal\Capstone - Ai Eng - Spendly_ Workspace\data\_processed\Gas\train\aug_Gas_0121.jpg,Gas,train,True
c:\file akmal\Capstone - Ai Eng - Spendly_ Workspace\data\_processed\Gas\train\aug_Gas_0122.jpg,Gas,train,True
c:\file akmal\Capstone - Ai Eng - Spendly_ Workspace\data\_processed\Gas\train\aug_Gas_0123.jpg,Gas,train,True
c:\file akmal\Capstone - Ai Eng - Spendly_ Workspace\data\_processed\Gas\train\aug_Gas_0124.jpg,Gas,train,True
c:\file akmal\Capstone - Ai Eng - Spendly_ Workspace\data\_processed\Gas\train\aug_Gas_0125.jpg,Gas,train,True
c:\file akmal\Capstone - Ai Eng - Spendly_ Workspace\data\_processed\Gas\train\aug_Gas_0126.jpg,Gas,train,True
c:\file akmal\Capstone - Ai Eng - Spendly_ Workspace\data\_processed\Gas\train\aug_Gas_0127.jpg,Gas,train,True
c:\file akmal\Capstone - Ai Eng - Spendly_ Workspace\data\_processed\Gas\train\aug_Gas_0128.jpg,Gas,train,True
c:\file akmal\Capstone - Ai Eng - Spendly_ Workspace\data\_processed\Gas\train\aug_Gas_0129.jpg,Gas,train,True
c:\file akmal\Capstone - Ai Eng - Spendly_ Workspace\data\_processed\Gas\train\aug_Gas_0130.jpg,Gas,train,True
c:\file akmal\Capstone - Ai Eng - Spendly_ Workspace\data\_processed\Gas\train\aug_Gas_0131.jpg,Gas,train,True
c:\file akmal\Capstone - Ai Eng - Spendly_ Workspace\data\_processed\Gas\train\aug_Gas_0132.jpg,Gas,train,True
c:\file akmal\Capstone - Ai Eng - Spendly_ Workspace\data\_processed\Gas\train\aug_Gas_0133.jpg,Gas,train,True
c:\file akmal\Capstone - Ai Eng - Spendly_ Workspace\data\_processed\Gas\train\aug_Gas_0134.jpg,Gas,train,True
c:\file akmal\Capstone - Ai Eng - Spendly_ Workspace\data\_processed\Gas\train\aug_Gas_0135.jpg,Gas,train,True
c:\file akmal\Capstone - Ai Eng - Spendly_ Workspace\data\_processed\Gas\train\aug_Gas_0136.jpg,Gas,train,True
c:\file akmal\Capstone - Ai Eng - Spendly_ Workspace\data\_processed\Gas\train\aug_Gas_0137.jpg,Gas,train,True
c:\file akmal\Capstone - Ai Eng - Spendly_ Workspace\data\_processed\Gas\train\aug_Gas_0138.jpg,Gas,train,True
c:\file akmal\Capstone - Ai Eng - Spendly_ Workspace\data\_processed\Gas\train\aug_Gas_0139.jpg,Gas,train,True
c:\file akmal\Capstone - Ai Eng - Spendly_ Workspace\data\_processed\Gas\train\aug_Gas_0140.jpg,Gas,train,True
c:\file akmal\Capstone - Ai Eng - Spendly_ Workspace\data\_processed\Gas\train\aug_Gas_0141.jpg,Gas,train,True
c:\file akmal\Capstone - Ai Eng - Spendly_ Workspace\data\_processed\Gas\train\aug_Gas_0142.jpg,Gas,train,True
c:\file akmal\Capstone - Ai Eng - Spendly_ Workspace\data\_processed\Gas\train\aug_Gas_0143.jpg,Gas,train,True
c:\file akmal\Capstone - Ai Eng - Spendly_ Workspace\data\_processed\Gas\train\aug_Gas_0144.jpg,Gas,train,True
c:\file akmal\Capstone - Ai Eng - Spendly_ Workspace\data\_processed\Gas\train\aug_Gas_0145.jpg,Gas,train,True
c:\file akmal\Capstone - Ai Eng - Spendly_ Workspace\data\_processed\Gas\train\aug_Gas_0146.jpg,Gas,train,True
c:\file akmal\Capstone - Ai Eng - Spendly_ Workspace\data\_processed\Gas\train\aug_Gas_0147.jpg,Gas,train,True
c:\file akmal\Capstone - Ai Eng - Spendly_ Workspace\data\_processed\Gas\train\aug_Gas_0148.jpg,Gas,train,True
c:\file akmal\Capstone - Ai Eng - Spendly_ Workspace\data\_processed\Gas\train\aug_Gas_0149.jpg,Gas,train,True
c:\file akmal\Capstone - Ai Eng - Spendly_ Workspace\data\_processed\Gas\train\aug_Gas_0150.jpg,Gas,train,True
c:\file akmal\Capstone - Ai Eng - Spendly_ Workspace\data\_processed\Gas\train\aug_Gas_0151.jpg,Gas,train,True
c:\file akmal\Capstone - Ai Eng - Spendly_ Workspace\data\_processed\Gas\train\aug_Gas_0152.jpg,Gas,train,True
c:\file akmal\Capstone - Ai Eng - Spendly_ Workspace\data\_processed\Gas\train\aug_Gas_0153.jpg,Gas,train,True
c:\file akmal\Capstone - Ai Eng - Spendly_ Workspace\data\_processed\Gas\train\aug_Gas_0154.jpg,Gas,train,True
c:\file akmal\Capstone - Ai Eng - Spendly_ Workspace\data\_processed\Gas\train\aug_Gas_0155.jpg,Gas,train,True
c:\file akmal\Capstone - Ai Eng - Spendly_ Workspace\data\Groceries\train\images\receipt-013_png_jpg.rf.a9feb613c6461c0ac990176408230994.jpg,Groceries,train,False
c:\file akmal\Capstone - Ai Eng - Spendly_ Workspace\data\Groceries\train\images\receipt-123_png_jpg.rf.b7ef67b319e5779fac1d5fbc6cb00b3a.jpg,Groceries,train,False
c:\file akmal\Capstone - Ai Eng - Spendly_ Workspace\data\Groceries\train\images\receipt-O-260309-AGDMRVQ_png.rf.3fa10ef093400ab7243b3aed0dd9ea98.jpg,Groceries,train,False
c:\file akmal\Capstone - Ai Eng - Spendly_ Workspace\data\Groceries\train\images\receipt-189_png_jpg.rf.9adb04b0ff91208c16da5b1175af2fc3.jpg,Groceries,train,False
c:\file akmal\Capstone - Ai Eng - Spendly_ Workspace\data\Groceries\train\images\receipt-023_png_jpg.rf.f9a53adf015cb69a12370dc7b7c654f6.jpg,Groceries,train,False
c:\file akmal\Capstone - Ai Eng - Spendly_ Workspace\data\Groceries\train\images\receipt-183_png_jpg.rf.6f2017d201de04622f2df853927aae9f.jpg,Groceries,train,False
c:\file akmal\Capstone - Ai Eng - Spendly_ Workspace\data\Groceries\train\images\receipt-125_png_jpg.rf.5f434647f469b8bc739174902b9e9936.jpg,Groceries,train,False
c:\file akmal\Capstone - Ai Eng - Spendly_ Workspace\data\Groceries\train\images\receipt-044_png_jpg.rf.a8ef28ceac510aff1fcddabb2387a040.jpg,Groceries,train,False
c:\file akmal\Capstone - Ai Eng - Spendly_ Workspace\data\Groceries\train\images\images-3-_jpg.rf.6d0e5a45098e95578de513d2e99f629d.jpg,Groceries,train,False
c:\file akmal\Capstone - Ai Eng - Spendly_ Workspace\data\Groceries\train\images\receipt-170_png_jpg.rf.0df8bbfefa256e5e43371c9061b80659.jpg,Groceries,train,False
c:\file akmal\Capstone - Ai Eng - Spendly_ Workspace\data\Groceries\train\images\CamScanner-18-11-2024-12-48_99_jpg.rf.fde8eab1d207cf459b243ab6ac649537.jpg,Groceries,train,False
c:\file akmal\Capstone - Ai Eng - Spendly_ Workspace\data\Groceries\train\images\receipt-027_png_jpg.rf.aa73e4a03aee1162cf66ce3f617da541.jpg,Groceries,train,False
c:\file akmal\Capstone - Ai Eng - Spendly_ Workspace\data\Groceries\train\images\CamScanner-19-11-2024-16-49_14_jpg.rf.f44017ff9dd1d9d321c8abc35c6d0e62.jpg,Groceries,train,False
c:\file akmal\Capstone - Ai Eng - Spendly_ Workspace\data\Groceries\train\images\CamScanner-19-11-2024-16-49_4_jpg.rf.7fd4cb0f49d79b64a643bf8ded94cb39.jpg,Groceries,train,False
c:\file akmal\Capstone - Ai Eng - Spendly_ Workspace\data\Groceries\train\images\receipt-058_png_jpg.rf.beb33c8e5e017af810ec436f1f15ac19.jpg,Groceries,train,False
c:\file akmal\Capstone - Ai Eng - Spendly_ Workspace\data\Groceries\train\images\id-11134207-7r98w-lzbsdcbkel0e03_jpg.rf.703d9bd5d99b009ad316b1cf8f50d67d.jpg,Groceries,train,False
c:\file akmal\Capstone - Ai Eng - Spendly_ Workspace\data\Groceries\train\images\CamScanner-19-11-2024-16-49_2_jpg.rf.e50f8b2a9f6bcb453c0ad04d96878ac2.jpg,Groceries,train,False
c:\file akmal\Capstone - Ai Eng - Spendly_ Workspace\data\Groceries\train\images\receipt-085_png_jpg.rf.49cc433a13828b2612becdefefff9687.jpg,Groceries,train,False
c:\file akmal\Capstone - Ai Eng - Spendly_ Workspace\data\Groceries\valid\images\CamScanner-18-11-2024-12-48_16_jpg.rf.7e45c3a75f438535ad3da22f8f6bf009.jpg,Groceries,train,False
c:\file akmal\Capstone - Ai Eng - Spendly_ Workspace\data\Groceries\train\images\receipt-052_png_jpg.rf.d9b0e664da1184733005ba210ac5f8bf.jpg,Groceries,train,False
c:\file akmal\Capstone - Ai Eng - Spendly_ Workspace\data\Groceries\train\images\CamScanner-18-11-2024-12-48_92_jpg.rf.31d055e0c7ad03b3a2c20730532af04d.jpg,Groceries,train,False
c:\file akmal\Capstone - Ai Eng - Spendly_ Workspace\data\Groceries\train\images\receipt-047_png_jpg.rf.6e29a3cd6d1fb63c6a800cad82cea41d.jpg,Groceries,train,False
c:\file akmal\Capstone - Ai Eng - Spendly_ Workspace\data\Groceries\train\images\receipt-152_png_jpg.rf.426c213fdfdc908d4919a2b841826923.jpg,Groceries,train,False
c:\file akmal\Capstone - Ai Eng - Spendly_ Workspace\data\Groceries\train\images\receipt-178_png_jpg.rf.21fc3077ce76dad5193087da64aaf4a8.jpg,Groceries,train,False
c:\file akmal\Capstone - Ai Eng - Spendly_ Workspace\data\Groceries\train\images\receipt-099_png_jpg.rf.65553cb57d97daf6ccbaf072304ec509.jpg,Groceries,train,False
c:\file akmal\Capstone - Ai Eng - Spendly_ Workspace\data\Groceries\train\images\receipt-186_png_jpg.rf.7136376fdf6d2894a9cf6e8e580ddc4a.jpg,Groceries,train,False
c:\file akmal\Capstone - Ai Eng - Spendly_ Workspace\data\Groceries\train\images\receipt-094_png_jpg.rf.440194047a84c51a5791a5c29bf068c7.jpg,Groceries,train,False
c:\file akmal\Capstone - Ai Eng - Spendly_ Workspace\data\Groceries\valid\images\receipt-322_png_jpg.rf.1a6d001f3d7133247c5ab6c431441722.jpg,Groceries,train,False
c:\file akmal\Capstone - Ai Eng - Spendly_ Workspace\data\Groceries\train\images\receipt-185_png_jpg.rf.d52ec4a99507c3003c9b1edb4f5bf118.jpg,Groceries,train,False
c:\file akmal\Capstone - Ai Eng - Spendly_ Workspace\data\Groceries\train\images\receipt-307_png_jpg.rf.fb1abb63af9628207a682611e69d046d.jpg,Groceries,train,False
c:\file akmal\Capstone - Ai Eng - Spendly_ Workspace\data\Groceries\train\images\receipt-309_png_jpg.rf.544234ac6ab60d43ed0bd2a3fa9d7690.jpg,Groceries,train,False
c:\file akmal\Capstone - Ai Eng - Spendly_ Workspace\data\Groceries\train\images\receipt-179_png_jpg.rf.36cd22ebefc524d5bf9a56a599b91b0e.jpg,Groceries,train,False
c:\file akmal\Capstone - Ai Eng - Spendly_ Workspace\data\Groceries\train\images\receipt-089_png_jpg.rf.f655245766de70ade64dca9c6116770e.jpg,Groceries,train,False
c:\file akmal\Capstone - Ai Eng - Spendly_ Workspace\data\Groceries\valid\images\CamScanner-18-11-2024-12-48_41_jpg.rf.89dfd1650ade4e37953fa36b63662c29.jpg,Groceries,train,False
c:\file akmal\Capstone - Ai Eng - Spendly_ Workspace\data\Groceries\train\images\receipt-112_png_jpg.rf.20b8c11352bf7d4eb53cca1094b3e73e.jpg,Groceries,train,False
c:\file akmal\Capstone - Ai Eng - Spendly_ Workspace\data\Groceries\train\images\EV23suKU0AAqvRp_jpg.rf.de2a4384a036b81609eed25f9e32ab07.jpg,Groceries,train,False
c:\file akmal\Capstone - Ai Eng - Spendly_ Workspace\data\Groceries\train\images\receipt-002_png_jpg.rf.2c886ed2aa930c7a9941f6b9dc37aa63.jpg,Groceries,train,False
c:\file akmal\Capstone - Ai Eng - Spendly_ Workspace\data\Groceries\train\images\receipt-200_png_jpg.rf.177c2bc8b7e62791a0b83677a4db46e0.jpg,Groceries,train,False
c:\file akmal\Capstone - Ai Eng - Spendly_ Workspace\data\Groceries\train\images\receipt-142_png_jpg.rf.eda143c222d8966b683c40e354f0e36e.jpg,Groceries,train,False
c:\file akmal\Capstone - Ai Eng - Spendly_ Workspace\data\Groceries\train\images\CamScanner-19-11-2024-16-49_8_jpg.rf.7b8c23738fdfd3c5e407efc53489376f.jpg,Groceries,train,False
c:\file akmal\Capstone - Ai Eng - Spendly_ Workspace\data\Groceries\train\images\images_jpg.rf.4770065edc80571c2bce7a63cbea277f.jpg,Groceries,train,False
c:\file akmal\Capstone - Ai Eng - Spendly_ Workspace\data\Groceries\train\images\receipt-139_png_jpg.rf.bc8fafc8bdf89556f53491969e9f4565.jpg,Groceries,train,False
c:\file akmal\Capstone - Ai Eng - Spendly_ Workspace\data\Groceries\train\images\receipt-090_png_jpg.rf.9bfba42f1b29d676581c17b7e4f203b1.jpg,Groceries,train,False
c:\file akmal\Capstone - Ai Eng - Spendly_ Workspace\data\Groceries\train\images\E-Reciept_17112025080314_2023032905395876_1777708161084-pdf_page_1_png.rf.da4fd35735c10b3389447366326fd0cf.jpg,Groceries,train,False
c:\file akmal\Capstone - Ai Eng - Spendly_ Workspace\data\Groceries\valid\images\CamScanner-18-11-2024-12-48_102_jpg.rf.9800ae82943a50f49a53a3c1f42a7f54.jpg,Groceries,train,False
c:\file akmal\Capstone - Ai Eng - Spendly_ Workspace\data\Groceries\valid\images\CamScanner-18-11-2024-12-48_67_jpg.rf.24588507463de9947f9f0a9cf8c13ace.jpg,Groceries,train,False
c:\file akmal\Capstone - Ai Eng - Spendly_ Workspace\data\Groceries\train\images\Benihbaikaba144e56a189a19d272718daf5838e3bfcb6c0e_png.rf.33aa3cc8e95770f52c2a4dd11ad69677.jpg,Groceries,train,False
c:\file akmal\Capstone - Ai Eng - Spendly_ Workspace\data\Groceries\train\images\receipt-232_png_jpg.rf.76acb97236530e3cdd3c3b5cab74eef6.jpg,Groceries,train,False
c:\file akmal\Capstone - Ai Eng - Spendly_ Workspace\data\Groceries\train\images\CamScanner-19-11-2024-16-49_7_jpg.rf.cfd309c3b3234664bf190e1fcb64e024.jpg,Groceries,train,False
c:\file akmal\Capstone - Ai Eng - Spendly_ Workspace\data\Groceries\train\images\CamScanner-18-11-2024-12-48_97_jpg.rf.8a0bb53ee7b930ef275af05cb777209b.jpg,Groceries,train,False
c:\file akmal\Capstone - Ai Eng - Spendly_ Workspace\data\Groceries\train\images\receipt-171_png_jpg.rf.96e56ec037e765d339e1199faf6971f1.jpg,Groceries,train,False
c:\file akmal\Capstone - Ai Eng - Spendly_ Workspace\data\Groceries\train\images\receipt-148_png_jpg.rf.699bcdf5ea004bb406fefc2bcdb4394f.jpg,Groceries,train,False
c:\file akmal\Capstone - Ai Eng - Spendly_ Workspace\data\Groceries\train\images\receipt-062_png_jpg.rf.b3d4d48c07c7b554092d88d265a71560.jpg,Groceries,train,False
c:\file akmal\Capstone - Ai Eng - Spendly_ Workspace\data\Groceries\valid\images\CamScanner-18-11-2024-12-48_20_jpg.rf.a5dfa551cd448f35fb04f0aa9e651f13.jpg,Groceries,train,False
c:\file akmal\Capstone - Ai Eng - Spendly_ Workspace\data\Groceries\train\images\receipt-143_png_jpg.rf.494706150d9e1baffdea9c1444d421da.jpg,Groceries,train,False
c:\file akmal\Capstone - Ai Eng - Spendly_ Workspace\data\Groceries\test\images\receipt-067_png_jpg.rf.930186f0b80cca504c3de8ce3f66565d.jpg,Groceries,train,False
c:\file akmal\Capstone - Ai Eng - Spendly_ Workspace\data\Groceries\train\images\receipt-102_png_jpg.rf.95bccfaaeef731d4cb439b4b4aa074ba.jpg,Groceries,train,False
c:\file akmal\Capstone - Ai Eng - Spendly_ Workspace\data\Groceries\train\images\receipt-020_png_jpg.rf.6f4276bad8824942eff7222bdf5ef13e.jpg,Groceries,train,False
c:\file akmal\Capstone - Ai Eng - Spendly_ Workspace\data\Groceries\train\images\receipt-042_png_jpg.rf.e53632e1045ae1eb5ae297adbd7d3056.jpg,Groceries,train,False
c:\file akmal\Capstone - Ai Eng - Spendly_ Workspace\data\Groceries\train\images\receipt-156_png_jpg.rf.5f7d6c1cef82c7c1f86c4dcc7b0aeb93.jpg,Groceries,train,False
c:\file akmal\Capstone - Ai Eng - Spendly_ Workspace\data\Groceries\train\images\receipt-108_png_jpg.rf.c44b081e41096723e9f70259d555b4dd.jpg,Groceries,train,False
c:\file akmal\Capstone - Ai Eng - Spendly_ Workspace\data\Groceries\train\images\receipt-172_png_jpg.rf.25cca28319ea322bf1beae22fa5ac2fe.jpg,Groceries,train,False
c:\file akmal\Capstone - Ai Eng - Spendly_ Workspace\data\Groceries\train\images\receipt-107_png_jpg.rf.ca41f95e66308e3b7a389dc1263e84eb.jpg,Groceries,train,False
c:\file akmal\Capstone - Ai Eng - Spendly_ Workspace\data\Groceries\train\images\receipt-163_png_jpg.rf.5a2cf2404c27d376743691fa78a5a520.jpg,Groceries,train,False
c:\file akmal\Capstone - Ai Eng - Spendly_ Workspace\data\Groceries\train\images\receipt-424_png_jpg.rf.d4cbc562d2d5a0996c0a5036b4e88875.jpg,Groceries,train,False
c:\file akmal\Capstone - Ai Eng - Spendly_ Workspace\data\Groceries\valid\images\CamScanner-18-11-2024-12-48_28_jpg.rf.1d141909da06115bf72d2505e4b3de83.jpg,Groceries,train,False
c:\file akmal\Capstone - Ai Eng - Spendly_ Workspace\data\Groceries\train\images\receipt-280_png_jpg.rf.d9a64fb60637bbda026d15d8f869103d.jpg,Groceries,train,False
c:\file akmal\Capstone - Ai Eng - Spendly_ Workspace\data\Groceries\train\images\receipt-003_png_jpg.rf.93c390eeb9892a626457fdc98c7d4c20.jpg,Groceries,train,False
c:\file akmal\Capstone - Ai Eng - Spendly_ Workspace\data\Groceries\train\images\receipt-076_png_jpg.rf.ec754fe1dcfc5d605314d2e9a2f5b7c8.jpg,Groceries,train,False
c:\file akmal\Capstone - Ai Eng - Spendly_ Workspace\data\Groceries\train\images\receipt-036_png_jpg.rf.8d50075bc932fbbfe1e9f171afa378f3.jpg,Groceries,train,False
c:\file akmal\Capstone - Ai Eng - Spendly_ Workspace\data\Groceries\valid\images\CamScanner-18-11-2024-12-48_42_jpg.rf.ede5f3fe74a04cb645fe36d731a8301e.jpg,Groceries,train,False
c:\file akmal\Capstone - Ai Eng - Spendly_ Workspace\data\Groceries\train\images\receipt-130_png_jpg.rf.cc303731260222b16de636bf3400df8f.jpg,Groceries,train,False
c:\file akmal\Capstone - Ai Eng - Spendly_ Workspace\data\Groceries\train\images\receipt-356_png_jpg.rf.3432c26b29da2f695c9803e736e99322.jpg,Groceries,train,False
c:\file akmal\Capstone - Ai Eng - Spendly_ Workspace\data\Groceries\train\images\receipt-041_png_jpg.rf.e3d13ed39f0089facf2ed4a3e01d32eb.jpg,Groceries,train,False
c:\file akmal\Capstone - Ai Eng - Spendly_ Workspace\data\Groceries\train\images\receipt-050_png_jpg.rf.fd93609b1c0829f086e2cb60b4b201e8.jpg,Groceries,train,False
c:\file akmal\Capstone - Ai Eng - Spendly_ Workspace\data\Groceries\train\images\CamScanner-18-11-2024-12-48_95_jpg.rf.2469f2211a9228ef1edfc130e1878388.jpg,Groceries,train,False
c:\file akmal\Capstone - Ai Eng - Spendly_ Workspace\data\Groceries\train\images\receipt-114_png_jpg.rf.e29da0af68b8362fdd65ae675dac6534.jpg,Groceries,train,False
c:\file akmal\Capstone - Ai Eng - Spendly_ Workspace\data\Groceries\valid\images\receipt-065_png_jpg.rf.4d8b8661b01ebe4b0564281759551dab.jpg,Groceries,train,False
c:\file akmal\Capstone - Ai Eng - Spendly_ Workspace\data\Groceries\train\images\receipt-H296-80118044D42_png.rf.fa8a2ab5b708a472c216872080e84e4c.jpg,Groceries,train,False
c:\file akmal\Capstone - Ai Eng - Spendly_ Workspace\data\Groceries\train\images\receipt-018_png_jpg.rf.1a518272a19041f4a1e80a7d09e0dc96.jpg,Groceries,train,False
c:\file akmal\Capstone - Ai Eng - Spendly_ Workspace\data\Groceries\train\images\receipt-118_png_jpg.rf.253e11b4558fbc6ef261930384b5ba93.jpg,Groceries,train,False
c:\file akmal\Capstone - Ai Eng - Spendly_ Workspace\data\Groceries\train\images\receipt-331_png_jpg.rf.b5de4e8ea054e83c7d71e616db0fa11b.jpg,Groceries,train,False
c:\file akmal\Capstone - Ai Eng - Spendly_ Workspace\data\Groceries\train\images\cherly-superindo_jpg.rf.8ec0bcdaa5a56b1196d35c16bf338e72.jpg,Groceries,train,False
c:\file akmal\Capstone - Ai Eng - Spendly_ Workspace\data\Groceries\train\images\receipt-072_png_jpg.rf.73436ad376105b4f377bd7302e98b09c.jpg,Groceries,train,False
c:\file akmal\Capstone - Ai Eng - Spendly_ Workspace\data\Groceries\train\images\CamScanner-19-11-2024-16-49_16_jpg.rf.deb2ec9ce63454dcd04e91b099114a9e.jpg,Groceries,train,False
c:\file akmal\Capstone - Ai Eng - Spendly_ Workspace\data\Groceries\train\images\receipt-022_png_jpg.rf.4282bf15cecf871c0c79fcbae3474d29.jpg,Groceries,train,False
c:\file akmal\Capstone - Ai Eng - Spendly_ Workspace\data\Groceries\train\images\receipt-129_png_jpg.rf.e62f4956db51996b1f5de06cfa44e8f2.jpg,Groceries,train,False
c:\file akmal\Capstone - Ai Eng - Spendly_ Workspace\data\Groceries\train\images\CamScanner-19-11-2024-16-49_4_jpg.rf.4643739bbb9a85bf18e260675a819e01.jpg,Groceries,train,False
c:\file akmal\Capstone - Ai Eng - Spendly_ Workspace\data\Groceries\train\images\E-Reciept_28042026090826_2023032905395876_1777385460746-pdf_page_1_png.rf.45b4859e0c60312ddcce38950688027c.jpg,Groceries,train,False
c:\file akmal\Capstone - Ai Eng - Spendly_ Workspace\data\Groceries\train\images\CamScanner-19-11-2024-16-49_6_jpg.rf.8262499ee56dffb75c0e5f0bfeaf1b8c.jpg,Groceries,train,False
c:\file akmal\Capstone - Ai Eng - Spendly_ Workspace\data\Groceries\train\images\receipt-HD70-27804044V42_png.rf.0cbb0bb2f978ee5b2532d160b8bec436.jpg,Groceries,train,False
c:\file akmal\Capstone - Ai Eng - Spendly_ Workspace\data\Groceries\train\images\receipt-091_png_jpg.rf.910020c4517f93c521c0860db88dc866.jpg,Groceries,train,False
c:\file akmal\Capstone - Ai Eng - Spendly_ Workspace\data\Groceries\train\images\receipt-024_png_jpg.rf.8a4cd7ca1e6668c8055002a9ea3fb7e1.jpg,Groceries,train,False
c:\file akmal\Capstone - Ai Eng - Spendly_ Workspace\data\Groceries\test\images\receipt-478_png_jpg.rf.19639cab6d0d952b16f593c11c17d7d8.jpg,Groceries,train,False
c:\file akmal\Capstone - Ai Eng - Spendly_ Workspace\data\Groceries\train\images\receipt-051_png_jpg.rf.cb552c9a0227dfaca0653b20f4627387.jpg,Groceries,train,False
c:\file akmal\Capstone - Ai Eng - Spendly_ Workspace\data\Groceries\train\images\receipt-059_png_jpg.rf.01a4a35e109b91be61a45201ad66f1ce.jpg,Groceries,train,False
c:\file akmal\Capstone - Ai Eng - Spendly_ Workspace\data\Groceries\train\images\CamScanner-19-11-2024-16-49_11_jpg.rf.5ad88829778504c6544aaa14709c7584.jpg,Groceries,train,False
c:\file akmal\Capstone - Ai Eng - Spendly_ Workspace\data\Groceries\train\images\receipt-104_png_jpg.rf.5674452a6bb0956e26482daaf18d14d0.jpg,Groceries,train,False
c:\file akmal\Capstone - Ai Eng - Spendly_ Workspace\data\Groceries\valid\images\CamScanner-18-11-2024-12-48_42_jpg.rf.49f74d915226d447d8cb0d90d3f2fd46.jpg,Groceries,train,False
c:\file akmal\Capstone - Ai Eng - Spendly_ Workspace\data\Groceries\train\images\receipt-035_png_jpg.rf.3adb464d2625382270b9f756a10ab3f3.jpg,Groceries,train,False
c:\file akmal\Capstone - Ai Eng - Spendly_ Workspace\data\Groceries\train\images\receipt-HD11-1223103W5W3_png.rf.61d3bbc9493bc38f171685f8eae2af40.jpg,Groceries,train,False
c:\file akmal\Capstone - Ai Eng - Spendly_ Workspace\data\Groceries\train\images\receipt-188_png_jpg.rf.a99496aea4140dc8946b8333819d436b.jpg,Groceries,train,False
c:\file akmal\Capstone - Ai Eng - Spendly_ Workspace\data\Groceries\train\images\receipt-176_png_jpg.rf.9c502549eec368ccf75b6e5161ef88fc.jpg,Groceries,train,False
c:\file akmal\Capstone - Ai Eng - Spendly_ Workspace\data\Groceries\train\images\receipt-095_png_jpg.rf.d422b2e4cbb963393346f8fdbf10b72a.jpg,Groceries,train,False
c:\file akmal\Capstone - Ai Eng - Spendly_ Workspace\data\Groceries\train\images\6-tampilan-dari-cetak-struk_jpg.rf.2093be40c40144b79cfcae59f747aba8.jpg,Groceries,train,False
c:\file akmal\Capstone - Ai Eng - Spendly_ Workspace\data\Groceries\valid\images\CamScanner-18-11-2024-12-48_56_jpg.rf.c0fcecc9313c8f6389071c1f747f3d74.jpg,Groceries,train,False
c:\file akmal\Capstone - Ai Eng - Spendly_ Workspace\data\Groceries\train\images\receipt-167_png_jpg.rf.89be94ea26b0cf209a54cac39effe29a.jpg,Groceries,train,False
c:\file akmal\Capstone - Ai Eng - Spendly_ Workspace\data\Groceries\valid\images\CamScanner-18-11-2024-12-48_64_jpg.rf.9a8adbb81af38893572262869193ce9c.jpg,Groceries,train,False
c:\file akmal\Capstone - Ai Eng - Spendly_ Workspace\data\Groceries\train\images\receipt-368_png_jpg.rf.9c34c11704d79a0d63056a6b64f4a6cf.jpg,Groceries,train,False
c:\file akmal\Capstone - Ai Eng - Spendly_ Workspace\data\Groceries\train\images\receipt-175_png_jpg.rf.cac804321ef8d6f443c1350cde5b46a9.jpg,Groceries,train,False
c:\file akmal\Capstone - Ai Eng - Spendly_ Workspace\data\Groceries\train\images\warung-pasta_jpg.rf.0d09feb3b6708579b614d5233c17f34c.jpg,Groceries,train,False
c:\file akmal\Capstone - Ai Eng - Spendly_ Workspace\data\Groceries\train\images\receipt-001_png_jpg.rf.f9536c7b542661cb4813857db359ca96.jpg,Groceries,train,False
c:\file akmal\Capstone - Ai Eng - Spendly_ Workspace\data\Groceries\valid\images\CamScanner-18-11-2024-12-48_22_jpg.rf.3b52b57c812050e99b283847023b58bb.jpg,Groceries,train,False
c:\file akmal\Capstone - Ai Eng - Spendly_ Workspace\data\Groceries\train\images\receipt-006_png_jpg.rf.f44980445e6dcb6320a99f668b619a5f.jpg,Groceries,train,False
c:\file akmal\Capstone - Ai Eng - Spendly_ Workspace\data\Groceries\train\images\receipt-004_png_jpg.rf.8732fa1d7540bdd8ca054bf5b6f4e31b.jpg,Groceries,train,False
c:\file akmal\Capstone - Ai Eng - Spendly_ Workspace\data\Groceries\train\images\CamScanner-18-11-2024-12-48_89_jpg.rf.5c31ea9599c7f8e1007cffdce3e6b4ba.jpg,Groceries,train,False
c:\file akmal\Capstone - Ai Eng - Spendly_ Workspace\data\Groceries\train\images\receipt-087_png_jpg.rf.1b12c64ed26afa6989e7d811378e50de.jpg,Groceries,train,False
c:\file akmal\Capstone - Ai Eng - Spendly_ Workspace\data\Groceries\train\images\images-1-_jpg.rf.feb3c1df80935b4be31f02ee7f96fc75.jpg,Groceries,train,False
c:\file akmal\Capstone - Ai Eng - Spendly_ Workspace\data\Groceries\train\images\receipt-110_png_jpg.rf.5a1ea575fca52465f9fdc26f66aee92b.jpg,Groceries,train,False
c:\file akmal\Capstone - Ai Eng - Spendly_ Workspace\data\Groceries\valid\images\CamScanner-18-11-2024-12-48_40_jpg.rf.3b2a38077663751c2922d6e9d5841efa.jpg,Groceries,train,False
c:\file akmal\Capstone - Ai Eng - Spendly_ Workspace\data\Groceries\train\images\CamScanner-19-11-2024-16-49_16_jpg.rf.42626a3fd6907f2ced16f7546e506931.jpg,Groceries,train,False
c:\file akmal\Capstone - Ai Eng - Spendly_ Workspace\data\Groceries\train\images\CamScanner-19-11-2024-16-49_13_jpg.rf.9d06cf649afd684329ccc8da9c4f0ed0.jpg,Groceries,train,False
c:\file akmal\Capstone - Ai Eng - Spendly_ Workspace\data\Groceries\train\images\receipt-476_png_jpg.rf.43ab549a19b58a84be07f52aa2c0c50e.jpg,Groceries,train,False
c:\file akmal\Capstone - Ai Eng - Spendly_ Workspace\data\Groceries\train\images\CamScanner-18-11-2024-12-48_7_jpg.rf.58e75b260930768aab575ff1e003d9a1.jpg,Groceries,train,False
c:\file akmal\Capstone - Ai Eng - Spendly_ Workspace\data\Groceries\train\images\receipt-040_png_jpg.rf.559c9cca9ad1dc73080e9854010e1a1b.jpg,Groceries,train,False
c:\file akmal\Capstone - Ai Eng - Spendly_ Workspace\data\Groceries\valid\images\receipt-215_png_jpg.rf.8d47b27f9e5c7ae48c09779b3e56ef52.jpg,Groceries,train,False
c:\file akmal\Capstone - Ai Eng - Spendly_ Workspace\data\Groceries\train\images\CamScanner-18-11-2024-12-48_93_jpg.rf.940f9b526acfdc0e9c37710dd915d0cc.jpg,Groceries,train,False
c:\file akmal\Capstone - Ai Eng - Spendly_ Workspace\data\Groceries\train\images\receipt-109_png_jpg.rf.234d030c922f17b69488f19a38dca774.jpg,Groceries,train,False
c:\file akmal\Capstone - Ai Eng - Spendly_ Workspace\data\Groceries\valid\images\CamScanner-18-11-2024-12-48_8_jpg.rf.035fba047eeb5c9770eba6ef119c9b21.jpg,Groceries,train,False
c:\file akmal\Capstone - Ai Eng - Spendly_ Workspace\data\Groceries\train\images\receipt-083_png_jpg.rf.fdc2b9c7787a8b5041f016b101c0ac67.jpg,Groceries,train,False
c:\file akmal\Capstone - Ai Eng - Spendly_ Workspace\data\Groceries\train\images\receipt-174_png_jpg.rf.aab96e7843478086611217fc8b1a0ee0.jpg,Groceries,train,False
c:\file akmal\Capstone - Ai Eng - Spendly_ Workspace\data\Groceries\train\images\receipt-011_png_jpg.rf.d441ddfc06d2878c01641f22b11d600b.jpg,Groceries,train,False
c:\file akmal\Capstone - Ai Eng - Spendly_ Workspace\data\Groceries\train\images\receipt-066_png_jpg.rf.9ad168fa9b59c72058ce80d33ae971a7.jpg,Groceries,train,False
c:\file akmal\Capstone - Ai Eng - Spendly_ Workspace\data\Groceries\train\images\receipt-195_png_jpg.rf.6276e95018bedacfde3bdfb746785de0.jpg,Groceries,train,False
c:\file akmal\Capstone - Ai Eng - Spendly_ Workspace\data\Groceries\train\images\receipt-465_png_jpg.rf.5b9b2ccfe20ad312ee4470ba0f6b0330.jpg,Groceries,train,False
c:\file akmal\Capstone - Ai Eng - Spendly_ Workspace\data\Groceries\train\images\receipt-128_png_jpg.rf.18644ad3bf886a84f0c6dc4870d65131.jpg,Groceries,train,False
c:\file akmal\Capstone - Ai Eng - Spendly_ Workspace\data\Groceries\train\images\receipt-O-260420-AGTCYKS_png.rf.e02d8cd213547d352ebdaaf22ae7e450.jpg,Groceries,train,False
c:\file akmal\Capstone - Ai Eng - Spendly_ Workspace\data\Groceries\train\images\receipt-132_png_jpg.rf.37177efb9186862df0ed0eb4952c5dd6.jpg,Groceries,train,False
c:\file akmal\Capstone - Ai Eng - Spendly_ Workspace\data\Groceries\train\images\receipt-060_png_jpg.rf.c52a933de013d86ff6466321206e4cdb.jpg,Groceries,train,False
c:\file akmal\Capstone - Ai Eng - Spendly_ Workspace\data\Groceries\train\images\receipt-153_png_jpg.rf.e9dc45000d6ba24d6d3269ecb0aff16c.jpg,Groceries,train,False
c:\file akmal\Capstone - Ai Eng - Spendly_ Workspace\data\Groceries\train\images\receipt-297_png_jpg.rf.b11c70329dafcc6067914bc6f3ae663d.jpg,Groceries,train,False
c:\file akmal\Capstone - Ai Eng - Spendly_ Workspace\data\Groceries\train\images\CamScanner-19-11-2024-16-49_5_jpg.rf.4526d8997abb115d96d0a29504954fae.jpg,Groceries,train,False
c:\file akmal\Capstone - Ai Eng - Spendly_ Workspace\data\Groceries\train\images\receipt-181_png_jpg.rf.bbe18020aedbcb9c545675cb3e0f3046.jpg,Groceries,train,False
c:\file akmal\Capstone - Ai Eng - Spendly_ Workspace\data\Groceries\train\images\receipt-046_png_jpg.rf.626455d859bb3608540e89bc4a0b1e4b.jpg,Groceries,train,False
c:\file akmal\Capstone - Ai Eng - Spendly_ Workspace\data\Groceries\train\images\receipt-064_png_jpg.rf.4a58dc028c255ce0e5151b6e30f7fdc5.jpg,Groceries,train,False
c:\file akmal\Capstone - Ai Eng - Spendly_ Workspace\data\Groceries\train\images\receipt-033_png_jpg.rf.f02d1096e992f2a305d14dc0eca9e4f9.jpg,Groceries,train,False
c:\file akmal\Capstone - Ai Eng - Spendly_ Workspace\data\Groceries\valid\images\CamScanner-18-11-2024-12-48_42_jpg.rf.b96a2b7e366ab5fd2958281200ab14ce.jpg,Groceries,train,False
c:\file akmal\Capstone - Ai Eng - Spendly_ Workspace\data\Groceries\valid\images\CamScanner-18-11-2024-12-48_33_jpg.rf.a349e2ac43897488be2a63a6a6be2049.jpg,Groceries,train,False
c:\file akmal\Capstone - Ai Eng - Spendly_ Workspace\data\Groceries\train\images\receipt-043_png_jpg.rf.393f33489d828bab067cc83fe4854757.jpg,Groceries,train,False
c:\file akmal\Capstone - Ai Eng - Spendly_ Workspace\data\Groceries\train\images\receipt-187_png_jpg.rf.0d3d943a675532b96c28da4974e6dc56.jpg,Groceries,train,False
c:\file akmal\Capstone - Ai Eng - Spendly_ Workspace\data\Groceries\train\images\receipt-150_png_jpg.rf.5272a64b60826b7f0f748448484b8b1a.jpg,Groceries,train,False
c:\file akmal\Capstone - Ai Eng - Spendly_ Workspace\data\Groceries\valid\images\CamScanner-18-11-2024-12-48_82_jpg.rf.17b49fa3da248318fe95dca45ac0d7a1.jpg,Groceries,train,False
c:\file akmal\Capstone - Ai Eng - Spendly_ Workspace\data\Groceries\valid\images\CamScanner-18-11-2024-12-48_78_jpg.rf.a35130c40593c2aa64acfbfa21d72a9e.jpg,Groceries,train,False
c:\file akmal\Capstone - Ai Eng - Spendly_ Workspace\data\Groceries\test\images\receipt-484_png_jpg.rf.7292d82ef8903bf1b90c84f5fb2c59fa.jpg,Groceries,train,False
c:\file akmal\Capstone - Ai Eng - Spendly_ Workspace\data\Groceries\train\images\E-Reciept_06122025083602_2023032905395876_1777708177915-pdf_page_1_png.rf.f35bb3ac3e71d16a5f722ea9667277f7.jpg,Groceries,train,False
c:\file akmal\Capstone - Ai Eng - Spendly_ Workspace\data\Groceries\train\images\receipt-439_png_jpg.rf.3d7d17123f2c1ad77f26c55402f088e0.jpg,Groceries,train,False
c:\file akmal\Capstone - Ai Eng - Spendly_ Workspace\data\Groceries\valid\images\CamScanner-18-11-2024-12-48_25_jpg.rf.f37da34990cc6b165095ef8ab20ab90d.jpg,Groceries,train,False
c:\file akmal\Capstone - Ai Eng - Spendly_ Workspace\data\Groceries\train\images\CamScanner-18-11-2024-12-48_84_jpg.rf.d5c9f66f3a0e1070b85dcd6bf2a550ea.jpg,Groceries,train,False
c:\file akmal\Capstone - Ai Eng - Spendly_ Workspace\data\Groceries\train\images\receipt-182_png_jpg.rf.69ecde60f0be589526e2ccae510efd1b.jpg,Groceries,train,False
c:\file akmal\Capstone - Ai Eng - Spendly_ Workspace\data\Groceries\train\images\receipt-147_png_jpg.rf.35822cbf9479fdc956a732dee10c5120.jpg,Groceries,train,False
c:\file akmal\Capstone - Ai Eng - Spendly_ Workspace\data\Groceries\valid\images\receipt-302_png_jpg.rf.29095baae617a858d7792c400551daa6.jpg,Groceries,train,False
c:\file akmal\Capstone - Ai Eng - Spendly_ Workspace\data\Groceries\train\images\receipt-088_png_jpg.rf.b58e4313cf8be6bf0a8935107d568b4b.jpg,Groceries,train,False
c:\file akmal\Capstone - Ai Eng - Spendly_ Workspace\data\Groceries\train\images\receipt-103_png_jpg.rf.45cedddca7039b64fbdb4c57d5d73a30.jpg,Groceries,train,False
c:\file akmal\Capstone - Ai Eng - Spendly_ Workspace\data\Groceries\train\images\receipt-026_png_jpg.rf.8547198690d5f2448e751783fa1e4d35.jpg,Groceries,train,False
c:\file akmal\Capstone - Ai Eng - Spendly_ Workspace\data\Groceries\train\images\receipt-049_png_jpg.rf.f6451ea42d6006e01b327a8fb0900ec5.jpg,Groceries,train,False
c:\file akmal\Capstone - Ai Eng - Spendly_ Workspace\data\Groceries\train\images\receipt-120_png_jpg.rf.9749c28036e0b2386cc27882c5363e1f.jpg,Groceries,train,False
c:\file akmal\Capstone - Ai Eng - Spendly_ Workspace\data\Groceries\train\images\receipt-151_png_jpg.rf.96069620e385acdbd015a11c9375dbf9.jpg,Groceries,train,False
c:\file akmal\Capstone - Ai Eng - Spendly_ Workspace\data\Groceries\valid\images\receipt-248_png_jpg.rf.b0cffab2d2504cea368431dbb5955b1e.jpg,Groceries,train,False
c:\file akmal\Capstone - Ai Eng - Spendly_ Workspace\data\Groceries\train\images\receipt-063_png_jpg.rf.aed7b0afce45838bcc5ccb6e45c1c096.jpg,Groceries,train,False
c:\file akmal\Capstone - Ai Eng - Spendly_ Workspace\data\Groceries\valid\images\CamScanner-18-11-2024-12-48_66_jpg.rf.175d49ae70b2dcf2c2e96490452bff4a.jpg,Groceries,train,False
c:\file akmal\Capstone - Ai Eng - Spendly_ Workspace\data\Groceries\train\images\receipt-061_png_jpg.rf.4e11d5ffab8a2be64d71aadfd3f3b4ff.jpg,Groceries,train,False
c:\file akmal\Capstone - Ai Eng - Spendly_ Workspace\data\Groceries\train\images\receipt-124_png_jpg.rf.959225faa4e0e4fabed738280087db17.jpg,Groceries,train,False
c:\file akmal\Capstone - Ai Eng - Spendly_ Workspace\data\Groceries\train\images\receipt-177_png_jpg.rf.5271c2d2fee5dbf4bf20d250271d2ab6.jpg,Groceries,train,False
c:\file akmal\Capstone - Ai Eng - Spendly_ Workspace\data\Groceries\train\images\receipt-357_png_jpg.rf.7c3c0e02d93b7ece287e700815c6a737.jpg,Groceries,train,False
c:\file akmal\Capstone - Ai Eng - Spendly_ Workspace\data\Groceries\train\images\CamScanner-19-11-2024-16-49_16_jpg.rf.cf2c220123fe4e02523983bb09c99ddf.jpg,Groceries,train,False
c:\file akmal\Capstone - Ai Eng - Spendly_ Workspace\data\_processed\Groceries\train\aug_Groceries_0000.jpg,Groceries,train,True
c:\file akmal\Capstone - Ai Eng - Spendly_ Workspace\data\_processed\Groceries\train\aug_Groceries_0001.jpg,Groceries,train,True
c:\file akmal\Capstone - Ai Eng - Spendly_ Workspace\data\_processed\Groceries\train\aug_Groceries_0002.jpg,Groceries,train,True
c:\file akmal\Capstone - Ai Eng - Spendly_ Workspace\data\_processed\Groceries\train\aug_Groceries_0003.jpg,Groceries,train,True
c:\file akmal\Capstone - Ai Eng - Spendly_ Workspace\data\_processed\Groceries\train\aug_Groceries_0004.jpg,Groceries,train,True
c:\file akmal\Capstone - Ai Eng - Spendly_ Workspace\data\_processed\Groceries\train\aug_Groceries_0005.jpg,Groceries,train,True
c:\file akmal\Capstone - Ai Eng - Spendly_ Workspace\data\_processed\Groceries\train\aug_Groceries_0006.jpg,Groceries,train,True
c:\file akmal\Capstone - Ai Eng - Spendly_ Workspace\data\_processed\Groceries\train\aug_Groceries_0007.jpg,Groceries,train,True
c:\file akmal\Capstone - Ai Eng - Spendly_ Workspace\data\_processed\Groceries\train\aug_Groceries_0008.jpg,Groceries,train,True
c:\file akmal\Capstone - Ai Eng - Spendly_ Workspace\data\_processed\Groceries\train\aug_Groceries_0009.jpg,Groceries,train,True
c:\file akmal\Capstone - Ai Eng - Spendly_ Workspace\data\_processed\Groceries\train\aug_Groceries_0010.jpg,Groceries,train,True
c:\file akmal\Capstone - Ai Eng - Spendly_ Workspace\data\_processed\Groceries\train\aug_Groceries_0011.jpg,Groceries,train,True
c:\file akmal\Capstone - Ai Eng - Spendly_ Workspace\data\_processed\Groceries\train\aug_Groceries_0012.jpg,Groceries,train,True
c:\file akmal\Capstone - Ai Eng - Spendly_ Workspace\data\_processed\Groceries\train\aug_Groceries_0013.jpg,Groceries,train,True
c:\file akmal\Capstone - Ai Eng - Spendly_ Workspace\data\_processed\Groceries\train\aug_Groceries_0014.jpg,Groceries,train,True
c:\file akmal\Capstone - Ai Eng - Spendly_ Workspace\data\_processed\Groceries\train\aug_Groceries_0015.jpg,Groceries,train,True
c:\file akmal\Capstone - Ai Eng - Spendly_ Workspace\data\_processed\Groceries\train\aug_Groceries_0016.jpg,Groceries,train,True
c:\file akmal\Capstone - Ai Eng - Spendly_ Workspace\data\_processed\Groceries\train\aug_Groceries_0017.jpg,Groceries,train,True
c:\file akmal\Capstone - Ai Eng - Spendly_ Workspace\data\_processed\Groceries\train\aug_Groceries_0018.jpg,Groceries,train,True
c:\file akmal\Capstone - Ai Eng - Spendly_ Workspace\data\_processed\Groceries\train\aug_Groceries_0019.jpg,Groceries,train,True
c:\file akmal\Capstone - Ai Eng - Spendly_ Workspace\data\_processed\Groceries\train\aug_Groceries_0020.jpg,Groceries,train,True
c:\file akmal\Capstone - Ai Eng - Spendly_ Workspace\data\_processed\Groceries\train\aug_Groceries_0021.jpg,Groceries,train,True
c:\file akmal\Capstone - Ai Eng - Spendly_ Workspace\data\_processed\Groceries\train\aug_Groceries_0022.jpg,Groceries,train,True
c:\file akmal\Capstone - Ai Eng - Spendly_ Workspace\data\_processed\Groceries\train\aug_Groceries_0023.jpg,Groceries,train,True
c:\file akmal\Capstone - Ai Eng - Spendly_ Workspace\data\_processed\Groceries\train\aug_Groceries_0024.jpg,Groceries,train,True
c:\file akmal\Capstone - Ai Eng - Spendly_ Workspace\data\Health\train\images\1dental21_png.rf.d106733e97e34d915b6687e4ec5a7b59.jpg,Health,train,False
c:\file akmal\Capstone - Ai Eng - Spendly_ Workspace\data\Health\train\images\1dental2_png.rf.7076e5b164f4a86ef4d406c1b2a28c7f.jpg,Health,train,False
c:\file akmal\Capstone - Ai Eng - Spendly_ Workspace\data\Health\train\images\halodoc13_png.rf.9c0f4acb2e2fb9dc4d3774ad4824775e.jpg,Health,train,False
c:\file akmal\Capstone - Ai Eng - Spendly_ Workspace\data\Health\train\images\halodoc7_png.rf.39c92d8f777a493edf08651cbf8f65c6.jpg,Health,train,False
c:\file akmal\Capstone - Ai Eng - Spendly_ Workspace\data\Health\train\images\halodoc3_png.rf.8236866bcd74e422461355af3a9c33b7.jpg,Health,train,False
c:\file akmal\Capstone - Ai Eng - Spendly_ Workspace\data\Health\train\images\1dental12_png.rf.473710c7cf44cb2a643ccfc72e8eeacf.jpg,Health,train,False
c:\file akmal\Capstone - Ai Eng - Spendly_ Workspace\data\Health\train\images\halodoc4_png.rf.c509d6d44fefe7d093d7156d4eb3ed7d.jpg,Health,train,False
c:\file akmal\Capstone - Ai Eng - Spendly_ Workspace\data\Health\train\images\1dental10_png.rf.95b0d3a4d9b5ed34f23a6b9e96d340d2.jpg,Health,train,False
c:\file akmal\Capstone - Ai Eng - Spendly_ Workspace\data\Health\test\images\1dental9_png.rf.0d7ec1aef7fb5e4cd37d8be087450ac8.jpg,Health,train,False
c:\file akmal\Capstone - Ai Eng - Spendly_ Workspace\data\Health\train\images\1dental17_png.rf.0b24d814e515a7c55c78ff7cef03f6eb.jpg,Health,train,False
c:\file akmal\Capstone - Ai Eng - Spendly_ Workspace\data\Health\valid\images\1dental16_png.rf.fb8479aa6ceaf18b3eee7c470f803cd2.jpg,Health,train,False
c:\file akmal\Capstone - Ai Eng - Spendly_ Workspace\data\Health\train\images\saturdays_png.rf.4a378d611bb20f1bc84578061e0fdbfa.jpg,Health,train,False
c:\file akmal\Capstone - Ai Eng - Spendly_ Workspace\data\Health\valid\images\1dental15_png.rf.487e08c651248da7a9b56e38775b39c2.jpg,Health,train,False
c:\file akmal\Capstone - Ai Eng - Spendly_ Workspace\data\Health\train\images\1dental4_png.rf.0490276e8182bffe9c792a8e442c0658.jpg,Health,train,False
c:\file akmal\Capstone - Ai Eng - Spendly_ Workspace\data\Health\test\images\halodoc9_png.rf.27c9fc0c82bb2fb9d123174351ca05de.jpg,Health,train,False
c:\file akmal\Capstone - Ai Eng - Spendly_ Workspace\data\Health\train\images\1dental3_png.rf.a5811c4c84be38603ea0e79babb590cf.jpg,Health,train,False
c:\file akmal\Capstone - Ai Eng - Spendly_ Workspace\data\Health\train\images\1dental8_png.rf.157073b0e8b28c1289789628290a2c70.jpg,Health,train,False
c:\file akmal\Capstone - Ai Eng - Spendly_ Workspace\data\Health\train\images\apotek1_png.rf.6374cd8897a37d7a77be8ab159854591.jpg,Health,train,False
c:\file akmal\Capstone - Ai Eng - Spendly_ Workspace\data\Health\train\images\1dental5_png.rf.ef749e3143c09225ea365988099bd8f9.jpg,Health,train,False
c:\file akmal\Capstone - Ai Eng - Spendly_ Workspace\data\Health\train\images\halodoc5_png.rf.80871c0ac68f1126583e1f708870fffe.jpg,Health,train,False
c:\file akmal\Capstone - Ai Eng - Spendly_ Workspace\data\Health\train\images\1dental14_png.rf.ac86147c2d5a9478af5bea2c98be1f5f.jpg,Health,train,False
c:\file akmal\Capstone - Ai Eng - Spendly_ Workspace\data\Health\train\images\halodoc1_png.rf.045248ebcf8a5b741690cefebd39adf2.jpg,Health,train,False
c:\file akmal\Capstone - Ai Eng - Spendly_ Workspace\data\Health\train\images\1dental7_png.rf.fdb528a6255c24cca7061bd3aedaa304.jpg,Health,train,False
c:\file akmal\Capstone - Ai Eng - Spendly_ Workspace\data\Health\train\images\halodoc6_png.rf.9eba0cb3187217970b2c970a9755a990.jpg,Health,train,False
c:\file akmal\Capstone - Ai Eng - Spendly_ Workspace\data\Health\valid\images\halodoc11_png.rf.032ab8c3600f9a839addb28ca5815f43.jpg,Health,train,False
c:\file akmal\Capstone - Ai Eng - Spendly_ Workspace\data\Health\train\images\halodoc14_png.rf.8dd18bad10dc39ae33a649b0baad0986.jpg,Health,train,False
c:\file akmal\Capstone - Ai Eng - Spendly_ Workspace\data\Health\valid\images\1dental6_png.rf.3f8cbead11a495a0d9e172c61611dbea.jpg,Health,train,False
c:\file akmal\Capstone - Ai Eng - Spendly_ Workspace\data\Health\train\images\1dental13_png.rf.731df2023a1db404c383f63abc3f27d8.jpg,Health,train,False
c:\file akmal\Capstone - Ai Eng - Spendly_ Workspace\data\_processed\Health\train\aug_Health_0000.jpg,Health,train,True
c:\file akmal\Capstone - Ai Eng - Spendly_ Workspace\data\_processed\Health\train\aug_Health_0001.jpg,Health,train,True
c:\file akmal\Capstone - Ai Eng - Spendly_ Workspace\data\_processed\Health\train\aug_Health_0002.jpg,Health,train,True
c:\file akmal\Capstone - Ai Eng - Spendly_ Workspace\data\_processed\Health\train\aug_Health_0003.jpg,Health,train,True
c:\file akmal\Capstone - Ai Eng - Spendly_ Workspace\data\_processed\Health\train\aug_Health_0004.jpg,Health,train,True
c:\file akmal\Capstone - Ai Eng - Spendly_ Workspace\data\_processed\Health\train\aug_Health_0005.jpg,Health,train,True
c:\file akmal\Capstone - Ai Eng - Spendly_ Workspace\data\_processed\Health\train\aug_Health_0006.jpg,Health,train,True
c:\file akmal\Capstone - Ai Eng - Spendly_ Workspace\data\_processed\Health\train\aug_Health_0007.jpg,Health,train,True
c:\file akmal\Capstone - Ai Eng - Spendly_ Workspace\data\_processed\Health\train\aug_Health_0008.jpg,Health,train,True
c:\file akmal\Capstone - Ai Eng - Spendly_ Workspace\data\_processed\Health\train\aug_Health_0009.jpg,Health,train,True
c:\file akmal\Capstone - Ai Eng - Spendly_ Workspace\data\_processed\Health\train\aug_Health_0010.jpg,Health,train,True
c:\file akmal\Capstone - Ai Eng - Spendly_ Workspace\data\_processed\Health\train\aug_Health_0011.jpg,Health,train,True
c:\file akmal\Capstone - Ai Eng - Spendly_ Workspace\data\_processed\Health\train\aug_Health_0012.jpg,Health,train,True
c:\file akmal\Capstone - Ai Eng - Spendly_ Workspace\data\_processed\Health\train\aug_Health_0013.jpg,Health,train,True
c:\file akmal\Capstone - Ai Eng - Spendly_ Workspace\data\_processed\Health\train\aug_Health_0014.jpg,Health,train,True
c:\file akmal\Capstone - Ai Eng - Spendly_ Workspace\data\_processed\Health\train\aug_Health_0015.jpg,Health,train,True
c:\file akmal\Capstone - Ai Eng - Spendly_ Workspace\data\_processed\Health\train\aug_Health_0016.jpg,Health,train,True
c:\file akmal\Capstone - Ai Eng - Spendly_ Workspace\data\_processed\Health\train\aug_Health_0017.jpg,Health,train,True
c:\file akmal\Capstone - Ai Eng - Spendly_ Workspace\data\_processed\Health\train\aug_Health_0018.jpg,Health,train,True
c:\file akmal\Capstone - Ai Eng - Spendly_ Workspace\data\_processed\Health\train\aug_Health_0019.jpg,Health,train,True
c:\file akmal\Capstone - Ai Eng - Spendly_ Workspace\data\_processed\Health\train\aug_Health_0020.jpg,Health,train,True
c:\file akmal\Capstone - Ai Eng - Spendly_ Workspace\data\_processed\Health\train\aug_Health_0021.jpg,Health,train,True
c:\file akmal\Capstone - Ai Eng - Spendly_ Workspace\data\_processed\Health\train\aug_Health_0022.jpg,Health,train,True
c:\file akmal\Capstone - Ai Eng - Spendly_ Workspace\data\_processed\Health\train\aug_Health_0023.jpg,Health,train,True
c:\file akmal\Capstone - Ai Eng - Spendly_ Workspace\data\_processed\Health\train\aug_Health_0024.jpg,Health,train,True
c:\file akmal\Capstone - Ai Eng - Spendly_ Workspace\data\_processed\Health\train\aug_Health_0025.jpg,Health,train,True
c:\file akmal\Capstone - Ai Eng - Spendly_ Workspace\data\_processed\Health\train\aug_Health_0026.jpg,Health,train,True
c:\file akmal\Capstone - Ai Eng - Spendly_ Workspace\data\_processed\Health\train\aug_Health_0027.jpg,Health,train,True
c:\file akmal\Capstone - Ai Eng - Spendly_ Workspace\data\_processed\Health\train\aug_Health_0028.jpg,Health,train,True
c:\file akmal\Capstone - Ai Eng - Spendly_ Workspace\data\_processed\Health\train\aug_Health_0029.jpg,Health,train,True
c:\file akmal\Capstone - Ai Eng - Spendly_ Workspace\data\_processed\Health\train\aug_Health_0030.jpg,Health,train,True
c:\file akmal\Capstone - Ai Eng - Spendly_ Workspace\data\_processed\Health\train\aug_Health_0031.jpg,Health,train,True
c:\file akmal\Capstone - Ai Eng - Spendly_ Workspace\data\_processed\Health\train\aug_Health_0032.jpg,Health,train,True
c:\file akmal\Capstone - Ai Eng - Spendly_ Workspace\data\_processed\Health\train\aug_Health_0033.jpg,Health,train,True
c:\file akmal\Capstone - Ai Eng - Spendly_ Workspace\data\_processed\Health\train\aug_Health_0034.jpg,Health,train,True
c:\file akmal\Capstone - Ai Eng - Spendly_ Workspace\data\_processed\Health\train\aug_Health_0035.jpg,Health,train,True
c:\file akmal\Capstone - Ai Eng - Spendly_ Workspace\data\_processed\Health\train\aug_Health_0036.jpg,Health,train,True
c:\file akmal\Capstone - Ai Eng - Spendly_ Workspace\data\_processed\Health\train\aug_Health_0037.jpg,Health,train,True
c:\file akmal\Capstone - Ai Eng - Spendly_ Workspace\data\_processed\Health\train\aug_Health_0038.jpg,Health,train,True
c:\file akmal\Capstone - Ai Eng - Spendly_ Workspace\data\_processed\Health\train\aug_Health_0039.jpg,Health,train,True
c:\file akmal\Capstone - Ai Eng - Spendly_ Workspace\data\_processed\Health\train\aug_Health_0040.jpg,Health,train,True
c:\file akmal\Capstone - Ai Eng - Spendly_ Workspace\data\_processed\Health\train\aug_Health_0041.jpg,Health,train,True
c:\file akmal\Capstone - Ai Eng - Spendly_ Workspace\data\_processed\Health\train\aug_Health_0042.jpg,Health,train,True
c:\file akmal\Capstone - Ai Eng - Spendly_ Workspace\data\_processed\Health\train\aug_Health_0043.jpg,Health,train,True
c:\file akmal\Capstone - Ai Eng - Spendly_ Workspace\data\_processed\Health\train\aug_Health_0044.jpg,Health,train,True
c:\file akmal\Capstone - Ai Eng - Spendly_ Workspace\data\_processed\Health\train\aug_Health_0045.jpg,Health,train,True
c:\file akmal\Capstone - Ai Eng - Spendly_ Workspace\data\_processed\Health\train\aug_Health_0046.jpg,Health,train,True
c:\file akmal\Capstone - Ai Eng - Spendly_ Workspace\data\_processed\Health\train\aug_Health_0047.jpg,Health,train,True
c:\file akmal\Capstone - Ai Eng - Spendly_ Workspace\data\_processed\Health\train\aug_Health_0048.jpg,Health,train,True
c:\file akmal\Capstone - Ai Eng - Spendly_ Workspace\data\_processed\Health\train\aug_Health_0049.jpg,Health,train,True
c:\file akmal\Capstone - Ai Eng - Spendly_ Workspace\data\_processed\Health\train\aug_Health_0050.jpg,Health,train,True
c:\file akmal\Capstone - Ai Eng - Spendly_ Workspace\data\_processed\Health\train\aug_Health_0051.jpg,Health,train,True
c:\file akmal\Capstone - Ai Eng - Spendly_ Workspace\data\_processed\Health\train\aug_Health_0052.jpg,Health,train,True
c:\file akmal\Capstone - Ai Eng - Spendly_ Workspace\data\_processed\Health\train\aug_Health_0053.jpg,Health,train,True
c:\file akmal\Capstone - Ai Eng - Spendly_ Workspace\data\_processed\Health\train\aug_Health_0054.jpg,Health,train,True
c:\file akmal\Capstone - Ai Eng - Spendly_ Workspace\data\_processed\Health\train\aug_Health_0055.jpg,Health,train,True
c:\file akmal\Capstone - Ai Eng - Spendly_ Workspace\data\_processed\Health\train\aug_Health_0056.jpg,Health,train,True
c:\file akmal\Capstone - Ai Eng - Spendly_ Workspace\data\_processed\Health\train\aug_Health_0057.jpg,Health,train,True
c:\file akmal\Capstone - Ai Eng - Spendly_ Workspace\data\_processed\Health\train\aug_Health_0058.jpg,Health,train,True
c:\file akmal\Capstone - Ai Eng - Spendly_ Workspace\data\_processed\Health\train\aug_Health_0059.jpg,Health,train,True
c:\file akmal\Capstone - Ai Eng - Spendly_ Workspace\data\_processed\Health\train\aug_Health_0060.jpg,Health,train,True
c:\file akmal\Capstone - Ai Eng - Spendly_ Workspace\data\_processed\Health\train\aug_Health_0061.jpg,Health,train,True
c:\file akmal\Capstone - Ai Eng - Spendly_ Workspace\data\_processed\Health\train\aug_Health_0062.jpg,Health,train,True
c:\file akmal\Capstone - Ai Eng - Spendly_ Workspace\data\_processed\Health\train\aug_Health_0063.jpg,Health,train,True
c:\file akmal\Capstone - Ai Eng - Spendly_ Workspace\data\_processed\Health\train\aug_Health_0064.jpg,Health,train,True
c:\file akmal\Capstone - Ai Eng - Spendly_ Workspace\data\_processed\Health\train\aug_Health_0065.jpg,Health,train,True
c:\file akmal\Capstone - Ai Eng - Spendly_ Workspace\data\_processed\Health\train\aug_Health_0066.jpg,Health,train,True
c:\file akmal\Capstone - Ai Eng - Spendly_ Workspace\data\_processed\Health\train\aug_Health_0067.jpg,Health,train,True
c:\file akmal\Capstone - Ai Eng - Spendly_ Workspace\data\_processed\Health\train\aug_Health_0068.jpg,Health,train,True
c:\file akmal\Capstone - Ai Eng - Spendly_ Workspace\data\_processed\Health\train\aug_Health_0069.jpg,Health,train,True
c:\file akmal\Capstone - Ai Eng - Spendly_ Workspace\data\_processed\Health\train\aug_Health_0070.jpg,Health,train,True
c:\file akmal\Capstone - Ai Eng - Spendly_ Workspace\data\_processed\Health\train\aug_Health_0071.jpg,Health,train,True
c:\file akmal\Capstone - Ai Eng - Spendly_ Workspace\data\_processed\Health\train\aug_Health_0072.jpg,Health,train,True
c:\file akmal\Capstone - Ai Eng - Spendly_ Workspace\data\_processed\Health\train\aug_Health_0073.jpg,Health,train,True
c:\file akmal\Capstone - Ai Eng - Spendly_ Workspace\data\_processed\Health\train\aug_Health_0074.jpg,Health,train,True
c:\file akmal\Capstone - Ai Eng - Spendly_ Workspace\data\_processed\Health\train\aug_Health_0075.jpg,Health,train,True
c:\file akmal\Capstone - Ai Eng - Spendly_ Workspace\data\_processed\Health\train\aug_Health_0076.jpg,Health,train,True
c:\file akmal\Capstone - Ai Eng - Spendly_ Workspace\data\_processed\Health\train\aug_Health_0077.jpg,Health,train,True
c:\file akmal\Capstone - Ai Eng - Spendly_ Workspace\data\_processed\Health\train\aug_Health_0078.jpg,Health,train,True
c:\file akmal\Capstone - Ai Eng - Spendly_ Workspace\data\_processed\Health\train\aug_Health_0079.jpg,Health,train,True
c:\file akmal\Capstone - Ai Eng - Spendly_ Workspace\data\_processed\Health\train\aug_Health_0080.jpg,Health,train,True
c:\file akmal\Capstone - Ai Eng - Spendly_ Workspace\data\_processed\Health\train\aug_Health_0081.jpg,Health,train,True
c:\file akmal\Capstone - Ai Eng - Spendly_ Workspace\data\_processed\Health\train\aug_Health_0082.jpg,Health,train,True
c:\file akmal\Capstone - Ai Eng - Spendly_ Workspace\data\_processed\Health\train\aug_Health_0083.jpg,Health,train,True
c:\file akmal\Capstone - Ai Eng - Spendly_ Workspace\data\_processed\Health\train\aug_Health_0084.jpg,Health,train,True
c:\file akmal\Capstone - Ai Eng - Spendly_ Workspace\data\_processed\Health\train\aug_Health_0085.jpg,Health,train,True
c:\file akmal\Capstone - Ai Eng - Spendly_ Workspace\data\_processed\Health\train\aug_Health_0086.jpg,Health,train,True
c:\file akmal\Capstone - Ai Eng - Spendly_ Workspace\data\_processed\Health\train\aug_Health_0087.jpg,Health,train,True
c:\file akmal\Capstone - Ai Eng - Spendly_ Workspace\data\_processed\Health\train\aug_Health_0088.jpg,Health,train,True
c:\file akmal\Capstone - Ai Eng - Spendly_ Workspace\data\_processed\Health\train\aug_Health_0089.jpg,Health,train,True
c:\file akmal\Capstone - Ai Eng - Spendly_ Workspace\data\_processed\Health\train\aug_Health_0090.jpg,Health,train,True
c:\file akmal\Capstone - Ai Eng - Spendly_ Workspace\data\_processed\Health\train\aug_Health_0091.jpg,Health,train,True
c:\file akmal\Capstone - Ai Eng - Spendly_ Workspace\data\_processed\Health\train\aug_Health_0092.jpg,Health,train,True
c:\file akmal\Capstone - Ai Eng - Spendly_ Workspace\data\_processed\Health\train\aug_Health_0093.jpg,Health,train,True
c:\file akmal\Capstone - Ai Eng - Spendly_ Workspace\data\_processed\Health\train\aug_Health_0094.jpg,Health,train,True
c:\file akmal\Capstone - Ai Eng - Spendly_ Workspace\data\_processed\Health\train\aug_Health_0095.jpg,Health,train,True
c:\file akmal\Capstone - Ai Eng - Spendly_ Workspace\data\_processed\Health\train\aug_Health_0096.jpg,Health,train,True
c:\file akmal\Capstone - Ai Eng - Spendly_ Workspace\data\_processed\Health\train\aug_Health_0097.jpg,Health,train,True
c:\file akmal\Capstone - Ai Eng - Spendly_ Workspace\data\_processed\Health\train\aug_Health_0098.jpg,Health,train,True
c:\file akmal\Capstone - Ai Eng - Spendly_ Workspace\data\_processed\Health\train\aug_Health_0099.jpg,Health,train,True
c:\file akmal\Capstone - Ai Eng - Spendly_ Workspace\data\_processed\Health\train\aug_Health_0100.jpg,Health,train,True
c:\file akmal\Capstone - Ai Eng - Spendly_ Workspace\data\_processed\Health\train\aug_Health_0101.jpg,Health,train,True
c:\file akmal\Capstone - Ai Eng - Spendly_ Workspace\data\_processed\Health\train\aug_Health_0102.jpg,Health,train,True
c:\file akmal\Capstone - Ai Eng - Spendly_ Workspace\data\_processed\Health\train\aug_Health_0103.jpg,Health,train,True
c:\file akmal\Capstone - Ai Eng - Spendly_ Workspace\data\_processed\Health\train\aug_Health_0104.jpg,Health,train,True
c:\file akmal\Capstone - Ai Eng - Spendly_ Workspace\data\_processed\Health\train\aug_Health_0105.jpg,Health,train,True
c:\file akmal\Capstone - Ai Eng - Spendly_ Workspace\data\_processed\Health\train\aug_Health_0106.jpg,Health,train,True
c:\file akmal\Capstone - Ai Eng - Spendly_ Workspace\data\_processed\Health\train\aug_Health_0107.jpg,Health,train,True
c:\file akmal\Capstone - Ai Eng - Spendly_ Workspace\data\_processed\Health\train\aug_Health_0108.jpg,Health,train,True
c:\file akmal\Capstone - Ai Eng - Spendly_ Workspace\data\_processed\Health\train\aug_Health_0109.jpg,Health,train,True
c:\file akmal\Capstone - Ai Eng - Spendly_ Workspace\data\_processed\Health\train\aug_Health_0110.jpg,Health,train,True
c:\file akmal\Capstone - Ai Eng - Spendly_ Workspace\data\_processed\Health\train\aug_Health_0111.jpg,Health,train,True
c:\file akmal\Capstone - Ai Eng - Spendly_ Workspace\data\_processed\Health\train\aug_Health_0112.jpg,Health,train,True
c:\file akmal\Capstone - Ai Eng - Spendly_ Workspace\data\_processed\Health\train\aug_Health_0113.jpg,Health,train,True
c:\file akmal\Capstone - Ai Eng - Spendly_ Workspace\data\_processed\Health\train\aug_Health_0114.jpg,Health,train,True
c:\file akmal\Capstone - Ai Eng - Spendly_ Workspace\data\_processed\Health\train\aug_Health_0115.jpg,Health,train,True
c:\file akmal\Capstone - Ai Eng - Spendly_ Workspace\data\_processed\Health\train\aug_Health_0116.jpg,Health,train,True
c:\file akmal\Capstone - Ai Eng - Spendly_ Workspace\data\_processed\Health\train\aug_Health_0117.jpg,Health,train,True
c:\file akmal\Capstone - Ai Eng - Spendly_ Workspace\data\_processed\Health\train\aug_Health_0118.jpg,Health,train,True
c:\file akmal\Capstone - Ai Eng - Spendly_ Workspace\data\_processed\Health\train\aug_Health_0119.jpg,Health,train,True
c:\file akmal\Capstone - Ai Eng - Spendly_ Workspace\data\_processed\Health\train\aug_Health_0120.jpg,Health,train,True
c:\file akmal\Capstone - Ai Eng - Spendly_ Workspace\data\_processed\Health\train\aug_Health_0121.jpg,Health,train,True
c:\file akmal\Capstone - Ai Eng - Spendly_ Workspace\data\_processed\Health\train\aug_Health_0122.jpg,Health,train,True
c:\file akmal\Capstone - Ai Eng - Spendly_ Workspace\data\_processed\Health\train\aug_Health_0123.jpg,Health,train,True
c:\file akmal\Capstone - Ai Eng - Spendly_ Workspace\data\_processed\Health\train\aug_Health_0124.jpg,Health,train,True
c:\file akmal\Capstone - Ai Eng - Spendly_ Workspace\data\_processed\Health\train\aug_Health_0125.jpg,Health,train,True
c:\file akmal\Capstone - Ai Eng - Spendly_ Workspace\data\_processed\Health\train\aug_Health_0126.jpg,Health,train,True
c:\file akmal\Capstone - Ai Eng - Spendly_ Workspace\data\_processed\Health\train\aug_Health_0127.jpg,Health,train,True
c:\file akmal\Capstone - Ai Eng - Spendly_ Workspace\data\_processed\Health\train\aug_Health_0128.jpg,Health,train,True
c:\file akmal\Capstone - Ai Eng - Spendly_ Workspace\data\_processed\Health\train\aug_Health_0129.jpg,Health,train,True
c:\file akmal\Capstone - Ai Eng - Spendly_ Workspace\data\_processed\Health\train\aug_Health_0130.jpg,Health,train,True
c:\file akmal\Capstone - Ai Eng - Spendly_ Workspace\data\_processed\Health\train\aug_Health_0131.jpg,Health,train,True
c:\file akmal\Capstone - Ai Eng - Spendly_ Workspace\data\_processed\Health\train\aug_Health_0132.jpg,Health,train,True
c:\file akmal\Capstone - Ai Eng - Spendly_ Workspace\data\_processed\Health\train\aug_Health_0133.jpg,Health,train,True
c:\file akmal\Capstone - Ai Eng - Spendly_ Workspace\data\_processed\Health\train\aug_Health_0134.jpg,Health,train,True
c:\file akmal\Capstone - Ai Eng - Spendly_ Workspace\data\_processed\Health\train\aug_Health_0135.jpg,Health,train,True
c:\file akmal\Capstone - Ai Eng - Spendly_ Workspace\data\_processed\Health\train\aug_Health_0136.jpg,Health,train,True
c:\file akmal\Capstone - Ai Eng - Spendly_ Workspace\data\_processed\Health\train\aug_Health_0137.jpg,Health,train,True
c:\file akmal\Capstone - Ai Eng - Spendly_ Workspace\data\_processed\Health\train\aug_Health_0138.jpg,Health,train,True
c:\file akmal\Capstone - Ai Eng - Spendly_ Workspace\data\_processed\Health\train\aug_Health_0139.jpg,Health,train,True
c:\file akmal\Capstone - Ai Eng - Spendly_ Workspace\data\_processed\Health\train\aug_Health_0140.jpg,Health,train,True
c:\file akmal\Capstone - Ai Eng - Spendly_ Workspace\data\_processed\Health\train\aug_Health_0141.jpg,Health,train,True
c:\file akmal\Capstone - Ai Eng - Spendly_ Workspace\data\_processed\Health\train\aug_Health_0142.jpg,Health,train,True
c:\file akmal\Capstone - Ai Eng - Spendly_ Workspace\data\_processed\Health\train\aug_Health_0143.jpg,Health,train,True
c:\file akmal\Capstone - Ai Eng - Spendly_ Workspace\data\_processed\Health\train\aug_Health_0144.jpg,Health,train,True
c:\file akmal\Capstone - Ai Eng - Spendly_ Workspace\data\_processed\Health\train\aug_Health_0145.jpg,Health,train,True
c:\file akmal\Capstone - Ai Eng - Spendly_ Workspace\data\_processed\Health\train\aug_Health_0146.jpg,Health,train,True
c:\file akmal\Capstone - Ai Eng - Spendly_ Workspace\data\_processed\Health\train\aug_Health_0147.jpg,Health,train,True
c:\file akmal\Capstone - Ai Eng - Spendly_ Workspace\data\_processed\Health\train\aug_Health_0148.jpg,Health,train,True
c:\file akmal\Capstone - Ai Eng - Spendly_ Workspace\data\_processed\Health\train\aug_Health_0149.jpg,Health,train,True
c:\file akmal\Capstone - Ai Eng - Spendly_ Workspace\data\_processed\Health\train\aug_Health_0150.jpg,Health,train,True
c:\file akmal\Capstone - Ai Eng - Spendly_ Workspace\data\_processed\Health\train\aug_Health_0151.jpg,Health,train,True
c:\file akmal\Capstone - Ai Eng - Spendly_ Workspace\data\_processed\Health\train\aug_Health_0152.jpg,Health,train,True
c:\file akmal\Capstone - Ai Eng - Spendly_ Workspace\data\_processed\Health\train\aug_Health_0153.jpg,Health,train,True
c:\file akmal\Capstone - Ai Eng - Spendly_ Workspace\data\_processed\Health\train\aug_Health_0154.jpg,Health,train,True
c:\file akmal\Capstone - Ai Eng - Spendly_ Workspace\data\_processed\Health\train\aug_Health_0155.jpg,Health,train,True
c:\file akmal\Capstone - Ai Eng - Spendly_ Workspace\data\_processed\Health\train\aug_Health_0156.jpg,Health,train,True
c:\file akmal\Capstone - Ai Eng - Spendly_ Workspace\data\_processed\Health\train\aug_Health_0157.jpg,Health,train,True
c:\file akmal\Capstone - Ai Eng - Spendly_ Workspace\data\_processed\Health\train\aug_Health_0158.jpg,Health,train,True
c:\file akmal\Capstone - Ai Eng - Spendly_ Workspace\data\_processed\Health\train\aug_Health_0159.jpg,Health,train,True
c:\file akmal\Capstone - Ai Eng - Spendly_ Workspace\data\_processed\Health\train\aug_Health_0160.jpg,Health,train,True
c:\file akmal\Capstone - Ai Eng - Spendly_ Workspace\data\_processed\Health\train\aug_Health_0161.jpg,Health,train,True
c:\file akmal\Capstone - Ai Eng - Spendly_ Workspace\data\_processed\Health\train\aug_Health_0162.jpg,Health,train,True
c:\file akmal\Capstone - Ai Eng - Spendly_ Workspace\data\_processed\Health\train\aug_Health_0163.jpg,Health,train,True
c:\file akmal\Capstone - Ai Eng - Spendly_ Workspace\data\_processed\Health\train\aug_Health_0164.jpg,Health,train,True
c:\file akmal\Capstone - Ai Eng - Spendly_ Workspace\data\_processed\Health\train\aug_Health_0165.jpg,Health,train,True
c:\file akmal\Capstone - Ai Eng - Spendly_ Workspace\data\_processed\Health\train\aug_Health_0166.jpg,Health,train,True
c:\file akmal\Capstone - Ai Eng - Spendly_ Workspace\data\_processed\Health\train\aug_Health_0167.jpg,Health,train,True
c:\file akmal\Capstone - Ai Eng - Spendly_ Workspace\data\_processed\Health\train\aug_Health_0168.jpg,Health,train,True
c:\file akmal\Capstone - Ai Eng - Spendly_ Workspace\data\_processed\Health\train\aug_Health_0169.jpg,Health,train,True
c:\file akmal\Capstone - Ai Eng - Spendly_ Workspace\data\_processed\Health\train\aug_Health_0170.jpg,Health,train,True
c:\file akmal\Capstone - Ai Eng - Spendly_ Workspace\data\_processed\Health\train\aug_Health_0171.jpg,Health,train,True
c:\file akmal\Capstone - Ai Eng - Spendly_ Workspace\data\HouseHold\train\images\azko7_png.rf.0f192e6b07f3526f0925a2e59ac963f5.jpg,HouseHold,train,False
c:\file akmal\Capstone - Ai Eng - Spendly_ Workspace\data\HouseHold\valid\images\mr-diy1_jpeg.rf.d62cbc9b0e77f482afeecf2282f965ed.jpg,HouseHold,train,False
c:\file akmal\Capstone - Ai Eng - Spendly_ Workspace\data\HouseHold\train\images\azko12_png.rf.c7133a369eaefd6e8fbefa7a590bf6b6.jpg,HouseHold,train,False
c:\file akmal\Capstone - Ai Eng - Spendly_ Workspace\data\HouseHold\valid\images\mr-diy3_png.rf.1d00684e8603f896cfe7a9ec940454db.jpg,HouseHold,train,False
c:\file akmal\Capstone - Ai Eng - Spendly_ Workspace\data\HouseHold\train\images\mr-diy11_png.rf.fb6741cf4bdb40d0047dbbdddf943ac8.jpg,HouseHold,train,False
c:\file akmal\Capstone - Ai Eng - Spendly_ Workspace\data\HouseHold\train\images\mr-diy16_png.rf.076dfdfe4f26b6ac85b9fe10be3116f4.jpg,HouseHold,train,False
c:\file akmal\Capstone - Ai Eng - Spendly_ Workspace\data\HouseHold\train\images\azko19_png.rf.b09a93c529721980436cdf800cc3ae7e.jpg,HouseHold,train,False
c:\file akmal\Capstone - Ai Eng - Spendly_ Workspace\data\HouseHold\train\images\azko3_png.rf.8537084a80d1d4dc00a87d8d62201aa2.jpg,HouseHold,train,False
c:\file akmal\Capstone - Ai Eng - Spendly_ Workspace\data\HouseHold\train\images\mr-diy17_png.rf.b4a8c42852a7cbd8548f0a5c98a93e59.jpg,HouseHold,train,False
c:\file akmal\Capstone - Ai Eng - Spendly_ Workspace\data\HouseHold\train\images\azko16_png.rf.983b5846a713d072f4afe03283a7e660.jpg,HouseHold,train,False
c:\file akmal\Capstone - Ai Eng - Spendly_ Workspace\data\HouseHold\train\images\azko13_png.rf.6048eb4c2bf85060fb1fa8ee9e82630b.jpg,HouseHold,train,False
c:\file akmal\Capstone - Ai Eng - Spendly_ Workspace\data\HouseHold\train\images\mr-diy9_png.rf.a879012d928d8e6944ba949d6bde5f74.jpg,HouseHold,train,False
c:\file akmal\Capstone - Ai Eng - Spendly_ Workspace\data\HouseHold\test\images\mr-diy20_png.rf.250eadc79bfc0c76826fb936510fe927.jpg,HouseHold,train,False
c:\file akmal\Capstone - Ai Eng - Spendly_ Workspace\data\HouseHold\train\images\mr-diy18_png.rf.fe0e3e07630af57e1ac61cd41e8c44e1.jpg,HouseHold,train,False
c:\file akmal\Capstone - Ai Eng - Spendly_ Workspace\data\HouseHold\train\images\azko14_png.rf.174af70577135495097124329bd1d480.jpg,HouseHold,train,False
c:\file akmal\Capstone - Ai Eng - Spendly_ Workspace\data\HouseHold\train\images\mr-diy10_png.rf.b9c626b2868f1c7ced535d47e15b10c5.jpg,HouseHold,train,False
c:\file akmal\Capstone - Ai Eng - Spendly_ Workspace\data\HouseHold\train\images\azko15_png.rf.c7bf583a44ffef0f4f38e6d21172f6b7.jpg,HouseHold,train,False
c:\file akmal\Capstone - Ai Eng - Spendly_ Workspace\data\HouseHold\train\images\mr-diy6_png.rf.e2adf7e4fbb53d77d4bad75860ffd0cf.jpg,HouseHold,train,False
c:\file akmal\Capstone - Ai Eng - Spendly_ Workspace\data\HouseHold\valid\images\mr-diy15_png.rf.e19d1b99acf8a59af407163606a5298a.jpg,HouseHold,train,False
c:\file akmal\Capstone - Ai Eng - Spendly_ Workspace\data\HouseHold\train\images\azko18_png.rf.4d9a1eaa1d7cea6547b3cd81bcbdb3ef.jpg,HouseHold,train,False
c:\file akmal\Capstone - Ai Eng - Spendly_ Workspace\data\HouseHold\train\images\mr-diy13_png.rf.30e59f651aabac65743e118de9ae14c5.jpg,HouseHold,train,False
c:\file akmal\Capstone - Ai Eng - Spendly_ Workspace\data\HouseHold\train\images\azko5_png.rf.a1a79bdf71ce8352d004d8bb678179e3.jpg,HouseHold,train,False
c:\file akmal\Capstone - Ai Eng - Spendly_ Workspace\data\HouseHold\train\images\mr-diy8_png.rf.d20c750de1c23fc6ff7d0ac0dbb92e37.jpg,HouseHold,train,False
c:\file akmal\Capstone - Ai Eng - Spendly_ Workspace\data\HouseHold\train\images\azko17_png.rf.87b49844780493a2a46b34412caa2b9c.jpg,HouseHold,train,False
c:\file akmal\Capstone - Ai Eng - Spendly_ Workspace\data\HouseHold\train\images\mr-diy19_png.rf.0917e2b95d32e91814e6a0b92be05343.jpg,HouseHold,train,False
c:\file akmal\Capstone - Ai Eng - Spendly_ Workspace\data\HouseHold\train\images\mr-diy5_png.rf.950777e4339572d235777b351c6516e3.jpg,HouseHold,train,False
c:\file akmal\Capstone - Ai Eng - Spendly_ Workspace\data\HouseHold\train\images\mr-diy4_png.rf.b5f0ccfdbc156fe7bb2239cf8a7cd0a7.jpg,HouseHold,train,False
c:\file akmal\Capstone - Ai Eng - Spendly_ Workspace\data\HouseHold\test\images\azko20_png.rf.84f58140bd6604d26f6d9f62a114b01e.jpg,HouseHold,train,False
c:\file akmal\Capstone - Ai Eng - Spendly_ Workspace\data\_processed\HouseHold\train\aug_HouseHold_0000.jpg,HouseHold,train,True
c:\file akmal\Capstone - Ai Eng - Spendly_ Workspace\data\_processed\HouseHold\train\aug_HouseHold_0001.jpg,HouseHold,train,True
c:\file akmal\Capstone - Ai Eng - Spendly_ Workspace\data\_processed\HouseHold\train\aug_HouseHold_0002.jpg,HouseHold,train,True
c:\file akmal\Capstone - Ai Eng - Spendly_ Workspace\data\_processed\HouseHold\train\aug_HouseHold_0003.jpg,HouseHold,train,True
c:\file akmal\Capstone - Ai Eng - Spendly_ Workspace\data\_processed\HouseHold\train\aug_HouseHold_0004.jpg,HouseHold,train,True
c:\file akmal\Capstone - Ai Eng - Spendly_ Workspace\data\_processed\HouseHold\train\aug_HouseHold_0005.jpg,HouseHold,train,True
c:\file akmal\Capstone - Ai Eng - Spendly_ Workspace\data\_processed\HouseHold\train\aug_HouseHold_0006.jpg,HouseHold,train,True
c:\file akmal\Capstone - Ai Eng - Spendly_ Workspace\data\_processed\HouseHold\train\aug_HouseHold_0007.jpg,HouseHold,train,True
c:\file akmal\Capstone - Ai Eng - Spendly_ Workspace\data\_processed\HouseHold\train\aug_HouseHold_0008.jpg,HouseHold,train,True
c:\file akmal\Capstone - Ai Eng - Spendly_ Workspace\data\_processed\HouseHold\train\aug_HouseHold_0009.jpg,HouseHold,train,True
c:\file akmal\Capstone - Ai Eng - Spendly_ Workspace\data\_processed\HouseHold\train\aug_HouseHold_0010.jpg,HouseHold,train,True
c:\file akmal\Capstone - Ai Eng - Spendly_ Workspace\data\_processed\HouseHold\train\aug_HouseHold_0011.jpg,HouseHold,train,True
c:\file akmal\Capstone - Ai Eng - Spendly_ Workspace\data\_processed\HouseHold\train\aug_HouseHold_0012.jpg,HouseHold,train,True
c:\file akmal\Capstone - Ai Eng - Spendly_ Workspace\data\_processed\HouseHold\train\aug_HouseHold_0013.jpg,HouseHold,train,True
c:\file akmal\Capstone - Ai Eng - Spendly_ Workspace\data\_processed\HouseHold\train\aug_HouseHold_0014.jpg,HouseHold,train,True
c:\file akmal\Capstone - Ai Eng - Spendly_ Workspace\data\_processed\HouseHold\train\aug_HouseHold_0015.jpg,HouseHold,train,True
c:\file akmal\Capstone - Ai Eng - Spendly_ Workspace\data\_processed\HouseHold\train\aug_HouseHold_0016.jpg,HouseHold,train,True
c:\file akmal\Capstone - Ai Eng - Spendly_ Workspace\data\_processed\HouseHold\train\aug_HouseHold_0017.jpg,HouseHold,train,True
c:\file akmal\Capstone - Ai Eng - Spendly_ Workspace\data\_processed\HouseHold\train\aug_HouseHold_0018.jpg,HouseHold,train,True
c:\file akmal\Capstone - Ai Eng - Spendly_ Workspace\data\_processed\HouseHold\train\aug_HouseHold_0019.jpg,HouseHold,train,True
c:\file akmal\Capstone - Ai Eng - Spendly_ Workspace\data\_processed\HouseHold\train\aug_HouseHold_0020.jpg,HouseHold,train,True
c:\file akmal\Capstone - Ai Eng - Spendly_ Workspace\data\_processed\HouseHold\train\aug_HouseHold_0021.jpg,HouseHold,train,True
c:\file akmal\Capstone - Ai Eng - Spendly_ Workspace\data\_processed\HouseHold\train\aug_HouseHold_0022.jpg,HouseHold,train,True
c:\file akmal\Capstone - Ai Eng - Spendly_ Workspace\data\_processed\HouseHold\train\aug_HouseHold_0023.jpg,HouseHold,train,True
c:\file akmal\Capstone - Ai Eng - Spendly_ Workspace\data\_processed\HouseHold\train\aug_HouseHold_0024.jpg,HouseHold,train,True
c:\file akmal\Capstone - Ai Eng - Spendly_ Workspace\data\_processed\HouseHold\train\aug_HouseHold_0025.jpg,HouseHold,train,True
c:\file akmal\Capstone - Ai Eng - Spendly_ Workspace\data\_processed\HouseHold\train\aug_HouseHold_0026.jpg,HouseHold,train,True
c:\file akmal\Capstone - Ai Eng - Spendly_ Workspace\data\_processed\HouseHold\train\aug_HouseHold_0027.jpg,HouseHold,train,True
c:\file akmal\Capstone - Ai Eng - Spendly_ Workspace\data\_processed\HouseHold\train\aug_HouseHold_0028.jpg,HouseHold,train,True
c:\file akmal\Capstone - Ai Eng - Spendly_ Workspace\data\_processed\HouseHold\train\aug_HouseHold_0029.jpg,HouseHold,train,True
c:\file akmal\Capstone - Ai Eng - Spendly_ Workspace\data\_processed\HouseHold\train\aug_HouseHold_0030.jpg,HouseHold,train,True
c:\file akmal\Capstone - Ai Eng - Spendly_ Workspace\data\_processed\HouseHold\train\aug_HouseHold_0031.jpg,HouseHold,train,True
c:\file akmal\Capstone - Ai Eng - Spendly_ Workspace\data\_processed\HouseHold\train\aug_HouseHold_0032.jpg,HouseHold,train,True
c:\file akmal\Capstone - Ai Eng - Spendly_ Workspace\data\_processed\HouseHold\train\aug_HouseHold_0033.jpg,HouseHold,train,True
c:\file akmal\Capstone - Ai Eng - Spendly_ Workspace\data\_processed\HouseHold\train\aug_HouseHold_0034.jpg,HouseHold,train,True
c:\file akmal\Capstone - Ai Eng - Spendly_ Workspace\data\_processed\HouseHold\train\aug_HouseHold_0035.jpg,HouseHold,train,True
c:\file akmal\Capstone - Ai Eng - Spendly_ Workspace\data\_processed\HouseHold\train\aug_HouseHold_0036.jpg,HouseHold,train,True
c:\file akmal\Capstone - Ai Eng - Spendly_ Workspace\data\_processed\HouseHold\train\aug_HouseHold_0037.jpg,HouseHold,train,True
c:\file akmal\Capstone - Ai Eng - Spendly_ Workspace\data\_processed\HouseHold\train\aug_HouseHold_0038.jpg,HouseHold,train,True
c:\file akmal\Capstone - Ai Eng - Spendly_ Workspace\data\_processed\HouseHold\train\aug_HouseHold_0039.jpg,HouseHold,train,True
c:\file akmal\Capstone - Ai Eng - Spendly_ Workspace\data\_processed\HouseHold\train\aug_HouseHold_0040.jpg,HouseHold,train,True
c:\file akmal\Capstone - Ai Eng - Spendly_ Workspace\data\_processed\HouseHold\train\aug_HouseHold_0041.jpg,HouseHold,train,True
c:\file akmal\Capstone - Ai Eng - Spendly_ Workspace\data\_processed\HouseHold\train\aug_HouseHold_0042.jpg,HouseHold,train,True
c:\file akmal\Capstone - Ai Eng - Spendly_ Workspace\data\_processed\HouseHold\train\aug_HouseHold_0043.jpg,HouseHold,train,True
c:\file akmal\Capstone - Ai Eng - Spendly_ Workspace\data\_processed\HouseHold\train\aug_HouseHold_0044.jpg,HouseHold,train,True
c:\file akmal\Capstone - Ai Eng - Spendly_ Workspace\data\_processed\HouseHold\train\aug_HouseHold_0045.jpg,HouseHold,train,True
c:\file akmal\Capstone - Ai Eng - Spendly_ Workspace\data\_processed\HouseHold\train\aug_HouseHold_0046.jpg,HouseHold,train,True
c:\file akmal\Capstone - Ai Eng - Spendly_ Workspace\data\_processed\HouseHold\train\aug_HouseHold_0047.jpg,HouseHold,train,True
c:\file akmal\Capstone - Ai Eng - Spendly_ Workspace\data\_processed\HouseHold\train\aug_HouseHold_0048.jpg,HouseHold,train,True
c:\file akmal\Capstone - Ai Eng - Spendly_ Workspace\data\_processed\HouseHold\train\aug_HouseHold_0049.jpg,HouseHold,train,True
c:\file akmal\Capstone - Ai Eng - Spendly_ Workspace\data\_processed\HouseHold\train\aug_HouseHold_0050.jpg,HouseHold,train,True
c:\file akmal\Capstone - Ai Eng - Spendly_ Workspace\data\_processed\HouseHold\train\aug_HouseHold_0051.jpg,HouseHold,train,True
c:\file akmal\Capstone - Ai Eng - Spendly_ Workspace\data\_processed\HouseHold\train\aug_HouseHold_0052.jpg,HouseHold,train,True
c:\file akmal\Capstone - Ai Eng - Spendly_ Workspace\data\_processed\HouseHold\train\aug_HouseHold_0053.jpg,HouseHold,train,True
c:\file akmal\Capstone - Ai Eng - Spendly_ Workspace\data\_processed\HouseHold\train\aug_HouseHold_0054.jpg,HouseHold,train,True
c:\file akmal\Capstone - Ai Eng - Spendly_ Workspace\data\_processed\HouseHold\train\aug_HouseHold_0055.jpg,HouseHold,train,True
c:\file akmal\Capstone - Ai Eng - Spendly_ Workspace\data\_processed\HouseHold\train\aug_HouseHold_0056.jpg,HouseHold,train,True
c:\file akmal\Capstone - Ai Eng - Spendly_ Workspace\data\_processed\HouseHold\train\aug_HouseHold_0057.jpg,HouseHold,train,True
c:\file akmal\Capstone - Ai Eng - Spendly_ Workspace\data\_processed\HouseHold\train\aug_HouseHold_0058.jpg,HouseHold,train,True
c:\file akmal\Capstone - Ai Eng - Spendly_ Workspace\data\_processed\HouseHold\train\aug_HouseHold_0059.jpg,HouseHold,train,True
c:\file akmal\Capstone - Ai Eng - Spendly_ Workspace\data\_processed\HouseHold\train\aug_HouseHold_0060.jpg,HouseHold,train,True
c:\file akmal\Capstone - Ai Eng - Spendly_ Workspace\data\_processed\HouseHold\train\aug_HouseHold_0061.jpg,HouseHold,train,True
c:\file akmal\Capstone - Ai Eng - Spendly_ Workspace\data\_processed\HouseHold\train\aug_HouseHold_0062.jpg,HouseHold,train,True
c:\file akmal\Capstone - Ai Eng - Spendly_ Workspace\data\_processed\HouseHold\train\aug_HouseHold_0063.jpg,HouseHold,train,True
c:\file akmal\Capstone - Ai Eng - Spendly_ Workspace\data\_processed\HouseHold\train\aug_HouseHold_0064.jpg,HouseHold,train,True
c:\file akmal\Capstone - Ai Eng - Spendly_ Workspace\data\_processed\HouseHold\train\aug_HouseHold_0065.jpg,HouseHold,train,True
c:\file akmal\Capstone - Ai Eng - Spendly_ Workspace\data\_processed\HouseHold\train\aug_HouseHold_0066.jpg,HouseHold,train,True
c:\file akmal\Capstone - Ai Eng - Spendly_ Workspace\data\_processed\HouseHold\train\aug_HouseHold_0067.jpg,HouseHold,train,True
c:\file akmal\Capstone - Ai Eng - Spendly_ Workspace\data\_processed\HouseHold\train\aug_HouseHold_0068.jpg,HouseHold,train,True
c:\file akmal\Capstone - Ai Eng - Spendly_ Workspace\data\_processed\HouseHold\train\aug_HouseHold_0069.jpg,HouseHold,train,True
c:\file akmal\Capstone - Ai Eng - Spendly_ Workspace\data\_processed\HouseHold\train\aug_HouseHold_0070.jpg,HouseHold,train,True
c:\file akmal\Capstone - Ai Eng - Spendly_ Workspace\data\_processed\HouseHold\train\aug_HouseHold_0071.jpg,HouseHold,train,True
c:\file akmal\Capstone - Ai Eng - Spendly_ Workspace\data\_processed\HouseHold\train\aug_HouseHold_0072.jpg,HouseHold,train,True
c:\file akmal\Capstone - Ai Eng - Spendly_ Workspace\data\_processed\HouseHold\train\aug_HouseHold_0073.jpg,HouseHold,train,True
c:\file akmal\Capstone - Ai Eng - Spendly_ Workspace\data\_processed\HouseHold\train\aug_HouseHold_0074.jpg,HouseHold,train,True
c:\file akmal\Capstone - Ai Eng - Spendly_ Workspace\data\_processed\HouseHold\train\aug_HouseHold_0075.jpg,HouseHold,train,True
c:\file akmal\Capstone - Ai Eng - Spendly_ Workspace\data\_processed\HouseHold\train\aug_HouseHold_0076.jpg,HouseHold,train,True
c:\file akmal\Capstone - Ai Eng - Spendly_ Workspace\data\_processed\HouseHold\train\aug_HouseHold_0077.jpg,HouseHold,train,True
c:\file akmal\Capstone - Ai Eng - Spendly_ Workspace\data\_processed\HouseHold\train\aug_HouseHold_0078.jpg,HouseHold,train,True
c:\file akmal\Capstone - Ai Eng - Spendly_ Workspace\data\_processed\HouseHold\train\aug_HouseHold_0079.jpg,HouseHold,train,True
c:\file akmal\Capstone - Ai Eng - Spendly_ Workspace\data\_processed\HouseHold\train\aug_HouseHold_0080.jpg,HouseHold,train,True
c:\file akmal\Capstone - Ai Eng - Spendly_ Workspace\data\_processed\HouseHold\train\aug_HouseHold_0081.jpg,HouseHold,train,True
c:\file akmal\Capstone - Ai Eng - Spendly_ Workspace\data\_processed\HouseHold\train\aug_HouseHold_0082.jpg,HouseHold,train,True
c:\file akmal\Capstone - Ai Eng - Spendly_ Workspace\data\_processed\HouseHold\train\aug_HouseHold_0083.jpg,HouseHold,train,True
c:\file akmal\Capstone - Ai Eng - Spendly_ Workspace\data\_processed\HouseHold\train\aug_HouseHold_0084.jpg,HouseHold,train,True
c:\file akmal\Capstone - Ai Eng - Spendly_ Workspace\data\_processed\HouseHold\train\aug_HouseHold_0085.jpg,HouseHold,train,True
c:\file akmal\Capstone - Ai Eng - Spendly_ Workspace\data\_processed\HouseHold\train\aug_HouseHold_0086.jpg,HouseHold,train,True
c:\file akmal\Capstone - Ai Eng - Spendly_ Workspace\data\_processed\HouseHold\train\aug_HouseHold_0087.jpg,HouseHold,train,True
c:\file akmal\Capstone - Ai Eng - Spendly_ Workspace\data\_processed\HouseHold\train\aug_HouseHold_0088.jpg,HouseHold,train,True
c:\file akmal\Capstone - Ai Eng - Spendly_ Workspace\data\_processed\HouseHold\train\aug_HouseHold_0089.jpg,HouseHold,train,True
c:\file akmal\Capstone - Ai Eng - Spendly_ Workspace\data\_processed\HouseHold\train\aug_HouseHold_0090.jpg,HouseHold,train,True
c:\file akmal\Capstone - Ai Eng - Spendly_ Workspace\data\_processed\HouseHold\train\aug_HouseHold_0091.jpg,HouseHold,train,True
c:\file akmal\Capstone - Ai Eng - Spendly_ Workspace\data\_processed\HouseHold\train\aug_HouseHold_0092.jpg,HouseHold,train,True
c:\file akmal\Capstone - Ai Eng - Spendly_ Workspace\data\_processed\HouseHold\train\aug_HouseHold_0093.jpg,HouseHold,train,True
c:\file akmal\Capstone - Ai Eng - Spendly_ Workspace\data\_processed\HouseHold\train\aug_HouseHold_0094.jpg,HouseHold,train,True
c:\file akmal\Capstone - Ai Eng - Spendly_ Workspace\data\_processed\HouseHold\train\aug_HouseHold_0095.jpg,HouseHold,train,True
c:\file akmal\Capstone - Ai Eng - Spendly_ Workspace\data\_processed\HouseHold\train\aug_HouseHold_0096.jpg,HouseHold,train,True
c:\file akmal\Capstone - Ai Eng - Spendly_ Workspace\data\_processed\HouseHold\train\aug_HouseHold_0097.jpg,HouseHold,train,True
c:\file akmal\Capstone - Ai Eng - Spendly_ Workspace\data\_processed\HouseHold\train\aug_HouseHold_0098.jpg,HouseHold,train,True
c:\file akmal\Capstone - Ai Eng - Spendly_ Workspace\data\_processed\HouseHold\train\aug_HouseHold_0099.jpg,HouseHold,train,True
c:\file akmal\Capstone - Ai Eng - Spendly_ Workspace\data\_processed\HouseHold\train\aug_HouseHold_0100.jpg,HouseHold,train,True
c:\file akmal\Capstone - Ai Eng - Spendly_ Workspace\data\_processed\HouseHold\train\aug_HouseHold_0101.jpg,HouseHold,train,True
c:\file akmal\Capstone - Ai Eng - Spendly_ Workspace\data\_processed\HouseHold\train\aug_HouseHold_0102.jpg,HouseHold,train,True
c:\file akmal\Capstone - Ai Eng - Spendly_ Workspace\data\_processed\HouseHold\train\aug_HouseHold_0103.jpg,HouseHold,train,True
c:\file akmal\Capstone - Ai Eng - Spendly_ Workspace\data\_processed\HouseHold\train\aug_HouseHold_0104.jpg,HouseHold,train,True
c:\file akmal\Capstone - Ai Eng - Spendly_ Workspace\data\_processed\HouseHold\train\aug_HouseHold_0105.jpg,HouseHold,train,True
c:\file akmal\Capstone - Ai Eng - Spendly_ Workspace\data\_processed\HouseHold\train\aug_HouseHold_0106.jpg,HouseHold,train,True
c:\file akmal\Capstone - Ai Eng - Spendly_ Workspace\data\_processed\HouseHold\train\aug_HouseHold_0107.jpg,HouseHold,train,True
c:\file akmal\Capstone - Ai Eng - Spendly_ Workspace\data\_processed\HouseHold\train\aug_HouseHold_0108.jpg,HouseHold,train,True
c:\file akmal\Capstone - Ai Eng - Spendly_ Workspace\data\_processed\HouseHold\train\aug_HouseHold_0109.jpg,HouseHold,train,True
c:\file akmal\Capstone - Ai Eng - Spendly_ Workspace\data\_processed\HouseHold\train\aug_HouseHold_0110.jpg,HouseHold,train,True
c:\file akmal\Capstone - Ai Eng - Spendly_ Workspace\data\_processed\HouseHold\train\aug_HouseHold_0111.jpg,HouseHold,train,True
c:\file akmal\Capstone - Ai Eng - Spendly_ Workspace\data\_processed\HouseHold\train\aug_HouseHold_0112.jpg,HouseHold,train,True
c:\file akmal\Capstone - Ai Eng - Spendly_ Workspace\data\_processed\HouseHold\train\aug_HouseHold_0113.jpg,HouseHold,train,True
c:\file akmal\Capstone - Ai Eng - Spendly_ Workspace\data\_processed\HouseHold\train\aug_HouseHold_0114.jpg,HouseHold,train,True
c:\file akmal\Capstone - Ai Eng - Spendly_ Workspace\data\_processed\HouseHold\train\aug_HouseHold_0115.jpg,HouseHold,train,True
c:\file akmal\Capstone - Ai Eng - Spendly_ Workspace\data\_processed\HouseHold\train\aug_HouseHold_0116.jpg,HouseHold,train,True
c:\file akmal\Capstone - Ai Eng - Spendly_ Workspace\data\_processed\HouseHold\train\aug_HouseHold_0117.jpg,HouseHold,train,True
c:\file akmal\Capstone - Ai Eng - Spendly_ Workspace\data\_processed\HouseHold\train\aug_HouseHold_0118.jpg,HouseHold,train,True
c:\file akmal\Capstone - Ai Eng - Spendly_ Workspace\data\_processed\HouseHold\train\aug_HouseHold_0119.jpg,HouseHold,train,True
c:\file akmal\Capstone - Ai Eng - Spendly_ Workspace\data\_processed\HouseHold\train\aug_HouseHold_0120.jpg,HouseHold,train,True
c:\file akmal\Capstone - Ai Eng - Spendly_ Workspace\data\_processed\HouseHold\train\aug_HouseHold_0121.jpg,HouseHold,train,True
c:\file akmal\Capstone - Ai Eng - Spendly_ Workspace\data\_processed\HouseHold\train\aug_HouseHold_0122.jpg,HouseHold,train,True
c:\file akmal\Capstone - Ai Eng - Spendly_ Workspace\data\_processed\HouseHold\train\aug_HouseHold_0123.jpg,HouseHold,train,True
c:\file akmal\Capstone - Ai Eng - Spendly_ Workspace\data\_processed\HouseHold\train\aug_HouseHold_0124.jpg,HouseHold,train,True
c:\file akmal\Capstone - Ai Eng - Spendly_ Workspace\data\_processed\HouseHold\train\aug_HouseHold_0125.jpg,HouseHold,train,True
c:\file akmal\Capstone - Ai Eng - Spendly_ Workspace\data\_processed\HouseHold\train\aug_HouseHold_0126.jpg,HouseHold,train,True
c:\file akmal\Capstone - Ai Eng - Spendly_ Workspace\data\_processed\HouseHold\train\aug_HouseHold_0127.jpg,HouseHold,train,True
c:\file akmal\Capstone - Ai Eng - Spendly_ Workspace\data\_processed\HouseHold\train\aug_HouseHold_0128.jpg,HouseHold,train,True
c:\file akmal\Capstone - Ai Eng - Spendly_ Workspace\data\_processed\HouseHold\train\aug_HouseHold_0129.jpg,HouseHold,train,True
c:\file akmal\Capstone - Ai Eng - Spendly_ Workspace\data\_processed\HouseHold\train\aug_HouseHold_0130.jpg,HouseHold,train,True
c:\file akmal\Capstone - Ai Eng - Spendly_ Workspace\data\_processed\HouseHold\train\aug_HouseHold_0131.jpg,HouseHold,train,True
c:\file akmal\Capstone - Ai Eng - Spendly_ Workspace\data\_processed\HouseHold\train\aug_HouseHold_0132.jpg,HouseHold,train,True
c:\file akmal\Capstone - Ai Eng - Spendly_ Workspace\data\_processed\HouseHold\train\aug_HouseHold_0133.jpg,HouseHold,train,True
c:\file akmal\Capstone - Ai Eng - Spendly_ Workspace\data\_processed\HouseHold\train\aug_HouseHold_0134.jpg,HouseHold,train,True
c:\file akmal\Capstone - Ai Eng - Spendly_ Workspace\data\_processed\HouseHold\train\aug_HouseHold_0135.jpg,HouseHold,train,True
c:\file akmal\Capstone - Ai Eng - Spendly_ Workspace\data\_processed\HouseHold\train\aug_HouseHold_0136.jpg,HouseHold,train,True
c:\file akmal\Capstone - Ai Eng - Spendly_ Workspace\data\_processed\HouseHold\train\aug_HouseHold_0137.jpg,HouseHold,train,True
c:\file akmal\Capstone - Ai Eng - Spendly_ Workspace\data\_processed\HouseHold\train\aug_HouseHold_0138.jpg,HouseHold,train,True
c:\file akmal\Capstone - Ai Eng - Spendly_ Workspace\data\_processed\HouseHold\train\aug_HouseHold_0139.jpg,HouseHold,train,True
c:\file akmal\Capstone - Ai Eng - Spendly_ Workspace\data\_processed\HouseHold\train\aug_HouseHold_0140.jpg,HouseHold,train,True
c:\file akmal\Capstone - Ai Eng - Spendly_ Workspace\data\_processed\HouseHold\train\aug_HouseHold_0141.jpg,HouseHold,train,True
c:\file akmal\Capstone - Ai Eng - Spendly_ Workspace\data\_processed\HouseHold\train\aug_HouseHold_0142.jpg,HouseHold,train,True
c:\file akmal\Capstone - Ai Eng - Spendly_ Workspace\data\_processed\HouseHold\train\aug_HouseHold_0143.jpg,HouseHold,train,True
c:\file akmal\Capstone - Ai Eng - Spendly_ Workspace\data\_processed\HouseHold\train\aug_HouseHold_0144.jpg,HouseHold,train,True
c:\file akmal\Capstone - Ai Eng - Spendly_ Workspace\data\_processed\HouseHold\train\aug_HouseHold_0145.jpg,HouseHold,train,True
c:\file akmal\Capstone - Ai Eng - Spendly_ Workspace\data\_processed\HouseHold\train\aug_HouseHold_0146.jpg,HouseHold,train,True
c:\file akmal\Capstone - Ai Eng - Spendly_ Workspace\data\_processed\HouseHold\train\aug_HouseHold_0147.jpg,HouseHold,train,True
c:\file akmal\Capstone - Ai Eng - Spendly_ Workspace\data\_processed\HouseHold\train\aug_HouseHold_0148.jpg,HouseHold,train,True
c:\file akmal\Capstone - Ai Eng - Spendly_ Workspace\data\_processed\HouseHold\train\aug_HouseHold_0149.jpg,HouseHold,train,True
c:\file akmal\Capstone - Ai Eng - Spendly_ Workspace\data\_processed\HouseHold\train\aug_HouseHold_0150.jpg,HouseHold,train,True
c:\file akmal\Capstone - Ai Eng - Spendly_ Workspace\data\_processed\HouseHold\train\aug_HouseHold_0151.jpg,HouseHold,train,True
c:\file akmal\Capstone - Ai Eng - Spendly_ Workspace\data\_processed\HouseHold\train\aug_HouseHold_0152.jpg,HouseHold,train,True
c:\file akmal\Capstone - Ai Eng - Spendly_ Workspace\data\_processed\HouseHold\train\aug_HouseHold_0153.jpg,HouseHold,train,True
c:\file akmal\Capstone - Ai Eng - Spendly_ Workspace\data\_processed\HouseHold\train\aug_HouseHold_0154.jpg,HouseHold,train,True
c:\file akmal\Capstone - Ai Eng - Spendly_ Workspace\data\_processed\HouseHold\train\aug_HouseHold_0155.jpg,HouseHold,train,True
c:\file akmal\Capstone - Ai Eng - Spendly_ Workspace\data\_processed\HouseHold\train\aug_HouseHold_0156.jpg,HouseHold,train,True
c:\file akmal\Capstone - Ai Eng - Spendly_ Workspace\data\_processed\HouseHold\train\aug_HouseHold_0157.jpg,HouseHold,train,True
c:\file akmal\Capstone - Ai Eng - Spendly_ Workspace\data\_processed\HouseHold\train\aug_HouseHold_0158.jpg,HouseHold,train,True
c:\file akmal\Capstone - Ai Eng - Spendly_ Workspace\data\_processed\HouseHold\train\aug_HouseHold_0159.jpg,HouseHold,train,True
c:\file akmal\Capstone - Ai Eng - Spendly_ Workspace\data\_processed\HouseHold\train\aug_HouseHold_0160.jpg,HouseHold,train,True
c:\file akmal\Capstone - Ai Eng - Spendly_ Workspace\data\_processed\HouseHold\train\aug_HouseHold_0161.jpg,HouseHold,train,True
c:\file akmal\Capstone - Ai Eng - Spendly_ Workspace\data\_processed\HouseHold\train\aug_HouseHold_0162.jpg,HouseHold,train,True
c:\file akmal\Capstone - Ai Eng - Spendly_ Workspace\data\_processed\HouseHold\train\aug_HouseHold_0163.jpg,HouseHold,train,True
c:\file akmal\Capstone - Ai Eng - Spendly_ Workspace\data\_processed\HouseHold\train\aug_HouseHold_0164.jpg,HouseHold,train,True
c:\file akmal\Capstone - Ai Eng - Spendly_ Workspace\data\_processed\HouseHold\train\aug_HouseHold_0165.jpg,HouseHold,train,True
c:\file akmal\Capstone - Ai Eng - Spendly_ Workspace\data\_processed\HouseHold\train\aug_HouseHold_0166.jpg,HouseHold,train,True
c:\file akmal\Capstone - Ai Eng - Spendly_ Workspace\data\_processed\HouseHold\train\aug_HouseHold_0167.jpg,HouseHold,train,True
c:\file akmal\Capstone - Ai Eng - Spendly_ Workspace\data\_processed\HouseHold\train\aug_HouseHold_0168.jpg,HouseHold,train,True
c:\file akmal\Capstone - Ai Eng - Spendly_ Workspace\data\_processed\HouseHold\train\aug_HouseHold_0169.jpg,HouseHold,train,True
c:\file akmal\Capstone - Ai Eng - Spendly_ Workspace\data\_processed\HouseHold\train\aug_HouseHold_0170.jpg,HouseHold,train,True
c:\file akmal\Capstone - Ai Eng - Spendly_ Workspace\data\_processed\HouseHold\train\aug_HouseHold_0171.jpg,HouseHold,train,True
c:\file akmal\Capstone - Ai Eng - Spendly_ Workspace\data\Lifestyle\train\images\WhatsApp-Image-2026-05-06-at-16-20-56-1-_jpeg.rf.862c80073a2bdc9ee49ea2f19375e041.jpg,Lifestyle,train,False
c:\file akmal\Capstone - Ai Eng - Spendly_ Workspace\data\Lifestyle\train\images\WhatsApp-Image-2026-05-06-at-16-21-03_jpeg.rf.072e2cd3b474d63bf7ac2aae8ba5da23.jpg,Lifestyle,train,False
c:\file akmal\Capstone - Ai Eng - Spendly_ Workspace\data\Lifestyle\train\images\WhatsApp-Image-2026-05-06-at-16-20-53-3-_jpeg.rf.0076f984cb9a84b0a7c8be582b9a6f64.jpg,Lifestyle,train,False
c:\file akmal\Capstone - Ai Eng - Spendly_ Workspace\data\Lifestyle\train\images\Screenshot-2026-05-07-000331_png.rf.1ab20d06daf753ae12d3521998ed6f7f.jpg,Lifestyle,train,False
c:\file akmal\Capstone - Ai Eng - Spendly_ Workspace\data\Lifestyle\train\images\Screenshot-2026-05-07-000320_png.rf.4dabfaef0385ec4232397c5cffcd2c00.jpg,Lifestyle,train,False
c:\file akmal\Capstone - Ai Eng - Spendly_ Workspace\data\Lifestyle\valid\images\WhatsApp-Image-2026-05-06-at-16-20-52_jpeg.rf.e7f27072c02af85e2e0f37f16ec59d03.jpg,Lifestyle,train,False
c:\file akmal\Capstone - Ai Eng - Spendly_ Workspace\data\Lifestyle\valid\images\WhatsApp-Image-2026-05-06-at-16-20-51_jpeg.rf.3630352782683bf7badaffe1fcf86db3.jpg,Lifestyle,train,False
c:\file akmal\Capstone - Ai Eng - Spendly_ Workspace\data\Lifestyle\valid\images\WhatsApp-Image-2026-05-06-at-16-20-47_jpeg.rf.2a30261d0231be42129f5b9013b7f725.jpg,Lifestyle,train,False
c:\file akmal\Capstone - Ai Eng - Spendly_ Workspace\data\Lifestyle\test\images\Screenshot-2026-05-07-000222_png.rf.697ca58a545f786a9921bbbec102a431.jpg,Lifestyle,train,False
c:\file akmal\Capstone - Ai Eng - Spendly_ Workspace\data\Lifestyle\train\images\Screenshot-2026-05-07-000353_png.rf.2baca79fc2fb5ea76115840dcac28714.jpg,Lifestyle,train,False
c:\file akmal\Capstone - Ai Eng - Spendly_ Workspace\data\Lifestyle\train\images\WhatsApp-Image-2026-05-06-at-16-20-46-2-_jpeg.rf.ed976f1b04e554b5699f35fbf8250434.jpg,Lifestyle,train,False
c:\file akmal\Capstone - Ai Eng - Spendly_ Workspace\data\Lifestyle\train\images\WhatsApp-Image-2026-05-06-at-16-20-53_jpeg.rf.147dc799d3adf56de99fd55e4cc9470e.jpg,Lifestyle,train,False
c:\file akmal\Capstone - Ai Eng - Spendly_ Workspace\data\Lifestyle\train\images\WhatsApp-Image-2026-05-06-at-16-21-00-1-_jpeg.rf.384ebc523c2389717fba551760ca3b09.jpg,Lifestyle,train,False
c:\file akmal\Capstone - Ai Eng - Spendly_ Workspace\data\Lifestyle\train\images\WhatsApp-Image-2026-05-06-at-16-20-45-2-_jpeg.rf.4eb11bc3436a40a435f0d25385e561ec.jpg,Lifestyle,train,False
c:\file akmal\Capstone - Ai Eng - Spendly_ Workspace\data\Lifestyle\train\images\WhatsApp-Image-2026-05-06-at-16-20-56-2-_jpeg.rf.f8f6d1659e0ecb79c5a603cc3b712d53.jpg,Lifestyle,train,False
c:\file akmal\Capstone - Ai Eng - Spendly_ Workspace\data\Lifestyle\train\images\Screenshot-2026-05-07-000309_png.rf.6d03408079a827df7bcea63fa7695cb1.jpg,Lifestyle,train,False
c:\file akmal\Capstone - Ai Eng - Spendly_ Workspace\data\Lifestyle\train\images\Screenshot-2026-05-07-000210_png.rf.dfc326f837324dafce4e36aa8e4cb84b.jpg,Lifestyle,train,False
c:\file akmal\Capstone - Ai Eng - Spendly_ Workspace\data\Lifestyle\train\images\WhatsApp-Image-2026-05-06-at-16-20-45-3-_jpeg.rf.5a12d0fd9362bc790410f19e4bbfb8b5.jpg,Lifestyle,train,False
c:\file akmal\Capstone - Ai Eng - Spendly_ Workspace\data\Lifestyle\train\images\WhatsApp-Image-2026-05-06-at-16-20-45_jpeg.rf.19ebe38ceb52cc97c9257878cd6c61a1.jpg,Lifestyle,train,False
c:\file akmal\Capstone - Ai Eng - Spendly_ Workspace\data\Lifestyle\train\images\WhatsApp-Image-2026-05-06-at-16-20-48-1-_jpeg.rf.558a9a1fc97923a78ed55a07b4484619.jpg,Lifestyle,train,False
c:\file akmal\Capstone - Ai Eng - Spendly_ Workspace\data\Lifestyle\test\images\WhatsApp-Image-2026-05-06-at-16-20-53-2-_jpeg.rf.1d9d3a4e8a813af2b85857a68e912585.jpg,Lifestyle,train,False
c:\file akmal\Capstone - Ai Eng - Spendly_ Workspace\data\Lifestyle\train\images\Screenshot-2026-05-07-000343_png.rf.95c838617567ca0083c75b8b515c265b.jpg,Lifestyle,train,False
c:\file akmal\Capstone - Ai Eng - Spendly_ Workspace\data\Lifestyle\train\images\WhatsApp-Image-2026-05-06-at-16-20-44-2-_jpeg.rf.475401c0e83ffee68e0e12d9767bb435.jpg,Lifestyle,train,False
c:\file akmal\Capstone - Ai Eng - Spendly_ Workspace\data\Lifestyle\train\images\WhatsApp-Image-2026-05-06-at-16-20-43-2-_jpeg.rf.6593cd9a06c161a7b08cc664a751e3db.jpg,Lifestyle,train,False
c:\file akmal\Capstone - Ai Eng - Spendly_ Workspace\data\Lifestyle\train\images\Screenshot-2026-05-07-000235_png.rf.0dbe6ce3350a3b070585603ac18a51af.jpg,Lifestyle,train,False
c:\file akmal\Capstone - Ai Eng - Spendly_ Workspace\data\Lifestyle\train\images\WhatsApp-Image-2026-05-06-at-16-21-00-2-_jpeg.rf.24e18cda920a4b66688995150cde8b16.jpg,Lifestyle,train,False
c:\file akmal\Capstone - Ai Eng - Spendly_ Workspace\data\Lifestyle\train\images\Screenshot-2026-05-07-000247_png.rf.5aa5eda10e3b9a38a30fad983f27635f.jpg,Lifestyle,train,False
c:\file akmal\Capstone - Ai Eng - Spendly_ Workspace\data\Lifestyle\train\images\Screenshot-2026-05-07-000255_png.rf.b03f84ce5ca711f9b743ff907c674215.jpg,Lifestyle,train,False
c:\file akmal\Capstone - Ai Eng - Spendly_ Workspace\data\_processed\Lifestyle\train\aug_Lifestyle_0000.jpg,Lifestyle,train,True
c:\file akmal\Capstone - Ai Eng - Spendly_ Workspace\data\_processed\Lifestyle\train\aug_Lifestyle_0001.jpg,Lifestyle,train,True
c:\file akmal\Capstone - Ai Eng - Spendly_ Workspace\data\_processed\Lifestyle\train\aug_Lifestyle_0002.jpg,Lifestyle,train,True
c:\file akmal\Capstone - Ai Eng - Spendly_ Workspace\data\_processed\Lifestyle\train\aug_Lifestyle_0003.jpg,Lifestyle,train,True
c:\file akmal\Capstone - Ai Eng - Spendly_ Workspace\data\_processed\Lifestyle\train\aug_Lifestyle_0004.jpg,Lifestyle,train,True
c:\file akmal\Capstone - Ai Eng - Spendly_ Workspace\data\_processed\Lifestyle\train\aug_Lifestyle_0005.jpg,Lifestyle,train,True
c:\file akmal\Capstone - Ai Eng - Spendly_ Workspace\data\_processed\Lifestyle\train\aug_Lifestyle_0006.jpg,Lifestyle,train,True
c:\file akmal\Capstone - Ai Eng - Spendly_ Workspace\data\_processed\Lifestyle\train\aug_Lifestyle_0007.jpg,Lifestyle,train,True
c:\file akmal\Capstone - Ai Eng - Spendly_ Workspace\data\_processed\Lifestyle\train\aug_Lifestyle_0008.jpg,Lifestyle,train,True
c:\file akmal\Capstone - Ai Eng - Spendly_ Workspace\data\_processed\Lifestyle\train\aug_Lifestyle_0009.jpg,Lifestyle,train,True
c:\file akmal\Capstone - Ai Eng - Spendly_ Workspace\data\_processed\Lifestyle\train\aug_Lifestyle_0010.jpg,Lifestyle,train,True
c:\file akmal\Capstone - Ai Eng - Spendly_ Workspace\data\_processed\Lifestyle\train\aug_Lifestyle_0011.jpg,Lifestyle,train,True
c:\file akmal\Capstone - Ai Eng - Spendly_ Workspace\data\_processed\Lifestyle\train\aug_Lifestyle_0012.jpg,Lifestyle,train,True
c:\file akmal\Capstone - Ai Eng - Spendly_ Workspace\data\_processed\Lifestyle\train\aug_Lifestyle_0013.jpg,Lifestyle,train,True
c:\file akmal\Capstone - Ai Eng - Spendly_ Workspace\data\_processed\Lifestyle\train\aug_Lifestyle_0014.jpg,Lifestyle,train,True
c:\file akmal\Capstone - Ai Eng - Spendly_ Workspace\data\_processed\Lifestyle\train\aug_Lifestyle_0015.jpg,Lifestyle,train,True
c:\file akmal\Capstone - Ai Eng - Spendly_ Workspace\data\_processed\Lifestyle\train\aug_Lifestyle_0016.jpg,Lifestyle,train,True
c:\file akmal\Capstone - Ai Eng - Spendly_ Workspace\data\_processed\Lifestyle\train\aug_Lifestyle_0017.jpg,Lifestyle,train,True
c:\file akmal\Capstone - Ai Eng - Spendly_ Workspace\data\_processed\Lifestyle\train\aug_Lifestyle_0018.jpg,Lifestyle,train,True
c:\file akmal\Capstone - Ai Eng - Spendly_ Workspace\data\_processed\Lifestyle\train\aug_Lifestyle_0019.jpg,Lifestyle,train,True
c:\file akmal\Capstone - Ai Eng - Spendly_ Workspace\data\_processed\Lifestyle\train\aug_Lifestyle_0020.jpg,Lifestyle,train,True
c:\file akmal\Capstone - Ai Eng - Spendly_ Workspace\data\_processed\Lifestyle\train\aug_Lifestyle_0021.jpg,Lifestyle,train,True
c:\file akmal\Capstone - Ai Eng - Spendly_ Workspace\data\_processed\Lifestyle\train\aug_Lifestyle_0022.jpg,Lifestyle,train,True
c:\file akmal\Capstone - Ai Eng - Spendly_ Workspace\data\_processed\Lifestyle\train\aug_Lifestyle_0023.jpg,Lifestyle,train,True
c:\file akmal\Capstone - Ai Eng - Spendly_ Workspace\data\_processed\Lifestyle\train\aug_Lifestyle_0024.jpg,Lifestyle,train,True
c:\file akmal\Capstone - Ai Eng - Spendly_ Workspace\data\_processed\Lifestyle\train\aug_Lifestyle_0025.jpg,Lifestyle,train,True
c:\file akmal\Capstone - Ai Eng - Spendly_ Workspace\data\_processed\Lifestyle\train\aug_Lifestyle_0026.jpg,Lifestyle,train,True
c:\file akmal\Capstone - Ai Eng - Spendly_ Workspace\data\_processed\Lifestyle\train\aug_Lifestyle_0027.jpg,Lifestyle,train,True
c:\file akmal\Capstone - Ai Eng - Spendly_ Workspace\data\_processed\Lifestyle\train\aug_Lifestyle_0028.jpg,Lifestyle,train,True
c:\file akmal\Capstone - Ai Eng - Spendly_ Workspace\data\_processed\Lifestyle\train\aug_Lifestyle_0029.jpg,Lifestyle,train,True
c:\file akmal\Capstone - Ai Eng - Spendly_ Workspace\data\_processed\Lifestyle\train\aug_Lifestyle_0030.jpg,Lifestyle,train,True
c:\file akmal\Capstone - Ai Eng - Spendly_ Workspace\data\_processed\Lifestyle\train\aug_Lifestyle_0031.jpg,Lifestyle,train,True
c:\file akmal\Capstone - Ai Eng - Spendly_ Workspace\data\_processed\Lifestyle\train\aug_Lifestyle_0032.jpg,Lifestyle,train,True
c:\file akmal\Capstone - Ai Eng - Spendly_ Workspace\data\_processed\Lifestyle\train\aug_Lifestyle_0033.jpg,Lifestyle,train,True
c:\file akmal\Capstone - Ai Eng - Spendly_ Workspace\data\_processed\Lifestyle\train\aug_Lifestyle_0034.jpg,Lifestyle,train,True
c:\file akmal\Capstone - Ai Eng - Spendly_ Workspace\data\_processed\Lifestyle\train\aug_Lifestyle_0035.jpg,Lifestyle,train,True
c:\file akmal\Capstone - Ai Eng - Spendly_ Workspace\data\_processed\Lifestyle\train\aug_Lifestyle_0036.jpg,Lifestyle,train,True
c:\file akmal\Capstone - Ai Eng - Spendly_ Workspace\data\_processed\Lifestyle\train\aug_Lifestyle_0037.jpg,Lifestyle,train,True
c:\file akmal\Capstone - Ai Eng - Spendly_ Workspace\data\_processed\Lifestyle\train\aug_Lifestyle_0038.jpg,Lifestyle,train,True
c:\file akmal\Capstone - Ai Eng - Spendly_ Workspace\data\_processed\Lifestyle\train\aug_Lifestyle_0039.jpg,Lifestyle,train,True
c:\file akmal\Capstone - Ai Eng - Spendly_ Workspace\data\_processed\Lifestyle\train\aug_Lifestyle_0040.jpg,Lifestyle,train,True
c:\file akmal\Capstone - Ai Eng - Spendly_ Workspace\data\_processed\Lifestyle\train\aug_Lifestyle_0041.jpg,Lifestyle,train,True
c:\file akmal\Capstone - Ai Eng - Spendly_ Workspace\data\_processed\Lifestyle\train\aug_Lifestyle_0042.jpg,Lifestyle,train,True
c:\file akmal\Capstone - Ai Eng - Spendly_ Workspace\data\_processed\Lifestyle\train\aug_Lifestyle_0043.jpg,Lifestyle,train,True
c:\file akmal\Capstone - Ai Eng - Spendly_ Workspace\data\_processed\Lifestyle\train\aug_Lifestyle_0044.jpg,Lifestyle,train,True
c:\file akmal\Capstone - Ai Eng - Spendly_ Workspace\data\_processed\Lifestyle\train\aug_Lifestyle_0045.jpg,Lifestyle,train,True
c:\file akmal\Capstone - Ai Eng - Spendly_ Workspace\data\_processed\Lifestyle\train\aug_Lifestyle_0046.jpg,Lifestyle,train,True
c:\file akmal\Capstone - Ai Eng - Spendly_ Workspace\data\_processed\Lifestyle\train\aug_Lifestyle_0047.jpg,Lifestyle,train,True
c:\file akmal\Capstone - Ai Eng - Spendly_ Workspace\data\_processed\Lifestyle\train\aug_Lifestyle_0048.jpg,Lifestyle,train,True
c:\file akmal\Capstone - Ai Eng - Spendly_ Workspace\data\_processed\Lifestyle\train\aug_Lifestyle_0049.jpg,Lifestyle,train,True
c:\file akmal\Capstone - Ai Eng - Spendly_ Workspace\data\_processed\Lifestyle\train\aug_Lifestyle_0050.jpg,Lifestyle,train,True
c:\file akmal\Capstone - Ai Eng - Spendly_ Workspace\data\_processed\Lifestyle\train\aug_Lifestyle_0051.jpg,Lifestyle,train,True
c:\file akmal\Capstone - Ai Eng - Spendly_ Workspace\data\_processed\Lifestyle\train\aug_Lifestyle_0052.jpg,Lifestyle,train,True
c:\file akmal\Capstone - Ai Eng - Spendly_ Workspace\data\_processed\Lifestyle\train\aug_Lifestyle_0053.jpg,Lifestyle,train,True
c:\file akmal\Capstone - Ai Eng - Spendly_ Workspace\data\_processed\Lifestyle\train\aug_Lifestyle_0054.jpg,Lifestyle,train,True
c:\file akmal\Capstone - Ai Eng - Spendly_ Workspace\data\_processed\Lifestyle\train\aug_Lifestyle_0055.jpg,Lifestyle,train,True
c:\file akmal\Capstone - Ai Eng - Spendly_ Workspace\data\_processed\Lifestyle\train\aug_Lifestyle_0056.jpg,Lifestyle,train,True
c:\file akmal\Capstone - Ai Eng - Spendly_ Workspace\data\_processed\Lifestyle\train\aug_Lifestyle_0057.jpg,Lifestyle,train,True
c:\file akmal\Capstone - Ai Eng - Spendly_ Workspace\data\_processed\Lifestyle\train\aug_Lifestyle_0058.jpg,Lifestyle,train,True
c:\file akmal\Capstone - Ai Eng - Spendly_ Workspace\data\_processed\Lifestyle\train\aug_Lifestyle_0059.jpg,Lifestyle,train,True
c:\file akmal\Capstone - Ai Eng - Spendly_ Workspace\data\_processed\Lifestyle\train\aug_Lifestyle_0060.jpg,Lifestyle,train,True
c:\file akmal\Capstone - Ai Eng - Spendly_ Workspace\data\_processed\Lifestyle\train\aug_Lifestyle_0061.jpg,Lifestyle,train,True
c:\file akmal\Capstone - Ai Eng - Spendly_ Workspace\data\_processed\Lifestyle\train\aug_Lifestyle_0062.jpg,Lifestyle,train,True
c:\file akmal\Capstone - Ai Eng - Spendly_ Workspace\data\_processed\Lifestyle\train\aug_Lifestyle_0063.jpg,Lifestyle,train,True
c:\file akmal\Capstone - Ai Eng - Spendly_ Workspace\data\_processed\Lifestyle\train\aug_Lifestyle_0064.jpg,Lifestyle,train,True
c:\file akmal\Capstone - Ai Eng - Spendly_ Workspace\data\_processed\Lifestyle\train\aug_Lifestyle_0065.jpg,Lifestyle,train,True
c:\file akmal\Capstone - Ai Eng - Spendly_ Workspace\data\_processed\Lifestyle\train\aug_Lifestyle_0066.jpg,Lifestyle,train,True
c:\file akmal\Capstone - Ai Eng - Spendly_ Workspace\data\_processed\Lifestyle\train\aug_Lifestyle_0067.jpg,Lifestyle,train,True
c:\file akmal\Capstone - Ai Eng - Spendly_ Workspace\data\_processed\Lifestyle\train\aug_Lifestyle_0068.jpg,Lifestyle,train,True
c:\file akmal\Capstone - Ai Eng - Spendly_ Workspace\data\_processed\Lifestyle\train\aug_Lifestyle_0069.jpg,Lifestyle,train,True
c:\file akmal\Capstone - Ai Eng - Spendly_ Workspace\data\_processed\Lifestyle\train\aug_Lifestyle_0070.jpg,Lifestyle,train,True
c:\file akmal\Capstone - Ai Eng - Spendly_ Workspace\data\_processed\Lifestyle\train\aug_Lifestyle_0071.jpg,Lifestyle,train,True
c:\file akmal\Capstone - Ai Eng - Spendly_ Workspace\data\_processed\Lifestyle\train\aug_Lifestyle_0072.jpg,Lifestyle,train,True
c:\file akmal\Capstone - Ai Eng - Spendly_ Workspace\data\_processed\Lifestyle\train\aug_Lifestyle_0073.jpg,Lifestyle,train,True
c:\file akmal\Capstone - Ai Eng - Spendly_ Workspace\data\_processed\Lifestyle\train\aug_Lifestyle_0074.jpg,Lifestyle,train,True
c:\file akmal\Capstone - Ai Eng - Spendly_ Workspace\data\_processed\Lifestyle\train\aug_Lifestyle_0075.jpg,Lifestyle,train,True
c:\file akmal\Capstone - Ai Eng - Spendly_ Workspace\data\_processed\Lifestyle\train\aug_Lifestyle_0076.jpg,Lifestyle,train,True
c:\file akmal\Capstone - Ai Eng - Spendly_ Workspace\data\_processed\Lifestyle\train\aug_Lifestyle_0077.jpg,Lifestyle,train,True
c:\file akmal\Capstone - Ai Eng - Spendly_ Workspace\data\_processed\Lifestyle\train\aug_Lifestyle_0078.jpg,Lifestyle,train,True
c:\file akmal\Capstone - Ai Eng - Spendly_ Workspace\data\_processed\Lifestyle\train\aug_Lifestyle_0079.jpg,Lifestyle,train,True
c:\file akmal\Capstone - Ai Eng - Spendly_ Workspace\data\_processed\Lifestyle\train\aug_Lifestyle_0080.jpg,Lifestyle,train,True
c:\file akmal\Capstone - Ai Eng - Spendly_ Workspace\data\_processed\Lifestyle\train\aug_Lifestyle_0081.jpg,Lifestyle,train,True
c:\file akmal\Capstone - Ai Eng - Spendly_ Workspace\data\_processed\Lifestyle\train\aug_Lifestyle_0082.jpg,Lifestyle,train,True
c:\file akmal\Capstone - Ai Eng - Spendly_ Workspace\data\_processed\Lifestyle\train\aug_Lifestyle_0083.jpg,Lifestyle,train,True
c:\file akmal\Capstone - Ai Eng - Spendly_ Workspace\data\_processed\Lifestyle\train\aug_Lifestyle_0084.jpg,Lifestyle,train,True
c:\file akmal\Capstone - Ai Eng - Spendly_ Workspace\data\_processed\Lifestyle\train\aug_Lifestyle_0085.jpg,Lifestyle,train,True
c:\file akmal\Capstone - Ai Eng - Spendly_ Workspace\data\_processed\Lifestyle\train\aug_Lifestyle_0086.jpg,Lifestyle,train,True
c:\file akmal\Capstone - Ai Eng - Spendly_ Workspace\data\_processed\Lifestyle\train\aug_Lifestyle_0087.jpg,Lifestyle,train,True
c:\file akmal\Capstone - Ai Eng - Spendly_ Workspace\data\_processed\Lifestyle\train\aug_Lifestyle_0088.jpg,Lifestyle,train,True
c:\file akmal\Capstone - Ai Eng - Spendly_ Workspace\data\_processed\Lifestyle\train\aug_Lifestyle_0089.jpg,Lifestyle,train,True
c:\file akmal\Capstone - Ai Eng - Spendly_ Workspace\data\_processed\Lifestyle\train\aug_Lifestyle_0090.jpg,Lifestyle,train,True
c:\file akmal\Capstone - Ai Eng - Spendly_ Workspace\data\_processed\Lifestyle\train\aug_Lifestyle_0091.jpg,Lifestyle,train,True
c:\file akmal\Capstone - Ai Eng - Spendly_ Workspace\data\_processed\Lifestyle\train\aug_Lifestyle_0092.jpg,Lifestyle,train,True
c:\file akmal\Capstone - Ai Eng - Spendly_ Workspace\data\_processed\Lifestyle\train\aug_Lifestyle_0093.jpg,Lifestyle,train,True
c:\file akmal\Capstone - Ai Eng - Spendly_ Workspace\data\_processed\Lifestyle\train\aug_Lifestyle_0094.jpg,Lifestyle,train,True
c:\file akmal\Capstone - Ai Eng - Spendly_ Workspace\data\_processed\Lifestyle\train\aug_Lifestyle_0095.jpg,Lifestyle,train,True
c:\file akmal\Capstone - Ai Eng - Spendly_ Workspace\data\_processed\Lifestyle\train\aug_Lifestyle_0096.jpg,Lifestyle,train,True
c:\file akmal\Capstone - Ai Eng - Spendly_ Workspace\data\_processed\Lifestyle\train\aug_Lifestyle_0097.jpg,Lifestyle,train,True
c:\file akmal\Capstone - Ai Eng - Spendly_ Workspace\data\_processed\Lifestyle\train\aug_Lifestyle_0098.jpg,Lifestyle,train,True
c:\file akmal\Capstone - Ai Eng - Spendly_ Workspace\data\_processed\Lifestyle\train\aug_Lifestyle_0099.jpg,Lifestyle,train,True
c:\file akmal\Capstone - Ai Eng - Spendly_ Workspace\data\_processed\Lifestyle\train\aug_Lifestyle_0100.jpg,Lifestyle,train,True
c:\file akmal\Capstone - Ai Eng - Spendly_ Workspace\data\_processed\Lifestyle\train\aug_Lifestyle_0101.jpg,Lifestyle,train,True
c:\file akmal\Capstone - Ai Eng - Spendly_ Workspace\data\_processed\Lifestyle\train\aug_Lifestyle_0102.jpg,Lifestyle,train,True
c:\file akmal\Capstone - Ai Eng - Spendly_ Workspace\data\_processed\Lifestyle\train\aug_Lifestyle_0103.jpg,Lifestyle,train,True
c:\file akmal\Capstone - Ai Eng - Spendly_ Workspace\data\_processed\Lifestyle\train\aug_Lifestyle_0104.jpg,Lifestyle,train,True
c:\file akmal\Capstone - Ai Eng - Spendly_ Workspace\data\_processed\Lifestyle\train\aug_Lifestyle_0105.jpg,Lifestyle,train,True
c:\file akmal\Capstone - Ai Eng - Spendly_ Workspace\data\_processed\Lifestyle\train\aug_Lifestyle_0106.jpg,Lifestyle,train,True
c:\file akmal\Capstone - Ai Eng - Spendly_ Workspace\data\_processed\Lifestyle\train\aug_Lifestyle_0107.jpg,Lifestyle,train,True
c:\file akmal\Capstone - Ai Eng - Spendly_ Workspace\data\_processed\Lifestyle\train\aug_Lifestyle_0108.jpg,Lifestyle,train,True
c:\file akmal\Capstone - Ai Eng - Spendly_ Workspace\data\_processed\Lifestyle\train\aug_Lifestyle_0109.jpg,Lifestyle,train,True
c:\file akmal\Capstone - Ai Eng - Spendly_ Workspace\data\_processed\Lifestyle\train\aug_Lifestyle_0110.jpg,Lifestyle,train,True
c:\file akmal\Capstone - Ai Eng - Spendly_ Workspace\data\_processed\Lifestyle\train\aug_Lifestyle_0111.jpg,Lifestyle,train,True
c:\file akmal\Capstone - Ai Eng - Spendly_ Workspace\data\_processed\Lifestyle\train\aug_Lifestyle_0112.jpg,Lifestyle,train,True
c:\file akmal\Capstone - Ai Eng - Spendly_ Workspace\data\_processed\Lifestyle\train\aug_Lifestyle_0113.jpg,Lifestyle,train,True
c:\file akmal\Capstone - Ai Eng - Spendly_ Workspace\data\_processed\Lifestyle\train\aug_Lifestyle_0114.jpg,Lifestyle,train,True
c:\file akmal\Capstone - Ai Eng - Spendly_ Workspace\data\_processed\Lifestyle\train\aug_Lifestyle_0115.jpg,Lifestyle,train,True
c:\file akmal\Capstone - Ai Eng - Spendly_ Workspace\data\_processed\Lifestyle\train\aug_Lifestyle_0116.jpg,Lifestyle,train,True
c:\file akmal\Capstone - Ai Eng - Spendly_ Workspace\data\_processed\Lifestyle\train\aug_Lifestyle_0117.jpg,Lifestyle,train,True
c:\file akmal\Capstone - Ai Eng - Spendly_ Workspace\data\_processed\Lifestyle\train\aug_Lifestyle_0118.jpg,Lifestyle,train,True
c:\file akmal\Capstone - Ai Eng - Spendly_ Workspace\data\_processed\Lifestyle\train\aug_Lifestyle_0119.jpg,Lifestyle,train,True
c:\file akmal\Capstone - Ai Eng - Spendly_ Workspace\data\_processed\Lifestyle\train\aug_Lifestyle_0120.jpg,Lifestyle,train,True
c:\file akmal\Capstone - Ai Eng - Spendly_ Workspace\data\_processed\Lifestyle\train\aug_Lifestyle_0121.jpg,Lifestyle,train,True
c:\file akmal\Capstone - Ai Eng - Spendly_ Workspace\data\_processed\Lifestyle\train\aug_Lifestyle_0122.jpg,Lifestyle,train,True
c:\file akmal\Capstone - Ai Eng - Spendly_ Workspace\data\_processed\Lifestyle\train\aug_Lifestyle_0123.jpg,Lifestyle,train,True
c:\file akmal\Capstone - Ai Eng - Spendly_ Workspace\data\_processed\Lifestyle\train\aug_Lifestyle_0124.jpg,Lifestyle,train,True
c:\file akmal\Capstone - Ai Eng - Spendly_ Workspace\data\_processed\Lifestyle\train\aug_Lifestyle_0125.jpg,Lifestyle,train,True
c:\file akmal\Capstone - Ai Eng - Spendly_ Workspace\data\_processed\Lifestyle\train\aug_Lifestyle_0126.jpg,Lifestyle,train,True
c:\file akmal\Capstone - Ai Eng - Spendly_ Workspace\data\_processed\Lifestyle\train\aug_Lifestyle_0127.jpg,Lifestyle,train,True
c:\file akmal\Capstone - Ai Eng - Spendly_ Workspace\data\_processed\Lifestyle\train\aug_Lifestyle_0128.jpg,Lifestyle,train,True
c:\file akmal\Capstone - Ai Eng - Spendly_ Workspace\data\_processed\Lifestyle\train\aug_Lifestyle_0129.jpg,Lifestyle,train,True
c:\file akmal\Capstone - Ai Eng - Spendly_ Workspace\data\_processed\Lifestyle\train\aug_Lifestyle_0130.jpg,Lifestyle,train,True
c:\file akmal\Capstone - Ai Eng - Spendly_ Workspace\data\_processed\Lifestyle\train\aug_Lifestyle_0131.jpg,Lifestyle,train,True
c:\file akmal\Capstone - Ai Eng - Spendly_ Workspace\data\_processed\Lifestyle\train\aug_Lifestyle_0132.jpg,Lifestyle,train,True
c:\file akmal\Capstone - Ai Eng - Spendly_ Workspace\data\_processed\Lifestyle\train\aug_Lifestyle_0133.jpg,Lifestyle,train,True
c:\file akmal\Capstone - Ai Eng - Spendly_ Workspace\data\_processed\Lifestyle\train\aug_Lifestyle_0134.jpg,Lifestyle,train,True
c:\file akmal\Capstone - Ai Eng - Spendly_ Workspace\data\_processed\Lifestyle\train\aug_Lifestyle_0135.jpg,Lifestyle,train,True
c:\file akmal\Capstone - Ai Eng - Spendly_ Workspace\data\_processed\Lifestyle\train\aug_Lifestyle_0136.jpg,Lifestyle,train,True
c:\file akmal\Capstone - Ai Eng - Spendly_ Workspace\data\_processed\Lifestyle\train\aug_Lifestyle_0137.jpg,Lifestyle,train,True
c:\file akmal\Capstone - Ai Eng - Spendly_ Workspace\data\_processed\Lifestyle\train\aug_Lifestyle_0138.jpg,Lifestyle,train,True
c:\file akmal\Capstone - Ai Eng - Spendly_ Workspace\data\_processed\Lifestyle\train\aug_Lifestyle_0139.jpg,Lifestyle,train,True
c:\file akmal\Capstone - Ai Eng - Spendly_ Workspace\data\_processed\Lifestyle\train\aug_Lifestyle_0140.jpg,Lifestyle,train,True
c:\file akmal\Capstone - Ai Eng - Spendly_ Workspace\data\_processed\Lifestyle\train\aug_Lifestyle_0141.jpg,Lifestyle,train,True
c:\file akmal\Capstone - Ai Eng - Spendly_ Workspace\data\_processed\Lifestyle\train\aug_Lifestyle_0142.jpg,Lifestyle,train,True
c:\file akmal\Capstone - Ai Eng - Spendly_ Workspace\data\_processed\Lifestyle\train\aug_Lifestyle_0143.jpg,Lifestyle,train,True
c:\file akmal\Capstone - Ai Eng - Spendly_ Workspace\data\_processed\Lifestyle\train\aug_Lifestyle_0144.jpg,Lifestyle,train,True
c:\file akmal\Capstone - Ai Eng - Spendly_ Workspace\data\_processed\Lifestyle\train\aug_Lifestyle_0145.jpg,Lifestyle,train,True
c:\file akmal\Capstone - Ai Eng - Spendly_ Workspace\data\_processed\Lifestyle\train\aug_Lifestyle_0146.jpg,Lifestyle,train,True
c:\file akmal\Capstone - Ai Eng - Spendly_ Workspace\data\_processed\Lifestyle\train\aug_Lifestyle_0147.jpg,Lifestyle,train,True
c:\file akmal\Capstone - Ai Eng - Spendly_ Workspace\data\_processed\Lifestyle\train\aug_Lifestyle_0148.jpg,Lifestyle,train,True
c:\file akmal\Capstone - Ai Eng - Spendly_ Workspace\data\_processed\Lifestyle\train\aug_Lifestyle_0149.jpg,Lifestyle,train,True
c:\file akmal\Capstone - Ai Eng - Spendly_ Workspace\data\_processed\Lifestyle\train\aug_Lifestyle_0150.jpg,Lifestyle,train,True
c:\file akmal\Capstone - Ai Eng - Spendly_ Workspace\data\_processed\Lifestyle\train\aug_Lifestyle_0151.jpg,Lifestyle,train,True
c:\file akmal\Capstone - Ai Eng - Spendly_ Workspace\data\_processed\Lifestyle\train\aug_Lifestyle_0152.jpg,Lifestyle,train,True
c:\file akmal\Capstone - Ai Eng - Spendly_ Workspace\data\_processed\Lifestyle\train\aug_Lifestyle_0153.jpg,Lifestyle,train,True
c:\file akmal\Capstone - Ai Eng - Spendly_ Workspace\data\_processed\Lifestyle\train\aug_Lifestyle_0154.jpg,Lifestyle,train,True
c:\file akmal\Capstone - Ai Eng - Spendly_ Workspace\data\_processed\Lifestyle\train\aug_Lifestyle_0155.jpg,Lifestyle,train,True
c:\file akmal\Capstone - Ai Eng - Spendly_ Workspace\data\_processed\Lifestyle\train\aug_Lifestyle_0156.jpg,Lifestyle,train,True
c:\file akmal\Capstone - Ai Eng - Spendly_ Workspace\data\_processed\Lifestyle\train\aug_Lifestyle_0157.jpg,Lifestyle,train,True
c:\file akmal\Capstone - Ai Eng - Spendly_ Workspace\data\_processed\Lifestyle\train\aug_Lifestyle_0158.jpg,Lifestyle,train,True
c:\file akmal\Capstone - Ai Eng - Spendly_ Workspace\data\_processed\Lifestyle\train\aug_Lifestyle_0159.jpg,Lifestyle,train,True
c:\file akmal\Capstone - Ai Eng - Spendly_ Workspace\data\_processed\Lifestyle\train\aug_Lifestyle_0160.jpg,Lifestyle,train,True
c:\file akmal\Capstone - Ai Eng - Spendly_ Workspace\data\_processed\Lifestyle\train\aug_Lifestyle_0161.jpg,Lifestyle,train,True
c:\file akmal\Capstone - Ai Eng - Spendly_ Workspace\data\_processed\Lifestyle\train\aug_Lifestyle_0162.jpg,Lifestyle,train,True
c:\file akmal\Capstone - Ai Eng - Spendly_ Workspace\data\_processed\Lifestyle\train\aug_Lifestyle_0163.jpg,Lifestyle,train,True
c:\file akmal\Capstone - Ai Eng - Spendly_ Workspace\data\_processed\Lifestyle\train\aug_Lifestyle_0164.jpg,Lifestyle,train,True
c:\file akmal\Capstone - Ai Eng - Spendly_ Workspace\data\_processed\Lifestyle\train\aug_Lifestyle_0165.jpg,Lifestyle,train,True
c:\file akmal\Capstone - Ai Eng - Spendly_ Workspace\data\_processed\Lifestyle\train\aug_Lifestyle_0166.jpg,Lifestyle,train,True
c:\file akmal\Capstone - Ai Eng - Spendly_ Workspace\data\_processed\Lifestyle\train\aug_Lifestyle_0167.jpg,Lifestyle,train,True
c:\file akmal\Capstone - Ai Eng - Spendly_ Workspace\data\_processed\Lifestyle\train\aug_Lifestyle_0168.jpg,Lifestyle,train,True
c:\file akmal\Capstone - Ai Eng - Spendly_ Workspace\data\_processed\Lifestyle\train\aug_Lifestyle_0169.jpg,Lifestyle,train,True
c:\file akmal\Capstone - Ai Eng - Spendly_ Workspace\data\_processed\Lifestyle\train\aug_Lifestyle_0170.jpg,Lifestyle,train,True
c:\file akmal\Capstone - Ai Eng - Spendly_ Workspace\data\_processed\Lifestyle\train\aug_Lifestyle_0171.jpg,Lifestyle,train,True
c:\file akmal\Capstone - Ai Eng - Spendly_ Workspace\data\Listrik\train\images\pln11_png.rf.3d7b80c8cf38a9a28fbf9bd515551f70.jpg,Listrik,train,False
c:\file akmal\Capstone - Ai Eng - Spendly_ Workspace\data\Listrik\train\images\pln14_png.rf.3c7bc094fa6c3cef886127508d97455e.jpg,Listrik,train,False
c:\file akmal\Capstone - Ai Eng - Spendly_ Workspace\data\Listrik\valid\images\IMG-20260503-WA0066_jpg.rf.77f706b2d98ede299c96f1ccfa480208.jpg,Listrik,train,False
c:\file akmal\Capstone - Ai Eng - Spendly_ Workspace\data\Listrik\train\images\IMG-20260503-WA0060_jpg.rf.5fd1cfcd46c0704951a9eb3031addf6b.jpg,Listrik,train,False
c:\file akmal\Capstone - Ai Eng - Spendly_ Workspace\data\Listrik\train\images\IMG-20260503-WA0056_jpg.rf.85b70d42262490ee130e32e1efc37d5d.jpg,Listrik,train,False
c:\file akmal\Capstone - Ai Eng - Spendly_ Workspace\data\Listrik\train\images\WhatsApp-Image-2026-05-05-at-10-54-09-3-_jpeg.rf.cc4c60db4b9528a0be6f66719144a89d.jpg,Listrik,train,False
c:\file akmal\Capstone - Ai Eng - Spendly_ Workspace\data\Listrik\train\images\IMG-20260503-WA0059_jpg.rf.e021cdbed0d637853057f95bc6dda820.jpg,Listrik,train,False
c:\file akmal\Capstone - Ai Eng - Spendly_ Workspace\data\Listrik\train\images\2687442689362876424-pdf_page_1_png.rf.fed1e71052cb56379205f48f7c517a19.jpg,Listrik,train,False
c:\file akmal\Capstone - Ai Eng - Spendly_ Workspace\data\Listrik\train\images\pln17_png.rf.ab10e1be38b8e2bc65c0133edac7bb90.jpg,Listrik,train,False
c:\file akmal\Capstone - Ai Eng - Spendly_ Workspace\data\Listrik\train\images\WhatsApp-Image-2026-05-05-at-10-54-08-1-_jpeg.rf.526f09a8d8a5b5b84cec0ca6dd095646.jpg,Listrik,train,False
c:\file akmal\Capstone - Ai Eng - Spendly_ Workspace\data\Listrik\train\images\IMG-20260503-WA0064_jpg.rf.4fd9c0902ad79c47f41602700ddad999.jpg,Listrik,train,False
c:\file akmal\Capstone - Ai Eng - Spendly_ Workspace\data\Listrik\train\images\IMG-20260503-WA0028_jpg.rf.d8ca25d6e06a8b722ae30cbde13f7e03.jpg,Listrik,train,False
c:\file akmal\Capstone - Ai Eng - Spendly_ Workspace\data\Listrik\train\images\pln19_png.rf.229a4acd3bec0467eb9f3f70a3c0397c.jpg,Listrik,train,False
c:\file akmal\Capstone - Ai Eng - Spendly_ Workspace\data\Listrik\test\images\IMG-20260503-WA0067_jpg.rf.475ee93dd64f79d60f0ebefb418a25ff.jpg,Listrik,train,False
c:\file akmal\Capstone - Ai Eng - Spendly_ Workspace\data\Listrik\train\images\pln6_png.rf.58ea6f9391a3aff513ced71b71245893.jpg,Listrik,train,False
c:\file akmal\Capstone - Ai Eng - Spendly_ Workspace\data\Listrik\train\images\WhatsApp-Image-2026-05-05-at-10-54-08_jpeg.rf.afe45fa43d7aa1af044697e9339e8f96.jpg,Listrik,train,False
c:\file akmal\Capstone - Ai Eng - Spendly_ Workspace\data\Listrik\train\images\IMG-20260503-WA0072_jpg.rf.ca44b4afd1460154d63ce11b88175afc.jpg,Listrik,train,False
c:\file akmal\Capstone - Ai Eng - Spendly_ Workspace\data\Listrik\train\images\pln3_png.rf.8408cc96c6dcc6f4775e2605db4fc4e8.jpg,Listrik,train,False
c:\file akmal\Capstone - Ai Eng - Spendly_ Workspace\data\Listrik\valid\images\IMG-20260503-WA0065_jpg.rf.db3ddff503d2d60f0209bbd6498edfcd.jpg,Listrik,train,False
c:\file akmal\Capstone - Ai Eng - Spendly_ Workspace\data\Listrik\train\images\pln16_png.rf.7d3dd134e26f9882eacc8bd3f730ef1d.jpg,Listrik,train,False
c:\file akmal\Capstone - Ai Eng - Spendly_ Workspace\data\Listrik\train\images\IMG-20260503-WA0026_jpg.rf.e82130cf3386ff4e80ac04f890578721.jpg,Listrik,train,False
c:\file akmal\Capstone - Ai Eng - Spendly_ Workspace\data\Listrik\train\images\IMG-20260503-WA0071_jpg.rf.125701ed7a0f31056a21e10be897d0e5.jpg,Listrik,train,False
c:\file akmal\Capstone - Ai Eng - Spendly_ Workspace\data\Listrik\train\images\pln9_png.rf.9ab0d770ff7e5131eb06494c626c4510.jpg,Listrik,train,False
c:\file akmal\Capstone - Ai Eng - Spendly_ Workspace\data\Listrik\test\images\IMG-20260503-WA0061_jpg.rf.6500653f9bc657c9e4c8497c641a66eb.jpg,Listrik,train,False
c:\file akmal\Capstone - Ai Eng - Spendly_ Workspace\data\Listrik\test\images\pln2_png.rf.3af8d625081d36ac243f8d1a93e73917.jpg,Listrik,train,False
c:\file akmal\Capstone - Ai Eng - Spendly_ Workspace\data\Listrik\train\images\pln1_png.rf.d8aeedbd61efa590604240d51f99fa80.jpg,Listrik,train,False
c:\file akmal\Capstone - Ai Eng - Spendly_ Workspace\data\Listrik\valid\images\IMG-20260503-WA0073_jpg.rf.93dacc0658c28fdc955f3be8ef8cdb72.jpg,Listrik,train,False
c:\file akmal\Capstone - Ai Eng - Spendly_ Workspace\data\Listrik\train\images\WhatsApp-Image-2026-05-05-at-10-54-09_jpeg.rf.e765c4f69e409390267bc297320f1fb7.jpg,Listrik,train,False
c:\file akmal\Capstone - Ai Eng - Spendly_ Workspace\data\Listrik\valid\images\WhatsApp-Image-2026-05-05-at-10-54-58_jpeg.rf.a7b20aa0b34b713151088bef99209383.jpg,Listrik,train,False
c:\file akmal\Capstone - Ai Eng - Spendly_ Workspace\data\Listrik\train\images\WhatsApp-Image-2026-05-05-at-10-54-09-2-_jpeg.rf.63e15ab892ab071eed65d6fc7604b494.jpg,Listrik,train,False
c:\file akmal\Capstone - Ai Eng - Spendly_ Workspace\data\Listrik\valid\images\IMG-20260503-WA0070_jpg.rf.c18cb5564661fc311d32a3e64f85e3a5.jpg,Listrik,train,False
c:\file akmal\Capstone - Ai Eng - Spendly_ Workspace\data\Listrik\train\images\pln10_png.rf.4d1c2bd54896ca7bda1fd8798e8b0647.jpg,Listrik,train,False
c:\file akmal\Capstone - Ai Eng - Spendly_ Workspace\data\Listrik\train\images\IMG-20260503-WA0027_jpg.rf.f27520ed5c05df3c3af5ba5c8ddbca95.jpg,Listrik,train,False
c:\file akmal\Capstone - Ai Eng - Spendly_ Workspace\data\Listrik\train\images\pln5_png.rf.f83cb7e4698d40d990e9ed4dc2db7cca.jpg,Listrik,train,False
c:\file akmal\Capstone - Ai Eng - Spendly_ Workspace\data\Listrik\train\images\IMG-20260503-WA0074_jpg.rf.3fdf79c29e993fc51fb57f9efebb3c70.jpg,Listrik,train,False
c:\file akmal\Capstone - Ai Eng - Spendly_ Workspace\data\Listrik\train\images\WhatsApp-Image-2026-05-05-at-10-54-07_jpeg.rf.230b1d15c63b00f2bfc903bb87bb9092.jpg,Listrik,train,False
c:\file akmal\Capstone - Ai Eng - Spendly_ Workspace\data\Listrik\train\images\2663508194269276418-pdf_page_1_png.rf.faacb6d423d298b6da58d5d2d2221659.jpg,Listrik,train,False
c:\file akmal\Capstone - Ai Eng - Spendly_ Workspace\data\Listrik\train\images\pln15_png.rf.a61f4ee8afecc1fa780d1bc08d06e20a.jpg,Listrik,train,False
c:\file akmal\Capstone - Ai Eng - Spendly_ Workspace\data\Listrik\train\images\IMG-20260503-WA0075_jpg.rf.58ea07f646d5ce965e7607b159cf1b0a.jpg,Listrik,train,False
c:\file akmal\Capstone - Ai Eng - Spendly_ Workspace\data\Listrik\valid\images\WhatsApp-Image-2026-05-05-at-10-54-08-2-_jpeg.rf.05fd105ee6b3ba1fc071911b4a8ba1d0.jpg,Listrik,train,False
c:\file akmal\Capstone - Ai Eng - Spendly_ Workspace\data\Listrik\train\images\pln4_png.rf.757ca8a83da32b7c09eac8be4231e075.jpg,Listrik,train,False
c:\file akmal\Capstone - Ai Eng - Spendly_ Workspace\data\Listrik\train\images\IMG-20260503-WA0080_jpg.rf.9a64037d34f1291c9927d300a08f55cb.jpg,Listrik,train,False
c:\file akmal\Capstone - Ai Eng - Spendly_ Workspace\data\Listrik\train\images\2703588879352076497-pdf_page_1_png.rf.2e5ed2ea682c1ed6d0874124ee73b074.jpg,Listrik,train,False
c:\file akmal\Capstone - Ai Eng - Spendly_ Workspace\data\Listrik\train\images\IMG-20260503-WA0030_jpg.rf.ad47a3b97fc1452e82f75ee065b10f34.jpg,Listrik,train,False
c:\file akmal\Capstone - Ai Eng - Spendly_ Workspace\data\_processed\Listrik\train\aug_Listrik_0000.jpg,Listrik,train,True
c:\file akmal\Capstone - Ai Eng - Spendly_ Workspace\data\_processed\Listrik\train\aug_Listrik_0001.jpg,Listrik,train,True
c:\file akmal\Capstone - Ai Eng - Spendly_ Workspace\data\_processed\Listrik\train\aug_Listrik_0002.jpg,Listrik,train,True
c:\file akmal\Capstone - Ai Eng - Spendly_ Workspace\data\_processed\Listrik\train\aug_Listrik_0003.jpg,Listrik,train,True
c:\file akmal\Capstone - Ai Eng - Spendly_ Workspace\data\_processed\Listrik\train\aug_Listrik_0004.jpg,Listrik,train,True
c:\file akmal\Capstone - Ai Eng - Spendly_ Workspace\data\_processed\Listrik\train\aug_Listrik_0005.jpg,Listrik,train,True
c:\file akmal\Capstone - Ai Eng - Spendly_ Workspace\data\_processed\Listrik\train\aug_Listrik_0006.jpg,Listrik,train,True
c:\file akmal\Capstone - Ai Eng - Spendly_ Workspace\data\_processed\Listrik\train\aug_Listrik_0007.jpg,Listrik,train,True
c:\file akmal\Capstone - Ai Eng - Spendly_ Workspace\data\_processed\Listrik\train\aug_Listrik_0008.jpg,Listrik,train,True
c:\file akmal\Capstone - Ai Eng - Spendly_ Workspace\data\_processed\Listrik\train\aug_Listrik_0009.jpg,Listrik,train,True
c:\file akmal\Capstone - Ai Eng - Spendly_ Workspace\data\_processed\Listrik\train\aug_Listrik_0010.jpg,Listrik,train,True
c:\file akmal\Capstone - Ai Eng - Spendly_ Workspace\data\_processed\Listrik\train\aug_Listrik_0011.jpg,Listrik,train,True
c:\file akmal\Capstone - Ai Eng - Spendly_ Workspace\data\_processed\Listrik\train\aug_Listrik_0012.jpg,Listrik,train,True
c:\file akmal\Capstone - Ai Eng - Spendly_ Workspace\data\_processed\Listrik\train\aug_Listrik_0013.jpg,Listrik,train,True
c:\file akmal\Capstone - Ai Eng - Spendly_ Workspace\data\_processed\Listrik\train\aug_Listrik_0014.jpg,Listrik,train,True
c:\file akmal\Capstone - Ai Eng - Spendly_ Workspace\data\_processed\Listrik\train\aug_Listrik_0015.jpg,Listrik,train,True
c:\file akmal\Capstone - Ai Eng - Spendly_ Workspace\data\_processed\Listrik\train\aug_Listrik_0016.jpg,Listrik,train,True
c:\file akmal\Capstone - Ai Eng - Spendly_ Workspace\data\_processed\Listrik\train\aug_Listrik_0017.jpg,Listrik,train,True
c:\file akmal\Capstone - Ai Eng - Spendly_ Workspace\data\_processed\Listrik\train\aug_Listrik_0018.jpg,Listrik,train,True
c:\file akmal\Capstone - Ai Eng - Spendly_ Workspace\data\_processed\Listrik\train\aug_Listrik_0019.jpg,Listrik,train,True
c:\file akmal\Capstone - Ai Eng - Spendly_ Workspace\data\_processed\Listrik\train\aug_Listrik_0020.jpg,Listrik,train,True
c:\file akmal\Capstone - Ai Eng - Spendly_ Workspace\data\_processed\Listrik\train\aug_Listrik_0021.jpg,Listrik,train,True
c:\file akmal\Capstone - Ai Eng - Spendly_ Workspace\data\_processed\Listrik\train\aug_Listrik_0022.jpg,Listrik,train,True
c:\file akmal\Capstone - Ai Eng - Spendly_ Workspace\data\_processed\Listrik\train\aug_Listrik_0023.jpg,Listrik,train,True
c:\file akmal\Capstone - Ai Eng - Spendly_ Workspace\data\_processed\Listrik\train\aug_Listrik_0024.jpg,Listrik,train,True
c:\file akmal\Capstone - Ai Eng - Spendly_ Workspace\data\_processed\Listrik\train\aug_Listrik_0025.jpg,Listrik,train,True
c:\file akmal\Capstone - Ai Eng - Spendly_ Workspace\data\_processed\Listrik\train\aug_Listrik_0026.jpg,Listrik,train,True
c:\file akmal\Capstone - Ai Eng - Spendly_ Workspace\data\_processed\Listrik\train\aug_Listrik_0027.jpg,Listrik,train,True
c:\file akmal\Capstone - Ai Eng - Spendly_ Workspace\data\_processed\Listrik\train\aug_Listrik_0028.jpg,Listrik,train,True
c:\file akmal\Capstone - Ai Eng - Spendly_ Workspace\data\_processed\Listrik\train\aug_Listrik_0029.jpg,Listrik,train,True
c:\file akmal\Capstone - Ai Eng - Spendly_ Workspace\data\_processed\Listrik\train\aug_Listrik_0030.jpg,Listrik,train,True
c:\file akmal\Capstone - Ai Eng - Spendly_ Workspace\data\_processed\Listrik\train\aug_Listrik_0031.jpg,Listrik,train,True
c:\file akmal\Capstone - Ai Eng - Spendly_ Workspace\data\_processed\Listrik\train\aug_Listrik_0032.jpg,Listrik,train,True
c:\file akmal\Capstone - Ai Eng - Spendly_ Workspace\data\_processed\Listrik\train\aug_Listrik_0033.jpg,Listrik,train,True
c:\file akmal\Capstone - Ai Eng - Spendly_ Workspace\data\_processed\Listrik\train\aug_Listrik_0034.jpg,Listrik,train,True
c:\file akmal\Capstone - Ai Eng - Spendly_ Workspace\data\_processed\Listrik\train\aug_Listrik_0035.jpg,Listrik,train,True
c:\file akmal\Capstone - Ai Eng - Spendly_ Workspace\data\_processed\Listrik\train\aug_Listrik_0036.jpg,Listrik,train,True
c:\file akmal\Capstone - Ai Eng - Spendly_ Workspace\data\_processed\Listrik\train\aug_Listrik_0037.jpg,Listrik,train,True
c:\file akmal\Capstone - Ai Eng - Spendly_ Workspace\data\_processed\Listrik\train\aug_Listrik_0038.jpg,Listrik,train,True
c:\file akmal\Capstone - Ai Eng - Spendly_ Workspace\data\_processed\Listrik\train\aug_Listrik_0039.jpg,Listrik,train,True
c:\file akmal\Capstone - Ai Eng - Spendly_ Workspace\data\_processed\Listrik\train\aug_Listrik_0040.jpg,Listrik,train,True
c:\file akmal\Capstone - Ai Eng - Spendly_ Workspace\data\_processed\Listrik\train\aug_Listrik_0041.jpg,Listrik,train,True
c:\file akmal\Capstone - Ai Eng - Spendly_ Workspace\data\_processed\Listrik\train\aug_Listrik_0042.jpg,Listrik,train,True
c:\file akmal\Capstone - Ai Eng - Spendly_ Workspace\data\_processed\Listrik\train\aug_Listrik_0043.jpg,Listrik,train,True
c:\file akmal\Capstone - Ai Eng - Spendly_ Workspace\data\_processed\Listrik\train\aug_Listrik_0044.jpg,Listrik,train,True
c:\file akmal\Capstone - Ai Eng - Spendly_ Workspace\data\_processed\Listrik\train\aug_Listrik_0045.jpg,Listrik,train,True
c:\file akmal\Capstone - Ai Eng - Spendly_ Workspace\data\_processed\Listrik\train\aug_Listrik_0046.jpg,Listrik,train,True
c:\file akmal\Capstone - Ai Eng - Spendly_ Workspace\data\_processed\Listrik\train\aug_Listrik_0047.jpg,Listrik,train,True
c:\file akmal\Capstone - Ai Eng - Spendly_ Workspace\data\_processed\Listrik\train\aug_Listrik_0048.jpg,Listrik,train,True
c:\file akmal\Capstone - Ai Eng - Spendly_ Workspace\data\_processed\Listrik\train\aug_Listrik_0049.jpg,Listrik,train,True
c:\file akmal\Capstone - Ai Eng - Spendly_ Workspace\data\_processed\Listrik\train\aug_Listrik_0050.jpg,Listrik,train,True
c:\file akmal\Capstone - Ai Eng - Spendly_ Workspace\data\_processed\Listrik\train\aug_Listrik_0051.jpg,Listrik,train,True
c:\file akmal\Capstone - Ai Eng - Spendly_ Workspace\data\_processed\Listrik\train\aug_Listrik_0052.jpg,Listrik,train,True
c:\file akmal\Capstone - Ai Eng - Spendly_ Workspace\data\_processed\Listrik\train\aug_Listrik_0053.jpg,Listrik,train,True
c:\file akmal\Capstone - Ai Eng - Spendly_ Workspace\data\_processed\Listrik\train\aug_Listrik_0054.jpg,Listrik,train,True
c:\file akmal\Capstone - Ai Eng - Spendly_ Workspace\data\_processed\Listrik\train\aug_Listrik_0055.jpg,Listrik,train,True
c:\file akmal\Capstone - Ai Eng - Spendly_ Workspace\data\_processed\Listrik\train\aug_Listrik_0056.jpg,Listrik,train,True
c:\file akmal\Capstone - Ai Eng - Spendly_ Workspace\data\_processed\Listrik\train\aug_Listrik_0057.jpg,Listrik,train,True
c:\file akmal\Capstone - Ai Eng - Spendly_ Workspace\data\_processed\Listrik\train\aug_Listrik_0058.jpg,Listrik,train,True
c:\file akmal\Capstone - Ai Eng - Spendly_ Workspace\data\_processed\Listrik\train\aug_Listrik_0059.jpg,Listrik,train,True
c:\file akmal\Capstone - Ai Eng - Spendly_ Workspace\data\_processed\Listrik\train\aug_Listrik_0060.jpg,Listrik,train,True
c:\file akmal\Capstone - Ai Eng - Spendly_ Workspace\data\_processed\Listrik\train\aug_Listrik_0061.jpg,Listrik,train,True
c:\file akmal\Capstone - Ai Eng - Spendly_ Workspace\data\_processed\Listrik\train\aug_Listrik_0062.jpg,Listrik,train,True
c:\file akmal\Capstone - Ai Eng - Spendly_ Workspace\data\_processed\Listrik\train\aug_Listrik_0063.jpg,Listrik,train,True
c:\file akmal\Capstone - Ai Eng - Spendly_ Workspace\data\_processed\Listrik\train\aug_Listrik_0064.jpg,Listrik,train,True
c:\file akmal\Capstone - Ai Eng - Spendly_ Workspace\data\_processed\Listrik\train\aug_Listrik_0065.jpg,Listrik,train,True
c:\file akmal\Capstone - Ai Eng - Spendly_ Workspace\data\_processed\Listrik\train\aug_Listrik_0066.jpg,Listrik,train,True
c:\file akmal\Capstone - Ai Eng - Spendly_ Workspace\data\_processed\Listrik\train\aug_Listrik_0067.jpg,Listrik,train,True
c:\file akmal\Capstone - Ai Eng - Spendly_ Workspace\data\_processed\Listrik\train\aug_Listrik_0068.jpg,Listrik,train,True
c:\file akmal\Capstone - Ai Eng - Spendly_ Workspace\data\_processed\Listrik\train\aug_Listrik_0069.jpg,Listrik,train,True
c:\file akmal\Capstone - Ai Eng - Spendly_ Workspace\data\_processed\Listrik\train\aug_Listrik_0070.jpg,Listrik,train,True
c:\file akmal\Capstone - Ai Eng - Spendly_ Workspace\data\_processed\Listrik\train\aug_Listrik_0071.jpg,Listrik,train,True
c:\file akmal\Capstone - Ai Eng - Spendly_ Workspace\data\_processed\Listrik\train\aug_Listrik_0072.jpg,Listrik,train,True
c:\file akmal\Capstone - Ai Eng - Spendly_ Workspace\data\_processed\Listrik\train\aug_Listrik_0073.jpg,Listrik,train,True
c:\file akmal\Capstone - Ai Eng - Spendly_ Workspace\data\_processed\Listrik\train\aug_Listrik_0074.jpg,Listrik,train,True
c:\file akmal\Capstone - Ai Eng - Spendly_ Workspace\data\_processed\Listrik\train\aug_Listrik_0075.jpg,Listrik,train,True
c:\file akmal\Capstone - Ai Eng - Spendly_ Workspace\data\_processed\Listrik\train\aug_Listrik_0076.jpg,Listrik,train,True
c:\file akmal\Capstone - Ai Eng - Spendly_ Workspace\data\_processed\Listrik\train\aug_Listrik_0077.jpg,Listrik,train,True
c:\file akmal\Capstone - Ai Eng - Spendly_ Workspace\data\_processed\Listrik\train\aug_Listrik_0078.jpg,Listrik,train,True
c:\file akmal\Capstone - Ai Eng - Spendly_ Workspace\data\_processed\Listrik\train\aug_Listrik_0079.jpg,Listrik,train,True
c:\file akmal\Capstone - Ai Eng - Spendly_ Workspace\data\_processed\Listrik\train\aug_Listrik_0080.jpg,Listrik,train,True
c:\file akmal\Capstone - Ai Eng - Spendly_ Workspace\data\_processed\Listrik\train\aug_Listrik_0081.jpg,Listrik,train,True
c:\file akmal\Capstone - Ai Eng - Spendly_ Workspace\data\_processed\Listrik\train\aug_Listrik_0082.jpg,Listrik,train,True
c:\file akmal\Capstone - Ai Eng - Spendly_ Workspace\data\_processed\Listrik\train\aug_Listrik_0083.jpg,Listrik,train,True
c:\file akmal\Capstone - Ai Eng - Spendly_ Workspace\data\_processed\Listrik\train\aug_Listrik_0084.jpg,Listrik,train,True
c:\file akmal\Capstone - Ai Eng - Spendly_ Workspace\data\_processed\Listrik\train\aug_Listrik_0085.jpg,Listrik,train,True
c:\file akmal\Capstone - Ai Eng - Spendly_ Workspace\data\_processed\Listrik\train\aug_Listrik_0086.jpg,Listrik,train,True
c:\file akmal\Capstone - Ai Eng - Spendly_ Workspace\data\_processed\Listrik\train\aug_Listrik_0087.jpg,Listrik,train,True
c:\file akmal\Capstone - Ai Eng - Spendly_ Workspace\data\_processed\Listrik\train\aug_Listrik_0088.jpg,Listrik,train,True
c:\file akmal\Capstone - Ai Eng - Spendly_ Workspace\data\_processed\Listrik\train\aug_Listrik_0089.jpg,Listrik,train,True
c:\file akmal\Capstone - Ai Eng - Spendly_ Workspace\data\_processed\Listrik\train\aug_Listrik_0090.jpg,Listrik,train,True
c:\file akmal\Capstone - Ai Eng - Spendly_ Workspace\data\_processed\Listrik\train\aug_Listrik_0091.jpg,Listrik,train,True
c:\file akmal\Capstone - Ai Eng - Spendly_ Workspace\data\_processed\Listrik\train\aug_Listrik_0092.jpg,Listrik,train,True
c:\file akmal\Capstone - Ai Eng - Spendly_ Workspace\data\_processed\Listrik\train\aug_Listrik_0093.jpg,Listrik,train,True
c:\file akmal\Capstone - Ai Eng - Spendly_ Workspace\data\_processed\Listrik\train\aug_Listrik_0094.jpg,Listrik,train,True
c:\file akmal\Capstone - Ai Eng - Spendly_ Workspace\data\_processed\Listrik\train\aug_Listrik_0095.jpg,Listrik,train,True
c:\file akmal\Capstone - Ai Eng - Spendly_ Workspace\data\_processed\Listrik\train\aug_Listrik_0096.jpg,Listrik,train,True
c:\file akmal\Capstone - Ai Eng - Spendly_ Workspace\data\_processed\Listrik\train\aug_Listrik_0097.jpg,Listrik,train,True
c:\file akmal\Capstone - Ai Eng - Spendly_ Workspace\data\_processed\Listrik\train\aug_Listrik_0098.jpg,Listrik,train,True
c:\file akmal\Capstone - Ai Eng - Spendly_ Workspace\data\_processed\Listrik\train\aug_Listrik_0099.jpg,Listrik,train,True
c:\file akmal\Capstone - Ai Eng - Spendly_ Workspace\data\_processed\Listrik\train\aug_Listrik_0100.jpg,Listrik,train,True
c:\file akmal\Capstone - Ai Eng - Spendly_ Workspace\data\_processed\Listrik\train\aug_Listrik_0101.jpg,Listrik,train,True
c:\file akmal\Capstone - Ai Eng - Spendly_ Workspace\data\_processed\Listrik\train\aug_Listrik_0102.jpg,Listrik,train,True
c:\file akmal\Capstone - Ai Eng - Spendly_ Workspace\data\_processed\Listrik\train\aug_Listrik_0103.jpg,Listrik,train,True
c:\file akmal\Capstone - Ai Eng - Spendly_ Workspace\data\_processed\Listrik\train\aug_Listrik_0104.jpg,Listrik,train,True
c:\file akmal\Capstone - Ai Eng - Spendly_ Workspace\data\_processed\Listrik\train\aug_Listrik_0105.jpg,Listrik,train,True
c:\file akmal\Capstone - Ai Eng - Spendly_ Workspace\data\_processed\Listrik\train\aug_Listrik_0106.jpg,Listrik,train,True
c:\file akmal\Capstone - Ai Eng - Spendly_ Workspace\data\_processed\Listrik\train\aug_Listrik_0107.jpg,Listrik,train,True
c:\file akmal\Capstone - Ai Eng - Spendly_ Workspace\data\_processed\Listrik\train\aug_Listrik_0108.jpg,Listrik,train,True
c:\file akmal\Capstone - Ai Eng - Spendly_ Workspace\data\_processed\Listrik\train\aug_Listrik_0109.jpg,Listrik,train,True
c:\file akmal\Capstone - Ai Eng - Spendly_ Workspace\data\_processed\Listrik\train\aug_Listrik_0110.jpg,Listrik,train,True
c:\file akmal\Capstone - Ai Eng - Spendly_ Workspace\data\_processed\Listrik\train\aug_Listrik_0111.jpg,Listrik,train,True
c:\file akmal\Capstone - Ai Eng - Spendly_ Workspace\data\_processed\Listrik\train\aug_Listrik_0112.jpg,Listrik,train,True
c:\file akmal\Capstone - Ai Eng - Spendly_ Workspace\data\_processed\Listrik\train\aug_Listrik_0113.jpg,Listrik,train,True
c:\file akmal\Capstone - Ai Eng - Spendly_ Workspace\data\_processed\Listrik\train\aug_Listrik_0114.jpg,Listrik,train,True
c:\file akmal\Capstone - Ai Eng - Spendly_ Workspace\data\_processed\Listrik\train\aug_Listrik_0115.jpg,Listrik,train,True
c:\file akmal\Capstone - Ai Eng - Spendly_ Workspace\data\_processed\Listrik\train\aug_Listrik_0116.jpg,Listrik,train,True
c:\file akmal\Capstone - Ai Eng - Spendly_ Workspace\data\_processed\Listrik\train\aug_Listrik_0117.jpg,Listrik,train,True
c:\file akmal\Capstone - Ai Eng - Spendly_ Workspace\data\_processed\Listrik\train\aug_Listrik_0118.jpg,Listrik,train,True
c:\file akmal\Capstone - Ai Eng - Spendly_ Workspace\data\_processed\Listrik\train\aug_Listrik_0119.jpg,Listrik,train,True
c:\file akmal\Capstone - Ai Eng - Spendly_ Workspace\data\_processed\Listrik\train\aug_Listrik_0120.jpg,Listrik,train,True
c:\file akmal\Capstone - Ai Eng - Spendly_ Workspace\data\_processed\Listrik\train\aug_Listrik_0121.jpg,Listrik,train,True
c:\file akmal\Capstone - Ai Eng - Spendly_ Workspace\data\_processed\Listrik\train\aug_Listrik_0122.jpg,Listrik,train,True
c:\file akmal\Capstone - Ai Eng - Spendly_ Workspace\data\_processed\Listrik\train\aug_Listrik_0123.jpg,Listrik,train,True
c:\file akmal\Capstone - Ai Eng - Spendly_ Workspace\data\_processed\Listrik\train\aug_Listrik_0124.jpg,Listrik,train,True
c:\file akmal\Capstone - Ai Eng - Spendly_ Workspace\data\_processed\Listrik\train\aug_Listrik_0125.jpg,Listrik,train,True
c:\file akmal\Capstone - Ai Eng - Spendly_ Workspace\data\_processed\Listrik\train\aug_Listrik_0126.jpg,Listrik,train,True
c:\file akmal\Capstone - Ai Eng - Spendly_ Workspace\data\_processed\Listrik\train\aug_Listrik_0127.jpg,Listrik,train,True
c:\file akmal\Capstone - Ai Eng - Spendly_ Workspace\data\_processed\Listrik\train\aug_Listrik_0128.jpg,Listrik,train,True
c:\file akmal\Capstone - Ai Eng - Spendly_ Workspace\data\_processed\Listrik\train\aug_Listrik_0129.jpg,Listrik,train,True
c:\file akmal\Capstone - Ai Eng - Spendly_ Workspace\data\_processed\Listrik\train\aug_Listrik_0130.jpg,Listrik,train,True
c:\file akmal\Capstone - Ai Eng - Spendly_ Workspace\data\_processed\Listrik\train\aug_Listrik_0131.jpg,Listrik,train,True
c:\file akmal\Capstone - Ai Eng - Spendly_ Workspace\data\_processed\Listrik\train\aug_Listrik_0132.jpg,Listrik,train,True
c:\file akmal\Capstone - Ai Eng - Spendly_ Workspace\data\_processed\Listrik\train\aug_Listrik_0133.jpg,Listrik,train,True
c:\file akmal\Capstone - Ai Eng - Spendly_ Workspace\data\_processed\Listrik\train\aug_Listrik_0134.jpg,Listrik,train,True
c:\file akmal\Capstone - Ai Eng - Spendly_ Workspace\data\_processed\Listrik\train\aug_Listrik_0135.jpg,Listrik,train,True
c:\file akmal\Capstone - Ai Eng - Spendly_ Workspace\data\_processed\Listrik\train\aug_Listrik_0136.jpg,Listrik,train,True
c:\file akmal\Capstone - Ai Eng - Spendly_ Workspace\data\_processed\Listrik\train\aug_Listrik_0137.jpg,Listrik,train,True
c:\file akmal\Capstone - Ai Eng - Spendly_ Workspace\data\_processed\Listrik\train\aug_Listrik_0138.jpg,Listrik,train,True
c:\file akmal\Capstone - Ai Eng - Spendly_ Workspace\data\_processed\Listrik\train\aug_Listrik_0139.jpg,Listrik,train,True
c:\file akmal\Capstone - Ai Eng - Spendly_ Workspace\data\_processed\Listrik\train\aug_Listrik_0140.jpg,Listrik,train,True
c:\file akmal\Capstone - Ai Eng - Spendly_ Workspace\data\_processed\Listrik\train\aug_Listrik_0141.jpg,Listrik,train,True
c:\file akmal\Capstone - Ai Eng - Spendly_ Workspace\data\_processed\Listrik\train\aug_Listrik_0142.jpg,Listrik,train,True
c:\file akmal\Capstone - Ai Eng - Spendly_ Workspace\data\_processed\Listrik\train\aug_Listrik_0143.jpg,Listrik,train,True
c:\file akmal\Capstone - Ai Eng - Spendly_ Workspace\data\_processed\Listrik\train\aug_Listrik_0144.jpg,Listrik,train,True
c:\file akmal\Capstone - Ai Eng - Spendly_ Workspace\data\_processed\Listrik\train\aug_Listrik_0145.jpg,Listrik,train,True
c:\file akmal\Capstone - Ai Eng - Spendly_ Workspace\data\_processed\Listrik\train\aug_Listrik_0146.jpg,Listrik,train,True
c:\file akmal\Capstone - Ai Eng - Spendly_ Workspace\data\_processed\Listrik\train\aug_Listrik_0147.jpg,Listrik,train,True
c:\file akmal\Capstone - Ai Eng - Spendly_ Workspace\data\_processed\Listrik\train\aug_Listrik_0148.jpg,Listrik,train,True
c:\file akmal\Capstone - Ai Eng - Spendly_ Workspace\data\_processed\Listrik\train\aug_Listrik_0149.jpg,Listrik,train,True
c:\file akmal\Capstone - Ai Eng - Spendly_ Workspace\data\_processed\Listrik\train\aug_Listrik_0150.jpg,Listrik,train,True
c:\file akmal\Capstone - Ai Eng - Spendly_ Workspace\data\_processed\Listrik\train\aug_Listrik_0151.jpg,Listrik,train,True
c:\file akmal\Capstone - Ai Eng - Spendly_ Workspace\data\_processed\Listrik\train\aug_Listrik_0152.jpg,Listrik,train,True
c:\file akmal\Capstone - Ai Eng - Spendly_ Workspace\data\_processed\Listrik\train\aug_Listrik_0153.jpg,Listrik,train,True
c:\file akmal\Capstone - Ai Eng - Spendly_ Workspace\data\_processed\Listrik\train\aug_Listrik_0154.jpg,Listrik,train,True
c:\file akmal\Capstone - Ai Eng - Spendly_ Workspace\data\_processed\Listrik\train\aug_Listrik_0155.jpg,Listrik,train,True
c:\file akmal\Capstone - Ai Eng - Spendly_ Workspace\data\transport\train\images\tol114_png.rf.2a7301af5a7c098a35a37bfd90afcef4.jpg,transport,train,False
c:\file akmal\Capstone - Ai Eng - Spendly_ Workspace\data\transport\train\images\tol73_png.rf.47d1e352fc6092391d8b15af92381e8a.jpg,transport,train,False
c:\file akmal\Capstone - Ai Eng - Spendly_ Workspace\data\transport\train\images\tol9_png.rf.04336aef6c1c134717b9a30e55dc13c3.jpg,transport,train,False
c:\file akmal\Capstone - Ai Eng - Spendly_ Workspace\data\transport\train\images\tol105_png.rf.b898af1efd67f8ed57fca5be5f0b731b.jpg,transport,train,False
c:\file akmal\Capstone - Ai Eng - Spendly_ Workspace\data\transport\valid\images\tol2_png.rf.89613bf492f0b46e741eee7270f74bef.jpg,transport,train,False
c:\file akmal\Capstone - Ai Eng - Spendly_ Workspace\data\transport\train\images\tol111_png.rf.93b2c2e6221cf0058741aa97926494d2.jpg,transport,train,False
c:\file akmal\Capstone - Ai Eng - Spendly_ Workspace\data\transport\valid\images\tol122_png.rf.3b98419a746e326cba0ac9bff4cb03ea.jpg,transport,train,False
c:\file akmal\Capstone - Ai Eng - Spendly_ Workspace\data\transport\train\images\tol6_png.rf.5aa5cfd0bb36baf550093ee9a06d335b.jpg,transport,train,False
c:\file akmal\Capstone - Ai Eng - Spendly_ Workspace\data\transport\train\images\tol110_png.rf.4b52e58f41ead5feb956bd254c544691.jpg,transport,train,False
c:\file akmal\Capstone - Ai Eng - Spendly_ Workspace\data\transport\valid\images\tol130_png.rf.a27e58de00a9e043d6578027062fdd4b.jpg,transport,train,False
c:\file akmal\Capstone - Ai Eng - Spendly_ Workspace\data\transport\train\images\tol61_png.rf.0941ccc70cee8745955a1ab7f136eb94.jpg,transport,train,False
c:\file akmal\Capstone - Ai Eng - Spendly_ Workspace\data\transport\valid\images\tol137_png.rf.a451d60511679a926a0a8857b08ddf1c.jpg,transport,train,False
c:\file akmal\Capstone - Ai Eng - Spendly_ Workspace\data\transport\train\images\tol116_png.rf.1e4b50fb514ec04f3909597a689d6ee7.jpg,transport,train,False
c:\file akmal\Capstone - Ai Eng - Spendly_ Workspace\data\transport\valid\images\tol108_png.rf.dc2eb663892a4a0828a38e0c7712605e.jpg,transport,train,False
c:\file akmal\Capstone - Ai Eng - Spendly_ Workspace\data\transport\train\images\tol22_png.rf.a88e995007a8388e6ff254dd75f61605.jpg,transport,train,False
c:\file akmal\Capstone - Ai Eng - Spendly_ Workspace\data\transport\train\images\tol107_png.rf.390e537d5007cbe99aeafe0cf63ecf66.jpg,transport,train,False
c:\file akmal\Capstone - Ai Eng - Spendly_ Workspace\data\transport\valid\images\tol140_png.rf.c386b36d229af8788c439251f0c47b65.jpg,transport,train,False
c:\file akmal\Capstone - Ai Eng - Spendly_ Workspace\data\transport\train\images\tol99_png.rf.31420988e6298ea61a1f652ea9c6c7ed.jpg,transport,train,False
c:\file akmal\Capstone - Ai Eng - Spendly_ Workspace\data\transport\train\images\tol47_png.rf.8d12a26ed2e87cffb75a6693af0474c4.jpg,transport,train,False
c:\file akmal\Capstone - Ai Eng - Spendly_ Workspace\data\transport\valid\images\tol101_png.rf.2cd29e4d03b9aeb30804efacfc7b119f.jpg,transport,train,False
c:\file akmal\Capstone - Ai Eng - Spendly_ Workspace\data\transport\train\images\tol83_png.rf.2a9321b1a54b6ce31ec338bbb107dde7.jpg,transport,train,False
c:\file akmal\Capstone - Ai Eng - Spendly_ Workspace\data\transport\train\images\tol126_png.rf.49fbfdbbbe748f4ba85d3a47441f0097.jpg,transport,train,False
c:\file akmal\Capstone - Ai Eng - Spendly_ Workspace\data\transport\train\images\tol87_png.rf.97b8a9e4603a0d86c8a092066f955f7e.jpg,transport,train,False
c:\file akmal\Capstone - Ai Eng - Spendly_ Workspace\data\transport\train\images\tol41_png.rf.d6dd9521c3f94862f342b8ccce864f32.jpg,transport,train,False
c:\file akmal\Capstone - Ai Eng - Spendly_ Workspace\data\transport\test\images\tol133_png.rf.4d9ef05dd73b105a64958ff41073488d.jpg,transport,train,False
c:\file akmal\Capstone - Ai Eng - Spendly_ Workspace\data\transport\train\images\tol5_png.rf.cebc8ca50b014eb1ddb332334e2b4b66.jpg,transport,train,False
c:\file akmal\Capstone - Ai Eng - Spendly_ Workspace\data\transport\train\images\tol135_png.rf.e8d656f194ef562667608d0a81e7f9b6.jpg,transport,train,False
c:\file akmal\Capstone - Ai Eng - Spendly_ Workspace\data\transport\train\images\tol117_png.rf.9a8f38007cc61347359afc8214529dd8.jpg,transport,train,False
c:\file akmal\Capstone - Ai Eng - Spendly_ Workspace\data\transport\train\images\tol131_png.rf.13f420473bc153ab0e856ca8d581fe7d.jpg,transport,train,False
c:\file akmal\Capstone - Ai Eng - Spendly_ Workspace\data\transport\train\images\tol80_png.rf.df0d864c0bb3b121bcb721944104f41a.jpg,transport,train,False
c:\file akmal\Capstone - Ai Eng - Spendly_ Workspace\data\transport\train\images\tol45_png.rf.a11fba8beb8c112ac0265e307c2605fd.jpg,transport,train,False
c:\file akmal\Capstone - Ai Eng - Spendly_ Workspace\data\transport\train\images\tol91_png.rf.ec4fd5dcbafcbdffeeba60fbdf6f23d4.jpg,transport,train,False
c:\file akmal\Capstone - Ai Eng - Spendly_ Workspace\data\transport\test\images\tol84_png.rf.921c68973eca54659e2dc2d17dce5cdd.jpg,transport,train,False
c:\file akmal\Capstone - Ai Eng - Spendly_ Workspace\data\transport\train\images\tol48_png.rf.86f8a08211dc5c68510a7b4e33b291a2.jpg,transport,train,False
c:\file akmal\Capstone - Ai Eng - Spendly_ Workspace\data\transport\train\images\tol50_png.rf.96a92b2a5e300334a5dce8f6c902a2e2.jpg,transport,train,False
c:\file akmal\Capstone - Ai Eng - Spendly_ Workspace\data\transport\train\images\tol23_png.rf.1024fb6a40eca930ca039feb2b357767.jpg,transport,train,False
c:\file akmal\Capstone - Ai Eng - Spendly_ Workspace\data\transport\train\images\tol32_png.rf.51ecd77e9d9cd6c76511f48c08d6b597.jpg,transport,train,False
c:\file akmal\Capstone - Ai Eng - Spendly_ Workspace\data\transport\train\images\tol68_png.rf.4e7576411b773dda2c2bb7a9a0527079.jpg,transport,train,False
c:\file akmal\Capstone - Ai Eng - Spendly_ Workspace\data\transport\valid\images\tol74_png.rf.ddb3f282013e49a31c3be46e747e196a.jpg,transport,train,False
c:\file akmal\Capstone - Ai Eng - Spendly_ Workspace\data\transport\train\images\tol46_png.rf.53505ef1cfdf2db5219110d758c68b21.jpg,transport,train,False
c:\file akmal\Capstone - Ai Eng - Spendly_ Workspace\data\transport\train\images\tol44_png.rf.5a123623272b7897d93d330797790895.jpg,transport,train,False
c:\file akmal\Capstone - Ai Eng - Spendly_ Workspace\data\transport\train\images\tol132_png.rf.be6802509022a8705b8062e946ce6094.jpg,transport,train,False
c:\file akmal\Capstone - Ai Eng - Spendly_ Workspace\data\transport\train\images\tol139_png.rf.98bca2d17c9ff52f853289d0450cbe8d.jpg,transport,train,False
c:\file akmal\Capstone - Ai Eng - Spendly_ Workspace\data\transport\train\images\tol53_png.rf.99fe268954f7ecc5a6b0e2571e4c3e46.jpg,transport,train,False
c:\file akmal\Capstone - Ai Eng - Spendly_ Workspace\data\transport\test\images\tol69_png.rf.6f7a26eb04afcf7e79150186877a3c72.jpg,transport,train,False
c:\file akmal\Capstone - Ai Eng - Spendly_ Workspace\data\transport\train\images\tol26_png.rf.49603fc891a950fce3dd7cd4a8dc126a.jpg,transport,train,False
c:\file akmal\Capstone - Ai Eng - Spendly_ Workspace\data\transport\train\images\tol136_png.rf.3bd5d0211bf958162b221bb1378f4887.jpg,transport,train,False
c:\file akmal\Capstone - Ai Eng - Spendly_ Workspace\data\transport\test\images\tol43_png.rf.edfc19a06f31a238307d51a8ce0beca1.jpg,transport,train,False
c:\file akmal\Capstone - Ai Eng - Spendly_ Workspace\data\transport\train\images\tol28_png.rf.029ee261514640340bb719c84cecf658.jpg,transport,train,False
c:\file akmal\Capstone - Ai Eng - Spendly_ Workspace\data\transport\train\images\tol138_png.rf.b5fcfdeacd7e59e32b9c816efad16390.jpg,transport,train,False
c:\file akmal\Capstone - Ai Eng - Spendly_ Workspace\data\transport\train\images\tol93_png.rf.5c0252bb8a41632e4fc2c145d13bea19.jpg,transport,train,False
c:\file akmal\Capstone - Ai Eng - Spendly_ Workspace\data\transport\train\images\tol63_png.rf.5ce4c9b822f25f84da5a2c617a9460d2.jpg,transport,train,False
c:\file akmal\Capstone - Ai Eng - Spendly_ Workspace\data\transport\train\images\tol82_png.rf.75f3006990e1a5d44bd4cf74bd99deca.jpg,transport,train,False
c:\file akmal\Capstone - Ai Eng - Spendly_ Workspace\data\transport\train\images\tol92_png.rf.9a4a872bf6b9c7d43b94f93ad89fd327.jpg,transport,train,False
c:\file akmal\Capstone - Ai Eng - Spendly_ Workspace\data\transport\train\images\tol86_png.rf.84408ba37b62ba26232102a74af1834c.jpg,transport,train,False
c:\file akmal\Capstone - Ai Eng - Spendly_ Workspace\data\transport\train\images\tol60_png.rf.f6fce50235ce3a218dc03b652fc5aa3e.jpg,transport,train,False
c:\file akmal\Capstone - Ai Eng - Spendly_ Workspace\data\transport\train\images\tol121_png.rf.51ed13c96ff48e16aa30aeda26ae9a44.jpg,transport,train,False
c:\file akmal\Capstone - Ai Eng - Spendly_ Workspace\data\transport\train\images\tol33_png.rf.f9d1494da983fd0752879f4d882a4379.jpg,transport,train,False
c:\file akmal\Capstone - Ai Eng - Spendly_ Workspace\data\transport\train\images\tol98_png.rf.209e0ddf9900892d0291dd1daab0f6f7.jpg,transport,train,False
c:\file akmal\Capstone - Ai Eng - Spendly_ Workspace\data\transport\train\images\tol64_png.rf.70d8454957835af2b93ae759e770bdbf.jpg,transport,train,False
c:\file akmal\Capstone - Ai Eng - Spendly_ Workspace\data\transport\train\images\tol30_png.rf.7de7d8eddca967de1c548655081a5b67.jpg,transport,train,False
c:\file akmal\Capstone - Ai Eng - Spendly_ Workspace\data\transport\train\images\tol94_png.rf.aade116e01049db0777fe092f9e4fc49.jpg,transport,train,False
c:\file akmal\Capstone - Ai Eng - Spendly_ Workspace\data\transport\train\images\tol118_png.rf.9d5148f7105456660f2c89783067e42d.jpg,transport,train,False
c:\file akmal\Capstone - Ai Eng - Spendly_ Workspace\data\transport\train\images\tol71_png.rf.6bc030026ccec3864500c3ec60b22e46.jpg,transport,train,False
c:\file akmal\Capstone - Ai Eng - Spendly_ Workspace\data\transport\train\images\tol1_png.rf.d1322a3ac197317d4c50a9983a3f5a48.jpg,transport,train,False
c:\file akmal\Capstone - Ai Eng - Spendly_ Workspace\data\transport\valid\images\tol79_png.rf.2fc1e41d08e28456e08e218b19ba5965.jpg,transport,train,False
c:\file akmal\Capstone - Ai Eng - Spendly_ Workspace\data\transport\train\images\tol97_png.rf.aa3a063da04e8c3be2180e72b023cd9a.jpg,transport,train,False
c:\file akmal\Capstone - Ai Eng - Spendly_ Workspace\data\transport\train\images\tol67_png.rf.398ff821687084a99fd22bbd71b19267.jpg,transport,train,False
c:\file akmal\Capstone - Ai Eng - Spendly_ Workspace\data\transport\valid\images\tol14_png.rf.34bc243d7ef13ff0460ed6f772fc3eb6.jpg,transport,train,False
c:\file akmal\Capstone - Ai Eng - Spendly_ Workspace\data\transport\valid\images\tol49_png.rf.d2cff626ed03b2376239f6401d6edcc4.jpg,transport,train,False
c:\file akmal\Capstone - Ai Eng - Spendly_ Workspace\data\transport\train\images\tol54_png.rf.ce05942ef7270b7f6e05c9f1c09c605c.jpg,transport,train,False
c:\file akmal\Capstone - Ai Eng - Spendly_ Workspace\data\transport\train\images\tol4_png.rf.b9db1e8edce146c994a76132f4196aa6.jpg,transport,train,False
c:\file akmal\Capstone - Ai Eng - Spendly_ Workspace\data\transport\test\images\tol95_png.rf.b9e32e36ad7cfcde0a8f7b0e73bfad8a.jpg,transport,train,False
c:\file akmal\Capstone - Ai Eng - Spendly_ Workspace\data\transport\train\images\tol55_png.rf.24f3ef9be58b8e126cc11a872e8885ab.jpg,transport,train,False
c:\file akmal\Capstone - Ai Eng - Spendly_ Workspace\data\transport\valid\images\tol34_png.rf.91dfe1a32eb8e538203d7a1529e04e35.jpg,transport,train,False
c:\file akmal\Capstone - Ai Eng - Spendly_ Workspace\data\transport\train\images\tol112_png.rf.441a4480926827b32d1f77f114a8593b.jpg,transport,train,False
c:\file akmal\Capstone - Ai Eng - Spendly_ Workspace\data\transport\train\images\tol125_png.rf.ea6f1dbe3697757242fb5323c979232a.jpg,transport,train,False
c:\file akmal\Capstone - Ai Eng - Spendly_ Workspace\data\transport\train\images\tol129_png.rf.04e4f1eb07ea57a23d471fd69800bd4c.jpg,transport,train,False
c:\file akmal\Capstone - Ai Eng - Spendly_ Workspace\data\transport\train\images\tol123_png.rf.5f93d7e920d2a47beeaf491b9b2c9456.jpg,transport,train,False
c:\file akmal\Capstone - Ai Eng - Spendly_ Workspace\data\transport\train\images\tol104_png.rf.b86f00fa54f60cc9a5151cf68e44f686.jpg,transport,train,False
c:\file akmal\Capstone - Ai Eng - Spendly_ Workspace\data\transport\train\images\tol127_png.rf.2005e4768dfd71e51651f6eab79098a6.jpg,transport,train,False
c:\file akmal\Capstone - Ai Eng - Spendly_ Workspace\data\transport\valid\images\tol25_png.rf.eab50cc15ceec6d512889302449818aa.jpg,transport,train,False
c:\file akmal\Capstone - Ai Eng - Spendly_ Workspace\data\transport\valid\images\tol42_png.rf.8ba750f815fbd4a9bf61e2072c635111.jpg,transport,train,False
c:\file akmal\Capstone - Ai Eng - Spendly_ Workspace\data\transport\train\images\tol76_png.rf.05c56d9cc09a81e8c75e59716c9e6809.jpg,transport,train,False
c:\file akmal\Capstone - Ai Eng - Spendly_ Workspace\data\transport\train\images\tol7_png.rf.39bf77f2f13719d510d51144ba115c59.jpg,transport,train,False
c:\file akmal\Capstone - Ai Eng - Spendly_ Workspace\data\transport\test\images\tol35_png.rf.e8a5bfd30cbc041a0b4c77dd2baa803e.jpg,transport,train,False
c:\file akmal\Capstone - Ai Eng - Spendly_ Workspace\data\transport\train\images\tol72_png.rf.0ef5d7dddc02ecba88e65770ac1209cf.jpg,transport,train,False
c:\file akmal\Capstone - Ai Eng - Spendly_ Workspace\data\transport\train\images\tol15_png.rf.e3210f6a4e397ab46f0ac819377a95fb.jpg,transport,train,False
c:\file akmal\Capstone - Ai Eng - Spendly_ Workspace\data\transport\train\images\tol62_png.rf.8c6ccdb6b73a824a7370b7764984651e.jpg,transport,train,False
c:\file akmal\Capstone - Ai Eng - Spendly_ Workspace\data\transport\valid\images\tol81_png.rf.a5190bce8700399ef8a658be6301c635.jpg,transport,train,False
c:\file akmal\Capstone - Ai Eng - Spendly_ Workspace\data\transport\valid\images\tol66_png.rf.bf8f58ad76af47e568d2924a09c92c85.jpg,transport,train,False
c:\file akmal\Capstone - Ai Eng - Spendly_ Workspace\data\transport\test\images\tol77_png.rf.91d56756ada9742a1e451622526aa07c.jpg,transport,train,False
c:\file akmal\Capstone - Ai Eng - Spendly_ Workspace\data\_processed\transport\train\aug_transport_0000.jpg,transport,train,True
c:\file akmal\Capstone - Ai Eng - Spendly_ Workspace\data\_processed\transport\train\aug_transport_0001.jpg,transport,train,True
c:\file akmal\Capstone - Ai Eng - Spendly_ Workspace\data\_processed\transport\train\aug_transport_0002.jpg,transport,train,True
c:\file akmal\Capstone - Ai Eng - Spendly_ Workspace\data\_processed\transport\train\aug_transport_0003.jpg,transport,train,True
c:\file akmal\Capstone - Ai Eng - Spendly_ Workspace\data\_processed\transport\train\aug_transport_0004.jpg,transport,train,True
c:\file akmal\Capstone - Ai Eng - Spendly_ Workspace\data\_processed\transport\train\aug_transport_0005.jpg,transport,train,True
c:\file akmal\Capstone - Ai Eng - Spendly_ Workspace\data\_processed\transport\train\aug_transport_0006.jpg,transport,train,True
c:\file akmal\Capstone - Ai Eng - Spendly_ Workspace\data\_processed\transport\train\aug_transport_0007.jpg,transport,train,True
c:\file akmal\Capstone - Ai Eng - Spendly_ Workspace\data\_processed\transport\train\aug_transport_0008.jpg,transport,train,True
c:\file akmal\Capstone - Ai Eng - Spendly_ Workspace\data\_processed\transport\train\aug_transport_0009.jpg,transport,train,True
c:\file akmal\Capstone - Ai Eng - Spendly_ Workspace\data\_processed\transport\train\aug_transport_0010.jpg,transport,train,True
c:\file akmal\Capstone - Ai Eng - Spendly_ Workspace\data\_processed\transport\train\aug_transport_0011.jpg,transport,train,True
c:\file akmal\Capstone - Ai Eng - Spendly_ Workspace\data\_processed\transport\train\aug_transport_0012.jpg,transport,train,True
c:\file akmal\Capstone - Ai Eng - Spendly_ Workspace\data\_processed\transport\train\aug_transport_0013.jpg,transport,train,True
c:\file akmal\Capstone - Ai Eng - Spendly_ Workspace\data\_processed\transport\train\aug_transport_0014.jpg,transport,train,True
c:\file akmal\Capstone - Ai Eng - Spendly_ Workspace\data\_processed\transport\train\aug_transport_0015.jpg,transport,train,True
c:\file akmal\Capstone - Ai Eng - Spendly_ Workspace\data\_processed\transport\train\aug_transport_0016.jpg,transport,train,True
c:\file akmal\Capstone - Ai Eng - Spendly_ Workspace\data\_processed\transport\train\aug_transport_0017.jpg,transport,train,True
c:\file akmal\Capstone - Ai Eng - Spendly_ Workspace\data\_processed\transport\train\aug_transport_0018.jpg,transport,train,True
c:\file akmal\Capstone - Ai Eng - Spendly_ Workspace\data\_processed\transport\train\aug_transport_0019.jpg,transport,train,True
c:\file akmal\Capstone - Ai Eng - Spendly_ Workspace\data\_processed\transport\train\aug_transport_0020.jpg,transport,train,True
c:\file akmal\Capstone - Ai Eng - Spendly_ Workspace\data\_processed\transport\train\aug_transport_0021.jpg,transport,train,True
c:\file akmal\Capstone - Ai Eng - Spendly_ Workspace\data\_processed\transport\train\aug_transport_0022.jpg,transport,train,True
c:\file akmal\Capstone - Ai Eng - Spendly_ Workspace\data\_processed\transport\train\aug_transport_0023.jpg,transport,train,True
c:\file akmal\Capstone - Ai Eng - Spendly_ Workspace\data\_processed\transport\train\aug_transport_0024.jpg,transport,train,True
c:\file akmal\Capstone - Ai Eng - Spendly_ Workspace\data\_processed\transport\train\aug_transport_0025.jpg,transport,train,True
c:\file akmal\Capstone - Ai Eng - Spendly_ Workspace\data\_processed\transport\train\aug_transport_0026.jpg,transport,train,True
c:\file akmal\Capstone - Ai Eng - Spendly_ Workspace\data\_processed\transport\train\aug_transport_0027.jpg,transport,train,True
c:\file akmal\Capstone - Ai Eng - Spendly_ Workspace\data\_processed\transport\train\aug_transport_0028.jpg,transport,train,True
c:\file akmal\Capstone - Ai Eng - Spendly_ Workspace\data\_processed\transport\train\aug_transport_0029.jpg,transport,train,True
c:\file akmal\Capstone - Ai Eng - Spendly_ Workspace\data\_processed\transport\train\aug_transport_0030.jpg,transport,train,True
c:\file akmal\Capstone - Ai Eng - Spendly_ Workspace\data\_processed\transport\train\aug_transport_0031.jpg,transport,train,True
c:\file akmal\Capstone - Ai Eng - Spendly_ Workspace\data\_processed\transport\train\aug_transport_0032.jpg,transport,train,True
c:\file akmal\Capstone - Ai Eng - Spendly_ Workspace\data\_processed\transport\train\aug_transport_0033.jpg,transport,train,True
c:\file akmal\Capstone - Ai Eng - Spendly_ Workspace\data\_processed\transport\train\aug_transport_0034.jpg,transport,train,True
c:\file akmal\Capstone - Ai Eng - Spendly_ Workspace\data\_processed\transport\train\aug_transport_0035.jpg,transport,train,True
c:\file akmal\Capstone - Ai Eng - Spendly_ Workspace\data\_processed\transport\train\aug_transport_0036.jpg,transport,train,True
c:\file akmal\Capstone - Ai Eng - Spendly_ Workspace\data\_processed\transport\train\aug_transport_0037.jpg,transport,train,True
c:\file akmal\Capstone - Ai Eng - Spendly_ Workspace\data\_processed\transport\train\aug_transport_0038.jpg,transport,train,True
c:\file akmal\Capstone - Ai Eng - Spendly_ Workspace\data\_processed\transport\train\aug_transport_0039.jpg,transport,train,True
c:\file akmal\Capstone - Ai Eng - Spendly_ Workspace\data\_processed\transport\train\aug_transport_0040.jpg,transport,train,True
c:\file akmal\Capstone - Ai Eng - Spendly_ Workspace\data\_processed\transport\train\aug_transport_0041.jpg,transport,train,True
c:\file akmal\Capstone - Ai Eng - Spendly_ Workspace\data\_processed\transport\train\aug_transport_0042.jpg,transport,train,True
c:\file akmal\Capstone - Ai Eng - Spendly_ Workspace\data\_processed\transport\train\aug_transport_0043.jpg,transport,train,True
c:\file akmal\Capstone - Ai Eng - Spendly_ Workspace\data\_processed\transport\train\aug_transport_0044.jpg,transport,train,True
c:\file akmal\Capstone - Ai Eng - Spendly_ Workspace\data\_processed\transport\train\aug_transport_0045.jpg,transport,train,True
c:\file akmal\Capstone - Ai Eng - Spendly_ Workspace\data\_processed\transport\train\aug_transport_0046.jpg,transport,train,True
c:\file akmal\Capstone - Ai Eng - Spendly_ Workspace\data\_processed\transport\train\aug_transport_0047.jpg,transport,train,True
c:\file akmal\Capstone - Ai Eng - Spendly_ Workspace\data\_processed\transport\train\aug_transport_0048.jpg,transport,train,True
c:\file akmal\Capstone - Ai Eng - Spendly_ Workspace\data\_processed\transport\train\aug_transport_0049.jpg,transport,train,True
c:\file akmal\Capstone - Ai Eng - Spendly_ Workspace\data\_processed\transport\train\aug_transport_0050.jpg,transport,train,True
c:\file akmal\Capstone - Ai Eng - Spendly_ Workspace\data\_processed\transport\train\aug_transport_0051.jpg,transport,train,True
c:\file akmal\Capstone - Ai Eng - Spendly_ Workspace\data\_processed\transport\train\aug_transport_0052.jpg,transport,train,True
c:\file akmal\Capstone - Ai Eng - Spendly_ Workspace\data\_processed\transport\train\aug_transport_0053.jpg,transport,train,True
c:\file akmal\Capstone - Ai Eng - Spendly_ Workspace\data\_processed\transport\train\aug_transport_0054.jpg,transport,train,True
c:\file akmal\Capstone - Ai Eng - Spendly_ Workspace\data\_processed\transport\train\aug_transport_0055.jpg,transport,train,True
c:\file akmal\Capstone - Ai Eng - Spendly_ Workspace\data\_processed\transport\train\aug_transport_0056.jpg,transport,train,True
c:\file akmal\Capstone - Ai Eng - Spendly_ Workspace\data\_processed\transport\train\aug_transport_0057.jpg,transport,train,True
c:\file akmal\Capstone - Ai Eng - Spendly_ Workspace\data\_processed\transport\train\aug_transport_0058.jpg,transport,train,True
c:\file akmal\Capstone - Ai Eng - Spendly_ Workspace\data\_processed\transport\train\aug_transport_0059.jpg,transport,train,True
c:\file akmal\Capstone - Ai Eng - Spendly_ Workspace\data\_processed\transport\train\aug_transport_0060.jpg,transport,train,True
c:\file akmal\Capstone - Ai Eng - Spendly_ Workspace\data\_processed\transport\train\aug_transport_0061.jpg,transport,train,True
c:\file akmal\Capstone - Ai Eng - Spendly_ Workspace\data\_processed\transport\train\aug_transport_0062.jpg,transport,train,True
c:\file akmal\Capstone - Ai Eng - Spendly_ Workspace\data\_processed\transport\train\aug_transport_0063.jpg,transport,train,True
c:\file akmal\Capstone - Ai Eng - Spendly_ Workspace\data\_processed\transport\train\aug_transport_0064.jpg,transport,train,True
c:\file akmal\Capstone - Ai Eng - Spendly_ Workspace\data\_processed\transport\train\aug_transport_0065.jpg,transport,train,True
c:\file akmal\Capstone - Ai Eng - Spendly_ Workspace\data\_processed\transport\train\aug_transport_0066.jpg,transport,train,True
c:\file akmal\Capstone - Ai Eng - Spendly_ Workspace\data\_processed\transport\train\aug_transport_0067.jpg,transport,train,True
c:\file akmal\Capstone - Ai Eng - Spendly_ Workspace\data\_processed\transport\train\aug_transport_0068.jpg,transport,train,True
c:\file akmal\Capstone - Ai Eng - Spendly_ Workspace\data\_processed\transport\train\aug_transport_0069.jpg,transport,train,True
c:\file akmal\Capstone - Ai Eng - Spendly_ Workspace\data\_processed\transport\train\aug_transport_0070.jpg,transport,train,True
c:\file akmal\Capstone - Ai Eng - Spendly_ Workspace\data\_processed\transport\train\aug_transport_0071.jpg,transport,train,True
c:\file akmal\Capstone - Ai Eng - Spendly_ Workspace\data\_processed\transport\train\aug_transport_0072.jpg,transport,train,True
c:\file akmal\Capstone - Ai Eng - Spendly_ Workspace\data\_processed\transport\train\aug_transport_0073.jpg,transport,train,True
c:\file akmal\Capstone - Ai Eng - Spendly_ Workspace\data\_processed\transport\train\aug_transport_0074.jpg,transport,train,True
c:\file akmal\Capstone - Ai Eng - Spendly_ Workspace\data\_processed\transport\train\aug_transport_0075.jpg,transport,train,True
c:\file akmal\Capstone - Ai Eng - Spendly_ Workspace\data\_processed\transport\train\aug_transport_0076.jpg,transport,train,True
c:\file akmal\Capstone - Ai Eng - Spendly_ Workspace\data\_processed\transport\train\aug_transport_0077.jpg,transport,train,True
c:\file akmal\Capstone - Ai Eng - Spendly_ Workspace\data\_processed\transport\train\aug_transport_0078.jpg,transport,train,True
c:\file akmal\Capstone - Ai Eng - Spendly_ Workspace\data\_processed\transport\train\aug_transport_0079.jpg,transport,train,True
c:\file akmal\Capstone - Ai Eng - Spendly_ Workspace\data\_processed\transport\train\aug_transport_0080.jpg,transport,train,True
c:\file akmal\Capstone - Ai Eng - Spendly_ Workspace\data\_processed\transport\train\aug_transport_0081.jpg,transport,train,True
c:\file akmal\Capstone - Ai Eng - Spendly_ Workspace\data\_processed\transport\train\aug_transport_0082.jpg,transport,train,True
c:\file akmal\Capstone - Ai Eng - Spendly_ Workspace\data\_processed\transport\train\aug_transport_0083.jpg,transport,train,True
c:\file akmal\Capstone - Ai Eng - Spendly_ Workspace\data\_processed\transport\train\aug_transport_0084.jpg,transport,train,True
c:\file akmal\Capstone - Ai Eng - Spendly_ Workspace\data\_processed\transport\train\aug_transport_0085.jpg,transport,train,True
c:\file akmal\Capstone - Ai Eng - Spendly_ Workspace\data\_processed\transport\train\aug_transport_0086.jpg,transport,train,True
c:\file akmal\Capstone - Ai Eng - Spendly_ Workspace\data\_processed\transport\train\aug_transport_0087.jpg,transport,train,True
c:\file akmal\Capstone - Ai Eng - Spendly_ Workspace\data\_processed\transport\train\aug_transport_0088.jpg,transport,train,True
c:\file akmal\Capstone - Ai Eng - Spendly_ Workspace\data\_processed\transport\train\aug_transport_0089.jpg,transport,train,True
c:\file akmal\Capstone - Ai Eng - Spendly_ Workspace\data\_processed\transport\train\aug_transport_0090.jpg,transport,train,True
c:\file akmal\Capstone - Ai Eng - Spendly_ Workspace\data\_processed\transport\train\aug_transport_0091.jpg,transport,train,True
c:\file akmal\Capstone - Ai Eng - Spendly_ Workspace\data\_processed\transport\train\aug_transport_0092.jpg,transport,train,True
c:\file akmal\Capstone - Ai Eng - Spendly_ Workspace\data\_processed\transport\train\aug_transport_0093.jpg,transport,train,True
c:\file akmal\Capstone - Ai Eng - Spendly_ Workspace\data\_processed\transport\train\aug_transport_0094.jpg,transport,train,True
c:\file akmal\Capstone - Ai Eng - Spendly_ Workspace\data\_processed\transport\train\aug_transport_0095.jpg,transport,train,True
c:\file akmal\Capstone - Ai Eng - Spendly_ Workspace\data\_processed\transport\train\aug_transport_0096.jpg,transport,train,True
c:\file akmal\Capstone - Ai Eng - Spendly_ Workspace\data\_processed\transport\train\aug_transport_0097.jpg,transport,train,True
c:\file akmal\Capstone - Ai Eng - Spendly_ Workspace\data\_processed\transport\train\aug_transport_0098.jpg,transport,train,True
c:\file akmal\Capstone - Ai Eng - Spendly_ Workspace\data\_processed\transport\train\aug_transport_0099.jpg,transport,train,True
c:\file akmal\Capstone - Ai Eng - Spendly_ Workspace\data\_processed\transport\train\aug_transport_0100.jpg,transport,train,True
c:\file akmal\Capstone - Ai Eng - Spendly_ Workspace\data\_processed\transport\train\aug_transport_0101.jpg,transport,train,True
c:\file akmal\Capstone - Ai Eng - Spendly_ Workspace\data\_processed\transport\train\aug_transport_0102.jpg,transport,train,True
c:\file akmal\Capstone - Ai Eng - Spendly_ Workspace\data\_processed\transport\train\aug_transport_0103.jpg,transport,train,True
c:\file akmal\Capstone - Ai Eng - Spendly_ Workspace\data\_processed\transport\train\aug_transport_0104.jpg,transport,train,True
c:\file akmal\Capstone - Ai Eng - Spendly_ Workspace\data\_processed\transport\train\aug_transport_0105.jpg,transport,train,True
c:\file akmal\Capstone - Ai Eng - Spendly_ Workspace\data\_processed\transport\train\aug_transport_0106.jpg,transport,train,True
c:\file akmal\Capstone - Ai Eng - Spendly_ Workspace\data\_processed\transport\train\aug_transport_0107.jpg,transport,train,True
c:\file akmal\Capstone - Ai Eng - Spendly_ Workspace\data\F&B\train\images\mcd19_png.rf.6140f226bed0cf7b55bd5a628dad26a3.jpg,F&B,val,False
c:\file akmal\Capstone - Ai Eng - Spendly_ Workspace\data\Groceries\train\images\CamScanner-19-11-2024-16-49_13_jpg.rf.8f21a593c403b4406425e7e4d7ebec46.jpg,Groceries,val,False
c:\file akmal\Capstone - Ai Eng - Spendly_ Workspace\data\Groceries\train\images\receipt-205_png_jpg.rf.d29c84f3db768da7294eeedfd238913f.jpg,Groceries,val,False
c:\file akmal\Capstone - Ai Eng - Spendly_ Workspace\data\Groceries\train\images\receipt-069_png_jpg.rf.c1b580a8fee1104ee9e8b4455fef9f89.jpg,Groceries,val,False
c:\file akmal\Capstone - Ai Eng - Spendly_ Workspace\data\Groceries\train\images\receipt-121_png_jpg.rf.342fd6b6fa269bd5ebc5ba5f4bd9db7c.jpg,Groceries,val,False
c:\file akmal\Capstone - Ai Eng - Spendly_ Workspace\data\Health\train\images\halodoc15_png.rf.9ff5f971d84ae9aa5f94b78b7fa2a6a1.jpg,Health,val,False
c:\file akmal\Capstone - Ai Eng - Spendly_ Workspace\data\Gas\train\images\camscaner-bensin-nofita4_png.rf.012ab14d39df8e97864d3b0958737e2a.jpg,Gas,val,False
c:\file akmal\Capstone - Ai Eng - Spendly_ Workspace\data\Lifestyle\train\images\WhatsApp-Image-2026-05-06-at-16-20-58-2-_jpeg.rf.71362b4ba8f27fa7c518e2c1027f1afb.jpg,Lifestyle,val,False
c:\file akmal\Capstone - Ai Eng - Spendly_ Workspace\data\Groceries\train\images\receipt-O-260309-AGGDMFY_png.rf.13bba1a1266e436c9c70174b5605b320.jpg,Groceries,val,False
c:\file akmal\Capstone - Ai Eng - Spendly_ Workspace\data\Lifestyle\test\images\WhatsApp-Image-2026-05-06-at-16-20-50_jpeg.rf.ca3b49f3017eff80669896b786bd4a33.jpg,Lifestyle,val,False
c:\file akmal\Capstone - Ai Eng - Spendly_ Workspace\data\Groceries\train\images\receipt-332_png_jpg.rf.ff0f78fcf1fd9280d61ea9777446c187.jpg,Groceries,val,False
c:\file akmal\Capstone - Ai Eng - Spendly_ Workspace\data\Groceries\train\images\CamScanner-19-11-2024-16-49_2_jpg.rf.be90ac8be48a868a29b15c0ecb06ccb4.jpg,Groceries,val,False
c:\file akmal\Capstone - Ai Eng - Spendly_ Workspace\data\Beauty\valid\images\watsons9_png.rf.b4e344849d25a3633333eb7b15ce15dd.jpg,Beauty,val,False
c:\file akmal\Capstone - Ai Eng - Spendly_ Workspace\data\Groceries\train\images\receipt-396_png_jpg.rf.9a8f78cf56be2ae5367da93f5ba45640.jpg,Groceries,val,False
c:\file akmal\Capstone - Ai Eng - Spendly_ Workspace\data\HouseHold\train\images\azko1_jpeg.rf.4ecae4ca31a76b4937ecb13598f88bcb.jpg,HouseHold,val,False
c:\file akmal\Capstone - Ai Eng - Spendly_ Workspace\data\transport\train\images\tol124_png.rf.b7c7b07a9a7b23171b276b5f1d996af2.jpg,transport,val,False
c:\file akmal\Capstone - Ai Eng - Spendly_ Workspace\data\Lifestyle\train\images\WhatsApp-Image-2026-05-06-at-16-21-03-1-_jpeg.rf.87759067aba3436eb1ed7df17e89a616.jpg,Lifestyle,val,False
c:\file akmal\Capstone - Ai Eng - Spendly_ Workspace\data\transport\train\images\tol65_png.rf.872c6d8be0eca32293bbad0bc0f88c33.jpg,transport,val,False
c:\file akmal\Capstone - Ai Eng - Spendly_ Workspace\data\transport\train\images\tol120_png.rf.431795710313e10306e65ae7b4147efc.jpg,transport,val,False
c:\file akmal\Capstone - Ai Eng - Spendly_ Workspace\data\transport\train\images\tol90_png.rf.12ffecaff70153a818d28ec4959232c8.jpg,transport,val,False
c:\file akmal\Capstone - Ai Eng - Spendly_ Workspace\data\F&B\valid\images\mako19_png.rf.8bf9e658098776f6af5f90e0461110ac.jpg,F&B,val,False
c:\file akmal\Capstone - Ai Eng - Spendly_ Workspace\data\Groceries\train\images\receipt-032_png_jpg.rf.53787048fffd75b5f93b3352a143cc12.jpg,Groceries,val,False
c:\file akmal\Capstone - Ai Eng - Spendly_ Workspace\data\Gas\train\images\camscaner-bensin-yani5_png.rf.f6045aee05d92b93bc3a2105242776fb.jpg,Gas,val,False
c:\file akmal\Capstone - Ai Eng - Spendly_ Workspace\data\Groceries\train\images\CamScanner-18-11-2024-12-48_89_jpg.rf.aab33a773b65e418d2523772ab8b8944.jpg,Groceries,val,False
c:\file akmal\Capstone - Ai Eng - Spendly_ Workspace\data\Beauty\train\images\guardian16_png.rf.324a1ea5f1a7d25b57e51aca7a8c0295.jpg,Beauty,val,False
c:\file akmal\Capstone - Ai Eng - Spendly_ Workspace\data\transport\train\images\tol24_png.rf.10919828869f0f41a4f01bd1ab01af1b.jpg,transport,val,False
c:\file akmal\Capstone - Ai Eng - Spendly_ Workspace\data\Listrik\valid\images\IMG-20260503-WA0078_jpg.rf.7eac917278014ce36da51cc93298e1d7.jpg,Listrik,val,False
c:\file akmal\Capstone - Ai Eng - Spendly_ Workspace\data\F&B\train\images\mako6_png.rf.876d59c9d073c92bd7e3088988f6f49d.jpg,F&B,val,False
c:\file akmal\Capstone - Ai Eng - Spendly_ Workspace\data\Health\train\images\halodoc10_png.rf.7aace4479da6d7de5ab801c5e60a2efc.jpg,Health,val,False
c:\file akmal\Capstone - Ai Eng - Spendly_ Workspace\data\Groceries\valid\images\CamScanner-18-11-2024-12-48_5_jpg.rf.cf51c7ff10700b0fc7013ff4b9a240bd.jpg,Groceries,val,False
c:\file akmal\Capstone - Ai Eng - Spendly_ Workspace\data\Groceries\test\images\receipt-491_png_jpg.rf.12926ce9a821a4e50e5533d7617b9aa7.jpg,Groceries,val,False
c:\file akmal\Capstone - Ai Eng - Spendly_ Workspace\data\transport\train\images\tol100_png.rf.56fff80571e6e42a7c407cad6ebc80b9.jpg,transport,val,False
c:\file akmal\Capstone - Ai Eng - Spendly_ Workspace\data\Listrik\train\images\IMG-20260503-WA0031_jpg.rf.1a1cd5b5092205b0fa25a11646e071aa.jpg,Listrik,val,False
c:\file akmal\Capstone - Ai Eng - Spendly_ Workspace\data\Health\train\images\halodoc12_png.rf.8c4794fc23061c9d985e878060ffceaa.jpg,Health,val,False
c:\file akmal\Capstone - Ai Eng - Spendly_ Workspace\data\Listrik\train\images\IMG-20260503-WA0029_jpg.rf.dbc2a720f48cc020a9302a69b73afc88.jpg,Listrik,val,False
c:\file akmal\Capstone - Ai Eng - Spendly_ Workspace\data\Lifestyle\valid\images\WhatsApp-Image-2026-05-06-at-16-20-57-2-_jpeg.rf.5ef45f40eb5f3cb619adcbdc11f77ddd.jpg,Lifestyle,val,False
c:\file akmal\Capstone - Ai Eng - Spendly_ Workspace\data\Gas\train\images\shell11_png.rf.349eab2467a7b89c16c707feb08d2d1f.jpg,Gas,val,False
c:\file akmal\Capstone - Ai Eng - Spendly_ Workspace\data\Listrik\valid\images\IMG-20260503-WA0068_jpg.rf.2a1c74ac1bf55c8e0911d28fd4269827.jpg,Listrik,val,False
c:\file akmal\Capstone - Ai Eng - Spendly_ Workspace\data\transport\train\images\tol12_png.rf.45528265fb8de2d303b6738724e69a60.jpg,transport,val,False
c:\file akmal\Capstone - Ai Eng - Spendly_ Workspace\data\transport\train\images\tol18_png.rf.ef36161a821fda4c94b36701dcb9751f.jpg,transport,val,False
c:\file akmal\Capstone - Ai Eng - Spendly_ Workspace\data\Groceries\train\images\receipt-116_png_jpg.rf.655aceb4f5112367a35bacc3b21cff15.jpg,Groceries,val,False
c:\file akmal\Capstone - Ai Eng - Spendly_ Workspace\data\Groceries\train\images\receipt-394_png_jpg.rf.c248f526c1e08941355aa768d9901a4e.jpg,Groceries,val,False
c:\file akmal\Capstone - Ai Eng - Spendly_ Workspace\data\Groceries\train\images\CamScanner-18-11-2024-12-48_97_jpg.rf.05c0004d175a196671ddc770e7eeedd0.jpg,Groceries,val,False
c:\file akmal\Capstone - Ai Eng - Spendly_ Workspace\data\transport\train\images\tol103_png.rf.f9eaa3a0f2ee483faf26678ad9f13a6f.jpg,transport,val,False
c:\file akmal\Capstone - Ai Eng - Spendly_ Workspace\data\transport\train\images\tol10_png.rf.7bb417ce21655976325000d38d8407dd.jpg,transport,val,False
c:\file akmal\Capstone - Ai Eng - Spendly_ Workspace\data\Groceries\valid\images\CamScanner-18-11-2024-12-48_23_jpg.rf.7b7d429a9d11b216728e8464b4f1e26b.jpg,Groceries,val,False
c:\file akmal\Capstone - Ai Eng - Spendly_ Workspace\data\transport\train\images\tol115_png.rf.29e035cdf52718bea94608354eeba0b8.jpg,transport,val,False
c:\file akmal\Capstone - Ai Eng - Spendly_ Workspace\data\Groceries\train\images\receipt-149_png_jpg.rf.29a0c4de70fc120fa7fcf61f6bf22a41.jpg,Groceries,val,False
c:\file akmal\Capstone - Ai Eng - Spendly_ Workspace\data\F&B\train\images\sbux6_png.rf.aae9ea3b9eb745c59fa94be3de6158ec.jpg,F&B,val,False
c:\file akmal\Capstone - Ai Eng - Spendly_ Workspace\data\F&B\train\images\bk16_png.rf.b0cec335400a814968030d81e1a09254.jpg,F&B,val,False
c:\file akmal\Capstone - Ai Eng - Spendly_ Workspace\data\Health\train\images\1dental1_png.rf.7c428b04854cf6303ce6f96596721d5b.jpg,Health,val,False
c:\file akmal\Capstone - Ai Eng - Spendly_ Workspace\data\Groceries\train\images\receipt-053_png_jpg.rf.44cffa0128661e2d5e2d569253d7ff83.jpg,Groceries,val,False
c:\file akmal\Capstone - Ai Eng - Spendly_ Workspace\data\Groceries\train\images\receipt-025_png_jpg.rf.948f0b87f6e434be707145ac491807d9.jpg,Groceries,val,False
c:\file akmal\Capstone - Ai Eng - Spendly_ Workspace\data\F&B\train\images\mako7_png.rf.74b21e23fc87b8dfb143f6c9d86c2b55.jpg,F&B,val,False
c:\file akmal\Capstone - Ai Eng - Spendly_ Workspace\data\Beauty\train\images\sociolla17_png.rf.d089362a57f6091f2870e121e5b76898.jpg,Beauty,val,False
c:\file akmal\Capstone - Ai Eng - Spendly_ Workspace\data\Listrik\train\images\IMG-20260503-WA0077_jpg.rf.e2aed2f0d221dfc89e969133ca0babab.jpg,Listrik,val,False
c:\file akmal\Capstone - Ai Eng - Spendly_ Workspace\data\Groceries\train\images\receipt-031_png_jpg.rf.77113f34c6b72e5d1351c8fe869acc4b.jpg,Groceries,val,False
c:\file akmal\Capstone - Ai Eng - Spendly_ Workspace\data\Listrik\train\images\pln20_jpeg.rf.bc9377116889bb36d744bbc405ba9aaa.jpg,Listrik,val,False
c:\file akmal\Capstone - Ai Eng - Spendly_ Workspace\data\transport\train\images\tol21_png.rf.dde83f5707f964e05b7c5cf367279528.jpg,transport,val,False
c:\file akmal\Capstone - Ai Eng - Spendly_ Workspace\data\HouseHold\train\images\azko10_png.rf.f4e50853b71867fce2c549953a0e484a.jpg,HouseHold,val,False
c:\file akmal\Capstone - Ai Eng - Spendly_ Workspace\data\Groceries\train\images\receipt-012_png_jpg.rf.cb6f5976b385f567a9d8a4dd20f2fa05.jpg,Groceries,val,False
c:\file akmal\Capstone - Ai Eng - Spendly_ Workspace\data\Beauty\train\images\watsons19_png.rf.6c491205f3d52d741dae8d2653e14e57.jpg,Beauty,val,False
c:\file akmal\Capstone - Ai Eng - Spendly_ Workspace\data\Gas\valid\images\bensin-affan5_jpeg.rf.e803af5b63d5d2a18a36124af60f254a.jpg,Gas,val,False
c:\file akmal\Capstone - Ai Eng - Spendly_ Workspace\data\Groceries\train\images\receipt-075_png_jpg.rf.877e094bb61b43f1e26149bc1309b55e.jpg,Groceries,val,False
c:\file akmal\Capstone - Ai Eng - Spendly_ Workspace\data\F&B\train\images\mcd5_png.rf.93aaaca69d5616b0be5c8f666570189b.jpg,F&B,val,False
c:\file akmal\Capstone - Ai Eng - Spendly_ Workspace\data\transport\train\images\tol102_png.rf.7c61fc13fb53cc8f8ca2c7274a3ae50b.jpg,transport,val,False
c:\file akmal\Capstone - Ai Eng - Spendly_ Workspace\data\Groceries\train\images\receipt-173_png_jpg.rf.febfb7096759b446cce9afcbda3cc821.jpg,Groceries,val,False
c:\file akmal\Capstone - Ai Eng - Spendly_ Workspace\data\F&B\train\images\mako17_png.rf.975aca6f5298093b3ffc1eb0814babe8.jpg,F&B,val,False
c:\file akmal\Capstone - Ai Eng - Spendly_ Workspace\data\Gas\train\images\shell12_png.rf.5b0496fb57f26b62fa2aa9d646c1ffd0.jpg,Gas,val,False
c:\file akmal\Capstone - Ai Eng - Spendly_ Workspace\data\Listrik\test\images\IMG-20260503-WA0062_jpg.rf.077072fbd09be91abe6de90682e2c284.jpg,Listrik,val,False
c:\file akmal\Capstone - Ai Eng - Spendly_ Workspace\data\Groceries\train\images\CamScanner-19-11-2024-16-49_5_jpg.rf.2af061f407b2709dbc0c1d10a6470ba9.jpg,Groceries,val,False
c:\file akmal\Capstone - Ai Eng - Spendly_ Workspace\data\Groceries\test\images\receipt-202_png_jpg.rf.348272ee42b0f9c493843cc37af5c342.jpg,Groceries,val,False
c:\file akmal\Capstone - Ai Eng - Spendly_ Workspace\data\F&B\train\images\bk12_png.rf.dcc4ed6c5df82667cd99dc26427c2f73.jpg,F&B,val,False
c:\file akmal\Capstone - Ai Eng - Spendly_ Workspace\data\Groceries\train\images\receipt-014_png_jpg.rf.4abd06733b996bc09afb0f8e3af4bc3c.jpg,Groceries,val,False
c:\file akmal\Capstone - Ai Eng - Spendly_ Workspace\data\Listrik\train\images\IMG-20260503-WA0079_jpg.rf.ab4179b05bb18da2d99d83256553c292.jpg,Listrik,val,False
c:\file akmal\Capstone - Ai Eng - Spendly_ Workspace\data\transport\train\images\tol113_png.rf.d6ccd221a469bfa36b7d7694fafda743.jpg,transport,val,False
c:\file akmal\Capstone - Ai Eng - Spendly_ Workspace\data\Groceries\train\images\receipt-158_png_jpg.rf.1bb3553685b256ff33648c58510ff829.jpg,Groceries,val,False
c:\file akmal\Capstone - Ai Eng - Spendly_ Workspace\data\F&B\train\images\sbux9_jpg.rf.1888a22ab7a3a662796fd1a5c54d3251.jpg,F&B,val,False
c:\file akmal\Capstone - Ai Eng - Spendly_ Workspace\data\Beauty\train\images\sociolla8_png.rf.60e2d7d6a5442b2e5c9bb85efed7fbd4.jpg,Beauty,val,False
c:\file akmal\Capstone - Ai Eng - Spendly_ Workspace\data\F&B\train\images\mcd15_png.rf.f7abc87bd55393aee246d76df0fe9657.jpg,F&B,val,False
c:\file akmal\Capstone - Ai Eng - Spendly_ Workspace\data\Groceries\train\images\receipt-045_png_jpg.rf.f336737a07bb1c71d75cf398d9d0c4d9.jpg,Groceries,val,False
c:\file akmal\Capstone - Ai Eng - Spendly_ Workspace\data\F&B\train\images\fore4_png.rf.9c643a8e09f6fc9816d97e5547809580.jpg,F&B,val,False
c:\file akmal\Capstone - Ai Eng - Spendly_ Workspace\data\Groceries\train\images\CamScanner-18-11-2024-12-48_82_jpg.rf.9665cc222bbfd2b8d04947b4ff798be1.jpg,Groceries,val,False
c:\file akmal\Capstone - Ai Eng - Spendly_ Workspace\data\Groceries\train\images\receipt-133_png_jpg.rf.5b60d631acf4364b324fe11daebfa964.jpg,Groceries,val,False
c:\file akmal\Capstone - Ai Eng - Spendly_ Workspace\data\Listrik\train\images\WhatsApp-Image-2026-05-05-at-10-54-06_jpeg.rf.a6877a00c36dfadd2057247e2b55fd33.jpg,Listrik,val,False
c:\file akmal\Capstone - Ai Eng - Spendly_ Workspace\data\F&B\valid\images\solaria4_png.rf.57c8252be8949e82789f47d87fa92d20.jpg,F&B,val,False
c:\file akmal\Capstone - Ai Eng - Spendly_ Workspace\data\HouseHold\test\images\azko9_png.rf.336ef53408a2a480f8afe928bf2249d1.jpg,HouseHold,val,False
c:\file akmal\Capstone - Ai Eng - Spendly_ Workspace\data\Lifestyle\train\images\WhatsApp-Image-2026-05-06-at-16-20-51-1-_jpeg.rf.ba1ab3aca0c991ab5b9689e101e802ba.jpg,Lifestyle,val,False
c:\file akmal\Capstone - Ai Eng - Spendly_ Workspace\data\transport\train\images\tol106_png.rf.456e42f5016d24ecc511e3a38964cc23.jpg,transport,val,False
c:\file akmal\Capstone - Ai Eng - Spendly_ Workspace\data\Groceries\train\images\receipt-100_png_jpg.rf.a5ac42aa81e84a87e47c7a49a02e5fef.jpg,Groceries,val,False
c:\file akmal\Capstone - Ai Eng - Spendly_ Workspace\data\F&B\train\images\solaria15_png.rf.c1d1ec4f0ff691fae1b4f805b435a110.jpg,F&B,val,False
c:\file akmal\Capstone - Ai Eng - Spendly_ Workspace\data\Groceries\train\images\receipt-O-260226-AGVRBMP_png.rf.d6ef38f57e7d693a3282dcfb799a2a4d.jpg,Groceries,val,False
c:\file akmal\Capstone - Ai Eng - Spendly_ Workspace\data\Health\train\images\halodoc2_png.rf.a791d380764279e9305091aa36e7550f.jpg,Health,val,False
c:\file akmal\Capstone - Ai Eng - Spendly_ Workspace\data\F&B\test\images\solaria14_png.rf.ac9331b45451bd4550b7d15093f67401.jpg,F&B,val,False
c:\file akmal\Capstone - Ai Eng - Spendly_ Workspace\data\HouseHold\train\images\azko8_png.rf.2d812fd2e8d719f8def16fd977e17dac.jpg,HouseHold,val,False
c:\file akmal\Capstone - Ai Eng - Spendly_ Workspace\data\Groceries\train\images\receipt-412_png_jpg.rf.f8c006d7fd8b9fba216ddcc556f7d93e.jpg,Groceries,val,False
c:\file akmal\Capstone - Ai Eng - Spendly_ Workspace\data\Groceries\valid\images\CamScanner-18-11-2024-12-48_95_jpg.rf.2976cc23c1221e6d8a8a168892ce4bbd.jpg,Groceries,val,False
c:\file akmal\Capstone - Ai Eng - Spendly_ Workspace\data\Beauty\train\images\guardian20_png.rf.90d35b6eea269769030d928be784d606.jpg,Beauty,val,False
c:\file akmal\Capstone - Ai Eng - Spendly_ Workspace\data\Lifestyle\train\images\WhatsApp-Image-2026-05-05-at-19-47-13_jpeg.rf.3666b3f545aa54584721860e7fdcb1c4.jpg,Lifestyle,val,False
c:\file akmal\Capstone - Ai Eng - Spendly_ Workspace\data\Gas\train\images\camscaner-bensin-lana4_png.rf.57623b5f7c55ef56b7cae43769fe47df.jpg,Gas,val,False
c:\file akmal\Capstone - Ai Eng - Spendly_ Workspace\data\Gas\train\images\shell4_png.rf.c7886102937741d56d93571a04c94bc5.jpg,Gas,val,False
c:\file akmal\Capstone - Ai Eng - Spendly_ Workspace\data\Beauty\train\images\watsons13_png.rf.60e828c658d44419cd03ccb7fefb27a2.jpg,Beauty,val,False
c:\file akmal\Capstone - Ai Eng - Spendly_ Workspace\data\transport\train\images\tol17_png.rf.38dbeb9cba1cde6cce4f4a6674baffdd.jpg,transport,val,False
c:\file akmal\Capstone - Ai Eng - Spendly_ Workspace\data\F&B\train\images\mcd3_jpg.rf.6c580b7f5887fd7b03f5a22eb87345b9.jpg,F&B,val,False
c:\file akmal\Capstone - Ai Eng - Spendly_ Workspace\data\HouseHold\train\images\azko2_png.rf.45dedefb7cc23ba6f87b86ba6b8598f6.jpg,HouseHold,val,False
c:\file akmal\Capstone - Ai Eng - Spendly_ Workspace\data\Groceries\train\images\receipt-190_png_jpg.rf.fe320af36f59007ba4822effa20b016e.jpg,Groceries,val,False
c:\file akmal\Capstone - Ai Eng - Spendly_ Workspace\data\transport\valid\images\tol20_png.rf.31f643739c051b51d0942f1285c9e009.jpg,transport,val,False
c:\file akmal\Capstone - Ai Eng - Spendly_ Workspace\data\transport\train\images\tol85_png.rf.7c087cf1972c08367e45e7b769e18298.jpg,transport,val,False
c:\file akmal\Capstone - Ai Eng - Spendly_ Workspace\data\F&B\train\images\fore15_png.rf.f5ee8f3b8d1972563cd849f3ad5ca272.jpg,F&B,val,False
c:\file akmal\Capstone - Ai Eng - Spendly_ Workspace\data\F&B\train\images\solaria5_png.rf.c3caacf042b45836fffb7ab91a52bdcc.jpg,F&B,val,False
c:\file akmal\Capstone - Ai Eng - Spendly_ Workspace\data\Groceries\train\images\receipt-117_png_jpg.rf.bb05cab6185cb21cc89d49814e601e56.jpg,Groceries,val,False
c:\file akmal\Capstone - Ai Eng - Spendly_ Workspace\data\Groceries\train\images\receipt-028_png_jpg.rf.e4841baa3321ee30f372a9774c76e255.jpg,Groceries,val,False
c:\file akmal\Capstone - Ai Eng - Spendly_ Workspace\data\Beauty\train\images\sociolla20_png.rf.83d6c0516e75a547ea52605092318bb1.jpg,Beauty,val,False
c:\file akmal\Capstone - Ai Eng - Spendly_ Workspace\data\Beauty\train\images\guardian4_png.rf.958b8599be940cadea71e751911c8e30.jpg,Beauty,val,False
c:\file akmal\Capstone - Ai Eng - Spendly_ Workspace\data\Health\valid\images\halodoc16_png.rf.14dea49f045428704868c59cfd458c5b.jpg,Health,val,False
c:\file akmal\Capstone - Ai Eng - Spendly_ Workspace\data\Groceries\train\images\receipt-097_png_jpg.rf.1a8a0d6c8474eaf2e3adc5239692db58.jpg,Groceries,val,False
c:\file akmal\Capstone - Ai Eng - Spendly_ Workspace\data\F&B\train\images\bk2_png.rf.d6814253513553e4f6aed9ad9a4f7cbc.jpg,F&B,val,False
c:\file akmal\Capstone - Ai Eng - Spendly_ Workspace\data\Gas\train\images\UC-BATANG-13-FEB-2026-pdf_page_2_png.rf.1ffd38d941efd36361cf112da67e0a69.jpg,Gas,val,False
c:\file akmal\Capstone - Ai Eng - Spendly_ Workspace\data\transport\train\images\tol16_png.rf.1a13316c005efe8d2d7cb7ba5d06396d.jpg,transport,val,False
c:\file akmal\Capstone - Ai Eng - Spendly_ Workspace\data\transport\train\images\tol52_png.rf.f57e04ccec2dd27f948a057b85537ab6.jpg,transport,val,False
c:\file akmal\Capstone - Ai Eng - Spendly_ Workspace\data\F&B\train\images\solaria19_png.rf.bacf2a845986a01574cccc200c8464a8.jpg,F&B,val,False
c:\file akmal\Capstone - Ai Eng - Spendly_ Workspace\data\HouseHold\test\images\azko4_png.rf.99a32bd6565ee4d338c4109e20e3574b.jpg,HouseHold,val,False
c:\file akmal\Capstone - Ai Eng - Spendly_ Workspace\data\F&B\valid\images\mako4_png.rf.8b8db698d22edde3e90bba6e884c9820.jpg,F&B,val,False
c:\file akmal\Capstone - Ai Eng - Spendly_ Workspace\data\Gas\test\images\bensin-affan1_jpeg.rf.59aa403b8196f7627ca9d7afcfb54dbb.jpg,Gas,val,False
c:\file akmal\Capstone - Ai Eng - Spendly_ Workspace\data\transport\train\images\tol29_png.rf.7ca6c267e44d9a777dc33f84ce63e0da.jpg,transport,test,False
c:\file akmal\Capstone - Ai Eng - Spendly_ Workspace\data\Groceries\train\images\receipt-341_png_jpg.rf.5733e00d8af1bfa9c174ff7f64d493c7.jpg,Groceries,test,False
c:\file akmal\Capstone - Ai Eng - Spendly_ Workspace\data\Beauty\valid\images\sociolla12_png.rf.39b58f72be3283b48b0c8f936074ab2b.jpg,Beauty,test,False
c:\file akmal\Capstone - Ai Eng - Spendly_ Workspace\data\F&B\test\images\fore18_png.rf.46a2d607a7721df4e7522131a9871e6b.jpg,F&B,test,False
c:\file akmal\Capstone - Ai Eng - Spendly_ Workspace\data\Groceries\train\images\receipt-126_png_jpg.rf.9f10cfbc9a6e757fba21a902e41d4da6.jpg,Groceries,test,False
c:\file akmal\Capstone - Ai Eng - Spendly_ Workspace\data\transport\train\images\tol78_png.rf.af4b860495df93e9b8f03094364f113c.jpg,transport,test,False
c:\file akmal\Capstone - Ai Eng - Spendly_ Workspace\data\Groceries\train\images\receipt-038_png_jpg.rf.98c228cc30dadfd5bd23c8ad12a2dab4.jpg,Groceries,test,False
c:\file akmal\Capstone - Ai Eng - Spendly_ Workspace\data\F&B\train\images\mcd18_png.rf.6d9fe30fc43d48e74b9870d1c800997a.jpg,F&B,test,False
c:\file akmal\Capstone - Ai Eng - Spendly_ Workspace\data\Beauty\train\images\guardian8_png.rf.eac63968da6be2f488cbaae8a44bee45.jpg,Beauty,test,False
c:\file akmal\Capstone - Ai Eng - Spendly_ Workspace\data\HouseHold\valid\images\mr-diy12_png.rf.22e870b95146f0a00453e667b627d98a.jpg,HouseHold,test,False
c:\file akmal\Capstone - Ai Eng - Spendly_ Workspace\data\Groceries\train\images\receipt-096_png_jpg.rf.fc5e9564f8a26bfa6bab6cdff02abcf1.jpg,Groceries,test,False
c:\file akmal\Capstone - Ai Eng - Spendly_ Workspace\data\F&B\train\images\tongtji20_png.rf.cb375f3d0f509060c4b1e6a15609ef30.jpg,F&B,test,False
c:\file akmal\Capstone - Ai Eng - Spendly_ Workspace\data\Groceries\train\images\receipt-155_png_jpg.rf.997ceb1b392776fb4d7b2d2636bf74a6.jpg,Groceries,test,False
c:\file akmal\Capstone - Ai Eng - Spendly_ Workspace\data\F&B\train\images\mako5_png.rf.a552f1c2384341617bda78070b0a6e63.jpg,F&B,test,False
c:\file akmal\Capstone - Ai Eng - Spendly_ Workspace\data\Groceries\train\images\receipt-135_png_jpg.rf.b5f13c684068b2fca5a3157298f8146b.jpg,Groceries,test,False
c:\file akmal\Capstone - Ai Eng - Spendly_ Workspace\data\Groceries\train\images\receipt-134_png_jpg.rf.2a1ca7a8a5665bdd9bdf4de838a632b9.jpg,Groceries,test,False
c:\file akmal\Capstone - Ai Eng - Spendly_ Workspace\data\Gas\train\images\UC-GUBUG-27-MARET-2026-pdf_page_1_png.rf.cc0bac9e8a36bf121084462bb76ec8d2.jpg,Gas,test,False
c:\file akmal\Capstone - Ai Eng - Spendly_ Workspace\data\Groceries\train\images\images-5-_jpg.rf.cc7a341dfa8bdda8e36e7773eb90d6ab.jpg,Groceries,test,False
c:\file akmal\Capstone - Ai Eng - Spendly_ Workspace\data\HouseHold\train\images\mr-diy7_png.rf.794f60d1aef6466f2cbd95ce1fb1bb70.jpg,HouseHold,test,False
c:\file akmal\Capstone - Ai Eng - Spendly_ Workspace\data\transport\train\images\tol31_png.rf.bb976a434b4acc05f36fa64a1a85d79f.jpg,transport,test,False
c:\file akmal\Capstone - Ai Eng - Spendly_ Workspace\data\Health\train\images\1dental18_png.rf.1dcd5c9b72600912860c502c2b6147ce.jpg,Health,test,False
c:\file akmal\Capstone - Ai Eng - Spendly_ Workspace\data\transport\train\images\tol109_png.rf.beb43ac9b436c944aacafc024cf69e24.jpg,transport,test,False
c:\file akmal\Capstone - Ai Eng - Spendly_ Workspace\data\Beauty\train\images\watsons3_png.rf.f204639ca66c15a4bb53400f85d1b559.jpg,Beauty,test,False
c:\file akmal\Capstone - Ai Eng - Spendly_ Workspace\data\F&B\train\images\tongtji18_png.rf.8c8dfe10c3d2cac9f220316fb979d712.jpg,F&B,test,False
c:\file akmal\Capstone - Ai Eng - Spendly_ Workspace\data\Lifestyle\train\images\WhatsApp-Image-2026-05-06-at-16-20-46_jpeg.rf.380bebf22581787504395e8c56bcd8d7.jpg,Lifestyle,test,False
c:\file akmal\Capstone - Ai Eng - Spendly_ Workspace\data\transport\valid\images\tol70_png.rf.1ad9078ab61a0f8147591518d2e5aadc.jpg,transport,test,False
c:\file akmal\Capstone - Ai Eng - Spendly_ Workspace\data\Gas\test\images\camscaner-bensin-yani1_png.rf.d59ec21cf30fbb5e7476c227b92fc1b6.jpg,Gas,test,False
c:\file akmal\Capstone - Ai Eng - Spendly_ Workspace\data\HouseHold\valid\images\mr-diy2_jpeg.rf.6ee12bee75ad6311a5237d585986a78f.jpg,HouseHold,test,False
c:\file akmal\Capstone - Ai Eng - Spendly_ Workspace\data\transport\valid\images\tol27_png.rf.ad91b7d2804c640b3e1cf613857d87ad.jpg,transport,test,False
c:\file akmal\Capstone - Ai Eng - Spendly_ Workspace\data\Groceries\train\images\receipt-092_png_jpg.rf.690f3a9f6593946aea398df57b2fba03.jpg,Groceries,test,False
c:\file akmal\Capstone - Ai Eng - Spendly_ Workspace\data\F&B\train\images\solaria3_png.rf.fd04e3dc499edc690832771c4e7d5531.jpg,F&B,test,False
c:\file akmal\Capstone - Ai Eng - Spendly_ Workspace\data\transport\train\images\tol11_png.rf.84c2296697f2fb03b4f4495af7ea6b80.jpg,transport,test,False
c:\file akmal\Capstone - Ai Eng - Spendly_ Workspace\data\Groceries\train\images\receipt-068_png_jpg.rf.74288950200395a72677ce5c8908a3e9.jpg,Groceries,test,False
c:\file akmal\Capstone - Ai Eng - Spendly_ Workspace\data\transport\test\images\tol96_png.rf.6a4f3fa31bfcec00fc0bd9c9dfd5ff18.jpg,transport,test,False
c:\file akmal\Capstone - Ai Eng - Spendly_ Workspace\data\Beauty\train\images\guardian18_png.rf.a61b06370f344119d42c5dd2f65524a4.jpg,Beauty,test,False
c:\file akmal\Capstone - Ai Eng - Spendly_ Workspace\data\Groceries\train\images\receipt-005_png_jpg.rf.33dfc11c7402f4d4c023a7fc75e42d73.jpg,Groceries,test,False
c:\file akmal\Capstone - Ai Eng - Spendly_ Workspace\data\Health\test\images\apotek2_png.rf.bc26d6cb359072c3e0d9c6ecf5f2aa55.jpg,Health,test,False
c:\file akmal\Capstone - Ai Eng - Spendly_ Workspace\data\Groceries\train\images\receipt-361_png_jpg.rf.9794906dc7455f158d2690389534b259.jpg,Groceries,test,False
c:\file akmal\Capstone - Ai Eng - Spendly_ Workspace\data\F&B\test\images\mako9_png.rf.eaf81c62e2dce9241cf03c3bfd0438fc.jpg,F&B,test,False
c:\file akmal\Capstone - Ai Eng - Spendly_ Workspace\data\transport\train\images\tol8_png.rf.a0e26b2aba02ffc01ba4c2a3c6335d13.jpg,transport,test,False
c:\file akmal\Capstone - Ai Eng - Spendly_ Workspace\data\F&B\train\images\bk10_png.rf.a09d4d3eba52075988f458187dde8042.jpg,F&B,test,False
c:\file akmal\Capstone - Ai Eng - Spendly_ Workspace\data\Groceries\train\images\receipt-146_png_jpg.rf.26c4a75ab0a123b619f7f957da1131ed.jpg,Groceries,test,False
c:\file akmal\Capstone - Ai Eng - Spendly_ Workspace\data\F&B\valid\images\solaria18_png.rf.d6bb7291cc1818ca4c58e7c93adc49b5.jpg,F&B,test,False
c:\file akmal\Capstone - Ai Eng - Spendly_ Workspace\data\Gas\train\images\shell6_png.rf.14600895553e9c4301c71b76205d1061.jpg,Gas,test,False
c:\file akmal\Capstone - Ai Eng - Spendly_ Workspace\data\Groceries\train\images\receipt-115_png_jpg.rf.2f866bba7e1356197abd5328e63fda1f.jpg,Groceries,test,False
c:\file akmal\Capstone - Ai Eng - Spendly_ Workspace\data\Groceries\train\images\receipt-470_png_jpg.rf.9a307bfb6bcb9340ce394e03f0e32a32.jpg,Groceries,test,False
c:\file akmal\Capstone - Ai Eng - Spendly_ Workspace\data\Health\valid\images\1dental19_png.rf.af54a36f36514db1be5aaaa4f42e6b4b.jpg,Health,test,False
c:\file akmal\Capstone - Ai Eng - Spendly_ Workspace\data\Beauty\train\images\guardian13_png.rf.6d5722e2dd5e5c5244dbb86fe6e3b1c3.jpg,Beauty,test,False
c:\file akmal\Capstone - Ai Eng - Spendly_ Workspace\data\HouseHold\train\images\azko6_png.rf.20043c12de69ad4e554be916ddc839a4.jpg,HouseHold,test,False
c:\file akmal\Capstone - Ai Eng - Spendly_ Workspace\data\F&B\train\images\mako16_png.rf.2c4152ed575e6fa80fab3881df8af9f0.jpg,F&B,test,False
c:\file akmal\Capstone - Ai Eng - Spendly_ Workspace\data\Gas\train\images\camscaner-bensin-lana3_png.rf.6503595dc713f8f7b247fc9c0917e6c5.jpg,Gas,test,False
c:\file akmal\Capstone - Ai Eng - Spendly_ Workspace\data\Lifestyle\valid\images\WhatsApp-Image-2026-05-06-at-16-20-41_jpeg.rf.d061090c65c4f634bb7f5fe9384c2022.jpg,Lifestyle,test,False
c:\file akmal\Capstone - Ai Eng - Spendly_ Workspace\data\Lifestyle\train\images\WhatsApp-Image-2026-05-06-at-16-20-59_jpeg.rf.0c5c320c8474c16d118e623651f20762.jpg,Lifestyle,test,False
c:\file akmal\Capstone - Ai Eng - Spendly_ Workspace\data\transport\train\images\tol88_png.rf.37c077b9063a08e24d6e4f82ba704f54.jpg,transport,test,False
c:\file akmal\Capstone - Ai Eng - Spendly_ Workspace\data\Groceries\train\images\receipt-160_png_jpg.rf.22a756fbceec6f89024bc7f895381274.jpg,Groceries,test,False
c:\file akmal\Capstone - Ai Eng - Spendly_ Workspace\data\transport\train\images\tol89_png.rf.6d8219d06efc03cde01983445dfea481.jpg,transport,test,False
c:\file akmal\Capstone - Ai Eng - Spendly_ Workspace\data\Groceries\train\images\receipt-079_png_jpg.rf.7e2d492a606ca0fd5c1fa8098db22a12.jpg,Groceries,test,False
c:\file akmal\Capstone - Ai Eng - Spendly_ Workspace\data\Groceries\valid\images\CamScanner-18-11-2024-12-48_23_jpg.rf.4bdebbb33333d666feeaadb2e475a6b5.jpg,Groceries,test,False
c:\file akmal\Capstone - Ai Eng - Spendly_ Workspace\data\Groceries\train\images\receipt-113_png_jpg.rf.6c157650611fc1e3098c190ca8d599b1.jpg,Groceries,test,False
c:\file akmal\Capstone - Ai Eng - Spendly_ Workspace\data\Lifestyle\train\images\WhatsApp-Image-2026-05-06-at-16-20-46-1-_jpeg.rf.3c62db7595faeb08d9487192ff78319f.jpg,Lifestyle,test,False
c:\file akmal\Capstone - Ai Eng - Spendly_ Workspace\data\Health\test\images\1dental11_png.rf.46847a727f668de66dd62216c6968d7a.jpg,Health,test,False
c:\file akmal\Capstone - Ai Eng - Spendly_ Workspace\data\F&B\train\images\sbux13_jpg.rf.53b3da2ae9d5fd56c02f38add66afd1c.jpg,F&B,test,False
c:\file akmal\Capstone - Ai Eng - Spendly_ Workspace\data\F&B\valid\images\solaria17_png.rf.b608ea87e45e85b142783ad826545861.jpg,F&B,test,False
c:\file akmal\Capstone - Ai Eng - Spendly_ Workspace\data\F&B\test\images\fore11_png.rf.eac7281102ee00bf4c3e692a53eb3cc3.jpg,F&B,test,False
c:\file akmal\Capstone - Ai Eng - Spendly_ Workspace\data\Beauty\train\images\sociolla11_png.rf.0283463bba6bce3e9a71e60471c6aa49.jpg,Beauty,test,False
c:\file akmal\Capstone - Ai Eng - Spendly_ Workspace\data\Gas\test\images\shell3_png.rf.62a8d63be42ebed0f8a4fa11f5715c46.jpg,Gas,test,False
c:\file akmal\Capstone - Ai Eng - Spendly_ Workspace\data\transport\train\images\tol40_png.rf.330b45568d39990ea4a69776fd8d6b1c.jpg,transport,test,False
c:\file akmal\Capstone - Ai Eng - Spendly_ Workspace\data\Groceries\train\images\12-selesai-cara-transaksi-penjualan-new1_jpg.rf.e1d14e23446a6a9b4e4736bdb1f85b78.jpg,Groceries,test,False
c:\file akmal\Capstone - Ai Eng - Spendly_ Workspace\data\transport\valid\images\tol51_png.rf.5fbbb6249b0aba9f14d2b4ea81b25e1b.jpg,transport,test,False
c:\file akmal\Capstone - Ai Eng - Spendly_ Workspace\data\Listrik\train\images\pln7_png.rf.b1770fcb376ab8916d588aaaed66e114.jpg,Listrik,test,False
c:\file akmal\Capstone - Ai Eng - Spendly_ Workspace\data\Groceries\valid\images\receipt-269_png_jpg.rf.e9a552172a4c04eb0f8e55489c1ed229.jpg,Groceries,test,False
c:\file akmal\Capstone - Ai Eng - Spendly_ Workspace\data\transport\train\images\tol75_png.rf.2fca3bbc145d7237ac8749346fcaa8bf.jpg,transport,test,False
c:\file akmal\Capstone - Ai Eng - Spendly_ Workspace\data\Groceries\valid\images\CamScanner-18-11-2024-12-48_87_jpg.rf.e871a804970c40bcd70ae94917aef81d.jpg,Groceries,test,False
c:\file akmal\Capstone - Ai Eng - Spendly_ Workspace\data\Lifestyle\train\images\WhatsApp-Image-2026-05-06-at-16-20-41-2-_jpeg.rf.4fd31bdac9a510401fea481f3bcf5c78.jpg,Lifestyle,test,False
c:\file akmal\Capstone - Ai Eng - Spendly_ Workspace\data\Groceries\train\images\receipt-016_png_jpg.rf.f9c4848cabdb2c23ed66c50cd845e80d.jpg,Groceries,test,False
c:\file akmal\Capstone - Ai Eng - Spendly_ Workspace\data\F&B\train\images\sbux2_jpeg.rf.ef4412e2eaa7cd0231873f038517751d.jpg,F&B,test,False
c:\file akmal\Capstone - Ai Eng - Spendly_ Workspace\data\transport\train\images\tol128_png.rf.3ba95c34081e91520ed91253b136cb6a.jpg,transport,test,False
c:\file akmal\Capstone - Ai Eng - Spendly_ Workspace\data\Groceries\train\images\Benihbaik531ec84b6de9735e2cb7161b603ac01e17dc00c1-1-_jpg.rf.3f8adf5f431106c2954573a02c3144fc.jpg,Groceries,test,False
c:\file akmal\Capstone - Ai Eng - Spendly_ Workspace\data\Gas\train\images\UC-TEMANGGUNG-23-FEB-26-pdf_page_1_png.rf.3b2ea458223238bf167d17e034e05a2c.jpg,Gas,test,False
c:\file akmal\Capstone - Ai Eng - Spendly_ Workspace\data\Groceries\valid\images\CamScanner-18-11-2024-12-48_90_jpg.rf.2f2c8e271b687c71f770ded7c02276e8.jpg,Groceries,test,False
c:\file akmal\Capstone - Ai Eng - Spendly_ Workspace\data\F&B\train\images\fore9_png.rf.793d0d9ef8825fa9ede4cad4e0bca357.jpg,F&B,test,False
c:\file akmal\Capstone - Ai Eng - Spendly_ Workspace\data\Groceries\valid\images\CamScanner-18-11-2024-12-48_2_jpg.rf.87f7a8b4cf41e3beb3cd2ac80501b153.jpg,Groceries,test,False
c:\file akmal\Capstone - Ai Eng - Spendly_ Workspace\data\transport\train\images\tol134_png.rf.6706c05957443fd891f3e774da03f654.jpg,transport,test,False
c:\file akmal\Capstone - Ai Eng - Spendly_ Workspace\data\Groceries\train\images\receipt-054_png_jpg.rf.455b397e5d651148baa986e7924e60f6.jpg,Groceries,test,False
c:\file akmal\Capstone - Ai Eng - Spendly_ Workspace\data\Gas\valid\images\shell18_png.rf.da4668a948f0a21f54ef0f9d823b684a.jpg,Gas,test,False
c:\file akmal\Capstone - Ai Eng - Spendly_ Workspace\data\Listrik\test\images\WhatsApp-Image-2026-05-05-at-10-54-09-1-_jpeg.rf.1f979b9ce06d15cc01ffb17ae69b58ae.jpg,Listrik,test,False
c:\file akmal\Capstone - Ai Eng - Spendly_ Workspace\data\Groceries\valid\images\CamScanner-18-11-2024-12-48_44_jpg.rf.dfde2b94c2488af74ff4fc942385bb7b.jpg,Groceries,test,False
c:\file akmal\Capstone - Ai Eng - Spendly_ Workspace\data\Listrik\train\images\pln8_png.rf.4b58c8d3791eb11175c14702db95173c.jpg,Listrik,test,False
c:\file akmal\Capstone - Ai Eng - Spendly_ Workspace\data\Beauty\train\images\watsons17_png.rf.634acab8dc270a3027a4779e8d9e75c9.jpg,Beauty,test,False
c:\file akmal\Capstone - Ai Eng - Spendly_ Workspace\data\Listrik\valid\images\IMG-20260503-WA0032_jpg.rf.c435665ab6cf4a4e4313495753266441.jpg,Listrik,test,False
c:\file akmal\Capstone - Ai Eng - Spendly_ Workspace\data\Groceries\train\images\receipt-048_png_jpg.rf.134389abc8fea794f99b80bfee6db4cd.jpg,Groceries,test,False
c:\file akmal\Capstone - Ai Eng - Spendly_ Workspace\data\Health\train\images\halodoc8_png.rf.b4278aaeb7475def2a81b77216943aab.jpg,Health,test,False
c:\file akmal\Capstone - Ai Eng - Spendly_ Workspace\data\Listrik\train\images\IMG-20260503-WA0076_jpg.rf.266f89ddc67cd3a57c8b86988cd8f9b6.jpg,Listrik,test,False
c:\file akmal\Capstone - Ai Eng - Spendly_ Workspace\data\Groceries\train\images\receipt-165_png_jpg.rf.47a8373d35a33fd8527e7475caa8bfdb.jpg,Groceries,test,False
c:\file akmal\Capstone - Ai Eng - Spendly_ Workspace\data\Groceries\train\images\E-Reciept_18042026084817_2023032905395876_1777708186563-pdf_page_1_png.rf.682b021ea9aafeec309d5a5077d5bb26.jpg,Groceries,test,False
c:\file akmal\Capstone - Ai Eng - Spendly_ Workspace\data\F&B\valid\images\solaria12_png.rf.aed51533cc4137f1d53c389a26feb44e.jpg,F&B,test,False
c:\file akmal\Capstone - Ai Eng - Spendly_ Workspace\data\transport\train\images\tol3_png.rf.ca358597f45c0cb6d5b4d9d612feab0a.jpg,transport,test,False
c:\file akmal\Capstone - Ai Eng - Spendly_ Workspace\data\Beauty\train\images\guardian3_png.rf.4403712ceb52869722d0f40217f14887.jpg,Beauty,test,False
c:\file akmal\Capstone - Ai Eng - Spendly_ Workspace\data\F&B\train\images\fore19_png.rf.2954267da762c9a34b7e8edd0aca2edd.jpg,F&B,test,False
c:\file akmal\Capstone - Ai Eng - Spendly_ Workspace\data\Lifestyle\train\images\WhatsApp-Image-2026-05-06-at-16-20-44-1-_jpeg.rf.f6584422db405be6a1bb9d8314942f05.jpg,Lifestyle,test,False
c:\file akmal\Capstone - Ai Eng - Spendly_ Workspace\data\Groceries\test\images\receipt-194_png_jpg.rf.fbbcb327197ccec715d944834b2ee1bc.jpg,Groceries,test,False
c:\file akmal\Capstone - Ai Eng - Spendly_ Workspace\data\Groceries\valid\images\CamScanner-18-11-2024-12-48_69_jpg.rf.68f841f439917862b15e6e6fe0eb7806.jpg,Groceries,test,False
c:\file akmal\Capstone - Ai Eng - Spendly_ Workspace\data\F&B\train\images\mako13_png.rf.27767e5f771e695b4dcfaa0ec35f0693.jpg,F&B,test,False
c:\file akmal\Capstone - Ai Eng - Spendly_ Workspace\data\Listrik\train\images\IMG-20260503-WA0063_jpg.rf.527daaebb684c7eb6e5efebc4e8c6d6d.jpg,Listrik,test,False
c:\file akmal\Capstone - Ai Eng - Spendly_ Workspace\data\Listrik\train\images\pln18_png.rf.58e78e0688e4db0d744b3fdbd18f190f.jpg,Listrik,test,False
c:\file akmal\Capstone - Ai Eng - Spendly_ Workspace\data\F&B\train\images\tongtji13_png.rf.8c55fc39971b975746b3bc3dbcbda1cd.jpg,F&B,test,False
c:\file akmal\Capstone - Ai Eng - Spendly_ Workspace\data\Groceries\train\images\receipt-093_png_jpg.rf.fafe39878cb60ba6cae20a7a9d2f104d.jpg,Groceries,test,False
c:\file akmal\Capstone - Ai Eng - Spendly_ Workspace\data\Groceries\train\images\receipt-131_png_jpg.rf.a06b0dc5055940ab8740e72c4d992726.jpg,Groceries,test,False
c:\file akmal\Capstone - Ai Eng - Spendly_ Workspace\data\HouseHold\train\images\mr-diy14_png.rf.d197a862849ca3f6d355136b7ca9ba29.jpg,HouseHold,test,False
c:\file akmal\Capstone - Ai Eng - Spendly_ Workspace\data\F&B\test\images\tongtji19_png.rf.5a21bdedc6a324aeaa8b685d2693f978.jpg,F&B,test,False
c:\file akmal\Capstone - Ai Eng - Spendly_ Workspace\data\Listrik\test\images\IMG-20260503-WA0069_jpg.rf.b30254a2e724e504bc915ee5a93df855.jpg,Listrik,test,False
c:\file akmal\Capstone - Ai Eng - Spendly_ Workspace\data\Listrik\train\images\pln12_png.rf.976e941179925f3f34705db75b39d83a.jpg,Listrik,test,False
c:\file akmal\Capstone - Ai Eng - Spendly_ Workspace\data\Gas\valid\images\UC-GUBUG-20-JAN-2026-pdf_page_1_png.rf.f5e52a54c1ed79010b2e9e1a627a9f54.jpg,Gas,test,False
c:\file akmal\Capstone - Ai Eng - Spendly_ Workspace\data\Beauty\train\images\sociolla15_png.rf.b9eac8c28502b2cfa9b41a84b2223b93.jpg,Beauty,test,False
c:\file akmal\Capstone - Ai Eng - Spendly_ Workspace\data\HouseHold\valid\images\azko11_png.rf.2e198f4b2764e27488b14148e95bb4da.jpg,HouseHold,test,False
c:\file akmal\Capstone - Ai Eng - Spendly_ Workspace\data\F&B\train\images\fore16_png.rf.3fce136042f4aad2a98c731af1fbdd74.jpg,F&B,test,False
c:\file akmal\Capstone - Ai Eng - Spendly_ Workspace\data\Groceries\train\images\CamScanner-19-11-2024-16-49_7_jpg.rf.e7f49d315833e0a4277c653aa52893e6.jpg,Groceries,test,False
c:\file akmal\Capstone - Ai Eng - Spendly_ Workspace\data\Health\train\images\1dental20_png.rf.c98e3be960bceb9d98707173ea48ab8e.jpg,Health,test,False
c:\file akmal\Capstone - Ai Eng - Spendly_ Workspace\data\Groceries\train\images\receipt-101_png_jpg.rf.47b1c1fdfccd930fc512e8a6681192be.jpg,Groceries,test,False
c:\file akmal\Capstone - Ai Eng - Spendly_ Workspace\data\Gas\train\images\shell8_png.rf.33d58b1c55eea381086e5a8681bbc235.jpg,Gas,test,False
c:\file akmal\Capstone - Ai Eng - Spendly_ Workspace\data\transport\train\images\tol119_png.rf.6ab003016a785ec5e0c69d47955575a6.jpg,transport,test,False
c:\file akmal\Capstone - Ai Eng - Spendly_ Workspace\data\Groceries\train\images\receipt-154_png_jpg.rf.f1299a677f50507666ccbdd8ee83e28c.jpg,Groceries,test,False
c:\file akmal\Capstone - Ai Eng - Spendly_ Workspace\data\transport\train\images\tol19_png.rf.8e6ce6884411e4771974999b2c4a2eeb.jpg,transport,test,False
c:\file akmal\Capstone - Ai Eng - Spendly_ Workspace\data\transport\valid\images\tol13_png.rf.38b791c31dd0baa83abb2703dc2b8aa2.jpg,transport,test,False
