filename,category,split,filepath,extracted_text,text_length,has_text
guardian11_png.rf.4624dbda39eceaaa6967bc81ee627987.jpg,Beauty,train,C:\Nizam\DBS-Foundation\Capstone - Ai Eng - Spendly_ Workspace\data\Beauty\train\images\guardian11_png.rf.4624dbda39eceaaa6967bc81ee627987.jpg,,0,False
guardian12_png.rf.abf7e098a5607fb50395f24478f62cc3.jpg,Beauty,train,C:\Nizam\DBS-Foundation\Capstone - Ai Eng - Spendly_ Workspace\data\Beauty\train\images\guardian12_png.rf.abf7e098a5607fb50395f24478f62cc3.jpg,,0,False
guardian13_png.rf.6d5722e2dd5e5c5244dbb86fe6e3b1c3.jpg,Beauty,train,C:\Nizam\DBS-Foundation\Capstone - Ai Eng - Spendly_ Workspace\data\Beauty\train\images\guardian13_png.rf.6d5722e2dd5e5c5244dbb86fe6e3b1c3.jpg,,0,False
guardian16_png.rf.324a1ea5f1a7d25b57e51aca7a8c0295.jpg,Beauty,train,C:\Nizam\DBS-Foundation\Capstone - Ai Eng - Spendly_ Workspace\data\Beauty\train\images\guardian16_png.rf.324a1ea5f1a7d25b57e51aca7a8c0295.jpg,,0,False
guardian17_png.rf.7ab9e6fdcd1e6c0259f275a3d510f3be.jpg,Beauty,train,C:\Nizam\DBS-Foundation\Capstone - Ai Eng - Spendly_ Workspace\data\Beauty\train\images\guardian17_png.rf.7ab9e6fdcd1e6c0259f275a3d510f3be.jpg,,0,False
guardian18_png.rf.a61b06370f344119d42c5dd2f65524a4.jpg,Beauty,train,C:\Nizam\DBS-Foundation\Capstone - Ai Eng - Spendly_ Workspace\data\Beauty\train\images\guardian18_png.rf.a61b06370f344119d42c5dd2f65524a4.jpg,,0,False
guardian19_png.rf.407277e919a026c62d9ef40b9f6de664.jpg,Beauty,train,C:\Nizam\DBS-Foundation\Capstone - Ai Eng - Spendly_ Workspace\data\Beauty\train\images\guardian19_png.rf.407277e919a026c62d9ef40b9f6de664.jpg,,0,False
guardian20_png.rf.90d35b6eea269769030d928be784d606.jpg,Beauty,train,C:\Nizam\DBS-Foundation\Capstone - Ai Eng - Spendly_ Workspace\data\Beauty\train\images\guardian20_png.rf.90d35b6eea269769030d928be784d606.jpg,,0,False
guardian2_png.rf.f68625ad842b7be50d132fe4db62b4b1.jpg,Beauty,train,C:\Nizam\DBS-Foundation\Capstone - Ai Eng - Spendly_ Workspace\data\Beauty\train\images\guardian2_png.rf.f68625ad842b7be50d132fe4db62b4b1.jpg,,0,False
guardian3_png.rf.4403712ceb52869722d0f40217f14887.jpg,Beauty,train,C:\Nizam\DBS-Foundation\Capstone - Ai Eng - Spendly_ Workspace\data\Beauty\train\images\guardian3_png.rf.4403712ceb52869722d0f40217f14887.jpg,,0,False
guardian4_png.rf.958b8599be940cadea71e751911c8e30.jpg,Beauty,train,C:\Nizam\DBS-Foundation\Capstone - Ai Eng - Spendly_ Workspace\data\Beauty\train\images\guardian4_png.rf.958b8599be940cadea71e751911c8e30.jpg,,0,False
guardian5_png.rf.9de2a4aa07f6376df70315cabbe65de1.jpg,Beauty,train,C:\Nizam\DBS-Foundation\Capstone - Ai Eng - Spendly_ Workspace\data\Beauty\train\images\guardian5_png.rf.9de2a4aa07f6376df70315cabbe65de1.jpg,,0,False
guardian7_png.rf.c30b2322563f5fde1935231cee22ab27.jpg,Beauty,train,C:\Nizam\DBS-Foundation\Capstone - Ai Eng - Spendly_ Workspace\data\Beauty\train\images\guardian7_png.rf.c30b2322563f5fde1935231cee22ab27.jpg,,0,False
guardian8_png.rf.eac63968da6be2f488cbaae8a44bee45.jpg,Beauty,train,C:\Nizam\DBS-Foundation\Capstone - Ai Eng - Spendly_ Workspace\data\Beauty\train\images\guardian8_png.rf.eac63968da6be2f488cbaae8a44bee45.jpg,,0,False
guardian9_png.rf.31a25e08161a15476d6ed46b74e8af16.jpg,Beauty,train,C:\Nizam\DBS-Foundation\Capstone - Ai Eng - Spendly_ Workspace\data\Beauty\train\images\guardian9_png.rf.31a25e08161a15476d6ed46b74e8af16.jpg,,0,False
sociolla11_png.rf.0283463bba6bce3e9a71e60471c6aa49.jpg,Beauty,train,C:\Nizam\DBS-Foundation\Capstone - Ai Eng - Spendly_ Workspace\data\Beauty\train\images\sociolla11_png.rf.0283463bba6bce3e9a71e60471c6aa49.jpg,,0,False
sociolla13_png.rf.f178cb9fa4590b6327d5a84e51c48df6.jpg,Beauty,train,C:\Nizam\DBS-Foundation\Capstone - Ai Eng - Spendly_ Workspace\data\Beauty\train\images\sociolla13_png.rf.f178cb9fa4590b6327d5a84e51c48df6.jpg,,0,False
sociolla15_png.rf.b9eac8c28502b2cfa9b41a84b2223b93.jpg,Beauty,train,C:\Nizam\DBS-Foundation\Capstone - Ai Eng - Spendly_ Workspace\data\Beauty\train\images\sociolla15_png.rf.b9eac8c28502b2cfa9b41a84b2223b93.jpg,,0,False
sociolla16_png.rf.8c95b43fbc050497f3f4e8530da9cf2a.jpg,Beauty,train,C:\Nizam\DBS-Foundation\Capstone - Ai Eng - Spendly_ Workspace\data\Beauty\train\images\sociolla16_png.rf.8c95b43fbc050497f3f4e8530da9cf2a.jpg,,0,False
sociolla17_png.rf.d089362a57f6091f2870e121e5b76898.jpg,Beauty,train,C:\Nizam\DBS-Foundation\Capstone - Ai Eng - Spendly_ Workspace\data\Beauty\train\images\sociolla17_png.rf.d089362a57f6091f2870e121e5b76898.jpg,,0,False
sociolla18_png.rf.ab28d3bf3d7caacd07ed7211225e9b0e.jpg,Beauty,train,C:\Nizam\DBS-Foundation\Capstone - Ai Eng - Spendly_ Workspace\data\Beauty\train\images\sociolla18_png.rf.ab28d3bf3d7caacd07ed7211225e9b0e.jpg,,0,False
sociolla1_png.rf.ab072d28f8e091b33549535e4e10eee8.jpg,Beauty,train,C:\Nizam\DBS-Foundation\Capstone - Ai Eng - Spendly_ Workspace\data\Beauty\train\images\sociolla1_png.rf.ab072d28f8e091b33549535e4e10eee8.jpg,,0,False
sociolla20_png.rf.83d6c0516e75a547ea52605092318bb1.jpg,Beauty,train,C:\Nizam\DBS-Foundation\Capstone - Ai Eng - Spendly_ Workspace\data\Beauty\train\images\sociolla20_png.rf.83d6c0516e75a547ea52605092318bb1.jpg,,0,False
sociolla2_png.rf.981a0e250ea84ae2cd44e004c8074ad9.jpg,Beauty,train,C:\Nizam\DBS-Foundation\Capstone - Ai Eng - Spendly_ Workspace\data\Beauty\train\images\sociolla2_png.rf.981a0e250ea84ae2cd44e004c8074ad9.jpg,,0,False
sociolla3_png.rf.bd03a7fb8e4918513b7cb130da770cc3.jpg,Beauty,train,C:\Nizam\DBS-Foundation\Capstone - Ai Eng - Spendly_ Workspace\data\Beauty\train\images\sociolla3_png.rf.bd03a7fb8e4918513b7cb130da770cc3.jpg,,0,False
sociolla5_png.rf.89bc2469e2b2e9a561ac9eff31b502a7.jpg,Beauty,train,C:\Nizam\DBS-Foundation\Capstone - Ai Eng - Spendly_ Workspace\data\Beauty\train\images\sociolla5_png.rf.89bc2469e2b2e9a561ac9eff31b502a7.jpg,,0,False
sociolla7_png.rf.1653f2b8843e6c2b8d659b20d27969a3.jpg,Beauty,train,C:\Nizam\DBS-Foundation\Capstone - Ai Eng - Spendly_ Workspace\data\Beauty\train\images\sociolla7_png.rf.1653f2b8843e6c2b8d659b20d27969a3.jpg,,0,False
sociolla8_png.rf.60e2d7d6a5442b2e5c9bb85efed7fbd4.jpg,Beauty,train,C:\Nizam\DBS-Foundation\Capstone - Ai Eng - Spendly_ Workspace\data\Beauty\train\images\sociolla8_png.rf.60e2d7d6a5442b2e5c9bb85efed7fbd4.jpg,,0,False
sociolla9_png.rf.fb09ff2ab59f5e60d2dbc063ab1defcf.jpg,Beauty,train,C:\Nizam\DBS-Foundation\Capstone - Ai Eng - Spendly_ Workspace\data\Beauty\train\images\sociolla9_png.rf.fb09ff2ab59f5e60d2dbc063ab1defcf.jpg,,0,False
watsons10_png.rf.4e815669898a0023387b2aa39ea2be6f.jpg,Beauty,train,C:\Nizam\DBS-Foundation\Capstone - Ai Eng - Spendly_ Workspace\data\Beauty\train\images\watsons10_png.rf.4e815669898a0023387b2aa39ea2be6f.jpg,,0,False
watsons12_png.rf.48bd2ff9c230672766f28ac0dee3e061.jpg,Beauty,train,C:\Nizam\DBS-Foundation\Capstone - Ai Eng - Spendly_ Workspace\data\Beauty\train\images\watsons12_png.rf.48bd2ff9c230672766f28ac0dee3e061.jpg,,0,False
watsons13_png.rf.60e828c658d44419cd03ccb7fefb27a2.jpg,Beauty,train,C:\Nizam\DBS-Foundation\Capstone - Ai Eng - Spendly_ Workspace\data\Beauty\train\images\watsons13_png.rf.60e828c658d44419cd03ccb7fefb27a2.jpg,,0,False
watsons14_png.rf.ee6222a20a1a499ba9b61a9e9342ebc1.jpg,Beauty,train,C:\Nizam\DBS-Foundation\Capstone - Ai Eng - Spendly_ Workspace\data\Beauty\train\images\watsons14_png.rf.ee6222a20a1a499ba9b61a9e9342ebc1.jpg,,0,False
watsons17_png.rf.634acab8dc270a3027a4779e8d9e75c9.jpg,Beauty,train,C:\Nizam\DBS-Foundation\Capstone - Ai Eng - Spendly_ Workspace\data\Beauty\train\images\watsons17_png.rf.634acab8dc270a3027a4779e8d9e75c9.jpg,,0,False
watsons18_png.rf.c4a6f2709f1cc5104a55c8a0cbfb8592.jpg,Beauty,train,C:\Nizam\DBS-Foundation\Capstone - Ai Eng - Spendly_ Workspace\data\Beauty\train\images\watsons18_png.rf.c4a6f2709f1cc5104a55c8a0cbfb8592.jpg,,0,False
watsons19_png.rf.6c491205f3d52d741dae8d2653e14e57.jpg,Beauty,train,C:\Nizam\DBS-Foundation\Capstone - Ai Eng - Spendly_ Workspace\data\Beauty\train\images\watsons19_png.rf.6c491205f3d52d741dae8d2653e14e57.jpg,,0,False
watsons1_png.rf.e0d1718fb31c398907b1263db2f4e2c7.jpg,Beauty,train,C:\Nizam\DBS-Foundation\Capstone - Ai Eng - Spendly_ Workspace\data\Beauty\train\images\watsons1_png.rf.e0d1718fb31c398907b1263db2f4e2c7.jpg,,0,False
watsons3_png.rf.f204639ca66c15a4bb53400f85d1b559.jpg,Beauty,train,C:\Nizam\DBS-Foundation\Capstone - Ai Eng - Spendly_ Workspace\data\Beauty\train\images\watsons3_png.rf.f204639ca66c15a4bb53400f85d1b559.jpg,,0,False
watsons4_png.rf.ff22e5b2067f8a0429fd6a9325a94606.jpg,Beauty,train,C:\Nizam\DBS-Foundation\Capstone - Ai Eng - Spendly_ Workspace\data\Beauty\train\images\watsons4_png.rf.ff22e5b2067f8a0429fd6a9325a94606.jpg,,0,False
watsons5_png.rf.5d8e12d4fadc5600f60daa9852c99d5e.jpg,Beauty,train,C:\Nizam\DBS-Foundation\Capstone - Ai Eng - Spendly_ Workspace\data\Beauty\train\images\watsons5_png.rf.5d8e12d4fadc5600f60daa9852c99d5e.jpg,,0,False
watsons6_png.rf.75f894247de9028f30d7efaf727d7c8d.jpg,Beauty,train,C:\Nizam\DBS-Foundation\Capstone - Ai Eng - Spendly_ Workspace\data\Beauty\train\images\watsons6_png.rf.75f894247de9028f30d7efaf727d7c8d.jpg,,0,False
watsons7_png.rf.963105a64840e4874024ebfbf023a4d7.jpg,Beauty,train,C:\Nizam\DBS-Foundation\Capstone - Ai Eng - Spendly_ Workspace\data\Beauty\train\images\watsons7_png.rf.963105a64840e4874024ebfbf023a4d7.jpg,,0,False
watsons8_png.rf.00ef5ad450493077bdfcf2eea4c1b32c.jpg,Beauty,train,C:\Nizam\DBS-Foundation\Capstone - Ai Eng - Spendly_ Workspace\data\Beauty\train\images\watsons8_png.rf.00ef5ad450493077bdfcf2eea4c1b32c.jpg,,0,False
sociolla10_png.rf.a5d6d8fb6654874ebc2b9fc66f0e1312.jpg,Beauty,valid,C:\Nizam\DBS-Foundation\Capstone - Ai Eng - Spendly_ Workspace\data\Beauty\valid\images\sociolla10_png.rf.a5d6d8fb6654874ebc2b9fc66f0e1312.jpg,,0,False
sociolla12_png.rf.39b58f72be3283b48b0c8f936074ab2b.jpg,Beauty,valid,C:\Nizam\DBS-Foundation\Capstone - Ai Eng - Spendly_ Workspace\data\Beauty\valid\images\sociolla12_png.rf.39b58f72be3283b48b0c8f936074ab2b.jpg,,0,False
sociolla14_png.rf.dca01899f350433c181aa8a9804743f0.jpg,Beauty,valid,C:\Nizam\DBS-Foundation\Capstone - Ai Eng - Spendly_ Workspace\data\Beauty\valid\images\sociolla14_png.rf.dca01899f350433c181aa8a9804743f0.jpg,,0,False
sociolla19_png.rf.a02b59e7a59e78bafc90df3db70c7d58.jpg,Beauty,valid,C:\Nizam\DBS-Foundation\Capstone - Ai Eng - Spendly_ Workspace\data\Beauty\valid\images\sociolla19_png.rf.a02b59e7a59e78bafc90df3db70c7d58.jpg,,0,False
sociolla6_png.rf.3d352a266bdfa61db77c927b3fa98bd7.jpg,Beauty,valid,C:\Nizam\DBS-Foundation\Capstone - Ai Eng - Spendly_ Workspace\data\Beauty\valid\images\sociolla6_png.rf.3d352a266bdfa61db77c927b3fa98bd7.jpg,,0,False
watsons15_png.rf.4e996c8c27781703eceb1bbf4ae08983.jpg,Beauty,valid,C:\Nizam\DBS-Foundation\Capstone - Ai Eng - Spendly_ Workspace\data\Beauty\valid\images\watsons15_png.rf.4e996c8c27781703eceb1bbf4ae08983.jpg,,0,False
watsons20_png.rf.37dfc4b031bf5688bbb740863ce13a58.jpg,Beauty,valid,C:\Nizam\DBS-Foundation\Capstone - Ai Eng - Spendly_ Workspace\data\Beauty\valid\images\watsons20_png.rf.37dfc4b031bf5688bbb740863ce13a58.jpg,,0,False
watsons2_png.rf.6c545d2f06befb38ac89e8a4e285584c.jpg,Beauty,valid,C:\Nizam\DBS-Foundation\Capstone - Ai Eng - Spendly_ Workspace\data\Beauty\valid\images\watsons2_png.rf.6c545d2f06befb38ac89e8a4e285584c.jpg,,0,False
watsons9_png.rf.b4e344849d25a3633333eb7b15ce15dd.jpg,Beauty,valid,C:\Nizam\DBS-Foundation\Capstone - Ai Eng - Spendly_ Workspace\data\Beauty\valid\images\watsons9_png.rf.b4e344849d25a3633333eb7b15ce15dd.jpg,,0,False
guardian10_png.rf.3ef684fec3bc3393d8a1d5c232a344e4.jpg,Beauty,test,C:\Nizam\DBS-Foundation\Capstone - Ai Eng - Spendly_ Workspace\data\Beauty\test\images\guardian10_png.rf.3ef684fec3bc3393d8a1d5c232a344e4.jpg,,0,False
guardian1_png.rf.501b4c49a925f135473609b35f92070d.jpg,Beauty,test,C:\Nizam\DBS-Foundation\Capstone - Ai Eng - Spendly_ Workspace\data\Beauty\test\images\guardian1_png.rf.501b4c49a925f135473609b35f92070d.jpg,,0,False
guardian6_png.rf.deaa0d9cd745d4a5d56ee244dfd8dbef.jpg,Beauty,test,C:\Nizam\DBS-Foundation\Capstone - Ai Eng - Spendly_ Workspace\data\Beauty\test\images\guardian6_png.rf.deaa0d9cd745d4a5d56ee244dfd8dbef.jpg,,0,False
sociolla4_png.rf.5bb881823b37dffcefab7770dde4533f.jpg,Beauty,test,C:\Nizam\DBS-Foundation\Capstone - Ai Eng - Spendly_ Workspace\data\Beauty\test\images\sociolla4_png.rf.5bb881823b37dffcefab7770dde4533f.jpg,,0,False
watsons16_png.rf.3789e3ece70b8e99ef80b773631dfa88.jpg,Beauty,test,C:\Nizam\DBS-Foundation\Capstone - Ai Eng - Spendly_ Workspace\data\Beauty\test\images\watsons16_png.rf.3789e3ece70b8e99ef80b773631dfa88.jpg,,0,False
bk10_png.rf.a09d4d3eba52075988f458187dde8042.jpg,F&B,train,C:\Nizam\DBS-Foundation\Capstone - Ai Eng - Spendly_ Workspace\data\F&B\train\images\bk10_png.rf.a09d4d3eba52075988f458187dde8042.jpg,,0,False
bk11_png.rf.5e73331cbad284ac73af4c95f03e7b30.jpg,F&B,train,C:\Nizam\DBS-Foundation\Capstone - Ai Eng - Spendly_ Workspace\data\F&B\train\images\bk11_png.rf.5e73331cbad284ac73af4c95f03e7b30.jpg,,0,False
bk12_png.rf.dcc4ed6c5df82667cd99dc26427c2f73.jpg,F&B,train,C:\Nizam\DBS-Foundation\Capstone - Ai Eng - Spendly_ Workspace\data\F&B\train\images\bk12_png.rf.dcc4ed6c5df82667cd99dc26427c2f73.jpg,,0,False
bk13_png.rf.d8920ea3593fa67b5ef4fd4c2411b5d9.jpg,F&B,train,C:\Nizam\DBS-Foundation\Capstone - Ai Eng - Spendly_ Workspace\data\F&B\train\images\bk13_png.rf.d8920ea3593fa67b5ef4fd4c2411b5d9.jpg,,0,False
bk14_png.rf.f32ff9d42c6f68029e6b7b37ff71dae1.jpg,F&B,train,C:\Nizam\DBS-Foundation\Capstone - Ai Eng - Spendly_ Workspace\data\F&B\train\images\bk14_png.rf.f32ff9d42c6f68029e6b7b37ff71dae1.jpg,,0,False
bk16_png.rf.b0cec335400a814968030d81e1a09254.jpg,F&B,train,C:\Nizam\DBS-Foundation\Capstone - Ai Eng - Spendly_ Workspace\data\F&B\train\images\bk16_png.rf.b0cec335400a814968030d81e1a09254.jpg,,0,False
bk17_png.rf.f7d4219a5b83caf39219c1d4a40dda7b.jpg,F&B,train,C:\Nizam\DBS-Foundation\Capstone - Ai Eng - Spendly_ Workspace\data\F&B\train\images\bk17_png.rf.f7d4219a5b83caf39219c1d4a40dda7b.jpg,,0,False
bk19_png.rf.79df4b9a5802796bef74004accd7ee6d.jpg,F&B,train,C:\Nizam\DBS-Foundation\Capstone - Ai Eng - Spendly_ Workspace\data\F&B\train\images\bk19_png.rf.79df4b9a5802796bef74004accd7ee6d.jpg,,0,False
bk1_png.rf.28857a6db21d231898a989c30c920ddb.jpg,F&B,train,C:\Nizam\DBS-Foundation\Capstone - Ai Eng - Spendly_ Workspace\data\F&B\train\images\bk1_png.rf.28857a6db21d231898a989c30c920ddb.jpg,,0,False
bk2_png.rf.d6814253513553e4f6aed9ad9a4f7cbc.jpg,F&B,train,C:\Nizam\DBS-Foundation\Capstone - Ai Eng - Spendly_ Workspace\data\F&B\train\images\bk2_png.rf.d6814253513553e4f6aed9ad9a4f7cbc.jpg,,0,False
bk3_png.rf.fddb62fd64e661937120be8d18f5df1f.jpg,F&B,train,C:\Nizam\DBS-Foundation\Capstone - Ai Eng - Spendly_ Workspace\data\F&B\train\images\bk3_png.rf.fddb62fd64e661937120be8d18f5df1f.jpg,,0,False
bk4_png.rf.17f1266878a8c9d37c9b0b792c7e778a.jpg,F&B,train,C:\Nizam\DBS-Foundation\Capstone - Ai Eng - Spendly_ Workspace\data\F&B\train\images\bk4_png.rf.17f1266878a8c9d37c9b0b792c7e778a.jpg,,0,False
bk5_png.rf.19bb935f266e4bcaaca3fe407d79425d.jpg,F&B,train,C:\Nizam\DBS-Foundation\Capstone - Ai Eng - Spendly_ Workspace\data\F&B\train\images\bk5_png.rf.19bb935f266e4bcaaca3fe407d79425d.jpg,,0,False
bk7_png.rf.12b578f2ab11e7322c777e947be45b7f.jpg,F&B,train,C:\Nizam\DBS-Foundation\Capstone - Ai Eng - Spendly_ Workspace\data\F&B\train\images\bk7_png.rf.12b578f2ab11e7322c777e947be45b7f.jpg,,0,False
bk8_png.rf.55d1bb430587a5380b59d8e4cedd9fae.jpg,F&B,train,C:\Nizam\DBS-Foundation\Capstone - Ai Eng - Spendly_ Workspace\data\F&B\train\images\bk8_png.rf.55d1bb430587a5380b59d8e4cedd9fae.jpg,,0,False
fore10_png.rf.1a5f6d4a9717c0fb81cb39c383d2e75f.jpg,F&B,train,C:\Nizam\DBS-Foundation\Capstone - Ai Eng - Spendly_ Workspace\data\F&B\train\images\fore10_png.rf.1a5f6d4a9717c0fb81cb39c383d2e75f.jpg,,0,False
fore13_png.rf.614a3054bdaef1ba86de378e2807ef3d.jpg,F&B,train,C:\Nizam\DBS-Foundation\Capstone - Ai Eng - Spendly_ Workspace\data\F&B\train\images\fore13_png.rf.614a3054bdaef1ba86de378e2807ef3d.jpg,,0,False
fore14_png.rf.5c25c5212ad104c85909207234a069c8.jpg,F&B,train,C:\Nizam\DBS-Foundation\Capstone - Ai Eng - Spendly_ Workspace\data\F&B\train\images\fore14_png.rf.5c25c5212ad104c85909207234a069c8.jpg,,0,False
fore15_png.rf.f5ee8f3b8d1972563cd849f3ad5ca272.jpg,F&B,train,C:\Nizam\DBS-Foundation\Capstone - Ai Eng - Spendly_ Workspace\data\F&B\train\images\fore15_png.rf.f5ee8f3b8d1972563cd849f3ad5ca272.jpg,,0,False
fore16_png.rf.3fce136042f4aad2a98c731af1fbdd74.jpg,F&B,train,C:\Nizam\DBS-Foundation\Capstone - Ai Eng - Spendly_ Workspace\data\F&B\train\images\fore16_png.rf.3fce136042f4aad2a98c731af1fbdd74.jpg,,0,False
fore19_png.rf.2954267da762c9a34b7e8edd0aca2edd.jpg,F&B,train,C:\Nizam\DBS-Foundation\Capstone - Ai Eng - Spendly_ Workspace\data\F&B\train\images\fore19_png.rf.2954267da762c9a34b7e8edd0aca2edd.jpg,,0,False
fore1_jpeg.rf.7e9eb12ed553a9f777d59744a2695e32.jpg,F&B,train,C:\Nizam\DBS-Foundation\Capstone - Ai Eng - Spendly_ Workspace\data\F&B\train\images\fore1_jpeg.rf.7e9eb12ed553a9f777d59744a2695e32.jpg,,0,False
fore20_png.rf.df375ef2a8ec971bac59cc850438be2f.jpg,F&B,train,C:\Nizam\DBS-Foundation\Capstone - Ai Eng - Spendly_ Workspace\data\F&B\train\images\fore20_png.rf.df375ef2a8ec971bac59cc850438be2f.jpg,,0,False
fore2_png.rf.e0b308bb22726cb880d91c578f36a47d.jpg,F&B,train,C:\Nizam\DBS-Foundation\Capstone - Ai Eng - Spendly_ Workspace\data\F&B\train\images\fore2_png.rf.e0b308bb22726cb880d91c578f36a47d.jpg,,0,False
fore4_png.rf.9c643a8e09f6fc9816d97e5547809580.jpg,F&B,train,C:\Nizam\DBS-Foundation\Capstone - Ai Eng - Spendly_ Workspace\data\F&B\train\images\fore4_png.rf.9c643a8e09f6fc9816d97e5547809580.jpg,,0,False
fore5_png.rf.946055e46213c84fec49312754172b3f.jpg,F&B,train,C:\Nizam\DBS-Foundation\Capstone - Ai Eng - Spendly_ Workspace\data\F&B\train\images\fore5_png.rf.946055e46213c84fec49312754172b3f.jpg,,0,False
fore6_png.rf.66eaee8a86ab8f5ba67049c3fe851559.jpg,F&B,train,C:\Nizam\DBS-Foundation\Capstone - Ai Eng - Spendly_ Workspace\data\F&B\train\images\fore6_png.rf.66eaee8a86ab8f5ba67049c3fe851559.jpg,,0,False
fore7_png.rf.1afb4996fa9c9b9669f7a4daf4aa5a0a.jpg,F&B,train,C:\Nizam\DBS-Foundation\Capstone - Ai Eng - Spendly_ Workspace\data\F&B\train\images\fore7_png.rf.1afb4996fa9c9b9669f7a4daf4aa5a0a.jpg,,0,False
fore8_png.rf.77c4758ce8a2c713f35c3a3b07126e48.jpg,F&B,train,C:\Nizam\DBS-Foundation\Capstone - Ai Eng - Spendly_ Workspace\data\F&B\train\images\fore8_png.rf.77c4758ce8a2c713f35c3a3b07126e48.jpg,,0,False
fore9_png.rf.793d0d9ef8825fa9ede4cad4e0bca357.jpg,F&B,train,C:\Nizam\DBS-Foundation\Capstone - Ai Eng - Spendly_ Workspace\data\F&B\train\images\fore9_png.rf.793d0d9ef8825fa9ede4cad4e0bca357.jpg,,0,False
kopken1_png.rf.68d60d691e2c50c64bf78f5093669f0b.jpg,F&B,train,C:\Nizam\DBS-Foundation\Capstone - Ai Eng - Spendly_ Workspace\data\F&B\train\images\kopken1_png.rf.68d60d691e2c50c64bf78f5093669f0b.jpg,,0,False
mako11_png.rf.e8b63d93df6812de5c135979d18de3f9.jpg,F&B,train,C:\Nizam\DBS-Foundation\Capstone - Ai Eng - Spendly_ Workspace\data\F&B\train\images\mako11_png.rf.e8b63d93df6812de5c135979d18de3f9.jpg,,0,False
mako12_png.rf.429785457dbcd40e5c3b4b2c6c717643.jpg,F&B,train,C:\Nizam\DBS-Foundation\Capstone - Ai Eng - Spendly_ Workspace\data\F&B\train\images\mako12_png.rf.429785457dbcd40e5c3b4b2c6c717643.jpg,,0,False
mako13_png.rf.27767e5f771e695b4dcfaa0ec35f0693.jpg,F&B,train,C:\Nizam\DBS-Foundation\Capstone - Ai Eng - Spendly_ Workspace\data\F&B\train\images\mako13_png.rf.27767e5f771e695b4dcfaa0ec35f0693.jpg,,0,False
mako14_png.rf.e7e83b08383c6d7f108ec71afc901c4d.jpg,F&B,train,C:\Nizam\DBS-Foundation\Capstone - Ai Eng - Spendly_ Workspace\data\F&B\train\images\mako14_png.rf.e7e83b08383c6d7f108ec71afc901c4d.jpg,,0,False
mako16_png.rf.2c4152ed575e6fa80fab3881df8af9f0.jpg,F&B,train,C:\Nizam\DBS-Foundation\Capstone - Ai Eng - Spendly_ Workspace\data\F&B\train\images\mako16_png.rf.2c4152ed575e6fa80fab3881df8af9f0.jpg,,0,False
mako17_png.rf.975aca6f5298093b3ffc1eb0814babe8.jpg,F&B,train,C:\Nizam\DBS-Foundation\Capstone - Ai Eng - Spendly_ Workspace\data\F&B\train\images\mako17_png.rf.975aca6f5298093b3ffc1eb0814babe8.jpg,,0,False
mako18_png.rf.d01ae218af1e7cc147a98043e4732e73.jpg,F&B,train,C:\Nizam\DBS-Foundation\Capstone - Ai Eng - Spendly_ Workspace\data\F&B\train\images\mako18_png.rf.d01ae218af1e7cc147a98043e4732e73.jpg,,0,False
mako2_png.rf.017ff54f2d571e2ab97b7272c12c88c0.jpg,F&B,train,C:\Nizam\DBS-Foundation\Capstone - Ai Eng - Spendly_ Workspace\data\F&B\train\images\mako2_png.rf.017ff54f2d571e2ab97b7272c12c88c0.jpg,,0,False
mako5_png.rf.a552f1c2384341617bda78070b0a6e63.jpg,F&B,train,C:\Nizam\DBS-Foundation\Capstone - Ai Eng - Spendly_ Workspace\data\F&B\train\images\mako5_png.rf.a552f1c2384341617bda78070b0a6e63.jpg,,0,False
mako6_png.rf.876d59c9d073c92bd7e3088988f6f49d.jpg,F&B,train,C:\Nizam\DBS-Foundation\Capstone - Ai Eng - Spendly_ Workspace\data\F&B\train\images\mako6_png.rf.876d59c9d073c92bd7e3088988f6f49d.jpg,,0,False
mako7_png.rf.74b21e23fc87b8dfb143f6c9d86c2b55.jpg,F&B,train,C:\Nizam\DBS-Foundation\Capstone - Ai Eng - Spendly_ Workspace\data\F&B\train\images\mako7_png.rf.74b21e23fc87b8dfb143f6c9d86c2b55.jpg,,0,False
mcd10_png.rf.68ff97f01fa2fe77065f1e2c58ad01a4.jpg,F&B,train,C:\Nizam\DBS-Foundation\Capstone - Ai Eng - Spendly_ Workspace\data\F&B\train\images\mcd10_png.rf.68ff97f01fa2fe77065f1e2c58ad01a4.jpg,,0,False
mcd11_png.rf.c950096c4831dd57d3be70e36fe2555a.jpg,F&B,train,C:\Nizam\DBS-Foundation\Capstone - Ai Eng - Spendly_ Workspace\data\F&B\train\images\mcd11_png.rf.c950096c4831dd57d3be70e36fe2555a.jpg,,0,False
mcd12_png.rf.4d5c9dca7be5c9f2432f3011a222f19c.jpg,F&B,train,C:\Nizam\DBS-Foundation\Capstone - Ai Eng - Spendly_ Workspace\data\F&B\train\images\mcd12_png.rf.4d5c9dca7be5c9f2432f3011a222f19c.jpg,,0,False
mcd15_png.rf.f7abc87bd55393aee246d76df0fe9657.jpg,F&B,train,C:\Nizam\DBS-Foundation\Capstone - Ai Eng - Spendly_ Workspace\data\F&B\train\images\mcd15_png.rf.f7abc87bd55393aee246d76df0fe9657.jpg,,0,False
mcd16_png.rf.8c8656253b199ed6e07727782a5f6bc8.jpg,F&B,train,C:\Nizam\DBS-Foundation\Capstone - Ai Eng - Spendly_ Workspace\data\F&B\train\images\mcd16_png.rf.8c8656253b199ed6e07727782a5f6bc8.jpg,,0,False
mcd18_png.rf.6d9fe30fc43d48e74b9870d1c800997a.jpg,F&B,train,C:\Nizam\DBS-Foundation\Capstone - Ai Eng - Spendly_ Workspace\data\F&B\train\images\mcd18_png.rf.6d9fe30fc43d48e74b9870d1c800997a.jpg,,0,False
mcd19_png.rf.6140f226bed0cf7b55bd5a628dad26a3.jpg,F&B,train,C:\Nizam\DBS-Foundation\Capstone - Ai Eng - Spendly_ Workspace\data\F&B\train\images\mcd19_png.rf.6140f226bed0cf7b55bd5a628dad26a3.jpg,,0,False
mcd1_jpg.rf.85b7ce9e33cebec9517fd71d487a1f8e.jpg,F&B,train,C:\Nizam\DBS-Foundation\Capstone - Ai Eng - Spendly_ Workspace\data\F&B\train\images\mcd1_jpg.rf.85b7ce9e33cebec9517fd71d487a1f8e.jpg,,0,False
mcd20_png.rf.e2a115d299db10e7ee01647ea707d83f.jpg,F&B,train,C:\Nizam\DBS-Foundation\Capstone - Ai Eng - Spendly_ Workspace\data\F&B\train\images\mcd20_png.rf.e2a115d299db10e7ee01647ea707d83f.jpg,,0,False
mcd2_jpg.rf.0793dc489ad927161473e33c96cb7dfa.jpg,F&B,train,C:\Nizam\DBS-Foundation\Capstone - Ai Eng - Spendly_ Workspace\data\F&B\train\images\mcd2_jpg.rf.0793dc489ad927161473e33c96cb7dfa.jpg,,0,False
mcd3_jpg.rf.6c580b7f5887fd7b03f5a22eb87345b9.jpg,F&B,train,C:\Nizam\DBS-Foundation\Capstone - Ai Eng - Spendly_ Workspace\data\F&B\train\images\mcd3_jpg.rf.6c580b7f5887fd7b03f5a22eb87345b9.jpg,,0,False
mcd4_png.rf.ef0a26f12ea646d62bf91fb17b88c10a.jpg,F&B,train,C:\Nizam\DBS-Foundation\Capstone - Ai Eng - Spendly_ Workspace\data\F&B\train\images\mcd4_png.rf.ef0a26f12ea646d62bf91fb17b88c10a.jpg,,0,False
mcd5_png.rf.93aaaca69d5616b0be5c8f666570189b.jpg,F&B,train,C:\Nizam\DBS-Foundation\Capstone - Ai Eng - Spendly_ Workspace\data\F&B\train\images\mcd5_png.rf.93aaaca69d5616b0be5c8f666570189b.jpg,,0,False
mcd7_png.rf.d85771000bef0fad3e40d4f986c0307b.jpg,F&B,train,C:\Nizam\DBS-Foundation\Capstone - Ai Eng - Spendly_ Workspace\data\F&B\train\images\mcd7_png.rf.d85771000bef0fad3e40d4f986c0307b.jpg,,0,False
mcd8_png.rf.9d2713188728c716e96e98c48b75d7d9.jpg,F&B,train,C:\Nizam\DBS-Foundation\Capstone - Ai Eng - Spendly_ Workspace\data\F&B\train\images\mcd8_png.rf.9d2713188728c716e96e98c48b75d7d9.jpg,,0,False
sbux10_jpg.rf.555aa04bffedbb5553f50465ef6f4deb.jpg,F&B,train,C:\Nizam\DBS-Foundation\Capstone - Ai Eng - Spendly_ Workspace\data\F&B\train\images\sbux10_jpg.rf.555aa04bffedbb5553f50465ef6f4deb.jpg,,0,False
sbux11_jpg.rf.67ff38f6921335a8d044ab7bad9561d8.jpg,F&B,train,C:\Nizam\DBS-Foundation\Capstone - Ai Eng - Spendly_ Workspace\data\F&B\train\images\sbux11_jpg.rf.67ff38f6921335a8d044ab7bad9561d8.jpg,,0,False
sbux13_jpg.rf.53b3da2ae9d5fd56c02f38add66afd1c.jpg,F&B,train,C:\Nizam\DBS-Foundation\Capstone - Ai Eng - Spendly_ Workspace\data\F&B\train\images\sbux13_jpg.rf.53b3da2ae9d5fd56c02f38add66afd1c.jpg,,0,False
sbux14_jpg.rf.a22f0f2776aef3d29284016613600508.jpg,F&B,train,C:\Nizam\DBS-Foundation\Capstone - Ai Eng - Spendly_ Workspace\data\F&B\train\images\sbux14_jpg.rf.a22f0f2776aef3d29284016613600508.jpg,,0,False
sbux15_jpg.rf.4d36925866b2d615afa73b92e62bba38.jpg,F&B,train,C:\Nizam\DBS-Foundation\Capstone - Ai Eng - Spendly_ Workspace\data\F&B\train\images\sbux15_jpg.rf.4d36925866b2d615afa73b92e62bba38.jpg,,0,False
sbux16_jpg.rf.6a300cd68ead4cc056015853010b25c7.jpg,F&B,train,C:\Nizam\DBS-Foundation\Capstone - Ai Eng - Spendly_ Workspace\data\F&B\train\images\sbux16_jpg.rf.6a300cd68ead4cc056015853010b25c7.jpg,,0,False
sbux19_png.rf.3653ac28f03f3a8171ed072ef1d921cc.jpg,F&B,train,C:\Nizam\DBS-Foundation\Capstone - Ai Eng - Spendly_ Workspace\data\F&B\train\images\sbux19_png.rf.3653ac28f03f3a8171ed072ef1d921cc.jpg,,0,False
sbux1_jpeg.rf.e42997938a47135985f09b51a0d2981d.jpg,F&B,train,C:\Nizam\DBS-Foundation\Capstone - Ai Eng - Spendly_ Workspace\data\F&B\train\images\sbux1_jpeg.rf.e42997938a47135985f09b51a0d2981d.jpg,,0,False
sbux20_png.rf.c171b5c40b220d75f4ee0015668a26fb.jpg,F&B,train,C:\Nizam\DBS-Foundation\Capstone - Ai Eng - Spendly_ Workspace\data\F&B\train\images\sbux20_png.rf.c171b5c40b220d75f4ee0015668a26fb.jpg,,0,False
sbux2_jpeg.rf.ef4412e2eaa7cd0231873f038517751d.jpg,F&B,train,C:\Nizam\DBS-Foundation\Capstone - Ai Eng - Spendly_ Workspace\data\F&B\train\images\sbux2_jpeg.rf.ef4412e2eaa7cd0231873f038517751d.jpg,,0,False
sbux3_jpeg.rf.4028f7172a333be7f79c8a3f0c75fc38.jpg,F&B,train,C:\Nizam\DBS-Foundation\Capstone - Ai Eng - Spendly_ Workspace\data\F&B\train\images\sbux3_jpeg.rf.4028f7172a333be7f79c8a3f0c75fc38.jpg,,0,False
sbux6_png.rf.aae9ea3b9eb745c59fa94be3de6158ec.jpg,F&B,train,C:\Nizam\DBS-Foundation\Capstone - Ai Eng - Spendly_ Workspace\data\F&B\train\images\sbux6_png.rf.aae9ea3b9eb745c59fa94be3de6158ec.jpg,,0,False
sbux7_jpg.rf.026b93dbbebb141d07bffe8dee823658.jpg,F&B,train,C:\Nizam\DBS-Foundation\Capstone - Ai Eng - Spendly_ Workspace\data\F&B\train\images\sbux7_jpg.rf.026b93dbbebb141d07bffe8dee823658.jpg,,0,False
sbux8_jpg.rf.6410fe78dd7dc52708e8d78b053f7a41.jpg,F&B,train,C:\Nizam\DBS-Foundation\Capstone - Ai Eng - Spendly_ Workspace\data\F&B\train\images\sbux8_jpg.rf.6410fe78dd7dc52708e8d78b053f7a41.jpg,,0,False
sbux9_jpg.rf.1888a22ab7a3a662796fd1a5c54d3251.jpg,F&B,train,C:\Nizam\DBS-Foundation\Capstone - Ai Eng - Spendly_ Workspace\data\F&B\train\images\sbux9_jpg.rf.1888a22ab7a3a662796fd1a5c54d3251.jpg,,0,False
solaria11_png.rf.3d87e3ebcaa3f13c242ec30658339803.jpg,F&B,train,C:\Nizam\DBS-Foundation\Capstone - Ai Eng - Spendly_ Workspace\data\F&B\train\images\solaria11_png.rf.3d87e3ebcaa3f13c242ec30658339803.jpg,,0,False
solaria13_png.rf.bcffb500279af1b050a7a1903673e533.jpg,F&B,train,C:\Nizam\DBS-Foundation\Capstone - Ai Eng - Spendly_ Workspace\data\F&B\train\images\solaria13_png.rf.bcffb500279af1b050a7a1903673e533.jpg,,0,False
solaria15_png.rf.c1d1ec4f0ff691fae1b4f805b435a110.jpg,F&B,train,C:\Nizam\DBS-Foundation\Capstone - Ai Eng - Spendly_ Workspace\data\F&B\train\images\solaria15_png.rf.c1d1ec4f0ff691fae1b4f805b435a110.jpg,,0,False
solaria16_png.rf.e305fa6b0fb21290f5fc0fc55910aaf0.jpg,F&B,train,C:\Nizam\DBS-Foundation\Capstone - Ai Eng - Spendly_ Workspace\data\F&B\train\images\solaria16_png.rf.e305fa6b0fb21290f5fc0fc55910aaf0.jpg,,0,False
solaria19_png.rf.bacf2a845986a01574cccc200c8464a8.jpg,F&B,train,C:\Nizam\DBS-Foundation\Capstone - Ai Eng - Spendly_ Workspace\data\F&B\train\images\solaria19_png.rf.bacf2a845986a01574cccc200c8464a8.jpg,,0,False
solaria1_jpeg.rf.37da04e7560252bcc0b54055cb5c482c.jpg,F&B,train,C:\Nizam\DBS-Foundation\Capstone - Ai Eng - Spendly_ Workspace\data\F&B\train\images\solaria1_jpeg.rf.37da04e7560252bcc0b54055cb5c482c.jpg,,0,False
solaria20_png.rf.cd90417d7c5d9c4d546787d75a41cf47.jpg,F&B,train,C:\Nizam\DBS-Foundation\Capstone - Ai Eng - Spendly_ Workspace\data\F&B\train\images\solaria20_png.rf.cd90417d7c5d9c4d546787d75a41cf47.jpg,,0,False
solaria2_png.rf.9b49ea7ca52fdefddad561000b9216ba.jpg,F&B,train,C:\Nizam\DBS-Foundation\Capstone - Ai Eng - Spendly_ Workspace\data\F&B\train\images\solaria2_png.rf.9b49ea7ca52fdefddad561000b9216ba.jpg,,0,False
solaria3_png.rf.fd04e3dc499edc690832771c4e7d5531.jpg,F&B,train,C:\Nizam\DBS-Foundation\Capstone - Ai Eng - Spendly_ Workspace\data\F&B\train\images\solaria3_png.rf.fd04e3dc499edc690832771c4e7d5531.jpg,,0,False
solaria5_png.rf.c3caacf042b45836fffb7ab91a52bdcc.jpg,F&B,train,C:\Nizam\DBS-Foundation\Capstone - Ai Eng - Spendly_ Workspace\data\F&B\train\images\solaria5_png.rf.c3caacf042b45836fffb7ab91a52bdcc.jpg,,0,False
solaria6_png.rf.7b0e93c8d4b5237145a1059cdc7f6733.jpg,F&B,train,C:\Nizam\DBS-Foundation\Capstone - Ai Eng - Spendly_ Workspace\data\F&B\train\images\solaria6_png.rf.7b0e93c8d4b5237145a1059cdc7f6733.jpg,,0,False
solaria9_png.rf.f992a23ed257d0ec548f127f32b70567.jpg,F&B,train,C:\Nizam\DBS-Foundation\Capstone - Ai Eng - Spendly_ Workspace\data\F&B\train\images\solaria9_png.rf.f992a23ed257d0ec548f127f32b70567.jpg,,0,False
tongtji12_png.rf.35f66821321fbe23066ded225dc8301a.jpg,F&B,train,C:\Nizam\DBS-Foundation\Capstone - Ai Eng - Spendly_ Workspace\data\F&B\train\images\tongtji12_png.rf.35f66821321fbe23066ded225dc8301a.jpg,,0,False
tongtji13_png.rf.8c55fc39971b975746b3bc3dbcbda1cd.jpg,F&B,train,C:\Nizam\DBS-Foundation\Capstone - Ai Eng - Spendly_ Workspace\data\F&B\train\images\tongtji13_png.rf.8c55fc39971b975746b3bc3dbcbda1cd.jpg,,0,False
tongtji14_png.rf.7321bba6ec8505b5cdf1ab4819a28692.jpg,F&B,train,C:\Nizam\DBS-Foundation\Capstone - Ai Eng - Spendly_ Workspace\data\F&B\train\images\tongtji14_png.rf.7321bba6ec8505b5cdf1ab4819a28692.jpg,,0,False
tongtji15_png.rf.75f0eae35d53cb3ed1f43c74ad84625a.jpg,F&B,train,C:\Nizam\DBS-Foundation\Capstone - Ai Eng - Spendly_ Workspace\data\F&B\train\images\tongtji15_png.rf.75f0eae35d53cb3ed1f43c74ad84625a.jpg,,0,False
tongtji16_png.rf.e094678e0fbc2f53b0d4e87592ceaf03.jpg,F&B,train,C:\Nizam\DBS-Foundation\Capstone - Ai Eng - Spendly_ Workspace\data\F&B\train\images\tongtji16_png.rf.e094678e0fbc2f53b0d4e87592ceaf03.jpg,,0,False
tongtji18_png.rf.8c8dfe10c3d2cac9f220316fb979d712.jpg,F&B,train,C:\Nizam\DBS-Foundation\Capstone - Ai Eng - Spendly_ Workspace\data\F&B\train\images\tongtji18_png.rf.8c8dfe10c3d2cac9f220316fb979d712.jpg,,0,False
tongtji1_jpeg.rf.bdd21bb1162439a1bc0da09ad061675a.jpg,F&B,train,C:\Nizam\DBS-Foundation\Capstone - Ai Eng - Spendly_ Workspace\data\F&B\train\images\tongtji1_jpeg.rf.bdd21bb1162439a1bc0da09ad061675a.jpg,,0,False
tongtji20_png.rf.cb375f3d0f509060c4b1e6a15609ef30.jpg,F&B,train,C:\Nizam\DBS-Foundation\Capstone - Ai Eng - Spendly_ Workspace\data\F&B\train\images\tongtji20_png.rf.cb375f3d0f509060c4b1e6a15609ef30.jpg,,0,False
tongtji2_png.rf.56cb59370d5c149e40accad94d67b794.jpg,F&B,train,C:\Nizam\DBS-Foundation\Capstone - Ai Eng - Spendly_ Workspace\data\F&B\train\images\tongtji2_png.rf.56cb59370d5c149e40accad94d67b794.jpg,,0,False
tongtji3_png.rf.117206963311615bebe6676e30799a79.jpg,F&B,train,C:\Nizam\DBS-Foundation\Capstone - Ai Eng - Spendly_ Workspace\data\F&B\train\images\tongtji3_png.rf.117206963311615bebe6676e30799a79.jpg,,0,False
tongtji4_png.rf.aebf9b7894862bbf726a1f249676d75c.jpg,F&B,train,C:\Nizam\DBS-Foundation\Capstone - Ai Eng - Spendly_ Workspace\data\F&B\train\images\tongtji4_png.rf.aebf9b7894862bbf726a1f249676d75c.jpg,,0,False
tongtji5_png.rf.3e272128a3519d4a37a1c02877149984.jpg,F&B,train,C:\Nizam\DBS-Foundation\Capstone - Ai Eng - Spendly_ Workspace\data\F&B\train\images\tongtji5_png.rf.3e272128a3519d4a37a1c02877149984.jpg,,0,False
tongtji7_png.rf.0f83cd1ffb6305f09ad246e8b30a9926.jpg,F&B,train,C:\Nizam\DBS-Foundation\Capstone - Ai Eng - Spendly_ Workspace\data\F&B\train\images\tongtji7_png.rf.0f83cd1ffb6305f09ad246e8b30a9926.jpg,,0,False
tongtji8_png.rf.5ee97c26a454fee582ca03d2f3d3264c.jpg,F&B,train,C:\Nizam\DBS-Foundation\Capstone - Ai Eng - Spendly_ Workspace\data\F&B\train\images\tongtji8_png.rf.5ee97c26a454fee582ca03d2f3d3264c.jpg,,0,False
tongtji9_png.rf.8bc32cb2106b1351a6b5897ab148e88a.jpg,F&B,train,C:\Nizam\DBS-Foundation\Capstone - Ai Eng - Spendly_ Workspace\data\F&B\train\images\tongtji9_png.rf.8bc32cb2106b1351a6b5897ab148e88a.jpg,,0,False
bk15_png.rf.c69791d33585fe9c9648c05bf73bf504.jpg,F&B,valid,C:\Nizam\DBS-Foundation\Capstone - Ai Eng - Spendly_ Workspace\data\F&B\valid\images\bk15_png.rf.c69791d33585fe9c9648c05bf73bf504.jpg,,0,False
bk18_png.rf.0fcd605e1085c31bc788b75c15c59a4d.jpg,F&B,valid,C:\Nizam\DBS-Foundation\Capstone - Ai Eng - Spendly_ Workspace\data\F&B\valid\images\bk18_png.rf.0fcd605e1085c31bc788b75c15c59a4d.jpg,,0,False
bk20_png.rf.bff103d0b061814dbd9bf4ee8431d8c2.jpg,F&B,valid,C:\Nizam\DBS-Foundation\Capstone - Ai Eng - Spendly_ Workspace\data\F&B\valid\images\bk20_png.rf.bff103d0b061814dbd9bf4ee8431d8c2.jpg,,0,False
bk9_png.rf.932b15e549e26c0cb6570de5232f63db.jpg,F&B,valid,C:\Nizam\DBS-Foundation\Capstone - Ai Eng - Spendly_ Workspace\data\F&B\valid\images\bk9_png.rf.932b15e549e26c0cb6570de5232f63db.jpg,,0,False
fore12_png.rf.e413d771abdfbbe23e28e063a2978086.jpg,F&B,valid,C:\Nizam\DBS-Foundation\Capstone - Ai Eng - Spendly_ Workspace\data\F&B\valid\images\fore12_png.rf.e413d771abdfbbe23e28e063a2978086.jpg,,0,False
fore3_png.rf.097cd8946f2548ca52acfdda25962d20.jpg,F&B,valid,C:\Nizam\DBS-Foundation\Capstone - Ai Eng - Spendly_ Workspace\data\F&B\valid\images\fore3_png.rf.097cd8946f2548ca52acfdda25962d20.jpg,,0,False
mako10_png.rf.71b04da7fe9bd165954c3c101db8c1f8.jpg,F&B,valid,C:\Nizam\DBS-Foundation\Capstone - Ai Eng - Spendly_ Workspace\data\F&B\valid\images\mako10_png.rf.71b04da7fe9bd165954c3c101db8c1f8.jpg,,0,False
mako15_png.rf.373f209545956869d4e33557f8fa033f.jpg,F&B,valid,C:\Nizam\DBS-Foundation\Capstone - Ai Eng - Spendly_ Workspace\data\F&B\valid\images\mako15_png.rf.373f209545956869d4e33557f8fa033f.jpg,,0,False
mako19_png.rf.8bf9e658098776f6af5f90e0461110ac.jpg,F&B,valid,C:\Nizam\DBS-Foundation\Capstone - Ai Eng - Spendly_ Workspace\data\F&B\valid\images\mako19_png.rf.8bf9e658098776f6af5f90e0461110ac.jpg,,0,False
mako20_jpeg.rf.99e5024e3bce5c481e7b494cad15323b.jpg,F&B,valid,C:\Nizam\DBS-Foundation\Capstone - Ai Eng - Spendly_ Workspace\data\F&B\valid\images\mako20_jpeg.rf.99e5024e3bce5c481e7b494cad15323b.jpg,,0,False
mako4_png.rf.8b8db698d22edde3e90bba6e884c9820.jpg,F&B,valid,C:\Nizam\DBS-Foundation\Capstone - Ai Eng - Spendly_ Workspace\data\F&B\valid\images\mako4_png.rf.8b8db698d22edde3e90bba6e884c9820.jpg,,0,False
mcd14_png.rf.ec8fc91cbe49879524ca47a022f94df8.jpg,F&B,valid,C:\Nizam\DBS-Foundation\Capstone - Ai Eng - Spendly_ Workspace\data\F&B\valid\images\mcd14_png.rf.ec8fc91cbe49879524ca47a022f94df8.jpg,,0,False
mcd17_png.rf.11dc4e868d2e23033fd77a8ee5f08a2b.jpg,F&B,valid,C:\Nizam\DBS-Foundation\Capstone - Ai Eng - Spendly_ Workspace\data\F&B\valid\images\mcd17_png.rf.11dc4e868d2e23033fd77a8ee5f08a2b.jpg,,0,False
sbux17_jpg.rf.dccf583976fd9b874853ca03200f65e5.jpg,F&B,valid,C:\Nizam\DBS-Foundation\Capstone - Ai Eng - Spendly_ Workspace\data\F&B\valid\images\sbux17_jpg.rf.dccf583976fd9b874853ca03200f65e5.jpg,,0,False
sbux18_jpg.rf.895a80603f455a441448b33cf2ef5cc0.jpg,F&B,valid,C:\Nizam\DBS-Foundation\Capstone - Ai Eng - Spendly_ Workspace\data\F&B\valid\images\sbux18_jpg.rf.895a80603f455a441448b33cf2ef5cc0.jpg,,0,False
sbux4_png.rf.9ecb6f0448c60028fe946af20928aa4e.jpg,F&B,valid,C:\Nizam\DBS-Foundation\Capstone - Ai Eng - Spendly_ Workspace\data\F&B\valid\images\sbux4_png.rf.9ecb6f0448c60028fe946af20928aa4e.jpg,,0,False
sbux5_png.rf.680d6161e9ef04155d85bf93ad3a25b5.jpg,F&B,valid,C:\Nizam\DBS-Foundation\Capstone - Ai Eng - Spendly_ Workspace\data\F&B\valid\images\sbux5_png.rf.680d6161e9ef04155d85bf93ad3a25b5.jpg,,0,False
solaria10_png.rf.341a0c5de2069b704d55c83393dd3f58.jpg,F&B,valid,C:\Nizam\DBS-Foundation\Capstone - Ai Eng - Spendly_ Workspace\data\F&B\valid\images\solaria10_png.rf.341a0c5de2069b704d55c83393dd3f58.jpg,,0,False
solaria12_png.rf.aed51533cc4137f1d53c389a26feb44e.jpg,F&B,valid,C:\Nizam\DBS-Foundation\Capstone - Ai Eng - Spendly_ Workspace\data\F&B\valid\images\solaria12_png.rf.aed51533cc4137f1d53c389a26feb44e.jpg,,0,False
solaria17_png.rf.b608ea87e45e85b142783ad826545861.jpg,F&B,valid,C:\Nizam\DBS-Foundation\Capstone - Ai Eng - Spendly_ Workspace\data\F&B\valid\images\solaria17_png.rf.b608ea87e45e85b142783ad826545861.jpg,,0,False
solaria18_png.rf.d6bb7291cc1818ca4c58e7c93adc49b5.jpg,F&B,valid,C:\Nizam\DBS-Foundation\Capstone - Ai Eng - Spendly_ Workspace\data\F&B\valid\images\solaria18_png.rf.d6bb7291cc1818ca4c58e7c93adc49b5.jpg,,0,False
solaria4_png.rf.57c8252be8949e82789f47d87fa92d20.jpg,F&B,valid,C:\Nizam\DBS-Foundation\Capstone - Ai Eng - Spendly_ Workspace\data\F&B\valid\images\solaria4_png.rf.57c8252be8949e82789f47d87fa92d20.jpg,,0,False
solaria7_png.rf.3678260af11664e36822ecce3f5764bd.jpg,F&B,valid,C:\Nizam\DBS-Foundation\Capstone - Ai Eng - Spendly_ Workspace\data\F&B\valid\images\solaria7_png.rf.3678260af11664e36822ecce3f5764bd.jpg,,0,False
solaria8_png.rf.924b94cd644793f6eb29e8999a572f21.jpg,F&B,valid,C:\Nizam\DBS-Foundation\Capstone - Ai Eng - Spendly_ Workspace\data\F&B\valid\images\solaria8_png.rf.924b94cd644793f6eb29e8999a572f21.jpg,,0,False
tongtji10_png.rf.5b83e953fd9868e8fa92f6bc79781996.jpg,F&B,valid,C:\Nizam\DBS-Foundation\Capstone - Ai Eng - Spendly_ Workspace\data\F&B\valid\images\tongtji10_png.rf.5b83e953fd9868e8fa92f6bc79781996.jpg,,0,False
tongtji11_png.rf.908147c8f74bfffa89ad9d0d51f462a1.jpg,F&B,valid,C:\Nizam\DBS-Foundation\Capstone - Ai Eng - Spendly_ Workspace\data\F&B\valid\images\tongtji11_png.rf.908147c8f74bfffa89ad9d0d51f462a1.jpg,,0,False
tongtji17_png.rf.b7c723fa528d8ea8b2a8c2859036e604.jpg,F&B,valid,C:\Nizam\DBS-Foundation\Capstone - Ai Eng - Spendly_ Workspace\data\F&B\valid\images\tongtji17_png.rf.b7c723fa528d8ea8b2a8c2859036e604.jpg,,0,False
tongtji6_png.rf.bcf1a75fbf3e81656e85812b9d2dd223.jpg,F&B,valid,C:\Nizam\DBS-Foundation\Capstone - Ai Eng - Spendly_ Workspace\data\F&B\valid\images\tongtji6_png.rf.bcf1a75fbf3e81656e85812b9d2dd223.jpg,,0,False
bk6_png.rf.e34da0ca4e159ee4a8758c7d05821494.jpg,F&B,test,C:\Nizam\DBS-Foundation\Capstone - Ai Eng - Spendly_ Workspace\data\F&B\test\images\bk6_png.rf.e34da0ca4e159ee4a8758c7d05821494.jpg,,0,False
fore11_png.rf.eac7281102ee00bf4c3e692a53eb3cc3.jpg,F&B,test,C:\Nizam\DBS-Foundation\Capstone - Ai Eng - Spendly_ Workspace\data\F&B\test\images\fore11_png.rf.eac7281102ee00bf4c3e692a53eb3cc3.jpg,,0,False
fore17_png.rf.0f1f8b58b7b9cf7cd1e36313bab53f6a.jpg,F&B,test,C:\Nizam\DBS-Foundation\Capstone - Ai Eng - Spendly_ Workspace\data\F&B\test\images\fore17_png.rf.0f1f8b58b7b9cf7cd1e36313bab53f6a.jpg,,0,False
fore18_png.rf.46a2d607a7721df4e7522131a9871e6b.jpg,F&B,test,C:\Nizam\DBS-Foundation\Capstone - Ai Eng - Spendly_ Workspace\data\F&B\test\images\fore18_png.rf.46a2d607a7721df4e7522131a9871e6b.jpg,,0,False
mako1_png.rf.39156945b54de01632414f7715083d17.jpg,F&B,test,C:\Nizam\DBS-Foundation\Capstone - Ai Eng - Spendly_ Workspace\data\F&B\test\images\mako1_png.rf.39156945b54de01632414f7715083d17.jpg,,0,False
mako3_png.rf.b02214a0723988da9cd317792beeaf83.jpg,F&B,test,C:\Nizam\DBS-Foundation\Capstone - Ai Eng - Spendly_ Workspace\data\F&B\test\images\mako3_png.rf.b02214a0723988da9cd317792beeaf83.jpg,,0,False
mako8_png.rf.b3d1f530f292958bb089ff66ee1009b4.jpg,F&B,test,C:\Nizam\DBS-Foundation\Capstone - Ai Eng - Spendly_ Workspace\data\F&B\test\images\mako8_png.rf.b3d1f530f292958bb089ff66ee1009b4.jpg,,0,False
mako9_png.rf.eaf81c62e2dce9241cf03c3bfd0438fc.jpg,F&B,test,C:\Nizam\DBS-Foundation\Capstone - Ai Eng - Spendly_ Workspace\data\F&B\test\images\mako9_png.rf.eaf81c62e2dce9241cf03c3bfd0438fc.jpg,,0,False
mcd13_png.rf.13e8a7990ec4540ea3d1a10d3ee373c7.jpg,F&B,test,C:\Nizam\DBS-Foundation\Capstone - Ai Eng - Spendly_ Workspace\data\F&B\test\images\mcd13_png.rf.13e8a7990ec4540ea3d1a10d3ee373c7.jpg,,0,False
mcd6_png.rf.d9f278500aa90d8d718ffe069508979f.jpg,F&B,test,C:\Nizam\DBS-Foundation\Capstone - Ai Eng - Spendly_ Workspace\data\F&B\test\images\mcd6_png.rf.d9f278500aa90d8d718ffe069508979f.jpg,,0,False
mcd9_png.rf.3e3fe0f0fb655345247327f8b8d98aae.jpg,F&B,test,C:\Nizam\DBS-Foundation\Capstone - Ai Eng - Spendly_ Workspace\data\F&B\test\images\mcd9_png.rf.3e3fe0f0fb655345247327f8b8d98aae.jpg,,0,False
sbux12_jpg.rf.3b748fe56b7a1af48e156df3d090dda1.jpg,F&B,test,C:\Nizam\DBS-Foundation\Capstone - Ai Eng - Spendly_ Workspace\data\F&B\test\images\sbux12_jpg.rf.3b748fe56b7a1af48e156df3d090dda1.jpg,,0,False
solaria14_png.rf.ac9331b45451bd4550b7d15093f67401.jpg,F&B,test,C:\Nizam\DBS-Foundation\Capstone - Ai Eng - Spendly_ Workspace\data\F&B\test\images\solaria14_png.rf.ac9331b45451bd4550b7d15093f67401.jpg,,0,False
tongtji19_png.rf.5a21bdedc6a324aeaa8b685d2693f978.jpg,F&B,test,C:\Nizam\DBS-Foundation\Capstone - Ai Eng - Spendly_ Workspace\data\F&B\test\images\tongtji19_png.rf.5a21bdedc6a324aeaa8b685d2693f978.jpg,,0,False
bensin-affan2_jpeg.rf.abf2927b78fad941aaf03ec0f16a20de.jpg,Gas,train,C:\Nizam\DBS-Foundation\Capstone - Ai Eng - Spendly_ Workspace\data\Gas\train\images\bensin-affan2_jpeg.rf.abf2927b78fad941aaf03ec0f16a20de.jpg,,0,False
bensin-affan3_jpeg.rf.c2ad8ec140607d0a34740b3df9555dfb.jpg,Gas,train,C:\Nizam\DBS-Foundation\Capstone - Ai Eng - Spendly_ Workspace\data\Gas\train\images\bensin-affan3_jpeg.rf.c2ad8ec140607d0a34740b3df9555dfb.jpg,,0,False
bensin-affan4_jpeg.rf.70575a8b4ef3f8e9f0f39d9ca640e56f.jpg,Gas,train,C:\Nizam\DBS-Foundation\Capstone - Ai Eng - Spendly_ Workspace\data\Gas\train\images\bensin-affan4_jpeg.rf.70575a8b4ef3f8e9f0f39d9ca640e56f.jpg,,0,False
camscaner-bensin-lana1_png.rf.870ae4c0b90c3948689c08648cd826d6.jpg,Gas,train,C:\Nizam\DBS-Foundation\Capstone - Ai Eng - Spendly_ Workspace\data\Gas\train\images\camscaner-bensin-lana1_png.rf.870ae4c0b90c3948689c08648cd826d6.jpg,,0,False
camscaner-bensin-lana2_png.rf.58c92beba62c063dac2de847d275c704.jpg,Gas,train,C:\Nizam\DBS-Foundation\Capstone - Ai Eng - Spendly_ Workspace\data\Gas\train\images\camscaner-bensin-lana2_png.rf.58c92beba62c063dac2de847d275c704.jpg,,0,False
camscaner-bensin-lana3_png.rf.6503595dc713f8f7b247fc9c0917e6c5.jpg,Gas,train,C:\Nizam\DBS-Foundation\Capstone - Ai Eng - Spendly_ Workspace\data\Gas\train\images\camscaner-bensin-lana3_png.rf.6503595dc713f8f7b247fc9c0917e6c5.jpg,,0,False
camscaner-bensin-lana4_png.rf.57623b5f7c55ef56b7cae43769fe47df.jpg,Gas,train,C:\Nizam\DBS-Foundation\Capstone - Ai Eng - Spendly_ Workspace\data\Gas\train\images\camscaner-bensin-lana4_png.rf.57623b5f7c55ef56b7cae43769fe47df.jpg,,0,False
camscaner-bensin-nofita1_png.rf.b9066e43f4996c969ebebb95c4c49b3c.jpg,Gas,train,C:\Nizam\DBS-Foundation\Capstone - Ai Eng - Spendly_ Workspace\data\Gas\train\images\camscaner-bensin-nofita1_png.rf.b9066e43f4996c969ebebb95c4c49b3c.jpg,,0,False
camscaner-bensin-nofita2_png.rf.7bdfedd19895db8fd1552c4591678e43.jpg,Gas,train,C:\Nizam\DBS-Foundation\Capstone - Ai Eng - Spendly_ Workspace\data\Gas\train\images\camscaner-bensin-nofita2_png.rf.7bdfedd19895db8fd1552c4591678e43.jpg,,0,False
camscaner-bensin-nofita3_png.rf.69c1dd416c65db4fd856425c5767dd0a.jpg,Gas,train,C:\Nizam\DBS-Foundation\Capstone - Ai Eng - Spendly_ Workspace\data\Gas\train\images\camscaner-bensin-nofita3_png.rf.69c1dd416c65db4fd856425c5767dd0a.jpg,,0,False
camscaner-bensin-nofita4_png.rf.012ab14d39df8e97864d3b0958737e2a.jpg,Gas,train,C:\Nizam\DBS-Foundation\Capstone - Ai Eng - Spendly_ Workspace\data\Gas\train\images\camscaner-bensin-nofita4_png.rf.012ab14d39df8e97864d3b0958737e2a.jpg,,0,False
camscaner-bensin-nofita5_png.rf.93a6225963698ecbbacf3878de898066.jpg,Gas,train,C:\Nizam\DBS-Foundation\Capstone - Ai Eng - Spendly_ Workspace\data\Gas\train\images\camscaner-bensin-nofita5_png.rf.93a6225963698ecbbacf3878de898066.jpg,,0,False
camscaner-bensin-rizky2_png.rf.182e6c63876ab99026d52c21b96b8391.jpg,Gas,train,C:\Nizam\DBS-Foundation\Capstone - Ai Eng - Spendly_ Workspace\data\Gas\train\images\camscaner-bensin-rizky2_png.rf.182e6c63876ab99026d52c21b96b8391.jpg,,0,False
camscaner-bensin-rizky3_png.rf.e54af9fd4a41a3c46e2f04927e7ad146.jpg,Gas,train,C:\Nizam\DBS-Foundation\Capstone - Ai Eng - Spendly_ Workspace\data\Gas\train\images\camscaner-bensin-rizky3_png.rf.e54af9fd4a41a3c46e2f04927e7ad146.jpg,,0,False
camscaner-bensin-rizky5_png.rf.22478f17e14b6642034168636561166a.jpg,Gas,train,C:\Nizam\DBS-Foundation\Capstone - Ai Eng - Spendly_ Workspace\data\Gas\train\images\camscaner-bensin-rizky5_png.rf.22478f17e14b6642034168636561166a.jpg,,0,False
camscaner-bensin-rizky_png.rf.9e73297d6460ce21d1ea1de39ab338a1.jpg,Gas,train,C:\Nizam\DBS-Foundation\Capstone - Ai Eng - Spendly_ Workspace\data\Gas\train\images\camscaner-bensin-rizky_png.rf.9e73297d6460ce21d1ea1de39ab338a1.jpg,,0,False
camscaner-bensin-yani2_png.rf.02ca267ad31dc31344f3af5f282a1d7b.jpg,Gas,train,C:\Nizam\DBS-Foundation\Capstone - Ai Eng - Spendly_ Workspace\data\Gas\train\images\camscaner-bensin-yani2_png.rf.02ca267ad31dc31344f3af5f282a1d7b.jpg,,0,False
camscaner-bensin-yani3_png.rf.06f308b07660625313d0316ff65e142e.jpg,Gas,train,C:\Nizam\DBS-Foundation\Capstone - Ai Eng - Spendly_ Workspace\data\Gas\train\images\camscaner-bensin-yani3_png.rf.06f308b07660625313d0316ff65e142e.jpg,,0,False
camscaner-bensin-yani4_png.rf.04a3cb2bbba5dcdc664ecdb15fd76202.jpg,Gas,train,C:\Nizam\DBS-Foundation\Capstone - Ai Eng - Spendly_ Workspace\data\Gas\train\images\camscaner-bensin-yani4_png.rf.04a3cb2bbba5dcdc664ecdb15fd76202.jpg,,0,False
camscaner-bensin-yani5_png.rf.f6045aee05d92b93bc3a2105242776fb.jpg,Gas,train,C:\Nizam\DBS-Foundation\Capstone - Ai Eng - Spendly_ Workspace\data\Gas\train\images\camscaner-bensin-yani5_png.rf.f6045aee05d92b93bc3a2105242776fb.jpg,,0,False
shell10_png.rf.94d182ea017b798d091c28c3cd03c454.jpg,Gas,train,C:\Nizam\DBS-Foundation\Capstone - Ai Eng - Spendly_ Workspace\data\Gas\train\images\shell10_png.rf.94d182ea017b798d091c28c3cd03c454.jpg,,0,False
shell11_png.rf.349eab2467a7b89c16c707feb08d2d1f.jpg,Gas,train,C:\Nizam\DBS-Foundation\Capstone - Ai Eng - Spendly_ Workspace\data\Gas\train\images\shell11_png.rf.349eab2467a7b89c16c707feb08d2d1f.jpg,,0,False
shell12_png.rf.5b0496fb57f26b62fa2aa9d646c1ffd0.jpg,Gas,train,C:\Nizam\DBS-Foundation\Capstone - Ai Eng - Spendly_ Workspace\data\Gas\train\images\shell12_png.rf.5b0496fb57f26b62fa2aa9d646c1ffd0.jpg,,0,False
shell13_png.rf.6a71fc3d92319f9eb6ec8558d77b117f.jpg,Gas,train,C:\Nizam\DBS-Foundation\Capstone - Ai Eng - Spendly_ Workspace\data\Gas\train\images\shell13_png.rf.6a71fc3d92319f9eb6ec8558d77b117f.jpg,,0,False
shell14_png.rf.4c97f0aabcd56fa9c2d4db28959afcbb.jpg,Gas,train,C:\Nizam\DBS-Foundation\Capstone - Ai Eng - Spendly_ Workspace\data\Gas\train\images\shell14_png.rf.4c97f0aabcd56fa9c2d4db28959afcbb.jpg,,0,False
shell16_png.rf.2a74a817a64789ea4f9f64261c2af304.jpg,Gas,train,C:\Nizam\DBS-Foundation\Capstone - Ai Eng - Spendly_ Workspace\data\Gas\train\images\shell16_png.rf.2a74a817a64789ea4f9f64261c2af304.jpg,,0,False
shell19_png.rf.1378746f6c4ebf71f6510c03d4b74b24.jpg,Gas,train,C:\Nizam\DBS-Foundation\Capstone - Ai Eng - Spendly_ Workspace\data\Gas\train\images\shell19_png.rf.1378746f6c4ebf71f6510c03d4b74b24.jpg,,0,False
shell1_jpeg.rf.4696b6f3bd387b15cb48688a5e522a6e.jpg,Gas,train,C:\Nizam\DBS-Foundation\Capstone - Ai Eng - Spendly_ Workspace\data\Gas\train\images\shell1_jpeg.rf.4696b6f3bd387b15cb48688a5e522a6e.jpg,,0,False
shell4_png.rf.c7886102937741d56d93571a04c94bc5.jpg,Gas,train,C:\Nizam\DBS-Foundation\Capstone - Ai Eng - Spendly_ Workspace\data\Gas\train\images\shell4_png.rf.c7886102937741d56d93571a04c94bc5.jpg,,0,False
shell5_png.rf.ca3c0a6bdd2cd11daee5c3748c6f747f.jpg,Gas,train,C:\Nizam\DBS-Foundation\Capstone - Ai Eng - Spendly_ Workspace\data\Gas\train\images\shell5_png.rf.ca3c0a6bdd2cd11daee5c3748c6f747f.jpg,,0,False
shell6_png.rf.14600895553e9c4301c71b76205d1061.jpg,Gas,train,C:\Nizam\DBS-Foundation\Capstone - Ai Eng - Spendly_ Workspace\data\Gas\train\images\shell6_png.rf.14600895553e9c4301c71b76205d1061.jpg,,0,False
shell7_png.rf.c66e2625ca891200f6636daa569143ea.jpg,Gas,train,C:\Nizam\DBS-Foundation\Capstone - Ai Eng - Spendly_ Workspace\data\Gas\train\images\shell7_png.rf.c66e2625ca891200f6636daa569143ea.jpg,,0,False
shell8_png.rf.33d58b1c55eea381086e5a8681bbc235.jpg,Gas,train,C:\Nizam\DBS-Foundation\Capstone - Ai Eng - Spendly_ Workspace\data\Gas\train\images\shell8_png.rf.33d58b1c55eea381086e5a8681bbc235.jpg,,0,False
shell9_png.rf.f421d5afc542a0e7efea861a8391b60e.jpg,Gas,train,C:\Nizam\DBS-Foundation\Capstone - Ai Eng - Spendly_ Workspace\data\Gas\train\images\shell9_png.rf.f421d5afc542a0e7efea861a8391b60e.jpg,,0,False
UC-BATANG-13-FEB-2026-pdf_page_2_png.rf.1ffd38d941efd36361cf112da67e0a69.jpg,Gas,train,C:\Nizam\DBS-Foundation\Capstone - Ai Eng - Spendly_ Workspace\data\Gas\train\images\UC-BATANG-13-FEB-2026-pdf_page_2_png.rf.1ffd38d941efd36361cf112da67e0a69.jpg,,0,False
UC-BATANG-BENSIN-18-MARET-2026-pdf_page_1_png.rf.6581b1af2c1dd4775ba0eb0688664512.jpg,Gas,train,C:\Nizam\DBS-Foundation\Capstone - Ai Eng - Spendly_ Workspace\data\Gas\train\images\UC-BATANG-BENSIN-18-MARET-2026-pdf_page_1_png.rf.6581b1af2c1dd4775ba0eb0688664512.jpg,,0,False
UC-BATANG-DINNER-18-MARET-2026-pdf_page_1_png.rf.8b2ee1a65efdaca9faa4c7716297f6b9.jpg,Gas,train,C:\Nizam\DBS-Foundation\Capstone - Ai Eng - Spendly_ Workspace\data\Gas\train\images\UC-BATANG-DINNER-18-MARET-2026-pdf_page_1_png.rf.8b2ee1a65efdaca9faa4c7716297f6b9.jpg,,0,False
UC-DEMAK-3-MARET-2026-pdf_page_1_png.rf.de326daafa4f21bfa91c61c97a0f3895.jpg,Gas,train,C:\Nizam\DBS-Foundation\Capstone - Ai Eng - Spendly_ Workspace\data\Gas\train\images\UC-DEMAK-3-MARET-2026-pdf_page_1_png.rf.de326daafa4f21bfa91c61c97a0f3895.jpg,,0,False
UC-GROBOGAN-02-JAN-2026-pdf_page_1_png.rf.a1877efaa37cbc3be316939bd14010a6.jpg,Gas,train,C:\Nizam\DBS-Foundation\Capstone - Ai Eng - Spendly_ Workspace\data\Gas\train\images\UC-GROBOGAN-02-JAN-2026-pdf_page_1_png.rf.a1877efaa37cbc3be316939bd14010a6.jpg,,0,False
UC-GROBOGAN-10-MARET-2026-pdf_page_1_png.rf.5e758a59d0923bfb592d97a00894aac4.jpg,Gas,train,C:\Nizam\DBS-Foundation\Capstone - Ai Eng - Spendly_ Workspace\data\Gas\train\images\UC-GROBOGAN-10-MARET-2026-pdf_page_1_png.rf.5e758a59d0923bfb592d97a00894aac4.jpg,,0,False
UC-GROBOGAN-24-FEB-26-pdf_page_1_png.rf.b1aa984cf636b94da997e1137ce0debc.jpg,Gas,train,C:\Nizam\DBS-Foundation\Capstone - Ai Eng - Spendly_ Workspace\data\Gas\train\images\UC-GROBOGAN-24-FEB-26-pdf_page_1_png.rf.b1aa984cf636b94da997e1137ce0debc.jpg,,0,False
UC-GUBUG-07-FEB-2026-pdf_page_1_png.rf.7551d5e80428690f0fe5ef25a7d1e4fa.jpg,Gas,train,C:\Nizam\DBS-Foundation\Capstone - Ai Eng - Spendly_ Workspace\data\Gas\train\images\UC-GUBUG-07-FEB-2026-pdf_page_1_png.rf.7551d5e80428690f0fe5ef25a7d1e4fa.jpg,,0,False
UC-GUBUG-27-MARET-2026-pdf_page_1_png.rf.cc0bac9e8a36bf121084462bb76ec8d2.jpg,Gas,train,C:\Nizam\DBS-Foundation\Capstone - Ai Eng - Spendly_ Workspace\data\Gas\train\images\UC-GUBUG-27-MARET-2026-pdf_page_1_png.rf.cc0bac9e8a36bf121084462bb76ec8d2.jpg,,0,False
UC-KENDAL-07-JAN-2026-pdf_page_1_png.rf.d0ba670186ac1f43452faa25ecf9f08d.jpg,Gas,train,C:\Nizam\DBS-Foundation\Capstone - Ai Eng - Spendly_ Workspace\data\Gas\train\images\UC-KENDAL-07-JAN-2026-pdf_page_1_png.rf.d0ba670186ac1f43452faa25ecf9f08d.jpg,,0,False
UC-KENDAL-26-MARET-2026-pdf_page_1_png.rf.6208c06b9ad9757522e10d189c6d2acd.jpg,Gas,train,C:\Nizam\DBS-Foundation\Capstone - Ai Eng - Spendly_ Workspace\data\Gas\train\images\UC-KENDAL-26-MARET-2026-pdf_page_1_png.rf.6208c06b9ad9757522e10d189c6d2acd.jpg,,0,False
UC-TEMANGGUNG-23-FEB-26-pdf_page_1_png.rf.3b2ea458223238bf167d17e034e05a2c.jpg,Gas,train,C:\Nizam\DBS-Foundation\Capstone - Ai Eng - Spendly_ Workspace\data\Gas\train\images\UC-TEMANGGUNG-23-FEB-26-pdf_page_1_png.rf.3b2ea458223238bf167d17e034e05a2c.jpg,,0,False
UC-TEMANGGUNG-25-MARET-2026-pdf_page_1_png.rf.9ef0278c8721a4286ebdaee9f2db6c75.jpg,Gas,train,C:\Nizam\DBS-Foundation\Capstone - Ai Eng - Spendly_ Workspace\data\Gas\train\images\UC-TEMANGGUNG-25-MARET-2026-pdf_page_1_png.rf.9ef0278c8721a4286ebdaee9f2db6c75.jpg,,0,False
bensin-affan5_jpeg.rf.e803af5b63d5d2a18a36124af60f254a.jpg,Gas,valid,C:\Nizam\DBS-Foundation\Capstone - Ai Eng - Spendly_ Workspace\data\Gas\valid\images\bensin-affan5_jpeg.rf.e803af5b63d5d2a18a36124af60f254a.jpg,,0,False
camscaner-bensin-rizky4_png.rf.524bcca71c529cef19aeb3293ba62254.jpg,Gas,valid,C:\Nizam\DBS-Foundation\Capstone - Ai Eng - Spendly_ Workspace\data\Gas\valid\images\camscaner-bensin-rizky4_png.rf.524bcca71c529cef19aeb3293ba62254.jpg,,0,False
shell15_png.rf.f4e42483508e4309ea290aa6ef71aa2a.jpg,Gas,valid,C:\Nizam\DBS-Foundation\Capstone - Ai Eng - Spendly_ Workspace\data\Gas\valid\images\shell15_png.rf.f4e42483508e4309ea290aa6ef71aa2a.jpg,,0,False
shell17_png.rf.1c28d9d1b3400b437818277224876ef6.jpg,Gas,valid,C:\Nizam\DBS-Foundation\Capstone - Ai Eng - Spendly_ Workspace\data\Gas\valid\images\shell17_png.rf.1c28d9d1b3400b437818277224876ef6.jpg,,0,False
shell18_png.rf.da4668a948f0a21f54ef0f9d823b684a.jpg,Gas,valid,C:\Nizam\DBS-Foundation\Capstone - Ai Eng - Spendly_ Workspace\data\Gas\valid\images\shell18_png.rf.da4668a948f0a21f54ef0f9d823b684a.jpg,,0,False
shell20_png.rf.eabe8fd3e9f3d9accc388613de52b907.jpg,Gas,valid,C:\Nizam\DBS-Foundation\Capstone - Ai Eng - Spendly_ Workspace\data\Gas\valid\images\shell20_png.rf.eabe8fd3e9f3d9accc388613de52b907.jpg,,0,False
shell2_jpeg.rf.78e0474920d53749de24686a4334fdd8.jpg,Gas,valid,C:\Nizam\DBS-Foundation\Capstone - Ai Eng - Spendly_ Workspace\data\Gas\valid\images\shell2_jpeg.rf.78e0474920d53749de24686a4334fdd8.jpg,,0,False
UC-DEMAK-24-JAN-2026-pdf_page_1_png.rf.bb07e29b16b5bd1947d5734bda7e2905.jpg,Gas,valid,C:\Nizam\DBS-Foundation\Capstone - Ai Eng - Spendly_ Workspace\data\Gas\valid\images\UC-DEMAK-24-JAN-2026-pdf_page_1_png.rf.bb07e29b16b5bd1947d5734bda7e2905.jpg,,0,False
UC-GUBUG-20-JAN-2026-pdf_page_1_png.rf.f5e52a54c1ed79010b2e9e1a627a9f54.jpg,Gas,valid,C:\Nizam\DBS-Foundation\Capstone - Ai Eng - Spendly_ Workspace\data\Gas\valid\images\UC-GUBUG-20-JAN-2026-pdf_page_1_png.rf.f5e52a54c1ed79010b2e9e1a627a9f54.jpg,,0,False
bensin-affan1_jpeg.rf.59aa403b8196f7627ca9d7afcfb54dbb.jpg,Gas,test,C:\Nizam\DBS-Foundation\Capstone - Ai Eng - Spendly_ Workspace\data\Gas\test\images\bensin-affan1_jpeg.rf.59aa403b8196f7627ca9d7afcfb54dbb.jpg,,0,False
camscaner-bensin-yani1_png.rf.d59ec21cf30fbb5e7476c227b92fc1b6.jpg,Gas,test,C:\Nizam\DBS-Foundation\Capstone - Ai Eng - Spendly_ Workspace\data\Gas\test\images\camscaner-bensin-yani1_png.rf.d59ec21cf30fbb5e7476c227b92fc1b6.jpg,,0,False
shell3_png.rf.62a8d63be42ebed0f8a4fa11f5715c46.jpg,Gas,test,C:\Nizam\DBS-Foundation\Capstone - Ai Eng - Spendly_ Workspace\data\Gas\test\images\shell3_png.rf.62a8d63be42ebed0f8a4fa11f5715c46.jpg,,0,False
UC-BATANG-13-FEB-2026-pdf_page_1_png.rf.0a456166f24dae4655c4b07cb1604d4a.jpg,Gas,test,C:\Nizam\DBS-Foundation\Capstone - Ai Eng - Spendly_ Workspace\data\Gas\test\images\UC-BATANG-13-FEB-2026-pdf_page_1_png.rf.0a456166f24dae4655c4b07cb1604d4a.jpg,,0,False
UC-BATANG-13-FEB-2026-pdf_page_3_png.rf.eee5983b606cec2d9f904ea9b5fca55c.jpg,Gas,test,C:\Nizam\DBS-Foundation\Capstone - Ai Eng - Spendly_ Workspace\data\Gas\test\images\UC-BATANG-13-FEB-2026-pdf_page_3_png.rf.eee5983b606cec2d9f904ea9b5fca55c.jpg,,0,False
UC-DEMAK-19-FEB-2026-pdf_page_1_png.rf.4f2eb2a7e4e3fd98bfcfc8ff579c354b.jpg,Gas,test,C:\Nizam\DBS-Foundation\Capstone - Ai Eng - Spendly_ Workspace\data\Gas\test\images\UC-DEMAK-19-FEB-2026-pdf_page_1_png.rf.4f2eb2a7e4e3fd98bfcfc8ff579c354b.jpg,,0,False
12-selesai-cara-transaksi-penjualan-new1_jpg.rf.e1d14e23446a6a9b4e4736bdb1f85b78.jpg,Groceries,train,C:\Nizam\DBS-Foundation\Capstone - Ai Eng - Spendly_ Workspace\data\Groceries\train\images\12-selesai-cara-transaksi-penjualan-new1_jpg.rf.e1d14e23446a6a9b4e4736bdb1f85b78.jpg,,0,False
6-tampilan-dari-cetak-struk_jpg.rf.2093be40c40144b79cfcae59f747aba8.jpg,Groceries,train,C:\Nizam\DBS-Foundation\Capstone - Ai Eng - Spendly_ Workspace\data\Groceries\train\images\6-tampilan-dari-cetak-struk_jpg.rf.2093be40c40144b79cfcae59f747aba8.jpg,,0,False
Benihbaik531ec84b6de9735e2cb7161b603ac01e17dc00c1-1-_jpg.rf.3f8adf5f431106c2954573a02c3144fc.jpg,Groceries,train,C:\Nizam\DBS-Foundation\Capstone - Ai Eng - Spendly_ Workspace\data\Groceries\train\images\Benihbaik531ec84b6de9735e2cb7161b603ac01e17dc00c1-1-_jpg.rf.3f8adf5f431106c2954573a02c3144fc.jpg,,0,False
Benihbaikaba144e56a189a19d272718daf5838e3bfcb6c0e_png.rf.33aa3cc8e95770f52c2a4dd11ad69677.jpg,Groceries,train,C:\Nizam\DBS-Foundation\Capstone - Ai Eng - Spendly_ Workspace\data\Groceries\train\images\Benihbaikaba144e56a189a19d272718daf5838e3bfcb6c0e_png.rf.33aa3cc8e95770f52c2a4dd11ad69677.jpg,,0,False
CamScanner-18-11-2024-12-48_7_jpg.rf.58e75b260930768aab575ff1e003d9a1.jpg,Groceries,train,C:\Nizam\DBS-Foundation\Capstone - Ai Eng - Spendly_ Workspace\data\Groceries\train\images\CamScanner-18-11-2024-12-48_7_jpg.rf.58e75b260930768aab575ff1e003d9a1.jpg,,0,False
CamScanner-18-11-2024-12-48_82_jpg.rf.9665cc222bbfd2b8d04947b4ff798be1.jpg,Groceries,train,C:\Nizam\DBS-Foundation\Capstone - Ai Eng - Spendly_ Workspace\data\Groceries\train\images\CamScanner-18-11-2024-12-48_82_jpg.rf.9665cc222bbfd2b8d04947b4ff798be1.jpg,,0,False
CamScanner-18-11-2024-12-48_84_jpg.rf.d5c9f66f3a0e1070b85dcd6bf2a550ea.jpg,Groceries,train,C:\Nizam\DBS-Foundation\Capstone - Ai Eng - Spendly_ Workspace\data\Groceries\train\images\CamScanner-18-11-2024-12-48_84_jpg.rf.d5c9f66f3a0e1070b85dcd6bf2a550ea.jpg,,0,False
CamScanner-18-11-2024-12-48_89_jpg.rf.5c31ea9599c7f8e1007cffdce3e6b4ba.jpg,Groceries,train,C:\Nizam\DBS-Foundation\Capstone - Ai Eng - Spendly_ Workspace\data\Groceries\train\images\CamScanner-18-11-2024-12-48_89_jpg.rf.5c31ea9599c7f8e1007cffdce3e6b4ba.jpg,,0,False
CamScanner-18-11-2024-12-48_89_jpg.rf.aab33a773b65e418d2523772ab8b8944.jpg,Groceries,train,C:\Nizam\DBS-Foundation\Capstone - Ai Eng - Spendly_ Workspace\data\Groceries\train\images\CamScanner-18-11-2024-12-48_89_jpg.rf.aab33a773b65e418d2523772ab8b8944.jpg,,0,False
CamScanner-18-11-2024-12-48_92_jpg.rf.31d055e0c7ad03b3a2c20730532af04d.jpg,Groceries,train,C:\Nizam\DBS-Foundation\Capstone - Ai Eng - Spendly_ Workspace\data\Groceries\train\images\CamScanner-18-11-2024-12-48_92_jpg.rf.31d055e0c7ad03b3a2c20730532af04d.jpg,,0,False
CamScanner-18-11-2024-12-48_93_jpg.rf.940f9b526acfdc0e9c37710dd915d0cc.jpg,Groceries,train,C:\Nizam\DBS-Foundation\Capstone - Ai Eng - Spendly_ Workspace\data\Groceries\train\images\CamScanner-18-11-2024-12-48_93_jpg.rf.940f9b526acfdc0e9c37710dd915d0cc.jpg,,0,False
CamScanner-18-11-2024-12-48_95_jpg.rf.2469f2211a9228ef1edfc130e1878388.jpg,Groceries,train,C:\Nizam\DBS-Foundation\Capstone - Ai Eng - Spendly_ Workspace\data\Groceries\train\images\CamScanner-18-11-2024-12-48_95_jpg.rf.2469f2211a9228ef1edfc130e1878388.jpg,,0,False
CamScanner-18-11-2024-12-48_97_jpg.rf.05c0004d175a196671ddc770e7eeedd0.jpg,Groceries,train,C:\Nizam\DBS-Foundation\Capstone - Ai Eng - Spendly_ Workspace\data\Groceries\train\images\CamScanner-18-11-2024-12-48_97_jpg.rf.05c0004d175a196671ddc770e7eeedd0.jpg,,0,False
CamScanner-18-11-2024-12-48_97_jpg.rf.8a0bb53ee7b930ef275af05cb777209b.jpg,Groceries,train,C:\Nizam\DBS-Foundation\Capstone - Ai Eng - Spendly_ Workspace\data\Groceries\train\images\CamScanner-18-11-2024-12-48_97_jpg.rf.8a0bb53ee7b930ef275af05cb777209b.jpg,,0,False
CamScanner-18-11-2024-12-48_99_jpg.rf.fde8eab1d207cf459b243ab6ac649537.jpg,Groceries,train,C:\Nizam\DBS-Foundation\Capstone - Ai Eng - Spendly_ Workspace\data\Groceries\train\images\CamScanner-18-11-2024-12-48_99_jpg.rf.fde8eab1d207cf459b243ab6ac649537.jpg,,0,False
CamScanner-19-11-2024-16-49_11_jpg.rf.5ad88829778504c6544aaa14709c7584.jpg,Groceries,train,C:\Nizam\DBS-Foundation\Capstone - Ai Eng - Spendly_ Workspace\data\Groceries\train\images\CamScanner-19-11-2024-16-49_11_jpg.rf.5ad88829778504c6544aaa14709c7584.jpg,,0,False
CamScanner-19-11-2024-16-49_13_jpg.rf.8f21a593c403b4406425e7e4d7ebec46.jpg,Groceries,train,C:\Nizam\DBS-Foundation\Capstone - Ai Eng - Spendly_ Workspace\data\Groceries\train\images\CamScanner-19-11-2024-16-49_13_jpg.rf.8f21a593c403b4406425e7e4d7ebec46.jpg,,0,False
CamScanner-19-11-2024-16-49_13_jpg.rf.9d06cf649afd684329ccc8da9c4f0ed0.jpg,Groceries,train,C:\Nizam\DBS-Foundation\Capstone - Ai Eng - Spendly_ Workspace\data\Groceries\train\images\CamScanner-19-11-2024-16-49_13_jpg.rf.9d06cf649afd684329ccc8da9c4f0ed0.jpg,,0,False
CamScanner-19-11-2024-16-49_14_jpg.rf.f44017ff9dd1d9d321c8abc35c6d0e62.jpg,Groceries,train,C:\Nizam\DBS-Foundation\Capstone - Ai Eng - Spendly_ Workspace\data\Groceries\train\images\CamScanner-19-11-2024-16-49_14_jpg.rf.f44017ff9dd1d9d321c8abc35c6d0e62.jpg,,0,False
CamScanner-19-11-2024-16-49_16_jpg.rf.42626a3fd6907f2ced16f7546e506931.jpg,Groceries,train,C:\Nizam\DBS-Foundation\Capstone - Ai Eng - Spendly_ Workspace\data\Groceries\train\images\CamScanner-19-11-2024-16-49_16_jpg.rf.42626a3fd6907f2ced16f7546e506931.jpg,,0,False
CamScanner-19-11-2024-16-49_16_jpg.rf.cf2c220123fe4e02523983bb09c99ddf.jpg,Groceries,train,C:\Nizam\DBS-Foundation\Capstone - Ai Eng - Spendly_ Workspace\data\Groceries\train\images\CamScanner-19-11-2024-16-49_16_jpg.rf.cf2c220123fe4e02523983bb09c99ddf.jpg,,0,False
CamScanner-19-11-2024-16-49_16_jpg.rf.deb2ec9ce63454dcd04e91b099114a9e.jpg,Groceries,train,C:\Nizam\DBS-Foundation\Capstone - Ai Eng - Spendly_ Workspace\data\Groceries\train\images\CamScanner-19-11-2024-16-49_16_jpg.rf.deb2ec9ce63454dcd04e91b099114a9e.jpg,,0,False
CamScanner-19-11-2024-16-49_2_jpg.rf.be90ac8be48a868a29b15c0ecb06ccb4.jpg,Groceries,train,C:\Nizam\DBS-Foundation\Capstone - Ai Eng - Spendly_ Workspace\data\Groceries\train\images\CamScanner-19-11-2024-16-49_2_jpg.rf.be90ac8be48a868a29b15c0ecb06ccb4.jpg,,0,False
CamScanner-19-11-2024-16-49_2_jpg.rf.e50f8b2a9f6bcb453c0ad04d96878ac2.jpg,Groceries,train,C:\Nizam\DBS-Foundation\Capstone - Ai Eng - Spendly_ Workspace\data\Groceries\train\images\CamScanner-19-11-2024-16-49_2_jpg.rf.e50f8b2a9f6bcb453c0ad04d96878ac2.jpg,,0,False
CamScanner-19-11-2024-16-49_4_jpg.rf.4643739bbb9a85bf18e260675a819e01.jpg,Groceries,train,C:\Nizam\DBS-Foundation\Capstone - Ai Eng - Spendly_ Workspace\data\Groceries\train\images\CamScanner-19-11-2024-16-49_4_jpg.rf.4643739bbb9a85bf18e260675a819e01.jpg,,0,False
CamScanner-19-11-2024-16-49_4_jpg.rf.7fd4cb0f49d79b64a643bf8ded94cb39.jpg,Groceries,train,C:\Nizam\DBS-Foundation\Capstone - Ai Eng - Spendly_ Workspace\data\Groceries\train\images\CamScanner-19-11-2024-16-49_4_jpg.rf.7fd4cb0f49d79b64a643bf8ded94cb39.jpg,,0,False
CamScanner-19-11-2024-16-49_5_jpg.rf.2af061f407b2709dbc0c1d10a6470ba9.jpg,Groceries,train,C:\Nizam\DBS-Foundation\Capstone - Ai Eng - Spendly_ Workspace\data\Groceries\train\images\CamScanner-19-11-2024-16-49_5_jpg.rf.2af061f407b2709dbc0c1d10a6470ba9.jpg,,0,False
CamScanner-19-11-2024-16-49_5_jpg.rf.4526d8997abb115d96d0a29504954fae.jpg,Groceries,train,C:\Nizam\DBS-Foundation\Capstone - Ai Eng - Spendly_ Workspace\data\Groceries\train\images\CamScanner-19-11-2024-16-49_5_jpg.rf.4526d8997abb115d96d0a29504954fae.jpg,,0,False
CamScanner-19-11-2024-16-49_6_jpg.rf.8262499ee56dffb75c0e5f0bfeaf1b8c.jpg,Groceries,train,C:\Nizam\DBS-Foundation\Capstone - Ai Eng - Spendly_ Workspace\data\Groceries\train\images\CamScanner-19-11-2024-16-49_6_jpg.rf.8262499ee56dffb75c0e5f0bfeaf1b8c.jpg,,0,False
CamScanner-19-11-2024-16-49_7_jpg.rf.cfd309c3b3234664bf190e1fcb64e024.jpg,Groceries,train,C:\Nizam\DBS-Foundation\Capstone - Ai Eng - Spendly_ Workspace\data\Groceries\train\images\CamScanner-19-11-2024-16-49_7_jpg.rf.cfd309c3b3234664bf190e1fcb64e024.jpg,,0,False
CamScanner-19-11-2024-16-49_7_jpg.rf.e7f49d315833e0a4277c653aa52893e6.jpg,Groceries,train,C:\Nizam\DBS-Foundation\Capstone - Ai Eng - Spendly_ Workspace\data\Groceries\train\images\CamScanner-19-11-2024-16-49_7_jpg.rf.e7f49d315833e0a4277c653aa52893e6.jpg,,0,False
CamScanner-19-11-2024-16-49_8_jpg.rf.7b8c23738fdfd3c5e407efc53489376f.jpg,Groceries,train,C:\Nizam\DBS-Foundation\Capstone - Ai Eng - Spendly_ Workspace\data\Groceries\train\images\CamScanner-19-11-2024-16-49_8_jpg.rf.7b8c23738fdfd3c5e407efc53489376f.jpg,,0,False
cherly-superindo_jpg.rf.8ec0bcdaa5a56b1196d35c16bf338e72.jpg,Groceries,train,C:\Nizam\DBS-Foundation\Capstone - Ai Eng - Spendly_ Workspace\data\Groceries\train\images\cherly-superindo_jpg.rf.8ec0bcdaa5a56b1196d35c16bf338e72.jpg,,0,False
E-Reciept_06122025083602_2023032905395876_1777708177915-pdf_page_1_png.rf.f35bb3ac3e71d16a5f722ea9667277f7.jpg,Groceries,train,C:\Nizam\DBS-Foundation\Capstone - Ai Eng - Spendly_ Workspace\data\Groceries\train\images\E-Reciept_06122025083602_2023032905395876_1777708177915-pdf_page_1_png.rf.f35bb3ac3e71d16a5f722ea9667277f7.jpg,,0,False
E-Reciept_17112025080314_2023032905395876_1777708161084-pdf_page_1_png.rf.da4fd35735c10b3389447366326fd0cf.jpg,Groceries,train,C:\Nizam\DBS-Foundation\Capstone - Ai Eng - Spendly_ Workspace\data\Groceries\train\images\E-Reciept_17112025080314_2023032905395876_1777708161084-pdf_page_1_png.rf.da4fd35735c10b3389447366326fd0cf.jpg,,0,False
E-Reciept_18042026084817_2023032905395876_1777708186563-pdf_page_1_png.rf.682b021ea9aafeec309d5a5077d5bb26.jpg,Groceries,train,C:\Nizam\DBS-Foundation\Capstone - Ai Eng - Spendly_ Workspace\data\Groceries\train\images\E-Reciept_18042026084817_2023032905395876_1777708186563-pdf_page_1_png.rf.682b021ea9aafeec309d5a5077d5bb26.jpg,,0,False
E-Reciept_28042026090826_2023032905395876_1777385460746-pdf_page_1_png.rf.45b4859e0c60312ddcce38950688027c.jpg,Groceries,train,C:\Nizam\DBS-Foundation\Capstone - Ai Eng - Spendly_ Workspace\data\Groceries\train\images\E-Reciept_28042026090826_2023032905395876_1777385460746-pdf_page_1_png.rf.45b4859e0c60312ddcce38950688027c.jpg,,0,False
EV23suKU0AAqvRp_jpg.rf.de2a4384a036b81609eed25f9e32ab07.jpg,Groceries,train,C:\Nizam\DBS-Foundation\Capstone - Ai Eng - Spendly_ Workspace\data\Groceries\train\images\EV23suKU0AAqvRp_jpg.rf.de2a4384a036b81609eed25f9e32ab07.jpg,,0,False
id-11134207-7r98w-lzbsdcbkel0e03_jpg.rf.703d9bd5d99b009ad316b1cf8f50d67d.jpg,Groceries,train,C:\Nizam\DBS-Foundation\Capstone - Ai Eng - Spendly_ Workspace\data\Groceries\train\images\id-11134207-7r98w-lzbsdcbkel0e03_jpg.rf.703d9bd5d99b009ad316b1cf8f50d67d.jpg,,0,False
images-1-_jpg.rf.feb3c1df80935b4be31f02ee7f96fc75.jpg,Groceries,train,C:\Nizam\DBS-Foundation\Capstone - Ai Eng - Spendly_ Workspace\data\Groceries\train\images\images-1-_jpg.rf.feb3c1df80935b4be31f02ee7f96fc75.jpg,,0,False
images-3-_jpg.rf.6d0e5a45098e95578de513d2e99f629d.jpg,Groceries,train,C:\Nizam\DBS-Foundation\Capstone - Ai Eng - Spendly_ Workspace\data\Groceries\train\images\images-3-_jpg.rf.6d0e5a45098e95578de513d2e99f629d.jpg,,0,False
images-5-_jpg.rf.cc7a341dfa8bdda8e36e7773eb90d6ab.jpg,Groceries,train,C:\Nizam\DBS-Foundation\Capstone - Ai Eng - Spendly_ Workspace\data\Groceries\train\images\images-5-_jpg.rf.cc7a341dfa8bdda8e36e7773eb90d6ab.jpg,,0,False
images_jpg.rf.4770065edc80571c2bce7a63cbea277f.jpg,Groceries,train,C:\Nizam\DBS-Foundation\Capstone - Ai Eng - Spendly_ Workspace\data\Groceries\train\images\images_jpg.rf.4770065edc80571c2bce7a63cbea277f.jpg,,0,False
receipt-001_png_jpg.rf.f9536c7b542661cb4813857db359ca96.jpg,Groceries,train,C:\Nizam\DBS-Foundation\Capstone - Ai Eng - Spendly_ Workspace\data\Groceries\train\images\receipt-001_png_jpg.rf.f9536c7b542661cb4813857db359ca96.jpg,,0,False
receipt-002_png_jpg.rf.2c886ed2aa930c7a9941f6b9dc37aa63.jpg,Groceries,train,C:\Nizam\DBS-Foundation\Capstone - Ai Eng - Spendly_ Workspace\data\Groceries\train\images\receipt-002_png_jpg.rf.2c886ed2aa930c7a9941f6b9dc37aa63.jpg,,0,False
receipt-003_png_jpg.rf.93c390eeb9892a626457fdc98c7d4c20.jpg,Groceries,train,C:\Nizam\DBS-Foundation\Capstone - Ai Eng - Spendly_ Workspace\data\Groceries\train\images\receipt-003_png_jpg.rf.93c390eeb9892a626457fdc98c7d4c20.jpg,,0,False
receipt-004_png_jpg.rf.8732fa1d7540bdd8ca054bf5b6f4e31b.jpg,Groceries,train,C:\Nizam\DBS-Foundation\Capstone - Ai Eng - Spendly_ Workspace\data\Groceries\train\images\receipt-004_png_jpg.rf.8732fa1d7540bdd8ca054bf5b6f4e31b.jpg,,0,False
receipt-005_png_jpg.rf.33dfc11c7402f4d4c023a7fc75e42d73.jpg,Groceries,train,C:\Nizam\DBS-Foundation\Capstone - Ai Eng - Spendly_ Workspace\data\Groceries\train\images\receipt-005_png_jpg.rf.33dfc11c7402f4d4c023a7fc75e42d73.jpg,,0,False
receipt-006_png_jpg.rf.f44980445e6dcb6320a99f668b619a5f.jpg,Groceries,train,C:\Nizam\DBS-Foundation\Capstone - Ai Eng - Spendly_ Workspace\data\Groceries\train\images\receipt-006_png_jpg.rf.f44980445e6dcb6320a99f668b619a5f.jpg,,0,False
receipt-011_png_jpg.rf.d441ddfc06d2878c01641f22b11d600b.jpg,Groceries,train,C:\Nizam\DBS-Foundation\Capstone - Ai Eng - Spendly_ Workspace\data\Groceries\train\images\receipt-011_png_jpg.rf.d441ddfc06d2878c01641f22b11d600b.jpg,,0,False
receipt-012_png_jpg.rf.cb6f5976b385f567a9d8a4dd20f2fa05.jpg,Groceries,train,C:\Nizam\DBS-Foundation\Capstone - Ai Eng - Spendly_ Workspace\data\Groceries\train\images\receipt-012_png_jpg.rf.cb6f5976b385f567a9d8a4dd20f2fa05.jpg,,0,False
receipt-013_png_jpg.rf.a9feb613c6461c0ac990176408230994.jpg,Groceries,train,C:\Nizam\DBS-Foundation\Capstone - Ai Eng - Spendly_ Workspace\data\Groceries\train\images\receipt-013_png_jpg.rf.a9feb613c6461c0ac990176408230994.jpg,,0,False
receipt-014_png_jpg.rf.4abd06733b996bc09afb0f8e3af4bc3c.jpg,Groceries,train,C:\Nizam\DBS-Foundation\Capstone - Ai Eng - Spendly_ Workspace\data\Groceries\train\images\receipt-014_png_jpg.rf.4abd06733b996bc09afb0f8e3af4bc3c.jpg,,0,False
receipt-016_png_jpg.rf.f9c4848cabdb2c23ed66c50cd845e80d.jpg,Groceries,train,C:\Nizam\DBS-Foundation\Capstone - Ai Eng - Spendly_ Workspace\data\Groceries\train\images\receipt-016_png_jpg.rf.f9c4848cabdb2c23ed66c50cd845e80d.jpg,,0,False
receipt-018_png_jpg.rf.1a518272a19041f4a1e80a7d09e0dc96.jpg,Groceries,train,C:\Nizam\DBS-Foundation\Capstone - Ai Eng - Spendly_ Workspace\data\Groceries\train\images\receipt-018_png_jpg.rf.1a518272a19041f4a1e80a7d09e0dc96.jpg,,0,False
receipt-020_png_jpg.rf.6f4276bad8824942eff7222bdf5ef13e.jpg,Groceries,train,C:\Nizam\DBS-Foundation\Capstone - Ai Eng - Spendly_ Workspace\data\Groceries\train\images\receipt-020_png_jpg.rf.6f4276bad8824942eff7222bdf5ef13e.jpg,,0,False
receipt-022_png_jpg.rf.4282bf15cecf871c0c79fcbae3474d29.jpg,Groceries,train,C:\Nizam\DBS-Foundation\Capstone - Ai Eng - Spendly_ Workspace\data\Groceries\train\images\receipt-022_png_jpg.rf.4282bf15cecf871c0c79fcbae3474d29.jpg,,0,False
receipt-023_png_jpg.rf.f9a53adf015cb69a12370dc7b7c654f6.jpg,Groceries,train,C:\Nizam\DBS-Foundation\Capstone - Ai Eng - Spendly_ Workspace\data\Groceries\train\images\receipt-023_png_jpg.rf.f9a53adf015cb69a12370dc7b7c654f6.jpg,,0,False
receipt-024_png_jpg.rf.8a4cd7ca1e6668c8055002a9ea3fb7e1.jpg,Groceries,train,C:\Nizam\DBS-Foundation\Capstone - Ai Eng - Spendly_ Workspace\data\Groceries\train\images\receipt-024_png_jpg.rf.8a4cd7ca1e6668c8055002a9ea3fb7e1.jpg,,0,False
receipt-025_png_jpg.rf.948f0b87f6e434be707145ac491807d9.jpg,Groceries,train,C:\Nizam\DBS-Foundation\Capstone - Ai Eng - Spendly_ Workspace\data\Groceries\train\images\receipt-025_png_jpg.rf.948f0b87f6e434be707145ac491807d9.jpg,,0,False
receipt-026_png_jpg.rf.8547198690d5f2448e751783fa1e4d35.jpg,Groceries,train,C:\Nizam\DBS-Foundation\Capstone - Ai Eng - Spendly_ Workspace\data\Groceries\train\images\receipt-026_png_jpg.rf.8547198690d5f2448e751783fa1e4d35.jpg,,0,False
receipt-027_png_jpg.rf.aa73e4a03aee1162cf66ce3f617da541.jpg,Groceries,train,C:\Nizam\DBS-Foundation\Capstone - Ai Eng - Spendly_ Workspace\data\Groceries\train\images\receipt-027_png_jpg.rf.aa73e4a03aee1162cf66ce3f617da541.jpg,,0,False
receipt-028_png_jpg.rf.e4841baa3321ee30f372a9774c76e255.jpg,Groceries,train,C:\Nizam\DBS-Foundation\Capstone - Ai Eng - Spendly_ Workspace\data\Groceries\train\images\receipt-028_png_jpg.rf.e4841baa3321ee30f372a9774c76e255.jpg,,0,False
receipt-031_png_jpg.rf.77113f34c6b72e5d1351c8fe869acc4b.jpg,Groceries,train,C:\Nizam\DBS-Foundation\Capstone - Ai Eng - Spendly_ Workspace\data\Groceries\train\images\receipt-031_png_jpg.rf.77113f34c6b72e5d1351c8fe869acc4b.jpg,,0,False
receipt-032_png_jpg.rf.53787048fffd75b5f93b3352a143cc12.jpg,Groceries,train,C:\Nizam\DBS-Foundation\Capstone - Ai Eng - Spendly_ Workspace\data\Groceries\train\images\receipt-032_png_jpg.rf.53787048fffd75b5f93b3352a143cc12.jpg,,0,False
receipt-033_png_jpg.rf.f02d1096e992f2a305d14dc0eca9e4f9.jpg,Groceries,train,C:\Nizam\DBS-Foundation\Capstone - Ai Eng - Spendly_ Workspace\data\Groceries\train\images\receipt-033_png_jpg.rf.f02d1096e992f2a305d14dc0eca9e4f9.jpg,,0,False
receipt-035_png_jpg.rf.3adb464d2625382270b9f756a10ab3f3.jpg,Groceries,train,C:\Nizam\DBS-Foundation\Capstone - Ai Eng - Spendly_ Workspace\data\Groceries\train\images\receipt-035_png_jpg.rf.3adb464d2625382270b9f756a10ab3f3.jpg,,0,False
receipt-036_png_jpg.rf.8d50075bc932fbbfe1e9f171afa378f3.jpg,Groceries,train,C:\Nizam\DBS-Foundation\Capstone - Ai Eng - Spendly_ Workspace\data\Groceries\train\images\receipt-036_png_jpg.rf.8d50075bc932fbbfe1e9f171afa378f3.jpg,,0,False
receipt-038_png_jpg.rf.98c228cc30dadfd5bd23c8ad12a2dab4.jpg,Groceries,train,C:\Nizam\DBS-Foundation\Capstone - Ai Eng - Spendly_ Workspace\data\Groceries\train\images\receipt-038_png_jpg.rf.98c228cc30dadfd5bd23c8ad12a2dab4.jpg,,0,False
receipt-040_png_jpg.rf.559c9cca9ad1dc73080e9854010e1a1b.jpg,Groceries,train,C:\Nizam\DBS-Foundation\Capstone - Ai Eng - Spendly_ Workspace\data\Groceries\train\images\receipt-040_png_jpg.rf.559c9cca9ad1dc73080e9854010e1a1b.jpg,,0,False
receipt-041_png_jpg.rf.e3d13ed39f0089facf2ed4a3e01d32eb.jpg,Groceries,train,C:\Nizam\DBS-Foundation\Capstone - Ai Eng - Spendly_ Workspace\data\Groceries\train\images\receipt-041_png_jpg.rf.e3d13ed39f0089facf2ed4a3e01d32eb.jpg,,0,False
receipt-042_png_jpg.rf.e53632e1045ae1eb5ae297adbd7d3056.jpg,Groceries,train,C:\Nizam\DBS-Foundation\Capstone - Ai Eng - Spendly_ Workspace\data\Groceries\train\images\receipt-042_png_jpg.rf.e53632e1045ae1eb5ae297adbd7d3056.jpg,,0,False
receipt-043_png_jpg.rf.393f33489d828bab067cc83fe4854757.jpg,Groceries,train,C:\Nizam\DBS-Foundation\Capstone - Ai Eng - Spendly_ Workspace\data\Groceries\train\images\receipt-043_png_jpg.rf.393f33489d828bab067cc83fe4854757.jpg,,0,False
receipt-044_png_jpg.rf.a8ef28ceac510aff1fcddabb2387a040.jpg,Groceries,train,C:\Nizam\DBS-Foundation\Capstone - Ai Eng - Spendly_ Workspace\data\Groceries\train\images\receipt-044_png_jpg.rf.a8ef28ceac510aff1fcddabb2387a040.jpg,,0,False
receipt-045_png_jpg.rf.f336737a07bb1c71d75cf398d9d0c4d9.jpg,Groceries,train,C:\Nizam\DBS-Foundation\Capstone - Ai Eng - Spendly_ Workspace\data\Groceries\train\images\receipt-045_png_jpg.rf.f336737a07bb1c71d75cf398d9d0c4d9.jpg,,0,False
receipt-046_png_jpg.rf.626455d859bb3608540e89bc4a0b1e4b.jpg,Groceries,train,C:\Nizam\DBS-Foundation\Capstone - Ai Eng - Spendly_ Workspace\data\Groceries\train\images\receipt-046_png_jpg.rf.626455d859bb3608540e89bc4a0b1e4b.jpg,,0,False
receipt-047_png_jpg.rf.6e29a3cd6d1fb63c6a800cad82cea41d.jpg,Groceries,train,C:\Nizam\DBS-Foundation\Capstone - Ai Eng - Spendly_ Workspace\data\Groceries\train\images\receipt-047_png_jpg.rf.6e29a3cd6d1fb63c6a800cad82cea41d.jpg,,0,False
receipt-048_png_jpg.rf.134389abc8fea794f99b80bfee6db4cd.jpg,Groceries,train,C:\Nizam\DBS-Foundation\Capstone - Ai Eng - Spendly_ Workspace\data\Groceries\train\images\receipt-048_png_jpg.rf.134389abc8fea794f99b80bfee6db4cd.jpg,,0,False
receipt-049_png_jpg.rf.f6451ea42d6006e01b327a8fb0900ec5.jpg,Groceries,train,C:\Nizam\DBS-Foundation\Capstone - Ai Eng - Spendly_ Workspace\data\Groceries\train\images\receipt-049_png_jpg.rf.f6451ea42d6006e01b327a8fb0900ec5.jpg,,0,False
receipt-050_png_jpg.rf.fd93609b1c0829f086e2cb60b4b201e8.jpg,Groceries,train,C:\Nizam\DBS-Foundation\Capstone - Ai Eng - Spendly_ Workspace\data\Groceries\train\images\receipt-050_png_jpg.rf.fd93609b1c0829f086e2cb60b4b201e8.jpg,,0,False
receipt-051_png_jpg.rf.cb552c9a0227dfaca0653b20f4627387.jpg,Groceries,train,C:\Nizam\DBS-Foundation\Capstone - Ai Eng - Spendly_ Workspace\data\Groceries\train\images\receipt-051_png_jpg.rf.cb552c9a0227dfaca0653b20f4627387.jpg,,0,False
receipt-052_png_jpg.rf.d9b0e664da1184733005ba210ac5f8bf.jpg,Groceries,train,C:\Nizam\DBS-Foundation\Capstone - Ai Eng - Spendly_ Workspace\data\Groceries\train\images\receipt-052_png_jpg.rf.d9b0e664da1184733005ba210ac5f8bf.jpg,,0,False
receipt-053_png_jpg.rf.44cffa0128661e2d5e2d569253d7ff83.jpg,Groceries,train,C:\Nizam\DBS-Foundation\Capstone - Ai Eng - Spendly_ Workspace\data\Groceries\train\images\receipt-053_png_jpg.rf.44cffa0128661e2d5e2d569253d7ff83.jpg,,0,False
receipt-054_png_jpg.rf.455b397e5d651148baa986e7924e60f6.jpg,Groceries,train,C:\Nizam\DBS-Foundation\Capstone - Ai Eng - Spendly_ Workspace\data\Groceries\train\images\receipt-054_png_jpg.rf.455b397e5d651148baa986e7924e60f6.jpg,,0,False
receipt-058_png_jpg.rf.beb33c8e5e017af810ec436f1f15ac19.jpg,Groceries,train,C:\Nizam\DBS-Foundation\Capstone - Ai Eng - Spendly_ Workspace\data\Groceries\train\images\receipt-058_png_jpg.rf.beb33c8e5e017af810ec436f1f15ac19.jpg,,0,False
receipt-059_png_jpg.rf.01a4a35e109b91be61a45201ad66f1ce.jpg,Groceries,train,C:\Nizam\DBS-Foundation\Capstone - Ai Eng - Spendly_ Workspace\data\Groceries\train\images\receipt-059_png_jpg.rf.01a4a35e109b91be61a45201ad66f1ce.jpg,,0,False
receipt-060_png_jpg.rf.c52a933de013d86ff6466321206e4cdb.jpg,Groceries,train,C:\Nizam\DBS-Foundation\Capstone - Ai Eng - Spendly_ Workspace\data\Groceries\train\images\receipt-060_png_jpg.rf.c52a933de013d86ff6466321206e4cdb.jpg,,0,False
receipt-061_png_jpg.rf.4e11d5ffab8a2be64d71aadfd3f3b4ff.jpg,Groceries,train,C:\Nizam\DBS-Foundation\Capstone - Ai Eng - Spendly_ Workspace\data\Groceries\train\images\receipt-061_png_jpg.rf.4e11d5ffab8a2be64d71aadfd3f3b4ff.jpg,,0,False
receipt-062_png_jpg.rf.b3d4d48c07c7b554092d88d265a71560.jpg,Groceries,train,C:\Nizam\DBS-Foundation\Capstone - Ai Eng - Spendly_ Workspace\data\Groceries\train\images\receipt-062_png_jpg.rf.b3d4d48c07c7b554092d88d265a71560.jpg,,0,False
receipt-063_png_jpg.rf.aed7b0afce45838bcc5ccb6e45c1c096.jpg,Groceries,train,C:\Nizam\DBS-Foundation\Capstone - Ai Eng - Spendly_ Workspace\data\Groceries\train\images\receipt-063_png_jpg.rf.aed7b0afce45838bcc5ccb6e45c1c096.jpg,,0,False
receipt-064_png_jpg.rf.4a58dc028c255ce0e5151b6e30f7fdc5.jpg,Groceries,train,C:\Nizam\DBS-Foundation\Capstone - Ai Eng - Spendly_ Workspace\data\Groceries\train\images\receipt-064_png_jpg.rf.4a58dc028c255ce0e5151b6e30f7fdc5.jpg,,0,False
receipt-066_png_jpg.rf.9ad168fa9b59c72058ce80d33ae971a7.jpg,Groceries,train,C:\Nizam\DBS-Foundation\Capstone - Ai Eng - Spendly_ Workspace\data\Groceries\train\images\receipt-066_png_jpg.rf.9ad168fa9b59c72058ce80d33ae971a7.jpg,,0,False
receipt-068_png_jpg.rf.74288950200395a72677ce5c8908a3e9.jpg,Groceries,train,C:\Nizam\DBS-Foundation\Capstone - Ai Eng - Spendly_ Workspace\data\Groceries\train\images\receipt-068_png_jpg.rf.74288950200395a72677ce5c8908a3e9.jpg,,0,False
receipt-069_png_jpg.rf.c1b580a8fee1104ee9e8b4455fef9f89.jpg,Groceries,train,C:\Nizam\DBS-Foundation\Capstone - Ai Eng - Spendly_ Workspace\data\Groceries\train\images\receipt-069_png_jpg.rf.c1b580a8fee1104ee9e8b4455fef9f89.jpg,,0,False
receipt-072_png_jpg.rf.73436ad376105b4f377bd7302e98b09c.jpg,Groceries,train,C:\Nizam\DBS-Foundation\Capstone - Ai Eng - Spendly_ Workspace\data\Groceries\train\images\receipt-072_png_jpg.rf.73436ad376105b4f377bd7302e98b09c.jpg,,0,False
receipt-075_png_jpg.rf.877e094bb61b43f1e26149bc1309b55e.jpg,Groceries,train,C:\Nizam\DBS-Foundation\Capstone - Ai Eng - Spendly_ Workspace\data\Groceries\train\images\receipt-075_png_jpg.rf.877e094bb61b43f1e26149bc1309b55e.jpg,,0,False
receipt-076_png_jpg.rf.ec754fe1dcfc5d605314d2e9a2f5b7c8.jpg,Groceries,train,C:\Nizam\DBS-Foundation\Capstone - Ai Eng - Spendly_ Workspace\data\Groceries\train\images\receipt-076_png_jpg.rf.ec754fe1dcfc5d605314d2e9a2f5b7c8.jpg,,0,False
receipt-079_png_jpg.rf.7e2d492a606ca0fd5c1fa8098db22a12.jpg,Groceries,train,C:\Nizam\DBS-Foundation\Capstone - Ai Eng - Spendly_ Workspace\data\Groceries\train\images\receipt-079_png_jpg.rf.7e2d492a606ca0fd5c1fa8098db22a12.jpg,,0,False
receipt-083_png_jpg.rf.fdc2b9c7787a8b5041f016b101c0ac67.jpg,Groceries,train,C:\Nizam\DBS-Foundation\Capstone - Ai Eng - Spendly_ Workspace\data\Groceries\train\images\receipt-083_png_jpg.rf.fdc2b9c7787a8b5041f016b101c0ac67.jpg,,0,False
receipt-085_png_jpg.rf.49cc433a13828b2612becdefefff9687.jpg,Groceries,train,C:\Nizam\DBS-Foundation\Capstone - Ai Eng - Spendly_ Workspace\data\Groceries\train\images\receipt-085_png_jpg.rf.49cc433a13828b2612becdefefff9687.jpg,,0,False
receipt-087_png_jpg.rf.1b12c64ed26afa6989e7d811378e50de.jpg,Groceries,train,C:\Nizam\DBS-Foundation\Capstone - Ai Eng - Spendly_ Workspace\data\Groceries\train\images\receipt-087_png_jpg.rf.1b12c64ed26afa6989e7d811378e50de.jpg,,0,False
receipt-088_png_jpg.rf.b58e4313cf8be6bf0a8935107d568b4b.jpg,Groceries,train,C:\Nizam\DBS-Foundation\Capstone - Ai Eng - Spendly_ Workspace\data\Groceries\train\images\receipt-088_png_jpg.rf.b58e4313cf8be6bf0a8935107d568b4b.jpg,,0,False
receipt-089_png_jpg.rf.f655245766de70ade64dca9c6116770e.jpg,Groceries,train,C:\Nizam\DBS-Foundation\Capstone - Ai Eng - Spendly_ Workspace\data\Groceries\train\images\receipt-089_png_jpg.rf.f655245766de70ade64dca9c6116770e.jpg,,0,False
receipt-090_png_jpg.rf.9bfba42f1b29d676581c17b7e4f203b1.jpg,Groceries,train,C:\Nizam\DBS-Foundation\Capstone - Ai Eng - Spendly_ Workspace\data\Groceries\train\images\receipt-090_png_jpg.rf.9bfba42f1b29d676581c17b7e4f203b1.jpg,,0,False
receipt-091_png_jpg.rf.910020c4517f93c521c0860db88dc866.jpg,Groceries,train,C:\Nizam\DBS-Foundation\Capstone - Ai Eng - Spendly_ Workspace\data\Groceries\train\images\receipt-091_png_jpg.rf.910020c4517f93c521c0860db88dc866.jpg,,0,False
receipt-092_png_jpg.rf.690f3a9f6593946aea398df57b2fba03.jpg,Groceries,train,C:\Nizam\DBS-Foundation\Capstone - Ai Eng - Spendly_ Workspace\data\Groceries\train\images\receipt-092_png_jpg.rf.690f3a9f6593946aea398df57b2fba03.jpg,,0,False
receipt-093_png_jpg.rf.fafe39878cb60ba6cae20a7a9d2f104d.jpg,Groceries,train,C:\Nizam\DBS-Foundation\Capstone - Ai Eng - Spendly_ Workspace\data\Groceries\train\images\receipt-093_png_jpg.rf.fafe39878cb60ba6cae20a7a9d2f104d.jpg,,0,False
receipt-094_png_jpg.rf.440194047a84c51a5791a5c29bf068c7.jpg,Groceries,train,C:\Nizam\DBS-Foundation\Capstone - Ai Eng - Spendly_ Workspace\data\Groceries\train\images\receipt-094_png_jpg.rf.440194047a84c51a5791a5c29bf068c7.jpg,,0,False
receipt-095_png_jpg.rf.d422b2e4cbb963393346f8fdbf10b72a.jpg,Groceries,train,C:\Nizam\DBS-Foundation\Capstone - Ai Eng - Spendly_ Workspace\data\Groceries\train\images\receipt-095_png_jpg.rf.d422b2e4cbb963393346f8fdbf10b72a.jpg,,0,False
receipt-096_png_jpg.rf.fc5e9564f8a26bfa6bab6cdff02abcf1.jpg,Groceries,train,C:\Nizam\DBS-Foundation\Capstone - Ai Eng - Spendly_ Workspace\data\Groceries\train\images\receipt-096_png_jpg.rf.fc5e9564f8a26bfa6bab6cdff02abcf1.jpg,,0,False
receipt-097_png_jpg.rf.1a8a0d6c8474eaf2e3adc5239692db58.jpg,Groceries,train,C:\Nizam\DBS-Foundation\Capstone - Ai Eng - Spendly_ Workspace\data\Groceries\train\images\receipt-097_png_jpg.rf.1a8a0d6c8474eaf2e3adc5239692db58.jpg,,0,False
receipt-099_png_jpg.rf.65553cb57d97daf6ccbaf072304ec509.jpg,Groceries,train,C:\Nizam\DBS-Foundation\Capstone - Ai Eng - Spendly_ Workspace\data\Groceries\train\images\receipt-099_png_jpg.rf.65553cb57d97daf6ccbaf072304ec509.jpg,,0,False
receipt-100_png_jpg.rf.a5ac42aa81e84a87e47c7a49a02e5fef.jpg,Groceries,train,C:\Nizam\DBS-Foundation\Capstone - Ai Eng - Spendly_ Workspace\data\Groceries\train\images\receipt-100_png_jpg.rf.a5ac42aa81e84a87e47c7a49a02e5fef.jpg,,0,False
receipt-101_png_jpg.rf.47b1c1fdfccd930fc512e8a6681192be.jpg,Groceries,train,C:\Nizam\DBS-Foundation\Capstone - Ai Eng - Spendly_ Workspace\data\Groceries\train\images\receipt-101_png_jpg.rf.47b1c1fdfccd930fc512e8a6681192be.jpg,,0,False
receipt-102_png_jpg.rf.95bccfaaeef731d4cb439b4b4aa074ba.jpg,Groceries,train,C:\Nizam\DBS-Foundation\Capstone - Ai Eng - Spendly_ Workspace\data\Groceries\train\images\receipt-102_png_jpg.rf.95bccfaaeef731d4cb439b4b4aa074ba.jpg,,0,False
receipt-103_png_jpg.rf.45cedddca7039b64fbdb4c57d5d73a30.jpg,Groceries,train,C:\Nizam\DBS-Foundation\Capstone - Ai Eng - Spendly_ Workspace\data\Groceries\train\images\receipt-103_png_jpg.rf.45cedddca7039b64fbdb4c57d5d73a30.jpg,,0,False
receipt-104_png_jpg.rf.5674452a6bb0956e26482daaf18d14d0.jpg,Groceries,train,C:\Nizam\DBS-Foundation\Capstone - Ai Eng - Spendly_ Workspace\data\Groceries\train\images\receipt-104_png_jpg.rf.5674452a6bb0956e26482daaf18d14d0.jpg,,0,False
receipt-107_png_jpg.rf.ca41f95e66308e3b7a389dc1263e84eb.jpg,Groceries,train,C:\Nizam\DBS-Foundation\Capstone - Ai Eng - Spendly_ Workspace\data\Groceries\train\images\receipt-107_png_jpg.rf.ca41f95e66308e3b7a389dc1263e84eb.jpg,,0,False
receipt-108_png_jpg.rf.c44b081e41096723e9f70259d555b4dd.jpg,Groceries,train,C:\Nizam\DBS-Foundation\Capstone - Ai Eng - Spendly_ Workspace\data\Groceries\train\images\receipt-108_png_jpg.rf.c44b081e41096723e9f70259d555b4dd.jpg,,0,False
receipt-109_png_jpg.rf.234d030c922f17b69488f19a38dca774.jpg,Groceries,train,C:\Nizam\DBS-Foundation\Capstone - Ai Eng - Spendly_ Workspace\data\Groceries\train\images\receipt-109_png_jpg.rf.234d030c922f17b69488f19a38dca774.jpg,,0,False
receipt-110_png_jpg.rf.5a1ea575fca52465f9fdc26f66aee92b.jpg,Groceries,train,C:\Nizam\DBS-Foundation\Capstone - Ai Eng - Spendly_ Workspace\data\Groceries\train\images\receipt-110_png_jpg.rf.5a1ea575fca52465f9fdc26f66aee92b.jpg,,0,False
receipt-112_png_jpg.rf.20b8c11352bf7d4eb53cca1094b3e73e.jpg,Groceries,train,C:\Nizam\DBS-Foundation\Capstone - Ai Eng - Spendly_ Workspace\data\Groceries\train\images\receipt-112_png_jpg.rf.20b8c11352bf7d4eb53cca1094b3e73e.jpg,,0,False
receipt-113_png_jpg.rf.6c157650611fc1e3098c190ca8d599b1.jpg,Groceries,train,C:\Nizam\DBS-Foundation\Capstone - Ai Eng - Spendly_ Workspace\data\Groceries\train\images\receipt-113_png_jpg.rf.6c157650611fc1e3098c190ca8d599b1.jpg,,0,False
receipt-114_png_jpg.rf.e29da0af68b8362fdd65ae675dac6534.jpg,Groceries,train,C:\Nizam\DBS-Foundation\Capstone - Ai Eng - Spendly_ Workspace\data\Groceries\train\images\receipt-114_png_jpg.rf.e29da0af68b8362fdd65ae675dac6534.jpg,,0,False
receipt-115_png_jpg.rf.2f866bba7e1356197abd5328e63fda1f.jpg,Groceries,train,C:\Nizam\DBS-Foundation\Capstone - Ai Eng - Spendly_ Workspace\data\Groceries\train\images\receipt-115_png_jpg.rf.2f866bba7e1356197abd5328e63fda1f.jpg,,0,False
receipt-116_png_jpg.rf.655aceb4f5112367a35bacc3b21cff15.jpg,Groceries,train,C:\Nizam\DBS-Foundation\Capstone - Ai Eng - Spendly_ Workspace\data\Groceries\train\images\receipt-116_png_jpg.rf.655aceb4f5112367a35bacc3b21cff15.jpg,,0,False
receipt-117_png_jpg.rf.bb05cab6185cb21cc89d49814e601e56.jpg,Groceries,train,C:\Nizam\DBS-Foundation\Capstone - Ai Eng - Spendly_ Workspace\data\Groceries\train\images\receipt-117_png_jpg.rf.bb05cab6185cb21cc89d49814e601e56.jpg,,0,False
receipt-118_png_jpg.rf.253e11b4558fbc6ef261930384b5ba93.jpg,Groceries,train,C:\Nizam\DBS-Foundation\Capstone - Ai Eng - Spendly_ Workspace\data\Groceries\train\images\receipt-118_png_jpg.rf.253e11b4558fbc6ef261930384b5ba93.jpg,,0,False
receipt-120_png_jpg.rf.9749c28036e0b2386cc27882c5363e1f.jpg,Groceries,train,C:\Nizam\DBS-Foundation\Capstone - Ai Eng - Spendly_ Workspace\data\Groceries\train\images\receipt-120_png_jpg.rf.9749c28036e0b2386cc27882c5363e1f.jpg,,0,False
receipt-121_png_jpg.rf.342fd6b6fa269bd5ebc5ba5f4bd9db7c.jpg,Groceries,train,C:\Nizam\DBS-Foundation\Capstone - Ai Eng - Spendly_ Workspace\data\Groceries\train\images\receipt-121_png_jpg.rf.342fd6b6fa269bd5ebc5ba5f4bd9db7c.jpg,,0,False
receipt-123_png_jpg.rf.b7ef67b319e5779fac1d5fbc6cb00b3a.jpg,Groceries,train,C:\Nizam\DBS-Foundation\Capstone - Ai Eng - Spendly_ Workspace\data\Groceries\train\images\receipt-123_png_jpg.rf.b7ef67b319e5779fac1d5fbc6cb00b3a.jpg,,0,False
receipt-124_png_jpg.rf.959225faa4e0e4fabed738280087db17.jpg,Groceries,train,C:\Nizam\DBS-Foundation\Capstone - Ai Eng - Spendly_ Workspace\data\Groceries\train\images\receipt-124_png_jpg.rf.959225faa4e0e4fabed738280087db17.jpg,,0,False
receipt-125_png_jpg.rf.5f434647f469b8bc739174902b9e9936.jpg,Groceries,train,C:\Nizam\DBS-Foundation\Capstone - Ai Eng - Spendly_ Workspace\data\Groceries\train\images\receipt-125_png_jpg.rf.5f434647f469b8bc739174902b9e9936.jpg,,0,False
receipt-126_png_jpg.rf.9f10cfbc9a6e757fba21a902e41d4da6.jpg,Groceries,train,C:\Nizam\DBS-Foundation\Capstone - Ai Eng - Spendly_ Workspace\data\Groceries\train\images\receipt-126_png_jpg.rf.9f10cfbc9a6e757fba21a902e41d4da6.jpg,,0,False
receipt-128_png_jpg.rf.18644ad3bf886a84f0c6dc4870d65131.jpg,Groceries,train,C:\Nizam\DBS-Foundation\Capstone - Ai Eng - Spendly_ Workspace\data\Groceries\train\images\receipt-128_png_jpg.rf.18644ad3bf886a84f0c6dc4870d65131.jpg,,0,False
receipt-129_png_jpg.rf.e62f4956db51996b1f5de06cfa44e8f2.jpg,Groceries,train,C:\Nizam\DBS-Foundation\Capstone - Ai Eng - Spendly_ Workspace\data\Groceries\train\images\receipt-129_png_jpg.rf.e62f4956db51996b1f5de06cfa44e8f2.jpg,,0,False
receipt-130_png_jpg.rf.cc303731260222b16de636bf3400df8f.jpg,Groceries,train,C:\Nizam\DBS-Foundation\Capstone - Ai Eng - Spendly_ Workspace\data\Groceries\train\images\receipt-130_png_jpg.rf.cc303731260222b16de636bf3400df8f.jpg,,0,False
receipt-131_png_jpg.rf.a06b0dc5055940ab8740e72c4d992726.jpg,Groceries,train,C:\Nizam\DBS-Foundation\Capstone - Ai Eng - Spendly_ Workspace\data\Groceries\train\images\receipt-131_png_jpg.rf.a06b0dc5055940ab8740e72c4d992726.jpg,,0,False
receipt-132_png_jpg.rf.37177efb9186862df0ed0eb4952c5dd6.jpg,Groceries,train,C:\Nizam\DBS-Foundation\Capstone - Ai Eng - Spendly_ Workspace\data\Groceries\train\images\receipt-132_png_jpg.rf.37177efb9186862df0ed0eb4952c5dd6.jpg,,0,False
receipt-133_png_jpg.rf.5b60d631acf4364b324fe11daebfa964.jpg,Groceries,train,C:\Nizam\DBS-Foundation\Capstone - Ai Eng - Spendly_ Workspace\data\Groceries\train\images\receipt-133_png_jpg.rf.5b60d631acf4364b324fe11daebfa964.jpg,,0,False
receipt-134_png_jpg.rf.2a1ca7a8a5665bdd9bdf4de838a632b9.jpg,Groceries,train,C:\Nizam\DBS-Foundation\Capstone - Ai Eng - Spendly_ Workspace\data\Groceries\train\images\receipt-134_png_jpg.rf.2a1ca7a8a5665bdd9bdf4de838a632b9.jpg,,0,False
receipt-135_png_jpg.rf.b5f13c684068b2fca5a3157298f8146b.jpg,Groceries,train,C:\Nizam\DBS-Foundation\Capstone - Ai Eng - Spendly_ Workspace\data\Groceries\train\images\receipt-135_png_jpg.rf.b5f13c684068b2fca5a3157298f8146b.jpg,,0,False
receipt-139_png_jpg.rf.bc8fafc8bdf89556f53491969e9f4565.jpg,Groceries,train,C:\Nizam\DBS-Foundation\Capstone - Ai Eng - Spendly_ Workspace\data\Groceries\train\images\receipt-139_png_jpg.rf.bc8fafc8bdf89556f53491969e9f4565.jpg,,0,False
receipt-142_png_jpg.rf.eda143c222d8966b683c40e354f0e36e.jpg,Groceries,train,C:\Nizam\DBS-Foundation\Capstone - Ai Eng - Spendly_ Workspace\data\Groceries\train\images\receipt-142_png_jpg.rf.eda143c222d8966b683c40e354f0e36e.jpg,,0,False
receipt-143_png_jpg.rf.494706150d9e1baffdea9c1444d421da.jpg,Groceries,train,C:\Nizam\DBS-Foundation\Capstone - Ai Eng - Spendly_ Workspace\data\Groceries\train\images\receipt-143_png_jpg.rf.494706150d9e1baffdea9c1444d421da.jpg,,0,False
receipt-146_png_jpg.rf.26c4a75ab0a123b619f7f957da1131ed.jpg,Groceries,train,C:\Nizam\DBS-Foundation\Capstone - Ai Eng - Spendly_ Workspace\data\Groceries\train\images\receipt-146_png_jpg.rf.26c4a75ab0a123b619f7f957da1131ed.jpg,,0,False
receipt-147_png_jpg.rf.35822cbf9479fdc956a732dee10c5120.jpg,Groceries,train,C:\Nizam\DBS-Foundation\Capstone - Ai Eng - Spendly_ Workspace\data\Groceries\train\images\receipt-147_png_jpg.rf.35822cbf9479fdc956a732dee10c5120.jpg,,0,False
receipt-148_png_jpg.rf.699bcdf5ea004bb406fefc2bcdb4394f.jpg,Groceries,train,C:\Nizam\DBS-Foundation\Capstone - Ai Eng - Spendly_ Workspace\data\Groceries\train\images\receipt-148_png_jpg.rf.699bcdf5ea004bb406fefc2bcdb4394f.jpg,,0,False
receipt-149_png_jpg.rf.29a0c4de70fc120fa7fcf61f6bf22a41.jpg,Groceries,train,C:\Nizam\DBS-Foundation\Capstone - Ai Eng - Spendly_ Workspace\data\Groceries\train\images\receipt-149_png_jpg.rf.29a0c4de70fc120fa7fcf61f6bf22a41.jpg,,0,False
receipt-150_png_jpg.rf.5272a64b60826b7f0f748448484b8b1a.jpg,Groceries,train,C:\Nizam\DBS-Foundation\Capstone - Ai Eng - Spendly_ Workspace\data\Groceries\train\images\receipt-150_png_jpg.rf.5272a64b60826b7f0f748448484b8b1a.jpg,,0,False
receipt-151_png_jpg.rf.96069620e385acdbd015a11c9375dbf9.jpg,Groceries,train,C:\Nizam\DBS-Foundation\Capstone - Ai Eng - Spendly_ Workspace\data\Groceries\train\images\receipt-151_png_jpg.rf.96069620e385acdbd015a11c9375dbf9.jpg,,0,False
receipt-152_png_jpg.rf.426c213fdfdc908d4919a2b841826923.jpg,Groceries,train,C:\Nizam\DBS-Foundation\Capstone - Ai Eng - Spendly_ Workspace\data\Groceries\train\images\receipt-152_png_jpg.rf.426c213fdfdc908d4919a2b841826923.jpg,,0,False
receipt-153_png_jpg.rf.e9dc45000d6ba24d6d3269ecb0aff16c.jpg,Groceries,train,C:\Nizam\DBS-Foundation\Capstone - Ai Eng - Spendly_ Workspace\data\Groceries\train\images\receipt-153_png_jpg.rf.e9dc45000d6ba24d6d3269ecb0aff16c.jpg,,0,False
receipt-154_png_jpg.rf.f1299a677f50507666ccbdd8ee83e28c.jpg,Groceries,train,C:\Nizam\DBS-Foundation\Capstone - Ai Eng - Spendly_ Workspace\data\Groceries\train\images\receipt-154_png_jpg.rf.f1299a677f50507666ccbdd8ee83e28c.jpg,,0,False
receipt-155_png_jpg.rf.997ceb1b392776fb4d7b2d2636bf74a6.jpg,Groceries,train,C:\Nizam\DBS-Foundation\Capstone - Ai Eng - Spendly_ Workspace\data\Groceries\train\images\receipt-155_png_jpg.rf.997ceb1b392776fb4d7b2d2636bf74a6.jpg,,0,False
receipt-156_png_jpg.rf.5f7d6c1cef82c7c1f86c4dcc7b0aeb93.jpg,Groceries,train,C:\Nizam\DBS-Foundation\Capstone - Ai Eng - Spendly_ Workspace\data\Groceries\train\images\receipt-156_png_jpg.rf.5f7d6c1cef82c7c1f86c4dcc7b0aeb93.jpg,,0,False
receipt-158_png_jpg.rf.1bb3553685b256ff33648c58510ff829.jpg,Groceries,train,C:\Nizam\DBS-Foundation\Capstone - Ai Eng - Spendly_ Workspace\data\Groceries\train\images\receipt-158_png_jpg.rf.1bb3553685b256ff33648c58510ff829.jpg,,0,False
receipt-160_png_jpg.rf.22a756fbceec6f89024bc7f895381274.jpg,Groceries,train,C:\Nizam\DBS-Foundation\Capstone - Ai Eng - Spendly_ Workspace\data\Groceries\train\images\receipt-160_png_jpg.rf.22a756fbceec6f89024bc7f895381274.jpg,,0,False
receipt-163_png_jpg.rf.5a2cf2404c27d376743691fa78a5a520.jpg,Groceries,train,C:\Nizam\DBS-Foundation\Capstone - Ai Eng - Spendly_ Workspace\data\Groceries\train\images\receipt-163_png_jpg.rf.5a2cf2404c27d376743691fa78a5a520.jpg,,0,False
receipt-165_png_jpg.rf.47a8373d35a33fd8527e7475caa8bfdb.jpg,Groceries,train,C:\Nizam\DBS-Foundation\Capstone - Ai Eng - Spendly_ Workspace\data\Groceries\train\images\receipt-165_png_jpg.rf.47a8373d35a33fd8527e7475caa8bfdb.jpg,,0,False
receipt-167_png_jpg.rf.89be94ea26b0cf209a54cac39effe29a.jpg,Groceries,train,C:\Nizam\DBS-Foundation\Capstone - Ai Eng - Spendly_ Workspace\data\Groceries\train\images\receipt-167_png_jpg.rf.89be94ea26b0cf209a54cac39effe29a.jpg,,0,False
receipt-170_png_jpg.rf.0df8bbfefa256e5e43371c9061b80659.jpg,Groceries,train,C:\Nizam\DBS-Foundation\Capstone - Ai Eng - Spendly_ Workspace\data\Groceries\train\images\receipt-170_png_jpg.rf.0df8bbfefa256e5e43371c9061b80659.jpg,,0,False
receipt-171_png_jpg.rf.96e56ec037e765d339e1199faf6971f1.jpg,Groceries,train,C:\Nizam\DBS-Foundation\Capstone - Ai Eng - Spendly_ Workspace\data\Groceries\train\images\receipt-171_png_jpg.rf.96e56ec037e765d339e1199faf6971f1.jpg,,0,False
receipt-172_png_jpg.rf.25cca28319ea322bf1beae22fa5ac2fe.jpg,Groceries,train,C:\Nizam\DBS-Foundation\Capstone - Ai Eng - Spendly_ Workspace\data\Groceries\train\images\receipt-172_png_jpg.rf.25cca28319ea322bf1beae22fa5ac2fe.jpg,,0,False
receipt-173_png_jpg.rf.febfb7096759b446cce9afcbda3cc821.jpg,Groceries,train,C:\Nizam\DBS-Foundation\Capstone - Ai Eng - Spendly_ Workspace\data\Groceries\train\images\receipt-173_png_jpg.rf.febfb7096759b446cce9afcbda3cc821.jpg,,0,False
receipt-174_png_jpg.rf.aab96e7843478086611217fc8b1a0ee0.jpg,Groceries,train,C:\Nizam\DBS-Foundation\Capstone - Ai Eng - Spendly_ Workspace\data\Groceries\train\images\receipt-174_png_jpg.rf.aab96e7843478086611217fc8b1a0ee0.jpg,,0,False
receipt-175_png_jpg.rf.cac804321ef8d6f443c1350cde5b46a9.jpg,Groceries,train,C:\Nizam\DBS-Foundation\Capstone - Ai Eng - Spendly_ Workspace\data\Groceries\train\images\receipt-175_png_jpg.rf.cac804321ef8d6f443c1350cde5b46a9.jpg,,0,False
receipt-176_png_jpg.rf.9c502549eec368ccf75b6e5161ef88fc.jpg,Groceries,train,C:\Nizam\DBS-Foundation\Capstone - Ai Eng - Spendly_ Workspace\data\Groceries\train\images\receipt-176_png_jpg.rf.9c502549eec368ccf75b6e5161ef88fc.jpg,,0,False
receipt-177_png_jpg.rf.5271c2d2fee5dbf4bf20d250271d2ab6.jpg,Groceries,train,C:\Nizam\DBS-Foundation\Capstone - Ai Eng - Spendly_ Workspace\data\Groceries\train\images\receipt-177_png_jpg.rf.5271c2d2fee5dbf4bf20d250271d2ab6.jpg,,0,False
receipt-178_png_jpg.rf.21fc3077ce76dad5193087da64aaf4a8.jpg,Groceries,train,C:\Nizam\DBS-Foundation\Capstone - Ai Eng - Spendly_ Workspace\data\Groceries\train\images\receipt-178_png_jpg.rf.21fc3077ce76dad5193087da64aaf4a8.jpg,,0,False
receipt-179_png_jpg.rf.36cd22ebefc524d5bf9a56a599b91b0e.jpg,Groceries,train,C:\Nizam\DBS-Foundation\Capstone - Ai Eng - Spendly_ Workspace\data\Groceries\train\images\receipt-179_png_jpg.rf.36cd22ebefc524d5bf9a56a599b91b0e.jpg,,0,False
receipt-181_png_jpg.rf.bbe18020aedbcb9c545675cb3e0f3046.jpg,Groceries,train,C:\Nizam\DBS-Foundation\Capstone - Ai Eng - Spendly_ Workspace\data\Groceries\train\images\receipt-181_png_jpg.rf.bbe18020aedbcb9c545675cb3e0f3046.jpg,,0,False
receipt-182_png_jpg.rf.69ecde60f0be589526e2ccae510efd1b.jpg,Groceries,train,C:\Nizam\DBS-Foundation\Capstone - Ai Eng - Spendly_ Workspace\data\Groceries\train\images\receipt-182_png_jpg.rf.69ecde60f0be589526e2ccae510efd1b.jpg,,0,False
receipt-183_png_jpg.rf.6f2017d201de04622f2df853927aae9f.jpg,Groceries,train,C:\Nizam\DBS-Foundation\Capstone - Ai Eng - Spendly_ Workspace\data\Groceries\train\images\receipt-183_png_jpg.rf.6f2017d201de04622f2df853927aae9f.jpg,,0,False
receipt-185_png_jpg.rf.d52ec4a99507c3003c9b1edb4f5bf118.jpg,Groceries,train,C:\Nizam\DBS-Foundation\Capstone - Ai Eng - Spendly_ Workspace\data\Groceries\train\images\receipt-185_png_jpg.rf.d52ec4a99507c3003c9b1edb4f5bf118.jpg,,0,False
receipt-186_png_jpg.rf.7136376fdf6d2894a9cf6e8e580ddc4a.jpg,Groceries,train,C:\Nizam\DBS-Foundation\Capstone - Ai Eng - Spendly_ Workspace\data\Groceries\train\images\receipt-186_png_jpg.rf.7136376fdf6d2894a9cf6e8e580ddc4a.jpg,,0,False
receipt-187_png_jpg.rf.0d3d943a675532b96c28da4974e6dc56.jpg,Groceries,train,C:\Nizam\DBS-Foundation\Capstone - Ai Eng - Spendly_ Workspace\data\Groceries\train\images\receipt-187_png_jpg.rf.0d3d943a675532b96c28da4974e6dc56.jpg,,0,False
receipt-188_png_jpg.rf.a99496aea4140dc8946b8333819d436b.jpg,Groceries,train,C:\Nizam\DBS-Foundation\Capstone - Ai Eng - Spendly_ Workspace\data\Groceries\train\images\receipt-188_png_jpg.rf.a99496aea4140dc8946b8333819d436b.jpg,,0,False
receipt-189_png_jpg.rf.9adb04b0ff91208c16da5b1175af2fc3.jpg,Groceries,train,C:\Nizam\DBS-Foundation\Capstone - Ai Eng - Spendly_ Workspace\data\Groceries\train\images\receipt-189_png_jpg.rf.9adb04b0ff91208c16da5b1175af2fc3.jpg,,0,False
receipt-190_png_jpg.rf.fe320af36f59007ba4822effa20b016e.jpg,Groceries,train,C:\Nizam\DBS-Foundation\Capstone - Ai Eng - Spendly_ Workspace\data\Groceries\train\images\receipt-190_png_jpg.rf.fe320af36f59007ba4822effa20b016e.jpg,,0,False
receipt-195_png_jpg.rf.6276e95018bedacfde3bdfb746785de0.jpg,Groceries,train,C:\Nizam\DBS-Foundation\Capstone - Ai Eng - Spendly_ Workspace\data\Groceries\train\images\receipt-195_png_jpg.rf.6276e95018bedacfde3bdfb746785de0.jpg,,0,False
receipt-200_png_jpg.rf.177c2bc8b7e62791a0b83677a4db46e0.jpg,Groceries,train,C:\Nizam\DBS-Foundation\Capstone - Ai Eng - Spendly_ Workspace\data\Groceries\train\images\receipt-200_png_jpg.rf.177c2bc8b7e62791a0b83677a4db46e0.jpg,,0,False
receipt-205_png_jpg.rf.d29c84f3db768da7294eeedfd238913f.jpg,Groceries,train,C:\Nizam\DBS-Foundation\Capstone - Ai Eng - Spendly_ Workspace\data\Groceries\train\images\receipt-205_png_jpg.rf.d29c84f3db768da7294eeedfd238913f.jpg,,0,False
receipt-232_png_jpg.rf.76acb97236530e3cdd3c3b5cab74eef6.jpg,Groceries,train,C:\Nizam\DBS-Foundation\Capstone - Ai Eng - Spendly_ Workspace\data\Groceries\train\images\receipt-232_png_jpg.rf.76acb97236530e3cdd3c3b5cab74eef6.jpg,,0,False
receipt-280_png_jpg.rf.d9a64fb60637bbda026d15d8f869103d.jpg,Groceries,train,C:\Nizam\DBS-Foundation\Capstone - Ai Eng - Spendly_ Workspace\data\Groceries\train\images\receipt-280_png_jpg.rf.d9a64fb60637bbda026d15d8f869103d.jpg,,0,False
receipt-297_png_jpg.rf.b11c70329dafcc6067914bc6f3ae663d.jpg,Groceries,train,C:\Nizam\DBS-Foundation\Capstone - Ai Eng - Spendly_ Workspace\data\Groceries\train\images\receipt-297_png_jpg.rf.b11c70329dafcc6067914bc6f3ae663d.jpg,,0,False
receipt-307_png_jpg.rf.fb1abb63af9628207a682611e69d046d.jpg,Groceries,train,C:\Nizam\DBS-Foundation\Capstone - Ai Eng - Spendly_ Workspace\data\Groceries\train\images\receipt-307_png_jpg.rf.fb1abb63af9628207a682611e69d046d.jpg,,0,False
receipt-309_png_jpg.rf.544234ac6ab60d43ed0bd2a3fa9d7690.jpg,Groceries,train,C:\Nizam\DBS-Foundation\Capstone - Ai Eng - Spendly_ Workspace\data\Groceries\train\images\receipt-309_png_jpg.rf.544234ac6ab60d43ed0bd2a3fa9d7690.jpg,,0,False
receipt-331_png_jpg.rf.b5de4e8ea054e83c7d71e616db0fa11b.jpg,Groceries,train,C:\Nizam\DBS-Foundation\Capstone - Ai Eng - Spendly_ Workspace\data\Groceries\train\images\receipt-331_png_jpg.rf.b5de4e8ea054e83c7d71e616db0fa11b.jpg,,0,False
receipt-332_png_jpg.rf.ff0f78fcf1fd9280d61ea9777446c187.jpg,Groceries,train,C:\Nizam\DBS-Foundation\Capstone - Ai Eng - Spendly_ Workspace\data\Groceries\train\images\receipt-332_png_jpg.rf.ff0f78fcf1fd9280d61ea9777446c187.jpg,,0,False
receipt-341_png_jpg.rf.5733e00d8af1bfa9c174ff7f64d493c7.jpg,Groceries,train,C:\Nizam\DBS-Foundation\Capstone - Ai Eng - Spendly_ Workspace\data\Groceries\train\images\receipt-341_png_jpg.rf.5733e00d8af1bfa9c174ff7f64d493c7.jpg,,0,False
receipt-356_png_jpg.rf.3432c26b29da2f695c9803e736e99322.jpg,Groceries,train,C:\Nizam\DBS-Foundation\Capstone - Ai Eng - Spendly_ Workspace\data\Groceries\train\images\receipt-356_png_jpg.rf.3432c26b29da2f695c9803e736e99322.jpg,,0,False
receipt-357_png_jpg.rf.7c3c0e02d93b7ece287e700815c6a737.jpg,Groceries,train,C:\Nizam\DBS-Foundation\Capstone - Ai Eng - Spendly_ Workspace\data\Groceries\train\images\receipt-357_png_jpg.rf.7c3c0e02d93b7ece287e700815c6a737.jpg,,0,False
receipt-361_png_jpg.rf.9794906dc7455f158d2690389534b259.jpg,Groceries,train,C:\Nizam\DBS-Foundation\Capstone - Ai Eng - Spendly_ Workspace\data\Groceries\train\images\receipt-361_png_jpg.rf.9794906dc7455f158d2690389534b259.jpg,,0,False
receipt-368_png_jpg.rf.9c34c11704d79a0d63056a6b64f4a6cf.jpg,Groceries,train,C:\Nizam\DBS-Foundation\Capstone - Ai Eng - Spendly_ Workspace\data\Groceries\train\images\receipt-368_png_jpg.rf.9c34c11704d79a0d63056a6b64f4a6cf.jpg,,0,False
receipt-394_png_jpg.rf.c248f526c1e08941355aa768d9901a4e.jpg,Groceries,train,C:\Nizam\DBS-Foundation\Capstone - Ai Eng - Spendly_ Workspace\data\Groceries\train\images\receipt-394_png_jpg.rf.c248f526c1e08941355aa768d9901a4e.jpg,,0,False
receipt-396_png_jpg.rf.9a8f78cf56be2ae5367da93f5ba45640.jpg,Groceries,train,C:\Nizam\DBS-Foundation\Capstone - Ai Eng - Spendly_ Workspace\data\Groceries\train\images\receipt-396_png_jpg.rf.9a8f78cf56be2ae5367da93f5ba45640.jpg,,0,False
receipt-412_png_jpg.rf.f8c006d7fd8b9fba216ddcc556f7d93e.jpg,Groceries,train,C:\Nizam\DBS-Foundation\Capstone - Ai Eng - Spendly_ Workspace\data\Groceries\train\images\receipt-412_png_jpg.rf.f8c006d7fd8b9fba216ddcc556f7d93e.jpg,,0,False
receipt-424_png_jpg.rf.d4cbc562d2d5a0996c0a5036b4e88875.jpg,Groceries,train,C:\Nizam\DBS-Foundation\Capstone - Ai Eng - Spendly_ Workspace\data\Groceries\train\images\receipt-424_png_jpg.rf.d4cbc562d2d5a0996c0a5036b4e88875.jpg,,0,False
receipt-439_png_jpg.rf.3d7d17123f2c1ad77f26c55402f088e0.jpg,Groceries,train,C:\Nizam\DBS-Foundation\Capstone - Ai Eng - Spendly_ Workspace\data\Groceries\train\images\receipt-439_png_jpg.rf.3d7d17123f2c1ad77f26c55402f088e0.jpg,,0,False
receipt-465_png_jpg.rf.5b9b2ccfe20ad312ee4470ba0f6b0330.jpg,Groceries,train,C:\Nizam\DBS-Foundation\Capstone - Ai Eng - Spendly_ Workspace\data\Groceries\train\images\receipt-465_png_jpg.rf.5b9b2ccfe20ad312ee4470ba0f6b0330.jpg,,0,False
receipt-470_png_jpg.rf.9a307bfb6bcb9340ce394e03f0e32a32.jpg,Groceries,train,C:\Nizam\DBS-Foundation\Capstone - Ai Eng - Spendly_ Workspace\data\Groceries\train\images\receipt-470_png_jpg.rf.9a307bfb6bcb9340ce394e03f0e32a32.jpg,,0,False
receipt-476_png_jpg.rf.43ab549a19b58a84be07f52aa2c0c50e.jpg,Groceries,train,C:\Nizam\DBS-Foundation\Capstone - Ai Eng - Spendly_ Workspace\data\Groceries\train\images\receipt-476_png_jpg.rf.43ab549a19b58a84be07f52aa2c0c50e.jpg,,0,False
receipt-H296-80118044D42_png.rf.fa8a2ab5b708a472c216872080e84e4c.jpg,Groceries,train,C:\Nizam\DBS-Foundation\Capstone - Ai Eng - Spendly_ Workspace\data\Groceries\train\images\receipt-H296-80118044D42_png.rf.fa8a2ab5b708a472c216872080e84e4c.jpg,,0,False
receipt-HD11-1223103W5W3_png.rf.61d3bbc9493bc38f171685f8eae2af40.jpg,Groceries,train,C:\Nizam\DBS-Foundation\Capstone - Ai Eng - Spendly_ Workspace\data\Groceries\train\images\receipt-HD11-1223103W5W3_png.rf.61d3bbc9493bc38f171685f8eae2af40.jpg,,0,False
receipt-HD70-27804044V42_png.rf.0cbb0bb2f978ee5b2532d160b8bec436.jpg,Groceries,train,C:\Nizam\DBS-Foundation\Capstone - Ai Eng - Spendly_ Workspace\data\Groceries\train\images\receipt-HD70-27804044V42_png.rf.0cbb0bb2f978ee5b2532d160b8bec436.jpg,,0,False
receipt-O-260226-AGVRBMP_png.rf.d6ef38f57e7d693a3282dcfb799a2a4d.jpg,Groceries,train,C:\Nizam\DBS-Foundation\Capstone - Ai Eng - Spendly_ Workspace\data\Groceries\train\images\receipt-O-260226-AGVRBMP_png.rf.d6ef38f57e7d693a3282dcfb799a2a4d.jpg,,0,False
receipt-O-260309-AGDMRVQ_png.rf.3fa10ef093400ab7243b3aed0dd9ea98.jpg,Groceries,train,C:\Nizam\DBS-Foundation\Capstone - Ai Eng - Spendly_ Workspace\data\Groceries\train\images\receipt-O-260309-AGDMRVQ_png.rf.3fa10ef093400ab7243b3aed0dd9ea98.jpg,,0,False
receipt-O-260309-AGGDMFY_png.rf.13bba1a1266e436c9c70174b5605b320.jpg,Groceries,train,C:\Nizam\DBS-Foundation\Capstone - Ai Eng - Spendly_ Workspace\data\Groceries\train\images\receipt-O-260309-AGGDMFY_png.rf.13bba1a1266e436c9c70174b5605b320.jpg,,0,False
receipt-O-260420-AGTCYKS_png.rf.e02d8cd213547d352ebdaaf22ae7e450.jpg,Groceries,train,C:\Nizam\DBS-Foundation\Capstone - Ai Eng - Spendly_ Workspace\data\Groceries\train\images\receipt-O-260420-AGTCYKS_png.rf.e02d8cd213547d352ebdaaf22ae7e450.jpg,,0,False
warung-pasta_jpg.rf.0d09feb3b6708579b614d5233c17f34c.jpg,Groceries,train,C:\Nizam\DBS-Foundation\Capstone - Ai Eng - Spendly_ Workspace\data\Groceries\train\images\warung-pasta_jpg.rf.0d09feb3b6708579b614d5233c17f34c.jpg,,0,False
CamScanner-18-11-2024-12-48_102_jpg.rf.9800ae82943a50f49a53a3c1f42a7f54.jpg,Groceries,valid,C:\Nizam\DBS-Foundation\Capstone - Ai Eng - Spendly_ Workspace\data\Groceries\valid\images\CamScanner-18-11-2024-12-48_102_jpg.rf.9800ae82943a50f49a53a3c1f42a7f54.jpg,,0,False
CamScanner-18-11-2024-12-48_16_jpg.rf.7e45c3a75f438535ad3da22f8f6bf009.jpg,Groceries,valid,C:\Nizam\DBS-Foundation\Capstone - Ai Eng - Spendly_ Workspace\data\Groceries\valid\images\CamScanner-18-11-2024-12-48_16_jpg.rf.7e45c3a75f438535ad3da22f8f6bf009.jpg,,0,False
CamScanner-18-11-2024-12-48_20_jpg.rf.a5dfa551cd448f35fb04f0aa9e651f13.jpg,Groceries,valid,C:\Nizam\DBS-Foundation\Capstone - Ai Eng - Spendly_ Workspace\data\Groceries\valid\images\CamScanner-18-11-2024-12-48_20_jpg.rf.a5dfa551cd448f35fb04f0aa9e651f13.jpg,,0,False
CamScanner-18-11-2024-12-48_22_jpg.rf.3b52b57c812050e99b283847023b58bb.jpg,Groceries,valid,C:\Nizam\DBS-Foundation\Capstone - Ai Eng - Spendly_ Workspace\data\Groceries\valid\images\CamScanner-18-11-2024-12-48_22_jpg.rf.3b52b57c812050e99b283847023b58bb.jpg,,0,False
CamScanner-18-11-2024-12-48_23_jpg.rf.4bdebbb33333d666feeaadb2e475a6b5.jpg,Groceries,valid,C:\Nizam\DBS-Foundation\Capstone - Ai Eng - Spendly_ Workspace\data\Groceries\valid\images\CamScanner-18-11-2024-12-48_23_jpg.rf.4bdebbb33333d666feeaadb2e475a6b5.jpg,,0,False
CamScanner-18-11-2024-12-48_23_jpg.rf.7b7d429a9d11b216728e8464b4f1e26b.jpg,Groceries,valid,C:\Nizam\DBS-Foundation\Capstone - Ai Eng - Spendly_ Workspace\data\Groceries\valid\images\CamScanner-18-11-2024-12-48_23_jpg.rf.7b7d429a9d11b216728e8464b4f1e26b.jpg,,0,False
CamScanner-18-11-2024-12-48_25_jpg.rf.f37da34990cc6b165095ef8ab20ab90d.jpg,Groceries,valid,C:\Nizam\DBS-Foundation\Capstone - Ai Eng - Spendly_ Workspace\data\Groceries\valid\images\CamScanner-18-11-2024-12-48_25_jpg.rf.f37da34990cc6b165095ef8ab20ab90d.jpg,,0,False
CamScanner-18-11-2024-12-48_28_jpg.rf.1d141909da06115bf72d2505e4b3de83.jpg,Groceries,valid,C:\Nizam\DBS-Foundation\Capstone - Ai Eng - Spendly_ Workspace\data\Groceries\valid\images\CamScanner-18-11-2024-12-48_28_jpg.rf.1d141909da06115bf72d2505e4b3de83.jpg,,0,False
CamScanner-18-11-2024-12-48_2_jpg.rf.87f7a8b4cf41e3beb3cd2ac80501b153.jpg,Groceries,valid,C:\Nizam\DBS-Foundation\Capstone - Ai Eng - Spendly_ Workspace\data\Groceries\valid\images\CamScanner-18-11-2024-12-48_2_jpg.rf.87f7a8b4cf41e3beb3cd2ac80501b153.jpg,,0,False
CamScanner-18-11-2024-12-48_33_jpg.rf.a349e2ac43897488be2a63a6a6be2049.jpg,Groceries,valid,C:\Nizam\DBS-Foundation\Capstone - Ai Eng - Spendly_ Workspace\data\Groceries\valid\images\CamScanner-18-11-2024-12-48_33_jpg.rf.a349e2ac43897488be2a63a6a6be2049.jpg,,0,False
CamScanner-18-11-2024-12-48_40_jpg.rf.3b2a38077663751c2922d6e9d5841efa.jpg,Groceries,valid,C:\Nizam\DBS-Foundation\Capstone - Ai Eng - Spendly_ Workspace\data\Groceries\valid\images\CamScanner-18-11-2024-12-48_40_jpg.rf.3b2a38077663751c2922d6e9d5841efa.jpg,,0,False
CamScanner-18-11-2024-12-48_41_jpg.rf.89dfd1650ade4e37953fa36b63662c29.jpg,Groceries,valid,C:\Nizam\DBS-Foundation\Capstone - Ai Eng - Spendly_ Workspace\data\Groceries\valid\images\CamScanner-18-11-2024-12-48_41_jpg.rf.89dfd1650ade4e37953fa36b63662c29.jpg,,0,False
CamScanner-18-11-2024-12-48_42_jpg.rf.49f74d915226d447d8cb0d90d3f2fd46.jpg,Groceries,valid,C:\Nizam\DBS-Foundation\Capstone - Ai Eng - Spendly_ Workspace\data\Groceries\valid\images\CamScanner-18-11-2024-12-48_42_jpg.rf.49f74d915226d447d8cb0d90d3f2fd46.jpg,,0,False
CamScanner-18-11-2024-12-48_42_jpg.rf.b96a2b7e366ab5fd2958281200ab14ce.jpg,Groceries,valid,C:\Nizam\DBS-Foundation\Capstone - Ai Eng - Spendly_ Workspace\data\Groceries\valid\images\CamScanner-18-11-2024-12-48_42_jpg.rf.b96a2b7e366ab5fd2958281200ab14ce.jpg,,0,False
CamScanner-18-11-2024-12-48_42_jpg.rf.ede5f3fe74a04cb645fe36d731a8301e.jpg,Groceries,valid,C:\Nizam\DBS-Foundation\Capstone - Ai Eng - Spendly_ Workspace\data\Groceries\valid\images\CamScanner-18-11-2024-12-48_42_jpg.rf.ede5f3fe74a04cb645fe36d731a8301e.jpg,,0,False
CamScanner-18-11-2024-12-48_44_jpg.rf.dfde2b94c2488af74ff4fc942385bb7b.jpg,Groceries,valid,C:\Nizam\DBS-Foundation\Capstone - Ai Eng - Spendly_ Workspace\data\Groceries\valid\images\CamScanner-18-11-2024-12-48_44_jpg.rf.dfde2b94c2488af74ff4fc942385bb7b.jpg,,0,False
CamScanner-18-11-2024-12-48_56_jpg.rf.c0fcecc9313c8f6389071c1f747f3d74.jpg,Groceries,valid,C:\Nizam\DBS-Foundation\Capstone - Ai Eng - Spendly_ Workspace\data\Groceries\valid\images\CamScanner-18-11-2024-12-48_56_jpg.rf.c0fcecc9313c8f6389071c1f747f3d74.jpg,,0,False
CamScanner-18-11-2024-12-48_5_jpg.rf.cf51c7ff10700b0fc7013ff4b9a240bd.jpg,Groceries,valid,C:\Nizam\DBS-Foundation\Capstone - Ai Eng - Spendly_ Workspace\data\Groceries\valid\images\CamScanner-18-11-2024-12-48_5_jpg.rf.cf51c7ff10700b0fc7013ff4b9a240bd.jpg,,0,False
CamScanner-18-11-2024-12-48_64_jpg.rf.9a8adbb81af38893572262869193ce9c.jpg,Groceries,valid,C:\Nizam\DBS-Foundation\Capstone - Ai Eng - Spendly_ Workspace\data\Groceries\valid\images\CamScanner-18-11-2024-12-48_64_jpg.rf.9a8adbb81af38893572262869193ce9c.jpg,,0,False
CamScanner-18-11-2024-12-48_66_jpg.rf.175d49ae70b2dcf2c2e96490452bff4a.jpg,Groceries,valid,C:\Nizam\DBS-Foundation\Capstone - Ai Eng - Spendly_ Workspace\data\Groceries\valid\images\CamScanner-18-11-2024-12-48_66_jpg.rf.175d49ae70b2dcf2c2e96490452bff4a.jpg,,0,False
CamScanner-18-11-2024-12-48_67_jpg.rf.24588507463de9947f9f0a9cf8c13ace.jpg,Groceries,valid,C:\Nizam\DBS-Foundation\Capstone - Ai Eng - Spendly_ Workspace\data\Groceries\valid\images\CamScanner-18-11-2024-12-48_67_jpg.rf.24588507463de9947f9f0a9cf8c13ace.jpg,,0,False
CamScanner-18-11-2024-12-48_69_jpg.rf.68f841f439917862b15e6e6fe0eb7806.jpg,Groceries,valid,C:\Nizam\DBS-Foundation\Capstone - Ai Eng - Spendly_ Workspace\data\Groceries\valid\images\CamScanner-18-11-2024-12-48_69_jpg.rf.68f841f439917862b15e6e6fe0eb7806.jpg,,0,False
CamScanner-18-11-2024-12-48_78_jpg.rf.a35130c40593c2aa64acfbfa21d72a9e.jpg,Groceries,valid,C:\Nizam\DBS-Foundation\Capstone - Ai Eng - Spendly_ Workspace\data\Groceries\valid\images\CamScanner-18-11-2024-12-48_78_jpg.rf.a35130c40593c2aa64acfbfa21d72a9e.jpg,,0,False
CamScanner-18-11-2024-12-48_82_jpg.rf.17b49fa3da248318fe95dca45ac0d7a1.jpg,Groceries,valid,C:\Nizam\DBS-Foundation\Capstone - Ai Eng - Spendly_ Workspace\data\Groceries\valid\images\CamScanner-18-11-2024-12-48_82_jpg.rf.17b49fa3da248318fe95dca45ac0d7a1.jpg,,0,False
CamScanner-18-11-2024-12-48_87_jpg.rf.e871a804970c40bcd70ae94917aef81d.jpg,Groceries,valid,C:\Nizam\DBS-Foundation\Capstone - Ai Eng - Spendly_ Workspace\data\Groceries\valid\images\CamScanner-18-11-2024-12-48_87_jpg.rf.e871a804970c40bcd70ae94917aef81d.jpg,,0,False
CamScanner-18-11-2024-12-48_8_jpg.rf.035fba047eeb5c9770eba6ef119c9b21.jpg,Groceries,valid,C:\Nizam\DBS-Foundation\Capstone - Ai Eng - Spendly_ Workspace\data\Groceries\valid\images\CamScanner-18-11-2024-12-48_8_jpg.rf.035fba047eeb5c9770eba6ef119c9b21.jpg,,0,False
CamScanner-18-11-2024-12-48_90_jpg.rf.2f2c8e271b687c71f770ded7c02276e8.jpg,Groceries,valid,C:\Nizam\DBS-Foundation\Capstone - Ai Eng - Spendly_ Workspace\data\Groceries\valid\images\CamScanner-18-11-2024-12-48_90_jpg.rf.2f2c8e271b687c71f770ded7c02276e8.jpg,,0,False
CamScanner-18-11-2024-12-48_95_jpg.rf.2976cc23c1221e6d8a8a168892ce4bbd.jpg,Groceries,valid,C:\Nizam\DBS-Foundation\Capstone - Ai Eng - Spendly_ Workspace\data\Groceries\valid\images\CamScanner-18-11-2024-12-48_95_jpg.rf.2976cc23c1221e6d8a8a168892ce4bbd.jpg,,0,False
receipt-065_png_jpg.rf.4d8b8661b01ebe4b0564281759551dab.jpg,Groceries,valid,C:\Nizam\DBS-Foundation\Capstone - Ai Eng - Spendly_ Workspace\data\Groceries\valid\images\receipt-065_png_jpg.rf.4d8b8661b01ebe4b0564281759551dab.jpg,,0,False
receipt-215_png_jpg.rf.8d47b27f9e5c7ae48c09779b3e56ef52.jpg,Groceries,valid,C:\Nizam\DBS-Foundation\Capstone - Ai Eng - Spendly_ Workspace\data\Groceries\valid\images\receipt-215_png_jpg.rf.8d47b27f9e5c7ae48c09779b3e56ef52.jpg,,0,False
receipt-248_png_jpg.rf.b0cffab2d2504cea368431dbb5955b1e.jpg,Groceries,valid,C:\Nizam\DBS-Foundation\Capstone - Ai Eng - Spendly_ Workspace\data\Groceries\valid\images\receipt-248_png_jpg.rf.b0cffab2d2504cea368431dbb5955b1e.jpg,,0,False
receipt-269_png_jpg.rf.e9a552172a4c04eb0f8e55489c1ed229.jpg,Groceries,valid,C:\Nizam\DBS-Foundation\Capstone - Ai Eng - Spendly_ Workspace\data\Groceries\valid\images\receipt-269_png_jpg.rf.e9a552172a4c04eb0f8e55489c1ed229.jpg,,0,False
receipt-302_png_jpg.rf.29095baae617a858d7792c400551daa6.jpg,Groceries,valid,C:\Nizam\DBS-Foundation\Capstone - Ai Eng - Spendly_ Workspace\data\Groceries\valid\images\receipt-302_png_jpg.rf.29095baae617a858d7792c400551daa6.jpg,,0,False
receipt-322_png_jpg.rf.1a6d001f3d7133247c5ab6c431441722.jpg,Groceries,valid,C:\Nizam\DBS-Foundation\Capstone - Ai Eng - Spendly_ Workspace\data\Groceries\valid\images\receipt-322_png_jpg.rf.1a6d001f3d7133247c5ab6c431441722.jpg,,0,False
receipt-067_png_jpg.rf.930186f0b80cca504c3de8ce3f66565d.jpg,Groceries,test,C:\Nizam\DBS-Foundation\Capstone - Ai Eng - Spendly_ Workspace\data\Groceries\test\images\receipt-067_png_jpg.rf.930186f0b80cca504c3de8ce3f66565d.jpg,,0,False
receipt-194_png_jpg.rf.fbbcb327197ccec715d944834b2ee1bc.jpg,Groceries,test,C:\Nizam\DBS-Foundation\Capstone - Ai Eng - Spendly_ Workspace\data\Groceries\test\images\receipt-194_png_jpg.rf.fbbcb327197ccec715d944834b2ee1bc.jpg,,0,False
receipt-202_png_jpg.rf.348272ee42b0f9c493843cc37af5c342.jpg,Groceries,test,C:\Nizam\DBS-Foundation\Capstone - Ai Eng - Spendly_ Workspace\data\Groceries\test\images\receipt-202_png_jpg.rf.348272ee42b0f9c493843cc37af5c342.jpg,,0,False
receipt-478_png_jpg.rf.19639cab6d0d952b16f593c11c17d7d8.jpg,Groceries,test,C:\Nizam\DBS-Foundation\Capstone - Ai Eng - Spendly_ Workspace\data\Groceries\test\images\receipt-478_png_jpg.rf.19639cab6d0d952b16f593c11c17d7d8.jpg,,0,False
receipt-484_png_jpg.rf.7292d82ef8903bf1b90c84f5fb2c59fa.jpg,Groceries,test,C:\Nizam\DBS-Foundation\Capstone - Ai Eng - Spendly_ Workspace\data\Groceries\test\images\receipt-484_png_jpg.rf.7292d82ef8903bf1b90c84f5fb2c59fa.jpg,,0,False
receipt-491_png_jpg.rf.12926ce9a821a4e50e5533d7617b9aa7.jpg,Groceries,test,C:\Nizam\DBS-Foundation\Capstone - Ai Eng - Spendly_ Workspace\data\Groceries\test\images\receipt-491_png_jpg.rf.12926ce9a821a4e50e5533d7617b9aa7.jpg,,0,False
1dental10_png.rf.95b0d3a4d9b5ed34f23a6b9e96d340d2.jpg,Health,train,C:\Nizam\DBS-Foundation\Capstone - Ai Eng - Spendly_ Workspace\data\Health\train\images\1dental10_png.rf.95b0d3a4d9b5ed34f23a6b9e96d340d2.jpg,,0,False
1dental12_png.rf.473710c7cf44cb2a643ccfc72e8eeacf.jpg,Health,train,C:\Nizam\DBS-Foundation\Capstone - Ai Eng - Spendly_ Workspace\data\Health\train\images\1dental12_png.rf.473710c7cf44cb2a643ccfc72e8eeacf.jpg,,0,False
1dental13_png.rf.731df2023a1db404c383f63abc3f27d8.jpg,Health,train,C:\Nizam\DBS-Foundation\Capstone - Ai Eng - Spendly_ Workspace\data\Health\train\images\1dental13_png.rf.731df2023a1db404c383f63abc3f27d8.jpg,,0,False
1dental14_png.rf.ac86147c2d5a9478af5bea2c98be1f5f.jpg,Health,train,C:\Nizam\DBS-Foundation\Capstone - Ai Eng - Spendly_ Workspace\data\Health\train\images\1dental14_png.rf.ac86147c2d5a9478af5bea2c98be1f5f.jpg,,0,False
1dental17_png.rf.0b24d814e515a7c55c78ff7cef03f6eb.jpg,Health,train,C:\Nizam\DBS-Foundation\Capstone - Ai Eng - Spendly_ Workspace\data\Health\train\images\1dental17_png.rf.0b24d814e515a7c55c78ff7cef03f6eb.jpg,,0,False
1dental18_png.rf.1dcd5c9b72600912860c502c2b6147ce.jpg,Health,train,C:\Nizam\DBS-Foundation\Capstone - Ai Eng - Spendly_ Workspace\data\Health\train\images\1dental18_png.rf.1dcd5c9b72600912860c502c2b6147ce.jpg,,0,False
1dental1_png.rf.7c428b04854cf6303ce6f96596721d5b.jpg,Health,train,C:\Nizam\DBS-Foundation\Capstone - Ai Eng - Spendly_ Workspace\data\Health\train\images\1dental1_png.rf.7c428b04854cf6303ce6f96596721d5b.jpg,,0,False
1dental20_png.rf.c98e3be960bceb9d98707173ea48ab8e.jpg,Health,train,C:\Nizam\DBS-Foundation\Capstone - Ai Eng - Spendly_ Workspace\data\Health\train\images\1dental20_png.rf.c98e3be960bceb9d98707173ea48ab8e.jpg,,0,False
1dental21_png.rf.d106733e97e34d915b6687e4ec5a7b59.jpg,Health,train,C:\Nizam\DBS-Foundation\Capstone - Ai Eng - Spendly_ Workspace\data\Health\train\images\1dental21_png.rf.d106733e97e34d915b6687e4ec5a7b59.jpg,,0,False
1dental2_png.rf.7076e5b164f4a86ef4d406c1b2a28c7f.jpg,Health,train,C:\Nizam\DBS-Foundation\Capstone - Ai Eng - Spendly_ Workspace\data\Health\train\images\1dental2_png.rf.7076e5b164f4a86ef4d406c1b2a28c7f.jpg,,0,False
1dental3_png.rf.a5811c4c84be38603ea0e79babb590cf.jpg,Health,train,C:\Nizam\DBS-Foundation\Capstone - Ai Eng - Spendly_ Workspace\data\Health\train\images\1dental3_png.rf.a5811c4c84be38603ea0e79babb590cf.jpg,,0,False
1dental4_png.rf.0490276e8182bffe9c792a8e442c0658.jpg,Health,train,C:\Nizam\DBS-Foundation\Capstone - Ai Eng - Spendly_ Workspace\data\Health\train\images\1dental4_png.rf.0490276e8182bffe9c792a8e442c0658.jpg,,0,False
1dental5_png.rf.ef749e3143c09225ea365988099bd8f9.jpg,Health,train,C:\Nizam\DBS-Foundation\Capstone - Ai Eng - Spendly_ Workspace\data\Health\train\images\1dental5_png.rf.ef749e3143c09225ea365988099bd8f9.jpg,,0,False
1dental7_png.rf.fdb528a6255c24cca7061bd3aedaa304.jpg,Health,train,C:\Nizam\DBS-Foundation\Capstone - Ai Eng - Spendly_ Workspace\data\Health\train\images\1dental7_png.rf.fdb528a6255c24cca7061bd3aedaa304.jpg,,0,False
1dental8_png.rf.157073b0e8b28c1289789628290a2c70.jpg,Health,train,C:\Nizam\DBS-Foundation\Capstone - Ai Eng - Spendly_ Workspace\data\Health\train\images\1dental8_png.rf.157073b0e8b28c1289789628290a2c70.jpg,,0,False
apotek1_png.rf.6374cd8897a37d7a77be8ab159854591.jpg,Health,train,C:\Nizam\DBS-Foundation\Capstone - Ai Eng - Spendly_ Workspace\data\Health\train\images\apotek1_png.rf.6374cd8897a37d7a77be8ab159854591.jpg,,0,False
halodoc10_png.rf.7aace4479da6d7de5ab801c5e60a2efc.jpg,Health,train,C:\Nizam\DBS-Foundation\Capstone - Ai Eng - Spendly_ Workspace\data\Health\train\images\halodoc10_png.rf.7aace4479da6d7de5ab801c5e60a2efc.jpg,,0,False
halodoc12_png.rf.8c4794fc23061c9d985e878060ffceaa.jpg,Health,train,C:\Nizam\DBS-Foundation\Capstone - Ai Eng - Spendly_ Workspace\data\Health\train\images\halodoc12_png.rf.8c4794fc23061c9d985e878060ffceaa.jpg,,0,False
halodoc13_png.rf.9c0f4acb2e2fb9dc4d3774ad4824775e.jpg,Health,train,C:\Nizam\DBS-Foundation\Capstone - Ai Eng - Spendly_ Workspace\data\Health\train\images\halodoc13_png.rf.9c0f4acb2e2fb9dc4d3774ad4824775e.jpg,,0,False
halodoc14_png.rf.8dd18bad10dc39ae33a649b0baad0986.jpg,Health,train,C:\Nizam\DBS-Foundation\Capstone - Ai Eng - Spendly_ Workspace\data\Health\train\images\halodoc14_png.rf.8dd18bad10dc39ae33a649b0baad0986.jpg,,0,False
halodoc15_png.rf.9ff5f971d84ae9aa5f94b78b7fa2a6a1.jpg,Health,train,C:\Nizam\DBS-Foundation\Capstone - Ai Eng - Spendly_ Workspace\data\Health\train\images\halodoc15_png.rf.9ff5f971d84ae9aa5f94b78b7fa2a6a1.jpg,,0,False
halodoc1_png.rf.045248ebcf8a5b741690cefebd39adf2.jpg,Health,train,C:\Nizam\DBS-Foundation\Capstone - Ai Eng - Spendly_ Workspace\data\Health\train\images\halodoc1_png.rf.045248ebcf8a5b741690cefebd39adf2.jpg,,0,False
halodoc2_png.rf.a791d380764279e9305091aa36e7550f.jpg,Health,train,C:\Nizam\DBS-Foundation\Capstone - Ai Eng - Spendly_ Workspace\data\Health\train\images\halodoc2_png.rf.a791d380764279e9305091aa36e7550f.jpg,,0,False
halodoc3_png.rf.8236866bcd74e422461355af3a9c33b7.jpg,Health,train,C:\Nizam\DBS-Foundation\Capstone - Ai Eng - Spendly_ Workspace\data\Health\train\images\halodoc3_png.rf.8236866bcd74e422461355af3a9c33b7.jpg,,0,False
halodoc4_png.rf.c509d6d44fefe7d093d7156d4eb3ed7d.jpg,Health,train,C:\Nizam\DBS-Foundation\Capstone - Ai Eng - Spendly_ Workspace\data\Health\train\images\halodoc4_png.rf.c509d6d44fefe7d093d7156d4eb3ed7d.jpg,,0,False
halodoc5_png.rf.80871c0ac68f1126583e1f708870fffe.jpg,Health,train,C:\Nizam\DBS-Foundation\Capstone - Ai Eng - Spendly_ Workspace\data\Health\train\images\halodoc5_png.rf.80871c0ac68f1126583e1f708870fffe.jpg,,0,False
halodoc6_png.rf.9eba0cb3187217970b2c970a9755a990.jpg,Health,train,C:\Nizam\DBS-Foundation\Capstone - Ai Eng - Spendly_ Workspace\data\Health\train\images\halodoc6_png.rf.9eba0cb3187217970b2c970a9755a990.jpg,,0,False
halodoc7_png.rf.39c92d8f777a493edf08651cbf8f65c6.jpg,Health,train,C:\Nizam\DBS-Foundation\Capstone - Ai Eng - Spendly_ Workspace\data\Health\train\images\halodoc7_png.rf.39c92d8f777a493edf08651cbf8f65c6.jpg,,0,False
halodoc8_png.rf.b4278aaeb7475def2a81b77216943aab.jpg,Health,train,C:\Nizam\DBS-Foundation\Capstone - Ai Eng - Spendly_ Workspace\data\Health\train\images\halodoc8_png.rf.b4278aaeb7475def2a81b77216943aab.jpg,,0,False
saturdays_png.rf.4a378d611bb20f1bc84578061e0fdbfa.jpg,Health,train,C:\Nizam\DBS-Foundation\Capstone - Ai Eng - Spendly_ Workspace\data\Health\train\images\saturdays_png.rf.4a378d611bb20f1bc84578061e0fdbfa.jpg,,0,False
1dental15_png.rf.487e08c651248da7a9b56e38775b39c2.jpg,Health,valid,C:\Nizam\DBS-Foundation\Capstone - Ai Eng - Spendly_ Workspace\data\Health\valid\images\1dental15_png.rf.487e08c651248da7a9b56e38775b39c2.jpg,,0,False
1dental16_png.rf.fb8479aa6ceaf18b3eee7c470f803cd2.jpg,Health,valid,C:\Nizam\DBS-Foundation\Capstone - Ai Eng - Spendly_ Workspace\data\Health\valid\images\1dental16_png.rf.fb8479aa6ceaf18b3eee7c470f803cd2.jpg,,0,False
1dental19_png.rf.af54a36f36514db1be5aaaa4f42e6b4b.jpg,Health,valid,C:\Nizam\DBS-Foundation\Capstone - Ai Eng - Spendly_ Workspace\data\Health\valid\images\1dental19_png.rf.af54a36f36514db1be5aaaa4f42e6b4b.jpg,,0,False
1dental6_png.rf.3f8cbead11a495a0d9e172c61611dbea.jpg,Health,valid,C:\Nizam\DBS-Foundation\Capstone - Ai Eng - Spendly_ Workspace\data\Health\valid\images\1dental6_png.rf.3f8cbead11a495a0d9e172c61611dbea.jpg,,0,False
halodoc11_png.rf.032ab8c3600f9a839addb28ca5815f43.jpg,Health,valid,C:\Nizam\DBS-Foundation\Capstone - Ai Eng - Spendly_ Workspace\data\Health\valid\images\halodoc11_png.rf.032ab8c3600f9a839addb28ca5815f43.jpg,,0,False
halodoc16_png.rf.14dea49f045428704868c59cfd458c5b.jpg,Health,valid,C:\Nizam\DBS-Foundation\Capstone - Ai Eng - Spendly_ Workspace\data\Health\valid\images\halodoc16_png.rf.14dea49f045428704868c59cfd458c5b.jpg,,0,False
1dental11_png.rf.46847a727f668de66dd62216c6968d7a.jpg,Health,test,C:\Nizam\DBS-Foundation\Capstone - Ai Eng - Spendly_ Workspace\data\Health\test\images\1dental11_png.rf.46847a727f668de66dd62216c6968d7a.jpg,,0,False
1dental9_png.rf.0d7ec1aef7fb5e4cd37d8be087450ac8.jpg,Health,test,C:\Nizam\DBS-Foundation\Capstone - Ai Eng - Spendly_ Workspace\data\Health\test\images\1dental9_png.rf.0d7ec1aef7fb5e4cd37d8be087450ac8.jpg,,0,False
apotek2_png.rf.bc26d6cb359072c3e0d9c6ecf5f2aa55.jpg,Health,test,C:\Nizam\DBS-Foundation\Capstone - Ai Eng - Spendly_ Workspace\data\Health\test\images\apotek2_png.rf.bc26d6cb359072c3e0d9c6ecf5f2aa55.jpg,,0,False
halodoc9_png.rf.27c9fc0c82bb2fb9d123174351ca05de.jpg,Health,test,C:\Nizam\DBS-Foundation\Capstone - Ai Eng - Spendly_ Workspace\data\Health\test\images\halodoc9_png.rf.27c9fc0c82bb2fb9d123174351ca05de.jpg,,0,False
azko10_png.rf.f4e50853b71867fce2c549953a0e484a.jpg,HouseHold,train,C:\Nizam\DBS-Foundation\Capstone - Ai Eng - Spendly_ Workspace\data\HouseHold\train\images\azko10_png.rf.f4e50853b71867fce2c549953a0e484a.jpg,,0,False
azko12_png.rf.c7133a369eaefd6e8fbefa7a590bf6b6.jpg,HouseHold,train,C:\Nizam\DBS-Foundation\Capstone - Ai Eng - Spendly_ Workspace\data\HouseHold\train\images\azko12_png.rf.c7133a369eaefd6e8fbefa7a590bf6b6.jpg,,0,False
azko13_png.rf.6048eb4c2bf85060fb1fa8ee9e82630b.jpg,HouseHold,train,C:\Nizam\DBS-Foundation\Capstone - Ai Eng - Spendly_ Workspace\data\HouseHold\train\images\azko13_png.rf.6048eb4c2bf85060fb1fa8ee9e82630b.jpg,,0,False
azko14_png.rf.174af70577135495097124329bd1d480.jpg,HouseHold,train,C:\Nizam\DBS-Foundation\Capstone - Ai Eng - Spendly_ Workspace\data\HouseHold\train\images\azko14_png.rf.174af70577135495097124329bd1d480.jpg,,0,False
azko15_png.rf.c7bf583a44ffef0f4f38e6d21172f6b7.jpg,HouseHold,train,C:\Nizam\DBS-Foundation\Capstone - Ai Eng - Spendly_ Workspace\data\HouseHold\train\images\azko15_png.rf.c7bf583a44ffef0f4f38e6d21172f6b7.jpg,,0,False
azko16_png.rf.983b5846a713d072f4afe03283a7e660.jpg,HouseHold,train,C:\Nizam\DBS-Foundation\Capstone - Ai Eng - Spendly_ Workspace\data\HouseHold\train\images\azko16_png.rf.983b5846a713d072f4afe03283a7e660.jpg,,0,False
azko17_png.rf.87b49844780493a2a46b34412caa2b9c.jpg,HouseHold,train,C:\Nizam\DBS-Foundation\Capstone - Ai Eng - Spendly_ Workspace\data\HouseHold\train\images\azko17_png.rf.87b49844780493a2a46b34412caa2b9c.jpg,,0,False
azko18_png.rf.4d9a1eaa1d7cea6547b3cd81bcbdb3ef.jpg,HouseHold,train,C:\Nizam\DBS-Foundation\Capstone - Ai Eng - Spendly_ Workspace\data\HouseHold\train\images\azko18_png.rf.4d9a1eaa1d7cea6547b3cd81bcbdb3ef.jpg,,0,False
azko19_png.rf.b09a93c529721980436cdf800cc3ae7e.jpg,HouseHold,train,C:\Nizam\DBS-Foundation\Capstone - Ai Eng - Spendly_ Workspace\data\HouseHold\train\images\azko19_png.rf.b09a93c529721980436cdf800cc3ae7e.jpg,,0,False
azko1_jpeg.rf.4ecae4ca31a76b4937ecb13598f88bcb.jpg,HouseHold,train,C:\Nizam\DBS-Foundation\Capstone - Ai Eng - Spendly_ Workspace\data\HouseHold\train\images\azko1_jpeg.rf.4ecae4ca31a76b4937ecb13598f88bcb.jpg,,0,False
azko2_png.rf.45dedefb7cc23ba6f87b86ba6b8598f6.jpg,HouseHold,train,C:\Nizam\DBS-Foundation\Capstone - Ai Eng - Spendly_ Workspace\data\HouseHold\train\images\azko2_png.rf.45dedefb7cc23ba6f87b86ba6b8598f6.jpg,,0,False
azko3_png.rf.8537084a80d1d4dc00a87d8d62201aa2.jpg,HouseHold,train,C:\Nizam\DBS-Foundation\Capstone - Ai Eng - Spendly_ Workspace\data\HouseHold\train\images\azko3_png.rf.8537084a80d1d4dc00a87d8d62201aa2.jpg,,0,False
azko5_png.rf.a1a79bdf71ce8352d004d8bb678179e3.jpg,HouseHold,train,C:\Nizam\DBS-Foundation\Capstone - Ai Eng - Spendly_ Workspace\data\HouseHold\train\images\azko5_png.rf.a1a79bdf71ce8352d004d8bb678179e3.jpg,,0,False
azko6_png.rf.20043c12de69ad4e554be916ddc839a4.jpg,HouseHold,train,C:\Nizam\DBS-Foundation\Capstone - Ai Eng - Spendly_ Workspace\data\HouseHold\train\images\azko6_png.rf.20043c12de69ad4e554be916ddc839a4.jpg,,0,False
azko7_png.rf.0f192e6b07f3526f0925a2e59ac963f5.jpg,HouseHold,train,C:\Nizam\DBS-Foundation\Capstone - Ai Eng - Spendly_ Workspace\data\HouseHold\train\images\azko7_png.rf.0f192e6b07f3526f0925a2e59ac963f5.jpg,,0,False
azko8_png.rf.2d812fd2e8d719f8def16fd977e17dac.jpg,HouseHold,train,C:\Nizam\DBS-Foundation\Capstone - Ai Eng - Spendly_ Workspace\data\HouseHold\train\images\azko8_png.rf.2d812fd2e8d719f8def16fd977e17dac.jpg,,0,False
mr-diy10_png.rf.b9c626b2868f1c7ced535d47e15b10c5.jpg,HouseHold,train,C:\Nizam\DBS-Foundation\Capstone - Ai Eng - Spendly_ Workspace\data\HouseHold\train\images\mr-diy10_png.rf.b9c626b2868f1c7ced535d47e15b10c5.jpg,,0,False
mr-diy11_png.rf.fb6741cf4bdb40d0047dbbdddf943ac8.jpg,HouseHold,train,C:\Nizam\DBS-Foundation\Capstone - Ai Eng - Spendly_ Workspace\data\HouseHold\train\images\mr-diy11_png.rf.fb6741cf4bdb40d0047dbbdddf943ac8.jpg,,0,False
mr-diy13_png.rf.30e59f651aabac65743e118de9ae14c5.jpg,HouseHold,train,C:\Nizam\DBS-Foundation\Capstone - Ai Eng - Spendly_ Workspace\data\HouseHold\train\images\mr-diy13_png.rf.30e59f651aabac65743e118de9ae14c5.jpg,,0,False
mr-diy14_png.rf.d197a862849ca3f6d355136b7ca9ba29.jpg,HouseHold,train,C:\Nizam\DBS-Foundation\Capstone - Ai Eng - Spendly_ Workspace\data\HouseHold\train\images\mr-diy14_png.rf.d197a862849ca3f6d355136b7ca9ba29.jpg,,0,False
mr-diy16_png.rf.076dfdfe4f26b6ac85b9fe10be3116f4.jpg,HouseHold,train,C:\Nizam\DBS-Foundation\Capstone - Ai Eng - Spendly_ Workspace\data\HouseHold\train\images\mr-diy16_png.rf.076dfdfe4f26b6ac85b9fe10be3116f4.jpg,,0,False
mr-diy17_png.rf.b4a8c42852a7cbd8548f0a5c98a93e59.jpg,HouseHold,train,C:\Nizam\DBS-Foundation\Capstone - Ai Eng - Spendly_ Workspace\data\HouseHold\train\images\mr-diy17_png.rf.b4a8c42852a7cbd8548f0a5c98a93e59.jpg,,0,False
mr-diy18_png.rf.fe0e3e07630af57e1ac61cd41e8c44e1.jpg,HouseHold,train,C:\Nizam\DBS-Foundation\Capstone - Ai Eng - Spendly_ Workspace\data\HouseHold\train\images\mr-diy18_png.rf.fe0e3e07630af57e1ac61cd41e8c44e1.jpg,,0,False
mr-diy19_png.rf.0917e2b95d32e91814e6a0b92be05343.jpg,HouseHold,train,C:\Nizam\DBS-Foundation\Capstone - Ai Eng - Spendly_ Workspace\data\HouseHold\train\images\mr-diy19_png.rf.0917e2b95d32e91814e6a0b92be05343.jpg,,0,False
mr-diy4_png.rf.b5f0ccfdbc156fe7bb2239cf8a7cd0a7.jpg,HouseHold,train,C:\Nizam\DBS-Foundation\Capstone - Ai Eng - Spendly_ Workspace\data\HouseHold\train\images\mr-diy4_png.rf.b5f0ccfdbc156fe7bb2239cf8a7cd0a7.jpg,,0,False
mr-diy5_png.rf.950777e4339572d235777b351c6516e3.jpg,HouseHold,train,C:\Nizam\DBS-Foundation\Capstone - Ai Eng - Spendly_ Workspace\data\HouseHold\train\images\mr-diy5_png.rf.950777e4339572d235777b351c6516e3.jpg,,0,False
mr-diy6_png.rf.e2adf7e4fbb53d77d4bad75860ffd0cf.jpg,HouseHold,train,C:\Nizam\DBS-Foundation\Capstone - Ai Eng - Spendly_ Workspace\data\HouseHold\train\images\mr-diy6_png.rf.e2adf7e4fbb53d77d4bad75860ffd0cf.jpg,,0,False
mr-diy7_png.rf.794f60d1aef6466f2cbd95ce1fb1bb70.jpg,HouseHold,train,C:\Nizam\DBS-Foundation\Capstone - Ai Eng - Spendly_ Workspace\data\HouseHold\train\images\mr-diy7_png.rf.794f60d1aef6466f2cbd95ce1fb1bb70.jpg,,0,False
mr-diy8_png.rf.d20c750de1c23fc6ff7d0ac0dbb92e37.jpg,HouseHold,train,C:\Nizam\DBS-Foundation\Capstone - Ai Eng - Spendly_ Workspace\data\HouseHold\train\images\mr-diy8_png.rf.d20c750de1c23fc6ff7d0ac0dbb92e37.jpg,,0,False
mr-diy9_png.rf.a879012d928d8e6944ba949d6bde5f74.jpg,HouseHold,train,C:\Nizam\DBS-Foundation\Capstone - Ai Eng - Spendly_ Workspace\data\HouseHold\train\images\mr-diy9_png.rf.a879012d928d8e6944ba949d6bde5f74.jpg,,0,False
azko11_png.rf.2e198f4b2764e27488b14148e95bb4da.jpg,HouseHold,valid,C:\Nizam\DBS-Foundation\Capstone - Ai Eng - Spendly_ Workspace\data\HouseHold\valid\images\azko11_png.rf.2e198f4b2764e27488b14148e95bb4da.jpg,,0,False
mr-diy12_png.rf.22e870b95146f0a00453e667b627d98a.jpg,HouseHold,valid,C:\Nizam\DBS-Foundation\Capstone - Ai Eng - Spendly_ Workspace\data\HouseHold\valid\images\mr-diy12_png.rf.22e870b95146f0a00453e667b627d98a.jpg,,0,False
mr-diy15_png.rf.e19d1b99acf8a59af407163606a5298a.jpg,HouseHold,valid,C:\Nizam\DBS-Foundation\Capstone - Ai Eng - Spendly_ Workspace\data\HouseHold\valid\images\mr-diy15_png.rf.e19d1b99acf8a59af407163606a5298a.jpg,,0,False
mr-diy1_jpeg.rf.d62cbc9b0e77f482afeecf2282f965ed.jpg,HouseHold,valid,C:\Nizam\DBS-Foundation\Capstone - Ai Eng - Spendly_ Workspace\data\HouseHold\valid\images\mr-diy1_jpeg.rf.d62cbc9b0e77f482afeecf2282f965ed.jpg,,0,False
mr-diy2_jpeg.rf.6ee12bee75ad6311a5237d585986a78f.jpg,HouseHold,valid,C:\Nizam\DBS-Foundation\Capstone - Ai Eng - Spendly_ Workspace\data\HouseHold\valid\images\mr-diy2_jpeg.rf.6ee12bee75ad6311a5237d585986a78f.jpg,,0,False
mr-diy3_png.rf.1d00684e8603f896cfe7a9ec940454db.jpg,HouseHold,valid,C:\Nizam\DBS-Foundation\Capstone - Ai Eng - Spendly_ Workspace\data\HouseHold\valid\images\mr-diy3_png.rf.1d00684e8603f896cfe7a9ec940454db.jpg,,0,False
azko20_png.rf.84f58140bd6604d26f6d9f62a114b01e.jpg,HouseHold,test,C:\Nizam\DBS-Foundation\Capstone - Ai Eng - Spendly_ Workspace\data\HouseHold\test\images\azko20_png.rf.84f58140bd6604d26f6d9f62a114b01e.jpg,,0,False
azko4_png.rf.99a32bd6565ee4d338c4109e20e3574b.jpg,HouseHold,test,C:\Nizam\DBS-Foundation\Capstone - Ai Eng - Spendly_ Workspace\data\HouseHold\test\images\azko4_png.rf.99a32bd6565ee4d338c4109e20e3574b.jpg,,0,False
azko9_png.rf.336ef53408a2a480f8afe928bf2249d1.jpg,HouseHold,test,C:\Nizam\DBS-Foundation\Capstone - Ai Eng - Spendly_ Workspace\data\HouseHold\test\images\azko9_png.rf.336ef53408a2a480f8afe928bf2249d1.jpg,,0,False
mr-diy20_png.rf.250eadc79bfc0c76826fb936510fe927.jpg,HouseHold,test,C:\Nizam\DBS-Foundation\Capstone - Ai Eng - Spendly_ Workspace\data\HouseHold\test\images\mr-diy20_png.rf.250eadc79bfc0c76826fb936510fe927.jpg,,0,False
Screenshot-2026-05-07-000210_png.rf.dfc326f837324dafce4e36aa8e4cb84b.jpg,Lifestyle,train,C:\Nizam\DBS-Foundation\Capstone - Ai Eng - Spendly_ Workspace\data\Lifestyle\train\images\Screenshot-2026-05-07-000210_png.rf.dfc326f837324dafce4e36aa8e4cb84b.jpg,,0,False
Screenshot-2026-05-07-000235_png.rf.0dbe6ce3350a3b070585603ac18a51af.jpg,Lifestyle,train,C:\Nizam\DBS-Foundation\Capstone - Ai Eng - Spendly_ Workspace\data\Lifestyle\train\images\Screenshot-2026-05-07-000235_png.rf.0dbe6ce3350a3b070585603ac18a51af.jpg,,0,False
Screenshot-2026-05-07-000247_png.rf.5aa5eda10e3b9a38a30fad983f27635f.jpg,Lifestyle,train,C:\Nizam\DBS-Foundation\Capstone - Ai Eng - Spendly_ Workspace\data\Lifestyle\train\images\Screenshot-2026-05-07-000247_png.rf.5aa5eda10e3b9a38a30fad983f27635f.jpg,,0,False
Screenshot-2026-05-07-000255_png.rf.b03f84ce5ca711f9b743ff907c674215.jpg,Lifestyle,train,C:\Nizam\DBS-Foundation\Capstone - Ai Eng - Spendly_ Workspace\data\Lifestyle\train\images\Screenshot-2026-05-07-000255_png.rf.b03f84ce5ca711f9b743ff907c674215.jpg,,0,False
Screenshot-2026-05-07-000309_png.rf.6d03408079a827df7bcea63fa7695cb1.jpg,Lifestyle,train,C:\Nizam\DBS-Foundation\Capstone - Ai Eng - Spendly_ Workspace\data\Lifestyle\train\images\Screenshot-2026-05-07-000309_png.rf.6d03408079a827df7bcea63fa7695cb1.jpg,,0,False
Screenshot-2026-05-07-000320_png.rf.4dabfaef0385ec4232397c5cffcd2c00.jpg,Lifestyle,train,C:\Nizam\DBS-Foundation\Capstone - Ai Eng - Spendly_ Workspace\data\Lifestyle\train\images\Screenshot-2026-05-07-000320_png.rf.4dabfaef0385ec4232397c5cffcd2c00.jpg,,0,False
Screenshot-2026-05-07-000331_png.rf.1ab20d06daf753ae12d3521998ed6f7f.jpg,Lifestyle,train,C:\Nizam\DBS-Foundation\Capstone - Ai Eng - Spendly_ Workspace\data\Lifestyle\train\images\Screenshot-2026-05-07-000331_png.rf.1ab20d06daf753ae12d3521998ed6f7f.jpg,,0,False
Screenshot-2026-05-07-000343_png.rf.95c838617567ca0083c75b8b515c265b.jpg,Lifestyle,train,C:\Nizam\DBS-Foundation\Capstone - Ai Eng - Spendly_ Workspace\data\Lifestyle\train\images\Screenshot-2026-05-07-000343_png.rf.95c838617567ca0083c75b8b515c265b.jpg,,0,False
Screenshot-2026-05-07-000353_png.rf.2baca79fc2fb5ea76115840dcac28714.jpg,Lifestyle,train,C:\Nizam\DBS-Foundation\Capstone - Ai Eng - Spendly_ Workspace\data\Lifestyle\train\images\Screenshot-2026-05-07-000353_png.rf.2baca79fc2fb5ea76115840dcac28714.jpg,,0,False
WhatsApp-Image-2026-05-05-at-19-47-13_jpeg.rf.3666b3f545aa54584721860e7fdcb1c4.jpg,Lifestyle,train,C:\Nizam\DBS-Foundation\Capstone - Ai Eng - Spendly_ Workspace\data\Lifestyle\train\images\WhatsApp-Image-2026-05-05-at-19-47-13_jpeg.rf.3666b3f545aa54584721860e7fdcb1c4.jpg,,0,False
WhatsApp-Image-2026-05-06-at-16-20-41-2-_jpeg.rf.4fd31bdac9a510401fea481f3bcf5c78.jpg,Lifestyle,train,C:\Nizam\DBS-Foundation\Capstone - Ai Eng - Spendly_ Workspace\data\Lifestyle\train\images\WhatsApp-Image-2026-05-06-at-16-20-41-2-_jpeg.rf.4fd31bdac9a510401fea481f3bcf5c78.jpg,,0,False
WhatsApp-Image-2026-05-06-at-16-20-43-2-_jpeg.rf.6593cd9a06c161a7b08cc664a751e3db.jpg,Lifestyle,train,C:\Nizam\DBS-Foundation\Capstone - Ai Eng - Spendly_ Workspace\data\Lifestyle\train\images\WhatsApp-Image-2026-05-06-at-16-20-43-2-_jpeg.rf.6593cd9a06c161a7b08cc664a751e3db.jpg,,0,False
WhatsApp-Image-2026-05-06-at-16-20-44-1-_jpeg.rf.f6584422db405be6a1bb9d8314942f05.jpg,Lifestyle,train,C:\Nizam\DBS-Foundation\Capstone - Ai Eng - Spendly_ Workspace\data\Lifestyle\train\images\WhatsApp-Image-2026-05-06-at-16-20-44-1-_jpeg.rf.f6584422db405be6a1bb9d8314942f05.jpg,,0,False
WhatsApp-Image-2026-05-06-at-16-20-44-2-_jpeg.rf.475401c0e83ffee68e0e12d9767bb435.jpg,Lifestyle,train,C:\Nizam\DBS-Foundation\Capstone - Ai Eng - Spendly_ Workspace\data\Lifestyle\train\images\WhatsApp-Image-2026-05-06-at-16-20-44-2-_jpeg.rf.475401c0e83ffee68e0e12d9767bb435.jpg,,0,False
WhatsApp-Image-2026-05-06-at-16-20-45-2-_jpeg.rf.4eb11bc3436a40a435f0d25385e561ec.jpg,Lifestyle,train,C:\Nizam\DBS-Foundation\Capstone - Ai Eng - Spendly_ Workspace\data\Lifestyle\train\images\WhatsApp-Image-2026-05-06-at-16-20-45-2-_jpeg.rf.4eb11bc3436a40a435f0d25385e561ec.jpg,,0,False
WhatsApp-Image-2026-05-06-at-16-20-45-3-_jpeg.rf.5a12d0fd9362bc790410f19e4bbfb8b5.jpg,Lifestyle,train,C:\Nizam\DBS-Foundation\Capstone - Ai Eng - Spendly_ Workspace\data\Lifestyle\train\images\WhatsApp-Image-2026-05-06-at-16-20-45-3-_jpeg.rf.5a12d0fd9362bc790410f19e4bbfb8b5.jpg,,0,False
WhatsApp-Image-2026-05-06-at-16-20-45_jpeg.rf.19ebe38ceb52cc97c9257878cd6c61a1.jpg,Lifestyle,train,C:\Nizam\DBS-Foundation\Capstone - Ai Eng - Spendly_ Workspace\data\Lifestyle\train\images\WhatsApp-Image-2026-05-06-at-16-20-45_jpeg.rf.19ebe38ceb52cc97c9257878cd6c61a1.jpg,,0,False
WhatsApp-Image-2026-05-06-at-16-20-46-1-_jpeg.rf.3c62db7595faeb08d9487192ff78319f.jpg,Lifestyle,train,C:\Nizam\DBS-Foundation\Capstone - Ai Eng - Spendly_ Workspace\data\Lifestyle\train\images\WhatsApp-Image-2026-05-06-at-16-20-46-1-_jpeg.rf.3c62db7595faeb08d9487192ff78319f.jpg,,0,False
WhatsApp-Image-2026-05-06-at-16-20-46-2-_jpeg.rf.ed976f1b04e554b5699f35fbf8250434.jpg,Lifestyle,train,C:\Nizam\DBS-Foundation\Capstone - Ai Eng - Spendly_ Workspace\data\Lifestyle\train\images\WhatsApp-Image-2026-05-06-at-16-20-46-2-_jpeg.rf.ed976f1b04e554b5699f35fbf8250434.jpg,,0,False
WhatsApp-Image-2026-05-06-at-16-20-46_jpeg.rf.380bebf22581787504395e8c56bcd8d7.jpg,Lifestyle,train,C:\Nizam\DBS-Foundation\Capstone - Ai Eng - Spendly_ Workspace\data\Lifestyle\train\images\WhatsApp-Image-2026-05-06-at-16-20-46_jpeg.rf.380bebf22581787504395e8c56bcd8d7.jpg,,0,False
WhatsApp-Image-2026-05-06-at-16-20-48-1-_jpeg.rf.558a9a1fc97923a78ed55a07b4484619.jpg,Lifestyle,train,C:\Nizam\DBS-Foundation\Capstone - Ai Eng - Spendly_ Workspace\data\Lifestyle\train\images\WhatsApp-Image-2026-05-06-at-16-20-48-1-_jpeg.rf.558a9a1fc97923a78ed55a07b4484619.jpg,,0,False
WhatsApp-Image-2026-05-06-at-16-20-51-1-_jpeg.rf.ba1ab3aca0c991ab5b9689e101e802ba.jpg,Lifestyle,train,C:\Nizam\DBS-Foundation\Capstone - Ai Eng - Spendly_ Workspace\data\Lifestyle\train\images\WhatsApp-Image-2026-05-06-at-16-20-51-1-_jpeg.rf.ba1ab3aca0c991ab5b9689e101e802ba.jpg,,0,False
WhatsApp-Image-2026-05-06-at-16-20-53-3-_jpeg.rf.0076f984cb9a84b0a7c8be582b9a6f64.jpg,Lifestyle,train,C:\Nizam\DBS-Foundation\Capstone - Ai Eng - Spendly_ Workspace\data\Lifestyle\train\images\WhatsApp-Image-2026-05-06-at-16-20-53-3-_jpeg.rf.0076f984cb9a84b0a7c8be582b9a6f64.jpg,,0,False
WhatsApp-Image-2026-05-06-at-16-20-53_jpeg.rf.147dc799d3adf56de99fd55e4cc9470e.jpg,Lifestyle,train,C:\Nizam\DBS-Foundation\Capstone - Ai Eng - Spendly_ Workspace\data\Lifestyle\train\images\WhatsApp-Image-2026-05-06-at-16-20-53_jpeg.rf.147dc799d3adf56de99fd55e4cc9470e.jpg,,0,False
WhatsApp-Image-2026-05-06-at-16-20-56-1-_jpeg.rf.862c80073a2bdc9ee49ea2f19375e041.jpg,Lifestyle,train,C:\Nizam\DBS-Foundation\Capstone - Ai Eng - Spendly_ Workspace\data\Lifestyle\train\images\WhatsApp-Image-2026-05-06-at-16-20-56-1-_jpeg.rf.862c80073a2bdc9ee49ea2f19375e041.jpg,,0,False
WhatsApp-Image-2026-05-06-at-16-20-56-2-_jpeg.rf.f8f6d1659e0ecb79c5a603cc3b712d53.jpg,Lifestyle,train,C:\Nizam\DBS-Foundation\Capstone - Ai Eng - Spendly_ Workspace\data\Lifestyle\train\images\WhatsApp-Image-2026-05-06-at-16-20-56-2-_jpeg.rf.f8f6d1659e0ecb79c5a603cc3b712d53.jpg,,0,False
WhatsApp-Image-2026-05-06-at-16-20-58-2-_jpeg.rf.71362b4ba8f27fa7c518e2c1027f1afb.jpg,Lifestyle,train,C:\Nizam\DBS-Foundation\Capstone - Ai Eng - Spendly_ Workspace\data\Lifestyle\train\images\WhatsApp-Image-2026-05-06-at-16-20-58-2-_jpeg.rf.71362b4ba8f27fa7c518e2c1027f1afb.jpg,,0,False
WhatsApp-Image-2026-05-06-at-16-20-59_jpeg.rf.0c5c320c8474c16d118e623651f20762.jpg,Lifestyle,train,C:\Nizam\DBS-Foundation\Capstone - Ai Eng - Spendly_ Workspace\data\Lifestyle\train\images\WhatsApp-Image-2026-05-06-at-16-20-59_jpeg.rf.0c5c320c8474c16d118e623651f20762.jpg,,0,False
WhatsApp-Image-2026-05-06-at-16-21-00-1-_jpeg.rf.384ebc523c2389717fba551760ca3b09.jpg,Lifestyle,train,C:\Nizam\DBS-Foundation\Capstone - Ai Eng - Spendly_ Workspace\data\Lifestyle\train\images\WhatsApp-Image-2026-05-06-at-16-21-00-1-_jpeg.rf.384ebc523c2389717fba551760ca3b09.jpg,,0,False
WhatsApp-Image-2026-05-06-at-16-21-00-2-_jpeg.rf.24e18cda920a4b66688995150cde8b16.jpg,Lifestyle,train,C:\Nizam\DBS-Foundation\Capstone - Ai Eng - Spendly_ Workspace\data\Lifestyle\train\images\WhatsApp-Image-2026-05-06-at-16-21-00-2-_jpeg.rf.24e18cda920a4b66688995150cde8b16.jpg,,0,False
WhatsApp-Image-2026-05-06-at-16-21-03-1-_jpeg.rf.87759067aba3436eb1ed7df17e89a616.jpg,Lifestyle,train,C:\Nizam\DBS-Foundation\Capstone - Ai Eng - Spendly_ Workspace\data\Lifestyle\train\images\WhatsApp-Image-2026-05-06-at-16-21-03-1-_jpeg.rf.87759067aba3436eb1ed7df17e89a616.jpg,,0,False
WhatsApp-Image-2026-05-06-at-16-21-03_jpeg.rf.072e2cd3b474d63bf7ac2aae8ba5da23.jpg,Lifestyle,train,C:\Nizam\DBS-Foundation\Capstone - Ai Eng - Spendly_ Workspace\data\Lifestyle\train\images\WhatsApp-Image-2026-05-06-at-16-21-03_jpeg.rf.072e2cd3b474d63bf7ac2aae8ba5da23.jpg,,0,False
WhatsApp-Image-2026-05-06-at-16-20-41_jpeg.rf.d061090c65c4f634bb7f5fe9384c2022.jpg,Lifestyle,valid,C:\Nizam\DBS-Foundation\Capstone - Ai Eng - Spendly_ Workspace\data\Lifestyle\valid\images\WhatsApp-Image-2026-05-06-at-16-20-41_jpeg.rf.d061090c65c4f634bb7f5fe9384c2022.jpg,,0,False
WhatsApp-Image-2026-05-06-at-16-20-47_jpeg.rf.2a30261d0231be42129f5b9013b7f725.jpg,Lifestyle,valid,C:\Nizam\DBS-Foundation\Capstone - Ai Eng - Spendly_ Workspace\data\Lifestyle\valid\images\WhatsApp-Image-2026-05-06-at-16-20-47_jpeg.rf.2a30261d0231be42129f5b9013b7f725.jpg,,0,False
WhatsApp-Image-2026-05-06-at-16-20-51_jpeg.rf.3630352782683bf7badaffe1fcf86db3.jpg,Lifestyle,valid,C:\Nizam\DBS-Foundation\Capstone - Ai Eng - Spendly_ Workspace\data\Lifestyle\valid\images\WhatsApp-Image-2026-05-06-at-16-20-51_jpeg.rf.3630352782683bf7badaffe1fcf86db3.jpg,,0,False
WhatsApp-Image-2026-05-06-at-16-20-52_jpeg.rf.e7f27072c02af85e2e0f37f16ec59d03.jpg,Lifestyle,valid,C:\Nizam\DBS-Foundation\Capstone - Ai Eng - Spendly_ Workspace\data\Lifestyle\valid\images\WhatsApp-Image-2026-05-06-at-16-20-52_jpeg.rf.e7f27072c02af85e2e0f37f16ec59d03.jpg,,0,False
WhatsApp-Image-2026-05-06-at-16-20-57-2-_jpeg.rf.5ef45f40eb5f3cb619adcbdc11f77ddd.jpg,Lifestyle,valid,C:\Nizam\DBS-Foundation\Capstone - Ai Eng - Spendly_ Workspace\data\Lifestyle\valid\images\WhatsApp-Image-2026-05-06-at-16-20-57-2-_jpeg.rf.5ef45f40eb5f3cb619adcbdc11f77ddd.jpg,,0,False
Screenshot-2026-05-07-000222_png.rf.697ca58a545f786a9921bbbec102a431.jpg,Lifestyle,test,C:\Nizam\DBS-Foundation\Capstone - Ai Eng - Spendly_ Workspace\data\Lifestyle\test\images\Screenshot-2026-05-07-000222_png.rf.697ca58a545f786a9921bbbec102a431.jpg,,0,False
WhatsApp-Image-2026-05-06-at-16-20-50_jpeg.rf.ca3b49f3017eff80669896b786bd4a33.jpg,Lifestyle,test,C:\Nizam\DBS-Foundation\Capstone - Ai Eng - Spendly_ Workspace\data\Lifestyle\test\images\WhatsApp-Image-2026-05-06-at-16-20-50_jpeg.rf.ca3b49f3017eff80669896b786bd4a33.jpg,,0,False
WhatsApp-Image-2026-05-06-at-16-20-53-2-_jpeg.rf.1d9d3a4e8a813af2b85857a68e912585.jpg,Lifestyle,test,C:\Nizam\DBS-Foundation\Capstone - Ai Eng - Spendly_ Workspace\data\Lifestyle\test\images\WhatsApp-Image-2026-05-06-at-16-20-53-2-_jpeg.rf.1d9d3a4e8a813af2b85857a68e912585.jpg,,0,False
2663508194269276418-pdf_page_1_png.rf.a4b77702983051a8ea79171ee3203115.jpg,Listrik,train,C:\Nizam\DBS-Foundation\Capstone - Ai Eng - Spendly_ Workspace\data\Listrik\train\images\2663508194269276418-pdf_page_1_png.rf.a4b77702983051a8ea79171ee3203115.jpg,,0,False
2687442689362876424-pdf_page_1_png.rf.d68f666d5986ca88dcef5864521e00cf.jpg,Listrik,train,C:\Nizam\DBS-Foundation\Capstone - Ai Eng - Spendly_ Workspace\data\Listrik\train\images\2687442689362876424-pdf_page_1_png.rf.d68f666d5986ca88dcef5864521e00cf.jpg,,0,False
pln10_png.rf.d76c47a93c43ae37998fe48b37be58c4.jpg,Listrik,train,C:\Nizam\DBS-Foundation\Capstone - Ai Eng - Spendly_ Workspace\data\Listrik\train\images\pln10_png.rf.d76c47a93c43ae37998fe48b37be58c4.jpg,,0,False
pln11_png.rf.57881bf8a5717b3e9998f3d7e3661c9e.jpg,Listrik,train,C:\Nizam\DBS-Foundation\Capstone - Ai Eng - Spendly_ Workspace\data\Listrik\train\images\pln11_png.rf.57881bf8a5717b3e9998f3d7e3661c9e.jpg,,0,False
pln12_png.rf.13bf44331b13783fda67c67b4fd541f4.jpg,Listrik,train,C:\Nizam\DBS-Foundation\Capstone - Ai Eng - Spendly_ Workspace\data\Listrik\train\images\pln12_png.rf.13bf44331b13783fda67c67b4fd541f4.jpg,,0,False
pln14_png.rf.ecd32b5a0cfd35d73d061bdea16264ab.jpg,Listrik,train,C:\Nizam\DBS-Foundation\Capstone - Ai Eng - Spendly_ Workspace\data\Listrik\train\images\pln14_png.rf.ecd32b5a0cfd35d73d061bdea16264ab.jpg,,0,False
pln15_png.rf.317fdd4d01373fa27b959ae81943fd88.jpg,Listrik,train,C:\Nizam\DBS-Foundation\Capstone - Ai Eng - Spendly_ Workspace\data\Listrik\train\images\pln15_png.rf.317fdd4d01373fa27b959ae81943fd88.jpg,,0,False
pln16_png.rf.a467260ef007cee258d8ccd9cfbf1f37.jpg,Listrik,train,C:\Nizam\DBS-Foundation\Capstone - Ai Eng - Spendly_ Workspace\data\Listrik\train\images\pln16_png.rf.a467260ef007cee258d8ccd9cfbf1f37.jpg,,0,False
pln17_png.rf.9bc9ce00762ff966489de06f45788a52.jpg,Listrik,train,C:\Nizam\DBS-Foundation\Capstone - Ai Eng - Spendly_ Workspace\data\Listrik\train\images\pln17_png.rf.9bc9ce00762ff966489de06f45788a52.jpg,,0,False
pln19_png.rf.f08e3288725952f9baf39ba512f6299d.jpg,Listrik,train,C:\Nizam\DBS-Foundation\Capstone - Ai Eng - Spendly_ Workspace\data\Listrik\train\images\pln19_png.rf.f08e3288725952f9baf39ba512f6299d.jpg,,0,False
pln1_png.rf.89804a306152fae163215dbc484f0752.jpg,Listrik,train,C:\Nizam\DBS-Foundation\Capstone - Ai Eng - Spendly_ Workspace\data\Listrik\train\images\pln1_png.rf.89804a306152fae163215dbc484f0752.jpg,,0,False
pln20_jpeg.rf.2419809e2fac70b50de5f14fc44a1d98.jpg,Listrik,train,C:\Nizam\DBS-Foundation\Capstone - Ai Eng - Spendly_ Workspace\data\Listrik\train\images\pln20_jpeg.rf.2419809e2fac70b50de5f14fc44a1d98.jpg,,0,False
pln2_png.rf.cd2787ef06519a0c50c9866ff9b13c5c.jpg,Listrik,train,C:\Nizam\DBS-Foundation\Capstone - Ai Eng - Spendly_ Workspace\data\Listrik\train\images\pln2_png.rf.cd2787ef06519a0c50c9866ff9b13c5c.jpg,,0,False
pln3_png.rf.63062bba4e361e60633fbde7cb68946a.jpg,Listrik,train,C:\Nizam\DBS-Foundation\Capstone - Ai Eng - Spendly_ Workspace\data\Listrik\train\images\pln3_png.rf.63062bba4e361e60633fbde7cb68946a.jpg,,0,False
pln4_png.rf.12138c46875487aef42d79d8c669a56f.jpg,Listrik,train,C:\Nizam\DBS-Foundation\Capstone - Ai Eng - Spendly_ Workspace\data\Listrik\train\images\pln4_png.rf.12138c46875487aef42d79d8c669a56f.jpg,,0,False
pln7_png.rf.af9147dcba65be92b990bc2c90519f32.jpg,Listrik,train,C:\Nizam\DBS-Foundation\Capstone - Ai Eng - Spendly_ Workspace\data\Listrik\train\images\pln7_png.rf.af9147dcba65be92b990bc2c90519f32.jpg,,0,False
pln9_png.rf.f199a9704687af66f35176f83680b20d.jpg,Listrik,train,C:\Nizam\DBS-Foundation\Capstone - Ai Eng - Spendly_ Workspace\data\Listrik\train\images\pln9_png.rf.f199a9704687af66f35176f83680b20d.jpg,,0,False
pln18_png.rf.6e651cd96c748ac054cb3fcecb7c7a18.jpg,Listrik,valid,C:\Nizam\DBS-Foundation\Capstone - Ai Eng - Spendly_ Workspace\data\Listrik\valid\images\pln18_png.rf.6e651cd96c748ac054cb3fcecb7c7a18.jpg,,0,False
pln5_png.rf.d11fdee536bf81f74c9c8d3f224e1c86.jpg,Listrik,valid,C:\Nizam\DBS-Foundation\Capstone - Ai Eng - Spendly_ Workspace\data\Listrik\valid\images\pln5_png.rf.d11fdee536bf81f74c9c8d3f224e1c86.jpg,,0,False
pln8_png.rf.a31cf250af66a7034fc0c1d69523e5a3.jpg,Listrik,valid,C:\Nizam\DBS-Foundation\Capstone - Ai Eng - Spendly_ Workspace\data\Listrik\valid\images\pln8_png.rf.a31cf250af66a7034fc0c1d69523e5a3.jpg,,0,False
2703588879352076497-pdf_page_1_png.rf.5a127343773531f1a894cfde0421c6fd.jpg,Listrik,test,C:\Nizam\DBS-Foundation\Capstone - Ai Eng - Spendly_ Workspace\data\Listrik\test\images\2703588879352076497-pdf_page_1_png.rf.5a127343773531f1a894cfde0421c6fd.jpg,,0,False
pln6_png.rf.dfec66941a82deb903faf40c274105fe.jpg,Listrik,test,C:\Nizam\DBS-Foundation\Capstone - Ai Eng - Spendly_ Workspace\data\Listrik\test\images\pln6_png.rf.dfec66941a82deb903faf40c274105fe.jpg,,0,False
